account_id,ORDERS,Sipo_Order,Uver_Order,Leasing_Order,Pojistne_Order,Other_Order,TotalOrder
2,yes,7266.0,3372.7,0.0,0.0,0.0,10638.7
17,yes,4032.0,0.0,0.0,0.0,0.0,4032.0
22,yes,6352.0,0.0,0.0,0.0,0.0,6352.0
36,yes,4069.0,0.0,0.0,0.0,0.0,4069.0
49,yes,3102.0,0.0,0.0,0.0,0.0,3102.0
50,yes,269.0,0.0,0.0,0.0,7024.0,7293.0
57,yes,4107.0,0.0,0.0,0.0,0.0,4107.0
71,yes,968.0,0.0,0.0,1011.0,2380.0,4359.0
72,yes,7109.0,0.0,2923.0,0.0,2286.0,12318.0
75,yes,3369.0,0.0,0.0,0.0,0.0,3369.0
90,yes,2774.0,0.0,0.0,4372.0,2736.0,9882.0
95,No,NULL,NULL,NULL,NULL,NULL,NULL
99,yes,4503.0,0.0,0.0,0.0,4682.0,9185.0
152,yes,426.0,0.0,0.0,0.0,2993.0,3419.0
177,No,NULL,NULL,NULL,NULL,NULL,NULL
179,yes,7615.0,0.0,0.0,378.0,5674.0,13667.0
186,yes,6862.0,0.0,0.0,0.0,0.0,6862.0
197,yes,9454.0,0.0,0.0,0.0,0.0,9454.0
205,yes,4297.0,0.0,0.0,0.0,0.0,4297.0
225,yes,3383.0,0.0,0.0,0.0,2.0,3385.0
229,yes,2505.0,0.0,0.0,0.0,0.0,2505.0
230,yes,5615.0,0.0,0.0,1058.0,1527.0,8200.0
248,yes,0.0,0.0,2484.9,0.0,0.0,2484.9
271,yes,1535.0,0.0,0.0,0.0,0.0,1535.0
281,yes,5578.0,0.0,0.0,0.0,0.0,5578.0
289,yes,5745.0,0.0,0.0,0.0,2621.0,8366.0
293,yes,1636.0,0.0,0.0,1366.0,845.0,3847.0
300,yes,1628.0,0.0,0.0,0.0,0.0,1628.0
322,yes,6550.0,0.0,0.0,0.0,0.0,6550.0
324,yes,2069.0,0.0,0.0,0.0,0.0,2069.0
328,yes,2432.0,0.0,0.0,0.0,0.0,2432.0
334,yes,2374.0,0.0,0.0,0.0,1168.0,3542.0
340,yes,1818.0,0.0,0.0,0.0,0.0,1818.0
363,No,NULL,NULL,NULL,NULL,NULL,NULL
364,yes,2221.0,0.0,0.0,0.0,0.0,2221.0
366,yes,2442.0,0.0,0.0,836.0,5102.0,8380.0
386,yes,4711.0,0.0,0.0,0.0,0.0,4711.0
392,yes,1407.0,0.0,0.0,0.0,5663.0,7070.0
395,yes,3871.0,0.0,828.0,0.0,4036.0,8735.0
399,yes,6009.0,0.0,3090.5,0.0,0.0,9099.5
403,yes,2401.0,0.0,0.0,0.0,0.0,2401.0
409,yes,6810.0,0.0,0.0,0.0,0.0,6810.0
414,yes,7870.0,0.0,0.0,0.0,0.0,7870.0
426,yes,7497.0,4201.2,0.0,0.0,886.0,12584.2
428,yes,3987.0,0.0,0.0,0.0,0.0,3987.0
434,yes,5666.0,0.0,0.0,0.0,1637.0,7303.0
460,yes,3554.0,0.0,0.0,0.0,0.0,3554.0
477,yes,2660.0,0.0,0.0,463.0,254.0,3377.0
479,yes,2064.0,0.0,0.0,0.0,0.0,2064.0
484,yes,1652.0,0.0,0.0,108.0,3407.0,5167.0
498,No,NULL,NULL,NULL,NULL,NULL,NULL
502,yes,2498.0,0.0,0.0,0.0,0.0,2498.0
503,yes,7175.0,0.0,1746.0,0.0,0.0,8921.0
510,yes,2442.0,0.0,0.0,1043.0,1319.0,4804.0
523,No,NULL,NULL,NULL,NULL,NULL,NULL
534,yes,1747.0,0.0,0.0,1341.0,713.0,3801.0
542,yes,2750.0,0.0,0.0,0.0,0.0,2750.0
557,yes,2050.0,0.0,0.0,0.0,0.0,2050.0
573,yes,0.0,0.0,2249.0,0.0,0.0,2249.0
579,yes,2771.0,0.0,0.0,0.0,1065.0,3836.0
589,yes,5746.0,0.0,0.0,0.0,0.0,5746.0
591,yes,2788.0,0.0,0.0,0.0,0.0,2788.0
598,yes,7781.0,0.0,0.0,0.0,0.0,7781.0
612,yes,1936.0,0.0,0.0,0.0,0.0,1936.0
618,yes,747.0,0.0,0.0,0.0,3035.0,3782.0
619,yes,1729.0,0.0,0.0,0.0,6538.0,8267.0
623,yes,419.0,0.0,0.0,0.0,1653.0,2072.0
639,yes,2046.0,0.0,0.0,0.0,0.0,2046.0
647,yes,6465.0,0.0,0.0,0.0,0.0,6465.0
664,yes,2997.0,0.0,0.0,0.0,0.0,2997.0
689,yes,4989.0,0.0,3847.2,17.0,1404.0,10257.2
699,No,NULL,NULL,NULL,NULL,NULL,NULL
718,yes,726.0,6412.0,0.0,6041.0,7122.0,20301.0
754,yes,3083.0,0.0,0.0,0.0,0.0,3083.0
760,yes,3403.0,0.0,0.0,909.0,894.0,5206.0
763,yes,7417.0,0.0,0.0,0.0,0.0,7417.0
764,yes,2360.0,0.0,0.0,0.0,0.0,2360.0
774,No,NULL,NULL,NULL,NULL,NULL,NULL
775,yes,1168.0,0.0,0.0,0.0,2439.0,3607.0
783,yes,3242.0,0.0,0.0,0.0,0.0,3242.0
796,No,NULL,NULL,NULL,NULL,NULL,NULL
798,yes,2182.0,0.0,0.0,0.0,0.0,2182.0
812,yes,9128.0,0.0,0.0,0.0,0.0,9128.0
828,yes,8852.0,0.0,0.0,0.0,0.0,8852.0
841,yes,2109.0,0.0,0.0,0.0,0.0,2109.0
849,No,NULL,NULL,NULL,NULL,NULL,NULL
853,yes,4673.0,0.0,0.0,0.0,1378.0,6051.0
855,yes,6608.0,0.0,0.0,0.0,0.0,6608.0
860,yes,8071.0,0.0,0.0,0.0,0.0,8071.0
868,yes,3239.0,0.0,0.0,0.0,3119.0,6358.0
871,yes,5168.0,0.0,0.0,0.0,0.0,5168.0
877,yes,2115.0,0.0,0.0,0.0,1513.0,3628.0
883,yes,6195.0,0.0,0.0,455.0,1756.0,8406.0
885,yes,872.0,0.0,0.0,0.0,2420.0,3292.0
886,yes,9034.0,0.0,0.0,0.0,0.0,9034.0
887,yes,3009.0,0.0,0.0,0.0,0.0,3009.0
904,No,NULL,NULL,NULL,NULL,NULL,NULL
910,yes,1937.0,0.0,0.0,0.0,0.0,1937.0
916,yes,5299.0,0.0,0.0,0.0,0.0,5299.0
943,yes,2144.0,0.0,0.0,0.0,0.0,2144.0
959,yes,2759.0,0.0,0.0,0.0,0.0,2759.0
961,yes,8255.0,0.0,0.0,0.0,0.0,8255.0
975,yes,3550.0,0.0,0.0,0.0,0.0,3550.0
977,yes,6846.0,0.0,0.0,0.0,0.0,6846.0
980,yes,3632.0,0.0,0.0,0.0,2889.0,6521.0
1007,No,NULL,NULL,NULL,NULL,NULL,NULL
1009,yes,7521.0,0.0,0.0,0.0,0.0,7521.0
1015,yes,3925.0,0.0,0.0,0.0,0.0,3925.0
1037,yes,1062.0,0.0,0.0,1157.0,1002.0,3221.0
1043,yes,6433.0,0.0,0.0,0.0,0.0,6433.0
1046,yes,7399.0,0.0,0.0,0.0,0.0,7399.0
1056,yes,5692.0,0.0,2531.7,0.0,0.0,8223.7
1076,yes,2640.0,0.0,0.0,0.0,4447.0,7087.0
1078,yes,3423.0,0.0,0.0,0.0,0.0,3423.0
1116,yes,8086.0,0.0,0.0,0.0,0.0,8086.0
1120,yes,2703.0,0.0,0.0,0.0,0.0,2703.0
1125,yes,11827.0,7895.0,0.0,1.0,238.0,19961.0
1130,yes,2241.0,0.0,0.0,0.0,0.0,2241.0
1132,No,NULL,NULL,NULL,NULL,NULL,NULL
1133,yes,2998.0,0.0,0.0,0.0,0.0,2998.0
1135,yes,1735.0,0.0,0.0,0.0,0.0,1735.0
1194,yes,3171.0,0.0,0.0,0.0,0.0,3171.0
1218,yes,0.0,0.0,3213.4,0.0,0.0,3213.4
1219,yes,3986.0,0.0,0.0,0.0,0.0,3986.0
1220,yes,2770.0,0.0,0.0,0.0,0.0,2770.0
1226,yes,3826.0,0.0,0.0,0.0,0.0,3826.0
1230,yes,0.0,0.0,3213.4,0.0,0.0,3213.4
1238,yes,2256.0,0.0,0.0,0.0,0.0,2256.0
1239,yes,3744.0,0.0,0.0,0.0,0.0,3744.0
1240,yes,4353.0,0.0,0.0,0.0,0.0,4353.0
1243,No,NULL,NULL,NULL,NULL,NULL,NULL
1264,yes,6605.0,0.0,0.0,0.0,0.0,6605.0
1291,yes,1668.0,0.0,0.0,0.0,0.0,1668.0
1299,yes,317.0,0.0,0.0,0.0,2291.0,2608.0
1306,yes,5023.0,0.0,0.0,1888.0,942.0,7853.0
1309,yes,10199.0,0.0,2600.0,0.0,0.0,12799.0
1310,No,NULL,NULL,NULL,NULL,NULL,NULL
1352,yes,2976.0,0.0,0.0,370.0,3658.0,7004.0
1355,yes,3606.0,0.0,0.0,0.0,0.0,3606.0
1362,No,NULL,NULL,NULL,NULL,NULL,NULL
1371,yes,3074.0,0.0,0.0,0.0,0.0,3074.0
1372,No,NULL,NULL,NULL,NULL,NULL,NULL
1377,yes,2272.0,0.0,0.0,0.0,0.0,2272.0
1393,yes,5254.0,0.0,0.0,0.0,0.0,5254.0
1395,yes,3432.0,0.0,0.0,0.0,0.0,3432.0
1401,yes,2463.0,0.0,0.0,0.0,0.0,2463.0
1435,yes,7949.0,0.0,0.0,0.0,0.0,7949.0
1448,yes,0.0,7156.0,0.0,0.0,0.0,7156.0
1471,yes,7823.0,0.0,0.0,176.0,12.0,8011.0
1475,No,NULL,NULL,NULL,NULL,NULL,NULL
1477,yes,2100.0,0.0,0.0,0.0,0.0,2100.0
1494,No,NULL,NULL,NULL,NULL,NULL,NULL
1497,yes,261.0,0.0,0.0,0.0,5463.0,5724.0
1502,yes,7338.0,0.0,0.0,0.0,0.0,7338.0
1504,yes,619.0,0.0,0.0,0.0,4887.0,5506.0
1512,yes,8822.0,0.0,0.0,0.0,0.0,8822.0
1529,yes,1059.0,0.0,0.0,77.0,1463.0,2599.0
1534,yes,7451.0,0.0,0.0,0.0,2155.0,9606.0
1539,No,NULL,NULL,NULL,NULL,NULL,NULL
1540,yes,4540.0,0.0,1164.0,0.0,3057.0,8761.0
1542,yes,2655.0,0.0,0.0,0.0,0.0,2655.0
1543,No,NULL,NULL,NULL,NULL,NULL,NULL
1545,yes,2625.0,0.0,0.0,0.0,1112.0,3737.0
1550,yes,4708.0,0.0,0.0,0.0,0.0,4708.0
1562,yes,1933.0,0.0,0.0,0.0,0.0,1933.0
1570,yes,2865.0,0.0,0.0,0.0,0.0,2865.0
1575,yes,2998.0,0.0,0.0,0.0,0.0,2998.0
1586,yes,5504.0,0.0,0.0,0.0,0.0,5504.0
1587,No,NULL,NULL,NULL,NULL,NULL,NULL
1600,yes,3234.0,0.0,0.0,0.0,0.0,3234.0
1603,yes,2359.0,6578.0,0.0,0.0,1187.0,10124.0
1613,yes,3628.0,0.0,0.0,0.0,0.0,3628.0
1615,yes,3124.0,0.0,0.0,0.0,0.0,3124.0
1623,yes,9160.0,0.0,0.0,0.0,0.0,9160.0
1625,yes,185.0,0.0,0.0,679.0,3249.0,4113.0
1627,No,NULL,NULL,NULL,NULL,NULL,NULL
1637,yes,3343.0,0.0,0.0,0.0,0.0,3343.0
1644,yes,2534.0,0.0,0.0,17.0,1022.0,3573.0
1646,yes,6521.0,0.0,0.0,0.0,1651.0,8172.0
1647,yes,2412.0,0.0,0.0,12.0,1199.0,3623.0
1653,yes,4656.0,0.0,0.0,0.0,0.0,4656.0
1660,yes,0.0,0.0,2372.6,0.0,0.0,2372.6
1662,yes,9626.0,0.0,0.0,0.0,0.0,9626.0
1674,yes,3804.0,0.0,0.0,0.0,0.0,3804.0
1678,yes,2952.0,0.0,0.0,0.0,1778.0,4730.0
1693,yes,11276.0,0.0,2482.0,0.0,0.0,13758.0
1701,yes,7571.0,0.0,4425.3,0.0,0.0,11996.3
1706,yes,2058.0,0.0,0.0,0.0,0.0,2058.0
1719,yes,2768.0,0.0,0.0,0.0,0.0,2768.0
1730,yes,1978.0,0.0,0.0,0.0,0.0,1978.0
1746,No,NULL,NULL,NULL,NULL,NULL,NULL
1750,yes,4028.0,0.0,0.0,0.0,5517.0,9545.0
1780,yes,5429.0,0.0,0.0,0.0,0.0,5429.0
1786,yes,8818.0,0.0,0.0,0.0,0.0,8818.0
1788,No,NULL,NULL,NULL,NULL,NULL,NULL
1791,yes,6956.0,0.0,0.0,0.0,0.0,6956.0
1805,yes,3110.0,0.0,2693.0,0.0,0.0,5803.0
1809,yes,6269.0,0.0,0.0,6860.0,183.0,13312.0
1828,yes,4036.0,0.0,2394.5,153.0,3111.0,9694.5
1831,yes,2047.0,0.0,0.0,0.0,0.0,2047.0
1848,yes,3473.0,0.0,0.0,0.0,0.0,3473.0
1865,yes,1915.0,0.0,0.0,0.0,0.0,1915.0
1869,yes,0.0,1054.0,0.0,0.0,0.0,1054.0
1876,yes,2329.0,8710.0,0.0,0.0,723.0,11762.0
1882,yes,1907.0,0.0,0.0,60.0,1936.0,3903.0
1890,No,NULL,NULL,NULL,NULL,NULL,NULL
1906,yes,7355.0,1872.8,0.0,0.0,158.0,9385.8
1907,yes,8181.0,0.0,0.0,0.0,594.0,8775.0
1929,yes,2027.0,0.0,0.0,0.0,0.0,2027.0
1938,yes,6646.0,0.0,586.0,0.0,0.0,7232.0
1990,yes,2168.0,0.0,0.0,0.0,0.0,2168.0
1991,yes,2857.0,0.0,0.0,341.0,4312.0,7510.0
1998,No,NULL,NULL,NULL,NULL,NULL,NULL
2002,yes,3688.0,0.0,0.0,0.0,0.0,3688.0
2010,yes,3876.0,0.0,0.0,0.0,0.0,3876.0
2016,yes,741.0,0.0,0.0,157.0,1069.0,1967.0
2050,yes,3564.0,0.0,0.0,197.0,5943.0,9704.0
2054,yes,1488.0,0.0,0.0,2802.0,4448.0,8738.0
2057,yes,3573.0,0.0,0.0,769.0,1072.0,5414.0
2063,yes,1542.0,0.0,0.0,0.0,0.0,1542.0
2083,yes,8282.0,0.0,0.0,0.0,0.0,8282.0
2091,No,NULL,NULL,NULL,NULL,NULL,NULL
2092,yes,7598.0,0.0,0.0,0.0,0.0,7598.0
2106,yes,3468.0,8460.0,0.0,0.0,0.0,11928.0
2126,No,NULL,NULL,NULL,NULL,NULL,NULL
2127,yes,1995.0,0.0,0.0,0.0,0.0,1995.0
2143,yes,7264.0,1985.0,0.0,0.0,0.0,9249.0
2148,yes,2301.0,0.0,0.0,0.0,69.0,2370.0
2156,yes,9921.0,0.0,0.0,0.0,0.0,9921.0
2159,yes,1118.0,0.0,0.0,0.0,7601.0,8719.0
2170,yes,4838.0,0.0,0.0,6011.0,1468.0,12317.0
2172,yes,3413.0,0.0,0.0,0.0,0.0,3413.0
2175,No,NULL,NULL,NULL,NULL,NULL,NULL
2179,yes,2386.0,0.0,0.0,240.0,3728.0,6354.0
2191,yes,6762.0,0.0,0.0,0.0,0.0,6762.0
2199,yes,668.0,0.0,0.0,0.0,1830.0,2498.0
2200,yes,0.0,0.0,397.0,0.0,0.0,397.0
2229,yes,9605.0,0.0,0.0,0.0,0.0,9605.0
2232,yes,4916.0,0.0,0.0,0.0,0.0,4916.0
2246,yes,0.0,6930.0,0.0,0.0,0.0,6930.0
2252,yes,637.0,0.0,0.0,0.0,1469.0,2106.0
2254,yes,8879.0,0.0,4349.3,0.0,1488.0,14716.3
2260,No,NULL,NULL,NULL,NULL,NULL,NULL
2261,No,NULL,NULL,NULL,NULL,NULL,NULL
2268,yes,5742.0,561.0,0.0,0.0,0.0,6303.0
2275,yes,6531.0,0.0,0.0,0.0,0.0,6531.0
2278,yes,1145.0,0.0,0.0,0.0,7377.0,8522.0
2281,yes,5720.0,0.0,0.0,0.0,0.0,5720.0
2287,yes,6275.0,0.0,0.0,0.0,0.0,6275.0
2289,yes,5309.0,0.0,0.0,0.0,0.0,5309.0
2299,No,NULL,NULL,NULL,NULL,NULL,NULL
2305,No,NULL,NULL,NULL,NULL,NULL,NULL
2316,yes,2111.0,0.0,0.0,0.0,15.0,2126.0
2324,yes,4151.0,0.0,0.0,0.0,0.0,4151.0
2329,yes,4400.0,0.0,0.0,0.0,0.0,4400.0
2355,No,NULL,NULL,NULL,NULL,NULL,NULL
2372,yes,108.0,0.0,0.0,107.0,2077.0,2292.0
2374,yes,2331.0,0.0,0.0,0.0,0.0,2331.0
2381,yes,9358.0,0.0,0.0,0.0,0.0,9358.0
2390,yes,2206.0,0.0,2353.0,0.0,11464.0,16023.0
2392,No,NULL,NULL,NULL,NULL,NULL,NULL
2399,No,NULL,NULL,NULL,NULL,NULL,NULL
2407,yes,7292.0,0.0,0.0,0.0,0.0,7292.0
2414,yes,465.0,0.0,0.0,0.0,1501.0,1966.0
2424,yes,14138.0,0.0,0.0,0.0,0.0,14138.0
2437,yes,656.0,0.0,0.0,0.0,1338.0,1994.0
2452,yes,3244.0,0.0,0.0,0.0,0.0,3244.0
2453,yes,2190.0,0.0,0.0,0.0,0.0,2190.0
2460,yes,0.0,0.0,435.0,0.0,0.0,435.0
2461,No,NULL,NULL,NULL,NULL,NULL,NULL
2481,No,NULL,NULL,NULL,NULL,NULL,NULL
2482,yes,7381.0,0.0,1721.0,85.0,182.0,9369.0
2483,yes,4996.0,0.0,0.0,0.0,4926.0,9922.0
2486,yes,0.0,2043.0,0.0,0.0,0.0,2043.0
2503,yes,6279.0,0.0,0.0,0.0,0.0,6279.0
2524,yes,2550.0,0.0,0.0,0.0,0.0,2550.0
2545,yes,2637.0,8933.0,0.0,713.0,671.0,12954.0
2546,yes,2985.0,0.0,4896.5,480.0,1152.0,9513.5
2570,yes,2051.0,0.0,0.0,0.0,0.0,2051.0
2576,yes,8106.0,0.0,0.0,0.0,0.0,8106.0
2587,No,NULL,NULL,NULL,NULL,NULL,NULL
2591,yes,3301.0,0.0,0.0,0.0,0.0,3301.0
2595,yes,3481.0,0.0,0.0,0.0,0.0,3481.0
2596,yes,2285.0,0.0,0.0,0.0,0.0,2285.0
2598,No,NULL,NULL,NULL,NULL,NULL,NULL
2600,yes,4379.0,0.0,0.0,0.0,0.0,4379.0
2606,yes,2474.0,0.0,0.0,0.0,0.0,2474.0
2607,yes,1433.0,0.0,1570.0,882.0,755.0,4640.0
2611,No,NULL,NULL,NULL,NULL,NULL,NULL
2612,yes,0.0,0.0,2259.5,0.0,0.0,2259.5
2616,yes,8188.0,0.0,0.0,0.0,0.0,8188.0
2617,yes,166.0,0.0,0.0,0.0,1867.0,2033.0
2622,yes,7067.0,5681.0,0.0,0.0,0.0,12748.0
2631,yes,2125.0,0.0,0.0,0.0,0.0,2125.0
2640,yes,8872.0,0.0,0.0,0.0,0.0,8872.0
2644,yes,2687.0,0.0,0.0,0.0,0.0,2687.0
2652,yes,1735.0,0.0,0.0,0.0,6351.0,8086.0
2655,yes,2900.0,0.0,2216.0,1339.0,89.0,6544.0
2656,yes,2127.0,0.0,0.0,0.0,0.0,2127.0
2660,No,NULL,NULL,NULL,NULL,NULL,NULL
2661,yes,4764.0,0.0,0.0,0.0,0.0,4764.0
2671,yes,1984.0,0.0,0.0,0.0,0.0,1984.0
2675,No,NULL,NULL,NULL,NULL,NULL,NULL
2678,yes,0.0,0.0,3793.0,0.0,0.0,3793.0
2696,yes,3115.0,0.0,0.0,0.0,0.0,3115.0
2708,No,NULL,NULL,NULL,NULL,NULL,NULL
2714,No,NULL,NULL,NULL,NULL,NULL,NULL
2727,No,NULL,NULL,NULL,NULL,NULL,NULL
2731,yes,5044.0,0.0,0.0,0.0,0.0,5044.0
2747,yes,3826.0,0.0,0.0,0.0,0.0,3826.0
2749,yes,14520.0,0.0,0.0,0.0,0.0,14520.0
2761,yes,6238.0,0.0,0.0,0.0,0.0,6238.0
2782,yes,0.0,0.0,2602.8,0.0,0.0,2602.8
2787,yes,8356.0,0.0,0.0,0.0,0.0,8356.0
2790,yes,8862.0,0.0,0.0,0.0,0.0,8862.0
2792,yes,2327.0,0.0,0.0,0.0,0.0,2327.0
2802,yes,2412.0,0.0,0.0,0.0,0.0,2412.0
2808,No,NULL,NULL,NULL,NULL,NULL,NULL
2831,yes,3586.0,0.0,0.0,363.0,1207.0,5156.0
2846,yes,2457.0,0.0,0.0,0.0,0.0,2457.0
2849,yes,2704.0,0.0,0.0,0.0,0.0,2704.0
2854,yes,4186.0,0.0,0.0,0.0,0.0,4186.0
2865,yes,3482.0,0.0,0.0,2.0,9.0,3493.0
2868,yes,3306.0,0.0,0.0,0.0,0.0,3306.0
2870,yes,5851.0,0.0,0.0,0.0,0.0,5851.0
2872,yes,4040.0,4472.0,0.0,0.0,4059.0,12571.0
2878,yes,3192.0,0.0,0.0,0.0,0.0,3192.0
2884,yes,3854.0,0.0,0.0,0.0,0.0,3854.0
2885,yes,7905.0,0.0,0.0,0.0,0.0,7905.0
2886,yes,3472.0,0.0,0.0,0.0,0.0,3472.0
2901,yes,4936.0,0.0,0.0,0.0,0.0,4936.0
2925,yes,4297.0,0.0,0.0,0.0,0.0,4297.0
2930,yes,12032.0,0.0,0.0,0.0,0.0,12032.0
2934,No,NULL,NULL,NULL,NULL,NULL,NULL
2937,yes,3230.0,0.0,0.0,0.0,0.0,3230.0
2938,yes,1996.0,0.0,3658.3,6758.0,2288.0,14700.3
2949,yes,2051.0,0.0,0.0,0.0,0.0,2051.0
2953,yes,580.0,0.0,1515.0,0.0,2848.0,4943.0
2954,yes,8306.0,0.0,0.0,0.0,0.0,8306.0
2962,yes,0.0,2604.5,0.0,0.0,0.0,2604.5
2993,No,NULL,NULL,NULL,NULL,NULL,NULL
3001,No,NULL,NULL,NULL,NULL,NULL,NULL
3009,yes,2739.0,0.0,0.0,0.0,0.0,2739.0
3024,yes,2261.0,0.0,0.0,0.0,0.0,2261.0
3039,yes,5035.0,0.0,0.0,0.0,1233.0,6268.0
3043,yes,2768.0,0.0,0.0,0.0,0.0,2768.0
3045,yes,2366.0,0.0,0.0,0.0,0.0,2366.0
3059,yes,1433.0,0.0,0.0,529.0,1758.0,3720.0
3078,yes,2232.0,0.0,0.0,0.0,0.0,2232.0
3086,yes,5022.0,0.0,0.0,0.0,0.0,5022.0
3090,yes,6829.0,0.0,4225.2,640.0,722.0,12416.2
3098,yes,4605.0,0.0,0.0,0.0,0.0,4605.0
3101,yes,1938.0,0.0,0.0,0.0,0.0,1938.0
3103,yes,9388.0,0.0,0.0,4244.0,776.0,14408.0
3104,yes,2004.0,0.0,0.0,0.0,0.0,2004.0
3114,No,NULL,NULL,NULL,NULL,NULL,NULL
3120,yes,2904.0,0.0,0.0,0.0,0.0,2904.0
3128,No,NULL,NULL,NULL,NULL,NULL,NULL
3141,yes,9905.0,0.0,1087.0,0.0,0.0,10992.0
3152,yes,6339.0,0.0,0.0,0.0,0.0,6339.0
3154,yes,3609.0,0.0,0.0,0.0,515.0,4124.0
3156,yes,0.0,0.0,1087.0,0.0,0.0,1087.0
3170,yes,4187.0,0.0,0.0,0.0,0.0,4187.0
3180,yes,1210.0,0.0,0.0,0.0,1954.0,3164.0
3184,yes,3410.0,0.0,0.0,0.0,0.0,3410.0
3190,yes,3085.0,0.0,0.0,0.0,0.0,3085.0
3196,yes,2389.0,0.0,0.0,0.0,0.0,2389.0
3197,yes,2008.0,0.0,0.0,0.0,0.0,2008.0
3205,yes,1564.0,0.0,0.0,0.0,0.0,1564.0
3210,yes,7388.0,0.0,0.0,0.0,0.0,7388.0
3219,yes,8811.0,0.0,0.0,0.0,0.0,8811.0
3223,No,NULL,NULL,NULL,NULL,NULL,NULL
3225,yes,8030.0,0.0,0.0,0.0,0.0,8030.0
3227,yes,2743.0,0.0,1721.0,4742.0,1662.0,10868.0
3230,yes,0.0,2144.0,0.0,0.0,0.0,2144.0
3234,yes,2659.0,0.0,0.0,0.0,0.0,2659.0
3243,yes,3886.0,0.0,0.0,0.0,0.0,3886.0
3250,yes,1880.0,0.0,0.0,0.0,0.0,1880.0
3255,No,NULL,NULL,NULL,NULL,NULL,NULL
3259,yes,912.0,0.0,0.0,0.0,1350.0,2262.0
3261,yes,3647.0,0.0,0.0,0.0,2197.0,5844.0
3276,yes,1722.0,0.0,0.0,1017.0,929.0,3668.0
3280,yes,1726.0,0.0,0.0,0.0,2671.0,4397.0
3281,yes,3594.0,0.0,0.0,0.0,0.0,3594.0
3282,No,NULL,NULL,NULL,NULL,NULL,NULL
3289,yes,3419.0,0.0,0.0,0.0,3841.0,7260.0
3292,yes,3170.0,0.0,0.0,0.0,0.0,3170.0
3293,yes,3231.0,7668.7,0.0,58.0,788.0,11745.7
3303,No,NULL,NULL,NULL,NULL,NULL,NULL
3320,yes,2075.0,0.0,0.0,0.0,0.0,2075.0
3328,yes,3300.0,0.0,0.0,0.0,0.0,3300.0
3339,yes,3354.0,0.0,0.0,0.0,0.0,3354.0
3343,yes,2212.0,0.0,0.0,0.0,7661.0,9873.0
3346,yes,2276.0,0.0,0.0,0.0,4930.0,7206.0
3367,yes,904.0,0.0,0.0,0.0,2119.0,3023.0
3385,yes,3454.0,0.0,0.0,0.0,0.0,3454.0
3392,yes,6139.0,0.0,0.0,0.0,0.0,6139.0
3396,No,NULL,NULL,NULL,NULL,NULL,NULL
3419,yes,4910.0,0.0,0.0,2456.0,532.0,7898.0
3432,yes,2734.0,0.0,0.0,0.0,0.0,2734.0
3437,yes,478.0,0.0,0.0,0.0,6761.0,7239.0
3445,No,NULL,NULL,NULL,NULL,NULL,NULL
3449,No,NULL,NULL,NULL,NULL,NULL,NULL
3450,No,NULL,NULL,NULL,NULL,NULL,NULL
3465,yes,4543.0,0.0,0.0,0.0,0.0,4543.0
3503,No,NULL,NULL,NULL,NULL,NULL,NULL
3526,yes,4559.0,0.0,0.0,0.0,0.0,4559.0
3535,yes,2131.0,0.0,0.0,0.0,0.0,2131.0
3563,No,NULL,NULL,NULL,NULL,NULL,NULL
3569,No,NULL,NULL,NULL,NULL,NULL,NULL
3578,yes,4051.0,0.0,0.0,0.0,0.0,4051.0
3585,yes,2862.0,0.0,0.0,0.0,0.0,2862.0
3591,yes,4261.0,0.0,0.0,0.0,0.0,4261.0
3593,yes,4524.0,0.0,0.0,0.0,986.0,5510.0
3597,yes,3134.0,0.0,3382.7,0.0,0.0,6516.7
3606,No,NULL,NULL,NULL,NULL,NULL,NULL
3610,yes,2635.0,0.0,0.0,0.0,0.0,2635.0
3631,yes,3407.0,0.0,0.0,0.0,0.0,3407.0
3643,No,NULL,NULL,NULL,NULL,NULL,NULL
3655,yes,2945.0,0.0,0.0,1124.0,2927.0,6996.0
3664,yes,0.0,5658.0,0.0,0.0,0.0,5658.0
3668,No,NULL,NULL,NULL,NULL,NULL,NULL
3677,yes,2283.0,0.0,0.0,0.0,0.0,2283.0
3678,yes,0.0,5269.0,0.0,0.0,0.0,5269.0
3696,yes,3581.0,0.0,1133.0,0.0,0.0,4714.0
3698,No,NULL,NULL,NULL,NULL,NULL,NULL
3700,yes,5230.0,0.0,0.0,0.0,0.0,5230.0
3710,yes,4633.0,0.0,0.0,0.0,0.0,4633.0
3716,No,NULL,NULL,NULL,NULL,NULL,NULL
3735,yes,6302.0,0.0,0.0,0.0,1173.0,7475.0
3739,No,NULL,NULL,NULL,NULL,NULL,NULL
3743,yes,5478.0,0.0,885.0,757.0,390.0,7510.0
3747,yes,2389.0,6365.0,0.0,1500.0,1827.0,12081.0
3748,yes,308.0,0.0,0.0,0.0,1820.0,2128.0
3752,yes,3218.0,1547.0,0.0,0.0,0.0,4765.0
3759,yes,1642.0,0.0,0.0,0.0,0.0,1642.0
3767,yes,881.0,0.0,0.0,0.0,3655.0,4536.0
3776,yes,4739.0,0.0,0.0,0.0,2261.0,7000.0
3790,No,NULL,NULL,NULL,NULL,NULL,NULL
3791,yes,3682.0,0.0,0.0,1033.0,3147.0,7862.0
3801,No,NULL,NULL,NULL,NULL,NULL,NULL
3809,yes,1965.0,0.0,0.0,2.0,1619.0,3586.0
3811,yes,2515.0,0.0,0.0,0.0,0.0,2515.0
3813,yes,5645.0,0.0,0.0,333.0,895.0,6873.0
3815,yes,0.0,0.0,3162.4,0.0,0.0,3162.4
3820,yes,8054.0,0.0,0.0,0.0,0.0,8054.0
3827,No,NULL,NULL,NULL,NULL,NULL,NULL
3839,yes,0.0,0.0,3072.1,0.0,0.0,3072.1
3842,yes,2776.0,0.0,0.0,0.0,0.0,2776.0
3851,yes,1294.0,0.0,0.0,0.0,9505.0,10799.0
3862,yes,3508.0,2080.8,0.0,0.0,7824.0,13412.8
3867,yes,5476.0,0.0,0.0,0.0,0.0,5476.0
3884,yes,5011.0,0.0,0.0,0.0,0.0,5011.0
3886,No,NULL,NULL,NULL,NULL,NULL,NULL
3891,yes,3172.0,0.0,0.0,0.0,0.0,3172.0
3902,yes,1016.0,0.0,0.0,0.0,5419.0,6435.0
3909,yes,8279.0,0.0,0.0,617.0,713.0,9609.0
3917,yes,2362.0,0.0,0.0,789.0,3105.0,6256.0
3925,yes,4256.0,0.0,0.0,0.0,2247.0,6503.0
3948,yes,314.0,0.0,0.0,1969.0,2990.0,5273.0
3953,yes,0.0,5297.7,0.0,0.0,0.0,5297.7
3959,yes,0.0,0.0,1680.6,0.0,0.0,1680.6
3985,yes,2007.0,0.0,0.0,0.0,0.0,2007.0
3991,yes,1937.0,0.0,0.0,0.0,0.0,1937.0
3996,yes,1511.0,0.0,0.0,0.0,0.0,1511.0
4034,No,NULL,NULL,NULL,NULL,NULL,NULL
4035,No,NULL,NULL,NULL,NULL,NULL,NULL
4093,No,NULL,NULL,NULL,NULL,NULL,NULL
4144,yes,8753.0,5915.7,0.0,0.0,0.0,14668.7
4161,No,NULL,NULL,NULL,NULL,NULL,NULL
4173,No,NULL,NULL,NULL,NULL,NULL,NULL
4186,yes,7028.0,0.0,894.0,0.0,0.0,7922.0
4208,No,NULL,NULL,NULL,NULL,NULL,NULL
4214,No,NULL,NULL,NULL,NULL,NULL,NULL
4287,No,NULL,NULL,NULL,NULL,NULL,NULL
4301,No,NULL,NULL,NULL,NULL,NULL,NULL
4329,No,NULL,NULL,NULL,NULL,NULL,NULL
4347,No,NULL,NULL,NULL,NULL,NULL,NULL
4368,No,NULL,NULL,NULL,NULL,NULL,NULL
4616,yes,12260.0,2778.7,0.0,0.0,0.0,15038.7
4753,yes,0.0,0.0,1271.0,0.0,0.0,1271.0
4994,yes,0.0,7178.8,0.0,0.0,0.0,7178.8
4999,yes,7028.0,4588.5,0.0,0.0,6327.0,17943.5
5120,yes,3008.0,6738.7,0.0,0.0,0.0,9746.7
5125,No,NULL,NULL,NULL,NULL,NULL,NULL
5194,No,NULL,NULL,NULL,NULL,NULL,NULL
5213,yes,0.0,6687.0,0.0,0.0,0.0,6687.0
5387,No,NULL,NULL,NULL,NULL,NULL,NULL
5472,No,NULL,NULL,NULL,NULL,NULL,NULL
5505,yes,0.0,0.0,2908.2,0.0,0.0,2908.2
5698,yes,10120.0,2756.0,0.0,0.0,0.0,12876.0
5774,yes,1413.0,1299.0,0.0,0.0,7143.0,9855.0
5991,yes,1978.0,1272.0,0.0,0.0,4235.0,7485.0
6040,yes,2635.0,489.0,0.0,5015.0,1321.0,9460.0
6061,yes,8521.0,429.0,0.0,0.0,0.0,8950.0
6118,yes,0.0,7518.0,0.0,0.0,0.0,7518.0
6321,No,NULL,NULL,NULL,NULL,NULL,NULL
6434,yes,4891.0,4589.2,0.0,0.0,0.0,9480.2
6440,yes,0.0,2881.0,0.0,0.0,0.0,2881.0
6592,yes,10755.0,6510.7,0.0,0.0,0.0,17265.7
6649,yes,0.0,1671.0,0.0,0.0,0.0,1671.0
6792,yes,3520.0,1432.0,0.0,423.0,49.0,5424.0
6806,yes,0.0,0.0,2428.9,0.0,0.0,2428.9
7099,yes,236.0,4882.5,0.0,528.0,11766.0,17412.5
7133,yes,2683.0,1352.0,0.0,115.0,100.0,4250.0
7176,yes,6110.0,3399.0,0.0,0.0,0.0,9509.0
7401,yes,7266.0,3372.7,0.0,0.0,0.0,10638.7
7449,No,NULL,NULL,NULL,NULL,NULL,NULL
7465,yes,1391.0,0.0,1060.6,302.0,5377.0,8130.6
7607,yes,6020.0,1322.0,0.0,0.0,0.0,7342.0
7674,yes,1477.0,3937.3,0.0,0.0,7383.0,12797.3
7844,yes,0.0,3816.0,0.0,0.0,0.0,3816.0
8041,yes,0.0,3900.5,0.0,0.0,0.0,3900.5
8051,yes,0.0,4340.0,0.0,0.0,0.0,4340.0
8327,yes,4104.0,5161.2,0.0,0.0,2539.0,11804.2
8558,yes,0.0,4806.5,0.0,0.0,0.0,4806.5
8759,yes,0.0,0.0,1562.1,0.0,0.0,1562.1
8772,yes,7357.0,1839.3,0.0,0.0,0.0,9196.3
8784,yes,7097.0,3098.0,0.0,0.0,0.0,10195.0
8899,yes,3713.0,2088.8,0.0,0.0,0.0,5801.8
8926,yes,3912.0,9444.0,0.0,1142.0,2718.0,17216.0
8957,yes,0.0,0.0,1209.4,0.0,0.0,1209.4
9024,yes,6270.0,1472.0,0.0,0.0,0.0,7742.0
9034,yes,4697.0,3179.0,0.0,9115.0,621.0,17612.0
9037,yes,3416.0,6707.0,0.0,0.0,4033.0,14156.0
9041,No,NULL,NULL,NULL,NULL,NULL,NULL
9192,No,NULL,NULL,NULL,NULL,NULL,NULL
9265,yes,9493.0,3298.3,0.0,0.0,4017.0,16808.3
9377,yes,2758.0,4164.0,0.0,0.0,3983.0,10905.0
9403,yes,3225.0,3358.0,0.0,0.0,0.0,6583.0
9472,yes,5119.0,3033.0,0.0,0.0,0.0,8152.0
9510,yes,0.0,6341.0,0.0,0.0,0.0,6341.0
9560,yes,7234.0,4362.7,0.0,0.0,0.0,11596.7
9640,yes,10597.0,3184.3,0.0,0.0,4087.0,17868.3
9646,yes,0.0,5813.5,0.0,0.0,0.0,5813.5
9883,yes,713.0,0.0,2768.9,12504.0,1780.0,17765.9
9897,yes,1507.0,3013.5,0.0,6953.0,4339.0,15812.5
10022,yes,7678.0,4542.7,0.0,0.0,4104.0,16324.7
10036,yes,0.0,0.0,4729.9,0.0,0.0,4729.9
10068,yes,0.0,6483.7,0.0,0.0,0.0,6483.7
10093,yes,2762.0,6436.0,0.0,7082.0,331.0,16611.0
10131,yes,0.0,5983.0,0.0,0.0,0.0,5983.0
10404,yes,2171.0,3238.0,0.0,100.0,2086.0,7595.0
10451,yes,2439.0,8049.0,0.0,689.0,4653.0,15830.0
10652,yes,1290.0,3810.0,0.0,0.0,2362.0,7462.0
10679,yes,6670.0,8241.8,0.0,0.0,0.0,14911.8
10762,yes,5435.0,1912.0,0.0,0.0,0.0,7347.0
10911,yes,7312.0,3647.0,0.0,0.0,0.0,10959.0
11013,yes,756.0,4579.0,0.0,0.0,9499.0,14834.0
11021,yes,0.0,7040.7,0.0,0.0,0.0,7040.7
11111,yes,4736.0,3004.5,0.0,0.0,0.0,7740.5
11141,yes,0.0,3744.7,0.0,0.0,0.0,3744.7
11231,yes,9783.0,7440.5,0.0,0.0,229.0,17452.5
11349,yes,10886.0,6998.0,0.0,0.0,0.0,17884.0
93,No,NULL,NULL,NULL,NULL,NULL,NULL
125,yes,0.0,0.0,4422.1,0.0,0.0,4422.1
128,No,NULL,NULL,NULL,NULL,NULL,NULL
207,yes,403.0,0.0,0.0,2726.0,10.0,3139.0
259,yes,3154.0,0.0,0.0,0.0,0.0,3154.0
693,yes,6329.0,0.0,0.0,0.0,0.0,6329.0
847,No,NULL,NULL,NULL,NULL,NULL,NULL
856,yes,3625.0,0.0,0.0,137.0,1975.0,5737.0
884,yes,2259.0,0.0,0.0,0.0,0.0,2259.0
984,yes,5911.0,0.0,0.0,0.0,0.0,5911.0
1082,yes,2189.0,0.0,0.0,0.0,0.0,2189.0
1472,yes,3527.0,0.0,0.0,0.0,2375.0,5902.0
1915,yes,4052.0,0.0,0.0,0.0,2142.0,6194.0
2226,yes,40.0,0.0,0.0,0.0,8042.0,8082.0
2231,yes,2181.0,0.0,0.0,0.0,1431.0,3612.0
2279,yes,0.0,6556.3,0.0,0.0,0.0,6556.3
2314,No,NULL,NULL,NULL,NULL,NULL,NULL
2391,yes,4959.0,0.0,0.0,0.0,0.0,4959.0
2396,yes,2548.0,0.0,0.0,0.0,0.0,2548.0
2499,yes,112.0,0.0,0.0,1858.0,1933.0,3903.0
2569,yes,2334.0,0.0,0.0,0.0,0.0,2334.0
2649,yes,5799.0,0.0,0.0,177.0,975.0,6951.0
2651,yes,10862.0,0.0,3592.9,0.0,0.0,14454.9
2709,yes,1969.0,0.0,0.0,16.0,39.0,2024.0
2720,yes,6206.0,2608.2,0.0,0.0,4719.0,13533.2
3142,yes,3228.0,0.0,0.0,0.0,0.0,3228.0
3153,yes,3175.0,0.0,0.0,0.0,2001.0,5176.0
3386,No,NULL,NULL,NULL,NULL,NULL,NULL
3509,yes,3027.0,0.0,0.0,0.0,0.0,3027.0
3714,yes,3217.0,0.0,0.0,77.0,939.0,4233.0
3723,No,NULL,NULL,NULL,NULL,NULL,NULL
3858,No,NULL,NULL,NULL,NULL,NULL,NULL
3861,yes,4227.0,0.0,0.0,0.0,0.0,4227.0
3912,yes,2728.0,0.0,0.0,0.0,0.0,2728.0
3998,yes,2364.0,0.0,0.0,0.0,1519.0,3883.0
4336,yes,8316.0,0.0,4556.0,0.0,0.0,12872.0
4352,yes,3710.0,0.0,506.0,0.0,0.0,4216.0
4727,yes,3580.0,4485.0,0.0,0.0,1861.0,9926.0
7745,yes,10160.0,2153.8,0.0,0.0,0.0,12313.8
8492,yes,4403.0,1431.0,0.0,0.0,0.0,5834.0
8628,No,NULL,NULL,NULL,NULL,NULL,NULL
10645,yes,3740.0,5787.0,0.0,0.0,0.0,9527.0
79,yes,2788.0,0.0,0.0,0.0,0.0,2788.0
268,yes,3121.0,0.0,0.0,0.0,0.0,3121.0
269,yes,456.0,0.0,0.0,0.0,1690.0,2146.0
329,yes,792.0,0.0,0.0,0.0,3110.0,3902.0
475,yes,2760.0,0.0,0.0,0.0,0.0,2760.0
570,yes,6273.0,0.0,0.0,0.0,0.0,6273.0
650,yes,1697.0,0.0,0.0,0.0,0.0,1697.0
656,yes,5477.0,0.0,0.0,0.0,0.0,5477.0
751,yes,2363.0,0.0,0.0,0.0,0.0,2363.0
766,yes,7032.0,0.0,0.0,0.0,0.0,7032.0
780,yes,6220.0,0.0,0.0,0.0,0.0,6220.0
792,yes,485.0,0.0,0.0,588.0,1326.0,2399.0
834,yes,2473.0,0.0,0.0,0.0,0.0,2473.0
896,yes,3220.0,0.0,0.0,0.0,0.0,3220.0
951,yes,2371.0,0.0,0.0,0.0,0.0,2371.0
1045,yes,1730.0,0.0,0.0,0.0,0.0,1730.0
1258,yes,759.0,0.0,0.0,0.0,1174.0,1933.0
1292,yes,1653.0,0.0,0.0,221.0,1457.0,3331.0
1436,yes,3104.0,0.0,0.0,0.0,0.0,3104.0
1626,No,NULL,NULL,NULL,NULL,NULL,NULL
1739,yes,9979.0,0.0,0.0,0.0,0.0,9979.0
1823,yes,2347.0,0.0,0.0,0.0,0.0,2347.0
1825,yes,1425.0,0.0,0.0,0.0,2688.0,4113.0
1930,yes,3223.0,0.0,0.0,0.0,0.0,3223.0
2099,No,NULL,NULL,NULL,NULL,NULL,NULL
2234,yes,1247.0,0.0,0.0,811.0,59.0,2117.0
2258,yes,2202.0,0.0,0.0,0.0,0.0,2202.0
2395,yes,3696.0,0.0,0.0,0.0,0.0,3696.0
2430,No,NULL,NULL,NULL,NULL,NULL,NULL
2446,yes,6372.0,0.0,0.0,0.0,0.0,6372.0
2838,yes,1948.0,0.0,2802.0,0.0,1370.0,6120.0
2936,yes,4247.0,8400.0,0.0,0.0,0.0,12647.0
3020,No,NULL,NULL,NULL,NULL,NULL,NULL
3091,yes,4922.0,0.0,0.0,0.0,3387.0,8309.0
3140,yes,2376.0,0.0,0.0,0.0,1978.0,4354.0
3216,yes,2712.0,0.0,1951.3,0.0,6634.0,11297.3
3324,yes,2471.0,0.0,0.0,0.0,2146.0,4617.0
3329,yes,9249.0,1604.0,0.0,0.0,0.0,10853.0
3476,yes,860.0,0.0,0.0,0.0,5447.0,6307.0
3603,yes,7883.0,0.0,0.0,0.0,0.0,7883.0
3605,yes,4410.0,0.0,0.0,803.0,269.0,5482.0
3625,yes,2011.0,0.0,0.0,0.0,0.0,2011.0
3711,yes,0.0,7683.2,0.0,0.0,0.0,7683.2
3712,yes,2499.0,0.0,0.0,0.0,0.0,2499.0
3769,yes,2050.0,0.0,0.0,0.0,0.0,2050.0
3838,No,NULL,NULL,NULL,NULL,NULL,NULL
3880,yes,1942.0,0.0,0.0,0.0,0.0,1942.0
4618,yes,0.0,2778.7,0.0,0.0,0.0,2778.7
6358,yes,13076.0,5632.8,0.0,0.0,0.0,18708.8
6922,yes,0.0,5811.7,0.0,0.0,0.0,5811.7
54,yes,2280.0,0.0,0.0,0.0,0.0,2280.0
146,yes,3823.0,0.0,0.0,0.0,0.0,3823.0
169,yes,4975.0,0.0,696.0,0.0,0.0,5671.0
196,yes,1270.0,0.0,0.0,2554.0,4802.0,8626.0
304,yes,14367.0,0.0,0.0,0.0,0.0,14367.0
585,No,NULL,NULL,NULL,NULL,NULL,NULL
644,yes,946.0,0.0,0.0,0.0,1026.0,1972.0
658,yes,2703.0,0.0,0.0,0.0,0.0,2703.0
730,No,NULL,NULL,NULL,NULL,NULL,NULL
876,yes,3796.0,0.0,0.0,0.0,0.0,3796.0
960,yes,5940.0,3151.0,0.0,0.0,0.0,9091.0
1101,yes,7553.0,0.0,0.0,0.0,0.0,7553.0
1208,yes,4426.0,0.0,0.0,0.0,2126.0,6552.0
1225,No,NULL,NULL,NULL,NULL,NULL,NULL
1866,yes,5051.0,1896.0,0.0,0.0,0.0,6947.0
2012,yes,3844.0,0.0,0.0,0.0,0.0,3844.0
2088,yes,3240.0,0.0,0.0,0.0,0.0,3240.0
2137,yes,0.0,0.0,1958.7,0.0,0.0,1958.7
2468,yes,2094.0,0.0,0.0,0.0,0.0,2094.0
2519,yes,1599.0,0.0,0.0,0.0,0.0,1599.0
2573,No,NULL,NULL,NULL,NULL,NULL,NULL
2811,yes,14584.0,0.0,1980.9,0.0,0.0,16564.9
2914,yes,1822.0,0.0,0.0,0.0,3367.0,5189.0
2989,yes,3395.0,0.0,0.0,0.0,0.0,3395.0
3145,yes,2527.0,0.0,0.0,0.0,0.0,2527.0
3178,yes,1665.0,0.0,0.0,0.0,287.0,1952.0
3201,yes,3352.0,0.0,0.0,0.0,2898.0,6250.0
3222,yes,674.0,0.0,0.0,590.0,859.0,2123.0
3278,No,NULL,NULL,NULL,NULL,NULL,NULL
3317,yes,2166.0,0.0,0.0,0.0,0.0,2166.0
3347,yes,2624.0,0.0,0.0,0.0,0.0,2624.0
3348,yes,5787.0,0.0,0.0,0.0,0.0,5787.0
3393,yes,7993.0,0.0,0.0,0.0,0.0,7993.0
3442,yes,2230.0,0.0,0.0,0.0,0.0,2230.0
3558,yes,1580.0,0.0,0.0,3231.0,152.0,4963.0
3639,yes,3358.0,0.0,0.0,0.0,0.0,3358.0
3662,No,NULL,NULL,NULL,NULL,NULL,NULL
3860,yes,8323.0,0.0,1248.5,0.0,0.0,9571.5
4471,yes,11318.0,0.0,3029.2,0.0,0.0,14347.2
4589,No,NULL,NULL,NULL,NULL,NULL,NULL
4650,yes,554.0,6700.0,0.0,0.0,2828.0,10082.0
5267,yes,0.0,5388.5,0.0,0.0,0.0,5388.5
5358,yes,9191.0,1139.0,0.0,0.0,0.0,10330.0
7454,yes,2306.0,1319.0,0.0,0.0,471.0,4096.0
7487,yes,7329.0,0.0,2279.9,0.0,4792.0,14400.9
8475,yes,495.0,878.0,0.0,0.0,3833.0,5206.0
9549,No,NULL,NULL,NULL,NULL,NULL,NULL
10063,yes,90.0,6483.7,0.0,2746.0,8927.0,18246.7
3,yes,1135.0,0.0,0.0,3539.0,327.0,5001.0
32,No,NULL,NULL,NULL,NULL,NULL,NULL
126,yes,7384.0,0.0,0.0,0.0,0.0,7384.0
187,yes,2798.0,0.0,0.0,0.0,0.0,2798.0
228,yes,1946.0,0.0,0.0,0.0,2158.0,4104.0
345,yes,8819.0,0.0,0.0,0.0,0.0,8819.0
385,yes,2160.0,0.0,0.0,121.0,31.0,2312.0
447,yes,5554.0,0.0,554.0,0.0,0.0,6108.0
492,No,NULL,NULL,NULL,NULL,NULL,NULL
549,yes,1067.0,0.0,0.0,0.0,3024.0,4091.0
564,yes,295.0,0.0,0.0,0.0,8713.0,9008.0
695,yes,9516.0,0.0,0.0,0.0,0.0,9516.0
731,yes,2706.0,0.0,0.0,0.0,0.0,2706.0
734,yes,2228.0,0.0,0.0,0.0,0.0,2228.0
817,yes,4605.0,8975.0,0.0,0.0,0.0,13580.0
1111,yes,3962.0,0.0,0.0,0.0,0.0,3962.0
1154,yes,3475.0,0.0,0.0,0.0,0.0,3475.0
1253,yes,3865.0,0.0,0.0,0.0,5330.0,9195.0
1260,yes,6594.0,0.0,0.0,0.0,0.0,6594.0
1336,yes,9426.0,0.0,0.0,0.0,0.0,9426.0
1478,yes,11931.0,0.0,0.0,0.0,0.0,11931.0
1490,yes,0.0,0.0,1657.7,0.0,0.0,1657.7
1517,yes,2601.0,0.0,0.0,0.0,0.0,2601.0
1672,yes,3898.0,0.0,0.0,0.0,0.0,3898.0
1826,yes,9921.0,0.0,0.0,0.0,0.0,9921.0
1839,yes,3093.0,0.0,0.0,0.0,0.0,3093.0
1969,yes,5403.0,0.0,0.0,0.0,0.0,5403.0
2000,yes,3318.0,4847.0,0.0,14.0,48.0,8227.0
2053,yes,4409.0,0.0,0.0,0.0,0.0,4409.0
2345,yes,3612.0,3328.2,0.0,0.0,0.0,6940.2
2406,yes,3186.0,0.0,0.0,0.0,0.0,3186.0
2416,yes,9425.0,0.0,0.0,0.0,0.0,9425.0
2488,yes,2030.0,0.0,0.0,0.0,0.0,2030.0
2551,yes,11601.0,0.0,2390.0,0.0,2818.0,16809.0
2588,yes,6509.0,0.0,0.0,0.0,0.0,6509.0
2593,yes,7300.0,0.0,0.0,0.0,0.0,7300.0
2638,yes,1018.0,0.0,0.0,4538.0,728.0,6284.0
2677,yes,3926.0,0.0,0.0,1599.0,799.0,6324.0
2732,yes,0.0,0.0,1564.9,0.0,0.0,1564.9
2796,yes,3381.0,0.0,0.0,0.0,5291.0,8672.0
2939,yes,2882.0,0.0,0.0,0.0,0.0,2882.0
3032,yes,2858.0,0.0,0.0,0.0,0.0,2858.0
3107,yes,2642.0,0.0,0.0,0.0,0.0,2642.0
3129,yes,2707.0,0.0,0.0,0.0,0.0,2707.0
3221,yes,2186.0,0.0,0.0,0.0,0.0,2186.0
3239,yes,8838.0,0.0,0.0,0.0,0.0,8838.0
3326,No,NULL,NULL,NULL,NULL,NULL,NULL
3436,yes,2243.0,0.0,0.0,0.0,0.0,2243.0
3567,yes,1156.0,0.0,4374.3,0.0,6943.0,12473.3
3589,yes,7843.0,0.0,0.0,0.0,0.0,7843.0
3745,yes,11469.0,0.0,0.0,0.0,841.0,12310.0
3793,yes,5706.0,0.0,0.0,0.0,0.0,5706.0
4131,yes,974.0,0.0,2520.1,0.0,4696.0,8190.1
4263,No,NULL,NULL,NULL,NULL,NULL,NULL
4358,yes,0.0,0.0,2542.0,0.0,0.0,2542.0
4863,yes,3300.0,6340.3,0.0,0.0,6036.0,15676.3
5164,yes,4261.0,621.0,0.0,0.0,0.0,4882.0
5632,yes,0.0,4760.0,0.0,0.0,0.0,4760.0
5837,yes,0.0,4939.0,0.0,0.0,0.0,4939.0
6265,yes,7274.0,3639.5,0.0,0.0,0.0,10913.5
7184,yes,3434.0,6485.0,0.0,691.0,2155.0,12765.0
8132,No,NULL,NULL,NULL,NULL,NULL,NULL
9051,No,NULL,NULL,NULL,NULL,NULL,NULL
9484,No,NULL,NULL,NULL,NULL,NULL,NULL
11271,yes,5808.0,1870.3,0.0,516.0,2364.0,10558.3
112,yes,2051.0,0.0,0.0,0.0,0.0,2051.0
238,yes,2234.0,0.0,0.0,0.0,0.0,2234.0
416,yes,1969.0,0.0,0.0,0.0,0.0,1969.0
485,yes,7421.0,0.0,2629.6,3572.0,1591.0,15213.6
516,yes,3736.0,0.0,0.0,0.0,0.0,3736.0
843,yes,955.0,0.0,0.0,897.0,128.0,1980.0
993,yes,0.0,1812.3,0.0,0.0,0.0,1812.3
1006,yes,390.0,0.0,0.0,60.0,2041.0,2491.0
1060,No,NULL,NULL,NULL,NULL,NULL,NULL
1062,yes,7844.0,0.0,0.0,0.0,0.0,7844.0
1114,yes,3350.0,0.0,0.0,0.0,0.0,3350.0
1134,yes,1973.0,0.0,0.0,0.0,6007.0,7980.0
1172,No,NULL,NULL,NULL,NULL,NULL,NULL
1234,yes,2236.0,0.0,0.0,0.0,0.0,2236.0
1524,yes,2705.0,0.0,0.0,0.0,0.0,2705.0
1618,yes,2265.0,0.0,0.0,0.0,0.0,2265.0
1638,yes,9749.0,2676.0,0.0,0.0,0.0,12425.0
1671,yes,3009.0,0.0,0.0,0.0,0.0,3009.0
1694,No,NULL,NULL,NULL,NULL,NULL,NULL
1846,yes,2062.0,0.0,0.0,0.0,0.0,2062.0
1888,yes,510.0,4780.0,0.0,3269.0,3473.0,12032.0
1894,No,NULL,NULL,NULL,NULL,NULL,NULL
1939,yes,3090.0,0.0,0.0,0.0,893.0,3983.0
1982,yes,3732.0,0.0,0.0,0.0,0.0,3732.0
1996,yes,0.0,0.0,2395.6,0.0,0.0,2395.6
2044,yes,8417.0,0.0,861.0,0.0,0.0,9278.0
2184,yes,3165.0,0.0,0.0,0.0,0.0,3165.0
2241,yes,6545.0,0.0,0.0,16.0,455.0,7016.0
2269,yes,4581.0,0.0,512.0,0.0,0.0,5093.0
2471,yes,3277.0,0.0,0.0,363.0,1552.0,5192.0
2516,yes,0.0,9721.0,0.0,0.0,0.0,9721.0
2646,yes,6232.0,0.0,3005.8,300.0,528.0,10065.8
2916,yes,2096.0,0.0,0.0,3630.0,637.0,6363.0
2945,yes,1854.0,0.0,0.0,0.0,0.0,1854.0
2965,yes,2648.0,0.0,0.0,0.0,0.0,2648.0
3124,yes,3649.0,0.0,0.0,876.0,811.0,5336.0
3151,yes,363.0,0.0,0.0,0.0,4081.0,4444.0
3182,yes,6455.0,0.0,0.0,0.0,0.0,6455.0
3446,yes,12659.0,0.0,0.0,0.0,0.0,12659.0
3551,yes,1769.0,0.0,0.0,290.0,133.0,2192.0
3789,yes,11244.0,0.0,0.0,0.0,0.0,11244.0
3934,yes,2396.0,0.0,0.0,0.0,0.0,2396.0
3956,yes,6035.0,0.0,0.0,0.0,892.0,6927.0
4116,yes,14448.0,4200.2,0.0,0.0,0.0,18648.2
5072,yes,1863.0,5292.0,0.0,1065.0,6674.0,14894.0
6034,yes,0.0,7741.8,0.0,0.0,0.0,7741.8
6083,yes,0.0,7518.0,0.0,0.0,0.0,7518.0
6495,yes,8606.0,8747.0,0.0,0.0,0.0,17353.0
29,yes,6871.0,0.0,0.0,8.0,829.0,7708.0
291,yes,62.0,0.0,1941.9,0.0,12925.0,14928.9
294,yes,5842.0,0.0,0.0,430.0,301.0,6573.0
302,yes,3236.0,0.0,0.0,0.0,0.0,3236.0
454,yes,5687.0,0.0,0.0,0.0,0.0,5687.0
458,yes,9586.0,0.0,1031.0,0.0,0.0,10617.0
770,No,NULL,NULL,NULL,NULL,NULL,NULL
936,yes,3004.0,0.0,0.0,0.0,0.0,3004.0
963,yes,3799.0,0.0,0.0,0.0,0.0,3799.0
1018,yes,1614.0,0.0,0.0,0.0,1028.0,2642.0
1157,No,NULL,NULL,NULL,NULL,NULL,NULL
1231,yes,3485.0,0.0,665.0,0.0,0.0,4150.0
1298,yes,5822.0,0.0,0.0,0.0,0.0,5822.0
1404,yes,6306.0,0.0,2121.0,53.0,606.0,9086.0
1514,yes,3781.0,0.0,0.0,0.0,0.0,3781.0
1792,yes,1712.0,0.0,0.0,0.0,0.0,1712.0
1853,No,NULL,NULL,NULL,NULL,NULL,NULL
2028,No,NULL,NULL,NULL,NULL,NULL,NULL
2087,yes,0.0,0.0,4619.9,0.0,0.0,4619.9
2113,No,NULL,NULL,NULL,NULL,NULL,NULL
2149,yes,2536.0,0.0,0.0,0.0,0.0,2536.0
2208,yes,2126.0,0.0,0.0,0.0,0.0,2126.0
2230,yes,2612.0,0.0,0.0,0.0,0.0,2612.0
2242,yes,5538.0,0.0,0.0,0.0,0.0,5538.0
2354,yes,9071.0,0.0,0.0,0.0,0.0,9071.0
2358,yes,6114.0,0.0,0.0,0.0,0.0,6114.0
2577,yes,3347.0,0.0,0.0,0.0,0.0,3347.0
2641,yes,5126.0,0.0,0.0,0.0,0.0,5126.0
2684,No,NULL,NULL,NULL,NULL,NULL,NULL
2694,yes,3532.0,7636.0,0.0,0.0,0.0,11168.0
3514,yes,2266.0,0.0,0.0,0.0,0.0,2266.0
3575,yes,5070.0,0.0,0.0,0.0,0.0,5070.0
3641,yes,2163.0,0.0,0.0,0.0,0.0,2163.0
3772,yes,7775.0,0.0,0.0,0.0,0.0,7775.0
3804,yes,643.0,5270.7,0.0,0.0,4458.0,10371.7
3825,No,NULL,NULL,NULL,NULL,NULL,NULL
3941,yes,1510.0,0.0,0.0,0.0,599.0,2109.0
3977,yes,2974.0,0.0,0.0,0.0,0.0,2974.0
4000,No,NULL,NULL,NULL,NULL,NULL,NULL
4134,yes,5932.0,0.0,1171.0,0.0,0.0,7103.0
6505,yes,0.0,3207.8,0.0,0.0,0.0,3207.8
7180,yes,8089.0,4156.5,0.0,0.0,0.0,12245.5
9491,yes,4704.0,4698.0,0.0,872.0,2245.0,12519.0
11327,yes,3693.0,1632.0,0.0,0.0,0.0,5325.0
70,yes,4150.0,0.0,0.0,0.0,0.0,4150.0
116,yes,5529.0,0.0,927.0,0.0,0.0,6456.0
148,yes,487.0,0.0,0.0,1736.0,89.0,2312.0
427,yes,8166.0,0.0,0.0,0.0,0.0,8166.0
472,yes,0.0,8200.2,0.0,0.0,0.0,8200.2
546,yes,2940.0,0.0,0.0,0.0,0.0,2940.0
566,No,NULL,NULL,NULL,NULL,NULL,NULL
665,yes,4149.0,0.0,0.0,0.0,0.0,4149.0
941,yes,3871.0,0.0,0.0,0.0,0.0,3871.0
1059,yes,232.0,0.0,0.0,0.0,1914.0,2146.0
1113,yes,3837.0,0.0,0.0,0.0,1809.0,5646.0
1182,yes,0.0,0.0,1662.7,0.0,0.0,1662.7
1281,No,NULL,NULL,NULL,NULL,NULL,NULL
1328,yes,0.0,0.0,3249.8,0.0,0.0,3249.8
1347,yes,2066.0,0.0,0.0,0.0,0.0,2066.0
1359,No,NULL,NULL,NULL,NULL,NULL,NULL
1782,yes,3231.0,0.0,0.0,0.0,0.0,3231.0
1970,yes,1774.0,0.0,0.0,0.0,1916.0,3690.0
2115,yes,1940.0,0.0,0.0,0.0,0.0,1940.0
2139,yes,2154.0,0.0,0.0,6275.0,4737.0,13166.0
2201,yes,1357.0,0.0,0.0,348.0,391.0,2096.0
2331,yes,667.0,0.0,0.0,0.0,1408.0,2075.0
2404,yes,5488.0,0.0,0.0,0.0,0.0,5488.0
2432,yes,2554.0,0.0,0.0,0.0,0.0,2554.0
2454,No,NULL,NULL,NULL,NULL,NULL,NULL
2697,yes,378.0,0.0,0.0,629.0,3142.0,4149.0
2889,yes,5038.0,0.0,3292.0,0.0,0.0,8330.0
2913,yes,2980.0,0.0,0.0,0.0,0.0,2980.0
2959,No,NULL,NULL,NULL,NULL,NULL,NULL
3072,yes,5268.0,0.0,0.0,0.0,0.0,5268.0
3202,yes,2521.0,0.0,0.0,0.0,0.0,2521.0
3235,yes,6149.0,0.0,0.0,0.0,0.0,6149.0
3271,yes,2527.0,0.0,0.0,0.0,0.0,2527.0
3286,yes,11785.0,0.0,0.0,0.0,0.0,11785.0
3311,yes,4035.0,0.0,4671.9,3455.0,666.0,12827.9
3359,yes,2038.0,0.0,0.0,0.0,0.0,2038.0
3369,yes,26.0,0.0,0.0,0.0,3007.0,3033.0
3461,No,NULL,NULL,NULL,NULL,NULL,NULL
3470,yes,2492.0,0.0,0.0,0.0,0.0,2492.0
3650,yes,7858.0,0.0,0.0,0.0,0.0,7858.0
3689,yes,0.0,0.0,4609.9,0.0,0.0,4609.9
3706,yes,4298.0,0.0,0.0,0.0,0.0,4298.0
3822,yes,11657.0,0.0,0.0,0.0,0.0,11657.0
3841,yes,1663.0,0.0,0.0,0.0,0.0,1663.0
3850,yes,2037.0,0.0,0.0,0.0,5120.0,7157.0
3854,yes,1290.0,0.0,0.0,0.0,930.0,2220.0
3916,yes,10900.0,2693.7,0.0,2570.0,1078.0,17241.7
4519,No,NULL,NULL,NULL,NULL,NULL,NULL
4715,yes,0.0,4049.0,0.0,0.0,0.0,4049.0
5250,No,NULL,NULL,NULL,NULL,NULL,NULL
9677,yes,8944.0,527.0,0.0,0.0,0.0,9471.0
10018,No,NULL,NULL,NULL,NULL,NULL,NULL
10019,yes,0.0,5415.0,0.0,0.0,0.0,5415.0
10343,No,NULL,NULL,NULL,NULL,NULL,NULL
10656,No,NULL,NULL,NULL,NULL,NULL,NULL
11333,yes,0.0,0.0,3286.7,0.0,0.0,3286.7
425,yes,2390.0,0.0,0.0,64.0,806.0,3260.0
521,yes,4234.0,0.0,0.0,0.0,0.0,4234.0
866,yes,465.0,0.0,0.0,504.0,3882.0,4851.0
879,yes,2094.0,0.0,0.0,0.0,0.0,2094.0
882,yes,3306.0,0.0,0.0,0.0,0.0,3306.0
934,yes,3236.0,0.0,0.0,0.0,0.0,3236.0
942,No,NULL,NULL,NULL,NULL,NULL,NULL
1237,No,NULL,NULL,NULL,NULL,NULL,NULL
1342,yes,2517.0,0.0,1079.0,3665.0,1011.0,8272.0
1456,yes,0.0,0.0,1250.8,0.0,0.0,1250.8
1519,yes,3443.0,0.0,0.0,0.0,0.0,3443.0
1727,yes,1794.0,0.0,0.0,3723.0,1093.0,6610.0
1799,yes,2514.0,0.0,0.0,0.0,0.0,2514.0
1874,yes,2100.0,0.0,0.0,0.0,0.0,2100.0
1943,yes,3060.0,0.0,0.0,2704.0,3593.0,9357.0
1953,No,NULL,NULL,NULL,NULL,NULL,NULL
2101,yes,987.0,0.0,0.0,722.0,600.0,2309.0
2187,yes,0.0,4456.0,0.0,0.0,0.0,4456.0
2204,yes,3954.0,0.0,0.0,0.0,0.0,3954.0
2603,yes,3210.0,0.0,0.0,0.0,0.0,3210.0
2712,yes,2976.0,0.0,0.0,0.0,0.0,2976.0
2961,yes,1661.0,0.0,0.0,0.0,0.0,1661.0
2974,yes,1546.0,0.0,0.0,0.0,0.0,1546.0
3051,yes,4104.0,0.0,0.0,623.0,184.0,4911.0
3057,yes,4646.0,0.0,0.0,0.0,0.0,4646.0
3375,No,NULL,NULL,NULL,NULL,NULL,NULL
3426,yes,13088.0,0.0,0.0,0.0,488.0,13576.0
3430,yes,2426.0,0.0,0.0,0.0,0.0,2426.0
3489,yes,3373.0,1837.0,0.0,0.0,0.0,5210.0
3507,yes,557.0,0.0,0.0,0.0,2700.0,3257.0
3518,yes,3438.0,0.0,0.0,0.0,0.0,3438.0
3751,yes,110.0,0.0,0.0,0.0,3046.0,3156.0
3782,yes,553.0,0.0,0.0,10608.0,2790.0,13951.0
3805,yes,5908.0,0.0,0.0,0.0,0.0,5908.0
3963,yes,3477.0,0.0,0.0,70.0,95.0,3642.0
4091,yes,4247.0,0.0,907.0,0.0,185.0,5339.0
4527,yes,0.0,2156.0,0.0,0.0,0.0,2156.0
4580,yes,8723.0,1684.8,0.0,0.0,0.0,10407.8
4626,yes,0.0,2778.7,0.0,0.0,0.0,2778.7
5591,yes,323.0,3697.8,0.0,345.0,2874.0,7239.8
7520,No,NULL,NULL,NULL,NULL,NULL,NULL
7990,yes,7158.0,3020.0,0.0,0.0,0.0,10178.0
8039,yes,1074.0,3900.5,0.0,3231.0,610.0,8815.5
8153,yes,0.0,0.0,1993.6,0.0,0.0,1993.6
9153,yes,5042.0,1451.0,0.0,0.0,0.0,6493.0
9504,yes,0.0,5688.0,0.0,0.0,0.0,5688.0
144,No,NULL,NULL,NULL,NULL,NULL,NULL
558,yes,4081.0,0.0,0.0,0.0,1476.0,5557.0
690,yes,7152.0,0.0,1749.0,0.0,0.0,8901.0
743,yes,2691.0,0.0,0.0,0.0,0.0,2691.0
748,yes,6492.0,0.0,0.0,0.0,0.0,6492.0
787,yes,4395.0,0.0,0.0,0.0,122.0,4517.0
805,yes,0.0,0.0,1424.4,0.0,0.0,1424.4
921,yes,1776.0,0.0,0.0,0.0,0.0,1776.0
988,yes,2512.0,0.0,0.0,0.0,0.0,2512.0
1054,yes,4736.0,0.0,0.0,0.0,0.0,4736.0
1408,No,NULL,NULL,NULL,NULL,NULL,NULL
1483,yes,1962.0,0.0,0.0,0.0,2701.0,4663.0
1567,yes,480.0,0.0,0.0,3455.0,6000.0,9935.0
1601,yes,2694.0,0.0,0.0,0.0,0.0,2694.0
1629,yes,3137.0,0.0,0.0,0.0,0.0,3137.0
1631,yes,2743.0,0.0,0.0,0.0,0.0,2743.0
1781,No,NULL,NULL,NULL,NULL,NULL,NULL
1817,yes,9131.0,0.0,0.0,0.0,0.0,9131.0
1820,yes,7794.0,0.0,0.0,0.0,0.0,7794.0
1827,yes,2567.0,0.0,0.0,0.0,0.0,2567.0
1830,yes,7692.0,0.0,0.0,0.0,0.0,7692.0
1870,No,NULL,NULL,NULL,NULL,NULL,NULL
1879,yes,907.0,0.0,0.0,0.0,1119.0,2026.0
2393,yes,4292.0,0.0,1253.0,0.0,0.0,5545.0
2523,yes,1819.0,0.0,0.0,41.0,155.0,2015.0
2589,yes,3694.0,0.0,0.0,0.0,0.0,3694.0
2719,yes,2889.0,0.0,0.0,0.0,0.0,2889.0
2760,yes,5369.0,0.0,0.0,0.0,4476.0,9845.0
2933,yes,5907.0,4542.0,0.0,0.0,0.0,10449.0
2979,yes,3494.0,0.0,0.0,0.0,0.0,3494.0
3021,yes,0.0,3241.8,0.0,0.0,0.0,3241.8
3036,No,NULL,NULL,NULL,NULL,NULL,NULL
3038,No,NULL,NULL,NULL,NULL,NULL,NULL
3042,yes,2884.0,0.0,0.0,0.0,3459.0,6343.0
3186,yes,7456.0,0.0,0.0,0.0,0.0,7456.0
3528,yes,7655.0,0.0,0.0,0.0,0.0,7655.0
3635,yes,2045.0,0.0,0.0,0.0,493.0,2538.0
3640,yes,2040.0,0.0,0.0,0.0,0.0,2040.0
3728,No,NULL,NULL,NULL,NULL,NULL,NULL
3773,yes,3146.0,0.0,0.0,0.0,0.0,3146.0
3785,yes,6502.0,0.0,0.0,0.0,0.0,6502.0
3792,yes,3518.0,0.0,0.0,0.0,0.0,3518.0
3882,yes,1608.0,0.0,0.0,77.0,479.0,2164.0
3910,yes,2673.0,0.0,0.0,0.0,0.0,2673.0
5650,yes,10530.0,4108.3,0.0,0.0,0.0,14638.3
7231,yes,0.0,0.0,2283.2,0.0,0.0,2283.2
7997,yes,0.0,6694.2,0.0,0.0,0.0,6694.2
9104,yes,0.0,3585.2,0.0,0.0,0.0,3585.2
102,yes,3373.0,7370.2,0.0,0.0,377.0,11120.2
157,yes,3991.0,0.0,0.0,0.0,0.0,3991.0
257,yes,14166.0,0.0,3816.7,0.0,0.0,17982.7
272,yes,7454.0,0.0,0.0,0.0,0.0,7454.0
359,yes,3544.0,0.0,0.0,0.0,0.0,3544.0
397,No,NULL,NULL,NULL,NULL,NULL,NULL
451,yes,0.0,7208.0,0.0,0.0,0.0,7208.0
561,yes,1651.0,0.0,0.0,0.0,0.0,1651.0
800,yes,2203.0,0.0,0.0,0.0,299.0,2502.0
924,yes,308.0,0.0,0.0,0.0,1904.0,2212.0
1032,No,NULL,NULL,NULL,NULL,NULL,NULL
1036,yes,4095.0,0.0,0.0,0.0,0.0,4095.0
1166,yes,4397.0,3105.2,0.0,0.0,0.0,7502.2
1173,yes,950.0,0.0,0.0,0.0,1352.0,2302.0
1288,yes,2948.0,0.0,0.0,0.0,0.0,2948.0
1363,yes,5046.0,0.0,0.0,82.0,1760.0,6888.0
1383,yes,2173.0,0.0,0.0,0.0,0.0,2173.0
1439,yes,2122.0,0.0,0.0,0.0,0.0,2122.0
1515,yes,1538.0,0.0,0.0,2907.0,774.0,5219.0
1686,yes,1532.0,0.0,0.0,0.0,1225.0,2757.0
1903,yes,1878.0,0.0,0.0,0.0,260.0,2138.0
2133,yes,2143.0,0.0,0.0,0.0,0.0,2143.0
2196,yes,2160.0,0.0,0.0,0.0,0.0,2160.0
2469,yes,2220.0,0.0,0.0,0.0,0.0,2220.0
2477,yes,3096.0,0.0,0.0,0.0,0.0,3096.0
2724,yes,6399.0,0.0,0.0,0.0,0.0,6399.0
2772,yes,7594.0,0.0,0.0,0.0,0.0,7594.0
2795,yes,1722.0,0.0,0.0,1869.0,6366.0,9957.0
2801,yes,3524.0,0.0,0.0,0.0,0.0,3524.0
2824,yes,7289.0,841.0,0.0,0.0,0.0,8130.0
2859,No,NULL,NULL,NULL,NULL,NULL,NULL
3004,yes,3094.0,0.0,0.0,0.0,0.0,3094.0
3053,yes,3790.0,0.0,0.0,0.0,3675.0,7465.0
3194,yes,7584.0,0.0,0.0,0.0,0.0,7584.0
3299,yes,0.0,4676.0,0.0,0.0,0.0,4676.0
3325,No,NULL,NULL,NULL,NULL,NULL,NULL
3365,yes,2975.0,0.0,0.0,0.0,0.0,2975.0
3423,yes,1110.0,0.0,0.0,0.0,2685.0,3795.0
4081,yes,0.0,5746.0,0.0,0.0,0.0,5746.0
5984,No,NULL,NULL,NULL,NULL,NULL,NULL
7274,yes,4603.0,4086.8,0.0,0.0,0.0,8689.8
8173,yes,0.0,6695.0,0.0,0.0,0.0,6695.0
9225,yes,0.0,3421.5,0.0,0.0,0.0,3421.5
9236,yes,2239.0,7218.0,0.0,0.0,2276.0,11733.0
9631,yes,0.0,2476.8,0.0,0.0,0.0,2476.8
9828,yes,0.0,5274.7,0.0,0.0,0.0,5274.7
10663,yes,4782.0,7223.2,0.0,0.0,9317.0,21322.2
11065,yes,0.0,1445.0,0.0,0.0,0.0,1445.0
4,yes,3363.0,0.0,0.0,0.0,0.0,3363.0
16,No,NULL,NULL,NULL,NULL,NULL,NULL
358,yes,532.0,0.0,0.0,27.0,1507.0,2066.0
371,No,NULL,NULL,NULL,NULL,NULL,NULL
423,yes,1942.0,0.0,0.0,0.0,0.0,1942.0
424,yes,4591.0,0.0,0.0,0.0,0.0,4591.0
556,No,NULL,NULL,NULL,NULL,NULL,NULL
582,yes,2812.0,0.0,0.0,0.0,0.0,2812.0
604,No,NULL,NULL,NULL,NULL,NULL,NULL
702,yes,2813.0,0.0,0.0,0.0,0.0,2813.0
765,No,NULL,NULL,NULL,NULL,NULL,NULL
788,yes,3096.0,0.0,0.0,0.0,0.0,3096.0
971,yes,3860.0,0.0,0.0,0.0,0.0,3860.0
1136,yes,6249.0,0.0,3081.8,0.0,2884.0,12214.8
1183,yes,1882.0,0.0,0.0,0.0,1046.0,2928.0
1185,yes,2830.0,0.0,0.0,0.0,0.0,2830.0
1344,No,NULL,NULL,NULL,NULL,NULL,NULL
1459,yes,1542.0,0.0,0.0,0.0,582.0,2124.0
1657,yes,2156.0,0.0,0.0,0.0,0.0,2156.0
1670,yes,2554.0,0.0,0.0,0.0,0.0,2554.0
1843,yes,6994.0,2938.7,0.0,0.0,0.0,9932.7
1925,yes,3860.0,0.0,0.0,0.0,0.0,3860.0
2074,yes,2354.0,0.0,0.0,0.0,2568.0,4922.0
2386,yes,2042.0,0.0,0.0,0.0,1797.0,3839.0
2710,No,NULL,NULL,NULL,NULL,NULL,NULL
2832,yes,2122.0,0.0,0.0,0.0,0.0,2122.0
2972,yes,0.0,0.0,3554.8,0.0,0.0,3554.8
3089,No,NULL,NULL,NULL,NULL,NULL,NULL
3106,No,NULL,NULL,NULL,NULL,NULL,NULL
3139,No,NULL,NULL,NULL,NULL,NULL,NULL
3252,yes,1406.0,0.0,0.0,155.0,483.0,2044.0
3390,yes,850.0,3385.5,0.0,105.0,2564.0,6904.5
3529,No,NULL,NULL,NULL,NULL,NULL,NULL
3901,yes,0.0,0.0,932.0,0.0,0.0,932.0
3995,yes,3601.0,0.0,0.0,983.0,415.0,4999.0
4588,No,NULL,NULL,NULL,NULL,NULL,NULL
4937,yes,2687.0,5996.2,0.0,0.0,800.0,9483.2
6473,yes,0.0,6408.8,0.0,0.0,0.0,6408.8
7136,yes,1080.0,2059.0,0.0,547.0,2235.0,5921.0
9869,yes,5887.0,5526.0,0.0,0.0,2498.0,13911.0
10493,yes,8594.0,5575.3,0.0,0.0,842.0,15011.3
11186,yes,9810.0,6541.2,0.0,0.0,0.0,16351.2
172,yes,4221.0,0.0,0.0,0.0,0.0,4221.0
419,No,NULL,NULL,NULL,NULL,NULL,NULL
501,yes,0.0,4382.7,0.0,0.0,0.0,4382.7
539,No,NULL,NULL,NULL,NULL,NULL,NULL
648,yes,9240.0,0.0,0.0,0.0,0.0,9240.0
806,yes,2298.0,0.0,0.0,0.0,0.0,2298.0
859,yes,463.0,0.0,0.0,1657.0,1810.0,3930.0
923,yes,2087.0,0.0,0.0,0.0,0.0,2087.0
1008,yes,2691.0,0.0,0.0,0.0,0.0,2691.0
1057,yes,3090.0,0.0,0.0,0.0,0.0,3090.0
1122,No,NULL,NULL,NULL,NULL,NULL,NULL
1123,yes,2444.0,0.0,0.0,0.0,6668.0,9112.0
1252,yes,0.0,4114.7,0.0,0.0,0.0,4114.7
1315,yes,2813.0,0.0,0.0,3160.0,299.0,6272.0
1640,yes,4783.0,0.0,0.0,0.0,0.0,4783.0
1961,yes,2293.0,0.0,0.0,0.0,0.0,2293.0
2020,yes,2329.0,0.0,0.0,0.0,0.0,2329.0
2060,yes,7523.0,0.0,0.0,0.0,0.0,7523.0
2262,yes,0.0,6395.0,0.0,0.0,0.0,6395.0
2344,yes,3021.0,0.0,0.0,0.0,0.0,3021.0
2670,yes,3978.0,0.0,0.0,0.0,4754.0,8732.0
2750,yes,1750.0,0.0,0.0,0.0,2229.0,3979.0
2904,No,NULL,NULL,NULL,NULL,NULL,NULL
2976,yes,8473.0,0.0,0.0,0.0,0.0,8473.0
3130,yes,1546.0,0.0,0.0,0.0,0.0,1546.0
3305,yes,2880.0,0.0,0.0,0.0,0.0,2880.0
3323,yes,3498.0,0.0,0.0,0.0,0.0,3498.0
3389,yes,4882.0,0.0,0.0,0.0,0.0,4882.0
3453,yes,7062.0,0.0,0.0,0.0,0.0,7062.0
3897,yes,5350.0,0.0,0.0,0.0,0.0,5350.0
3908,yes,2638.0,0.0,0.0,0.0,0.0,2638.0
5066,yes,4206.0,2568.8,0.0,132.0,2301.0,9207.8
5196,yes,7905.0,6652.5,0.0,0.0,0.0,14557.5
5483,yes,0.0,0.0,1307.0,0.0,0.0,1307.0
5574,yes,11878.0,3719.0,0.0,0.0,0.0,15597.0
7721,yes,0.0,3788.3,0.0,0.0,0.0,3788.3
8261,yes,1915.0,3659.8,0.0,646.0,2576.0,8796.8
309,yes,0.0,1901.0,0.0,0.0,0.0,1901.0
382,yes,2235.0,0.0,0.0,14.0,27.0,2276.0
511,yes,0.0,0.0,2629.6,0.0,0.0,2629.6
536,yes,2569.0,0.0,0.0,0.0,0.0,2569.0
552,yes,2097.0,0.0,0.0,0.0,0.0,2097.0
729,yes,1872.0,0.0,0.0,67.0,114.0,2053.0
811,yes,0.0,5171.7,0.0,0.0,0.0,5171.7
845,yes,9651.0,0.0,0.0,0.0,0.0,9651.0
890,yes,3136.0,0.0,0.0,0.0,0.0,3136.0
953,yes,1768.0,0.0,0.0,0.0,185.0,1953.0
1017,yes,4492.0,0.0,0.0,0.0,477.0,4969.0
1044,yes,2880.0,0.0,0.0,0.0,188.0,3068.0
1077,No,NULL,NULL,NULL,NULL,NULL,NULL
1184,No,NULL,NULL,NULL,NULL,NULL,NULL
1559,yes,8004.0,0.0,0.0,0.0,0.0,8004.0
1909,yes,43.0,0.0,0.0,928.0,1156.0,2127.0
2270,yes,3604.0,0.0,0.0,0.0,0.0,3604.0
2340,No,NULL,NULL,NULL,NULL,NULL,NULL
2373,yes,2377.0,0.0,0.0,0.0,0.0,2377.0
2442,yes,540.0,0.0,0.0,0.0,1568.0,2108.0
2473,yes,1760.0,0.0,0.0,0.0,236.0,1996.0
2659,No,NULL,NULL,NULL,NULL,NULL,NULL
2740,No,NULL,NULL,NULL,NULL,NULL,NULL
2789,yes,2965.0,0.0,0.0,762.0,229.0,3956.0
2842,yes,358.0,0.0,0.0,862.0,930.0,2150.0
2863,yes,945.0,0.0,0.0,0.0,5223.0,6168.0
3115,yes,14723.0,5353.3,0.0,0.0,0.0,20076.3
3266,yes,1647.0,0.0,0.0,0.0,0.0,1647.0
3301,yes,4956.0,0.0,0.0,0.0,0.0,4956.0
3384,yes,2935.0,0.0,0.0,0.0,0.0,2935.0
3564,No,NULL,NULL,NULL,NULL,NULL,NULL
3620,No,NULL,NULL,NULL,NULL,NULL,NULL
3713,No,NULL,NULL,NULL,NULL,NULL,NULL
4416,No,NULL,NULL,NULL,NULL,NULL,NULL
4456,yes,0.0,5353.5,0.0,0.0,0.0,5353.5
4894,yes,0.0,4875.8,0.0,0.0,0.0,4875.8
5724,yes,2692.0,4845.0,0.0,281.0,1781.0,9599.0
6866,No,NULL,NULL,NULL,NULL,NULL,NULL
8381,yes,740.0,6950.8,0.0,0.0,8039.0,15729.8
8547,yes,0.0,4806.5,0.0,0.0,0.0,4806.5
10297,yes,9902.0,8771.0,0.0,0.0,0.0,18673.0
5,yes,2668.0,0.0,0.0,0.0,0.0,2668.0
224,yes,3503.0,0.0,0.0,0.0,0.0,3503.0
241,yes,1344.0,0.0,0.0,610.0,632.0,2586.0
264,yes,3307.0,0.0,0.0,0.0,0.0,3307.0
314,yes,13691.0,2785.0,0.0,0.0,0.0,16476.0
362,yes,6001.0,0.0,0.0,68.0,292.0,6361.0
567,No,NULL,NULL,NULL,NULL,NULL,NULL
773,No,NULL,NULL,NULL,NULL,NULL,NULL
802,yes,1876.0,0.0,0.0,0.0,0.0,1876.0
851,yes,3254.0,0.0,2090.0,0.0,881.0,6225.0
966,yes,2129.0,0.0,0.0,0.0,0.0,2129.0
967,yes,6824.0,0.0,0.0,0.0,0.0,6824.0
987,yes,3528.0,0.0,0.0,0.0,0.0,3528.0
1295,yes,3282.0,0.0,0.0,0.0,0.0,3282.0
1391,yes,3053.0,0.0,0.0,0.0,0.0,3053.0
1481,yes,2065.0,0.0,0.0,0.0,0.0,2065.0
1546,yes,4173.0,0.0,0.0,0.0,0.0,4173.0
1594,yes,4577.0,0.0,0.0,54.0,1596.0,6227.0
1598,yes,5438.0,0.0,0.0,0.0,7384.0,12822.0
1738,yes,1998.0,0.0,0.0,0.0,0.0,1998.0
1768,No,NULL,NULL,NULL,NULL,NULL,NULL
1778,yes,3432.0,0.0,0.0,0.0,0.0,3432.0
1901,yes,6355.0,0.0,0.0,0.0,0.0,6355.0
2161,yes,2770.0,0.0,0.0,0.0,1068.0,3838.0
2225,yes,1946.0,0.0,0.0,0.0,0.0,1946.0
2310,yes,5259.0,0.0,0.0,0.0,0.0,5259.0
2371,yes,12510.0,7101.3,0.0,1087.0,1087.0,21785.3
2560,yes,1146.0,0.0,0.0,0.0,4445.0,5591.0
2741,No,NULL,NULL,NULL,NULL,NULL,NULL
2840,yes,11282.0,0.0,3557.0,0.0,0.0,14839.0
2879,yes,7193.0,0.0,0.0,0.0,0.0,7193.0
2918,yes,10487.0,7997.2,0.0,0.0,0.0,18484.2
2956,yes,9042.0,0.0,0.0,0.0,0.0,9042.0
2968,yes,1394.0,0.0,0.0,0.0,2284.0,3678.0
3035,yes,7524.0,0.0,0.0,0.0,4919.0,12443.0
3055,yes,2419.0,0.0,0.0,0.0,0.0,2419.0
3087,yes,845.0,0.0,0.0,693.0,395.0,1933.0
3798,yes,1258.0,0.0,0.0,0.0,8637.0,9895.0
3863,yes,8504.0,0.0,0.0,0.0,0.0,8504.0
3994,No,NULL,NULL,NULL,NULL,NULL,NULL
4273,yes,9909.0,0.0,2895.2,0.0,0.0,12804.2
4825,yes,0.0,1783.2,0.0,0.0,0.0,1783.2
5283,yes,9649.0,3559.0,0.0,0.0,0.0,13208.0
5423,yes,446.0,0.0,1394.0,4068.0,8618.0,14526.0
5572,yes,11314.0,2348.0,0.0,0.0,0.0,13662.0
5593,yes,6049.0,3697.8,0.0,0.0,0.0,9746.8
5927,yes,0.0,1817.3,0.0,0.0,0.0,1817.3
6872,No,NULL,NULL,NULL,NULL,NULL,NULL
8856,No,NULL,NULL,NULL,NULL,NULL,NULL
11265,yes,506.0,4399.0,0.0,0.0,2607.0,7512.0
52,yes,560.0,0.0,0.0,0.0,3723.0,4283.0
67,yes,6393.0,6915.0,0.0,0.0,445.0,13753.0
287,yes,2344.0,0.0,0.0,0.0,0.0,2344.0
306,yes,3657.0,0.0,0.0,0.0,0.0,3657.0
489,yes,5608.0,0.0,0.0,0.0,0.0,5608.0
548,yes,1813.0,0.0,0.0,0.0,0.0,1813.0
607,yes,2082.0,0.0,0.0,0.0,0.0,2082.0
779,No,NULL,NULL,NULL,NULL,NULL,NULL
801,yes,2565.0,0.0,0.0,0.0,767.0,3332.0
813,yes,0.0,2025.7,0.0,0.0,0.0,2025.7
839,yes,4254.0,0.0,0.0,0.0,0.0,4254.0
869,No,NULL,NULL,NULL,NULL,NULL,NULL
1066,No,NULL,NULL,NULL,NULL,NULL,NULL
1091,No,NULL,NULL,NULL,NULL,NULL,NULL
1188,yes,4421.0,0.0,0.0,0.0,0.0,4421.0
1593,yes,2086.0,0.0,0.0,0.0,0.0,2086.0
1690,yes,3311.0,0.0,0.0,0.0,0.0,3311.0
1868,yes,12111.0,0.0,0.0,0.0,0.0,12111.0
1968,No,NULL,NULL,NULL,NULL,NULL,NULL
2005,yes,1924.0,0.0,0.0,209.0,141.0,2274.0
2167,yes,5922.0,7094.0,0.0,0.0,0.0,13016.0
2220,yes,2783.0,0.0,0.0,0.0,0.0,2783.0
2362,yes,2259.0,0.0,0.0,0.0,0.0,2259.0
2378,yes,9612.0,0.0,0.0,0.0,0.0,9612.0
2401,yes,2782.0,0.0,0.0,0.0,0.0,2782.0
2415,yes,7308.0,0.0,0.0,0.0,0.0,7308.0
2470,yes,4511.0,0.0,0.0,1042.0,2105.0,7658.0
2504,yes,5513.0,0.0,0.0,0.0,0.0,5513.0
2514,yes,4001.0,0.0,0.0,0.0,0.0,4001.0
2526,yes,3964.0,0.0,0.0,0.0,0.0,3964.0
2695,yes,3923.0,0.0,0.0,0.0,0.0,3923.0
2781,No,NULL,NULL,NULL,NULL,NULL,NULL
2922,No,NULL,NULL,NULL,NULL,NULL,NULL
3007,yes,983.0,0.0,0.0,5596.0,2402.0,8981.0
3047,yes,2316.0,0.0,0.0,0.0,0.0,2316.0
3093,yes,4238.0,0.0,0.0,0.0,0.0,4238.0
3331,yes,3832.0,0.0,0.0,0.0,1436.0,5268.0
3395,yes,3712.0,0.0,0.0,0.0,0.0,3712.0
3439,yes,7541.0,0.0,0.0,0.0,0.0,7541.0
3460,yes,0.0,2931.0,0.0,0.0,0.0,2931.0
3522,yes,2423.0,0.0,0.0,0.0,0.0,2423.0
3724,yes,0.0,2597.0,0.0,0.0,0.0,2597.0
3889,yes,173.0,0.0,0.0,0.0,1767.0,1940.0
4470,No,NULL,NULL,NULL,NULL,NULL,NULL
6463,No,NULL,NULL,NULL,NULL,NULL,NULL
6609,yes,3881.0,1671.0,0.0,0.0,1624.0,7176.0
6688,yes,1753.0,638.0,0.0,570.0,1282.0,4243.0
7594,yes,2302.0,2718.0,0.0,1347.0,2375.0,8742.0
10644,yes,11053.0,7498.7,0.0,0.0,0.0,18551.7
10812,yes,0.0,2931.0,0.0,0.0,0.0,2931.0
10963,yes,0.0,3216.7,0.0,0.0,0.0,3216.7
11079,yes,0.0,8191.5,0.0,0.0,0.0,8191.5
91,No,NULL,NULL,NULL,NULL,NULL,NULL
166,yes,3044.0,0.0,0.0,0.0,0.0,3044.0
200,No,NULL,NULL,NULL,NULL,NULL,NULL
285,yes,0.0,0.0,667.0,0.0,0.0,667.0
337,No,NULL,NULL,NULL,NULL,NULL,NULL
522,yes,77.0,0.0,0.0,0.0,4930.0,5007.0
528,yes,2916.0,0.0,0.0,0.0,0.0,2916.0
678,yes,1192.0,0.0,0.0,1967.0,1929.0,5088.0
680,yes,4853.0,0.0,0.0,0.0,0.0,4853.0
865,yes,409.0,0.0,0.0,0.0,1885.0,2294.0
990,yes,7538.0,0.0,0.0,0.0,0.0,7538.0
1271,yes,4128.0,0.0,0.0,0.0,0.0,4128.0
1322,yes,2916.0,0.0,0.0,0.0,0.0,2916.0
1397,yes,8319.0,0.0,0.0,0.0,0.0,8319.0
1403,yes,9120.0,0.0,0.0,0.0,0.0,9120.0
1427,yes,6046.0,0.0,0.0,0.0,0.0,6046.0
1620,yes,1931.0,0.0,0.0,0.0,0.0,1931.0
1775,yes,2343.0,0.0,0.0,0.0,0.0,2343.0
1814,yes,3035.0,0.0,0.0,0.0,0.0,3035.0
2009,yes,2995.0,0.0,0.0,0.0,1268.0,4263.0
2163,yes,2403.0,0.0,0.0,0.0,2791.0,5194.0
2434,yes,2927.0,0.0,0.0,0.0,0.0,2927.0
2475,yes,166.0,0.0,0.0,3479.0,4633.0,8278.0
2567,yes,2574.0,0.0,0.0,0.0,0.0,2574.0
2568,yes,5228.0,0.0,0.0,306.0,1086.0,6620.0
2639,yes,8633.0,0.0,0.0,0.0,0.0,8633.0
2693,yes,5852.0,0.0,0.0,0.0,0.0,5852.0
2851,No,NULL,NULL,NULL,NULL,NULL,NULL
2894,yes,0.0,0.0,3735.8,0.0,0.0,3735.8
3040,yes,2202.0,0.0,0.0,0.0,0.0,2202.0
3062,yes,2638.0,0.0,0.0,0.0,0.0,2638.0
3126,yes,3992.0,0.0,0.0,0.0,0.0,3992.0
3200,No,NULL,NULL,NULL,NULL,NULL,NULL
3321,No,NULL,NULL,NULL,NULL,NULL,NULL
3332,No,NULL,NULL,NULL,NULL,NULL,NULL
3467,yes,2899.0,0.0,2274.0,40.0,623.0,5836.0
3730,yes,1944.0,0.0,0.0,0.0,0.0,1944.0
4467,yes,4556.0,2394.5,0.0,0.0,0.0,6950.5
5726,No,NULL,NULL,NULL,NULL,NULL,NULL
7240,yes,9136.0,2535.7,0.0,0.0,0.0,11671.7
8680,yes,3598.0,2381.2,0.0,0.0,8566.0,14545.2
10049,yes,1609.0,7636.0,0.0,0.0,1281.0,10526.0
1,yes,2452.0,0.0,0.0,0.0,0.0,2452.0
343,yes,2505.0,0.0,0.0,0.0,0.0,2505.0
413,yes,2107.0,0.0,0.0,0.0,0.0,2107.0
431,yes,6482.0,0.0,0.0,0.0,715.0,7197.0
568,yes,0.0,0.0,1408.0,0.0,0.0,1408.0
945,yes,8215.0,0.0,0.0,0.0,0.0,8215.0
970,yes,5260.0,0.0,0.0,0.0,0.0,5260.0
1049,yes,1545.0,0.0,0.0,0.0,954.0,2499.0
1149,No,NULL,NULL,NULL,NULL,NULL,NULL
1171,yes,7893.0,0.0,0.0,0.0,0.0,7893.0
1301,No,NULL,NULL,NULL,NULL,NULL,NULL
1552,yes,5263.0,0.0,1021.0,0.0,0.0,6284.0
1632,yes,0.0,0.0,1977.6,0.0,0.0,1977.6
1733,yes,5808.0,0.0,3126.0,0.0,0.0,8934.0
1765,yes,2011.0,0.0,0.0,0.0,0.0,2011.0
1796,yes,1809.0,0.0,0.0,0.0,1228.0,3037.0
1919,yes,4545.0,0.0,0.0,0.0,342.0,4887.0
2076,yes,2052.0,0.0,0.0,0.0,0.0,2052.0
2174,yes,4367.0,0.0,0.0,0.0,0.0,4367.0
2309,yes,8604.0,0.0,0.0,0.0,0.0,8604.0
2350,yes,575.0,3328.2,0.0,0.0,5263.0,9166.2
2402,yes,2384.0,0.0,0.0,0.0,0.0,2384.0
2421,yes,1544.0,0.0,0.0,363.0,220.0,2127.0
2479,yes,3022.0,0.0,0.0,204.0,765.0,3991.0
2520,yes,2355.0,0.0,0.0,0.0,0.0,2355.0
2636,yes,3254.0,0.0,0.0,0.0,0.0,3254.0
2726,yes,5297.0,0.0,0.0,0.0,0.0,5297.0
2812,yes,8211.0,0.0,0.0,0.0,0.0,8211.0
2987,yes,5569.0,0.0,0.0,0.0,0.0,5569.0
3003,No,NULL,NULL,NULL,NULL,NULL,NULL
3079,yes,234.0,0.0,0.0,0.0,2065.0,2299.0
3088,yes,5866.0,0.0,0.0,0.0,0.0,5866.0
3109,No,NULL,NULL,NULL,NULL,NULL,NULL
3167,No,NULL,NULL,NULL,NULL,NULL,NULL
3192,yes,1272.0,0.0,0.0,0.0,2518.0,3790.0
3287,yes,6968.0,0.0,0.0,0.0,0.0,6968.0
3540,yes,2565.0,0.0,0.0,0.0,0.0,2565.0
3559,yes,4418.0,0.0,0.0,0.0,0.0,4418.0
3602,No,NULL,NULL,NULL,NULL,NULL,NULL
3633,yes,7037.0,0.0,0.0,0.0,799.0,7836.0
3821,No,NULL,NULL,NULL,NULL,NULL,NULL
3904,yes,2075.0,0.0,0.0,0.0,0.0,2075.0
3921,No,NULL,NULL,NULL,NULL,NULL,NULL
4237,yes,0.0,0.0,1960.5,0.0,0.0,1960.5
9156,yes,0.0,4537.3,0.0,0.0,0.0,4537.3
10973,yes,0.0,3216.7,0.0,0.0,0.0,3216.7
38,yes,6901.0,2306.8,0.0,228.0,231.0,9666.8
221,yes,7896.0,0.0,0.0,0.0,0.0,7896.0
252,yes,1767.0,0.0,0.0,0.0,0.0,1767.0
265,yes,2900.0,0.0,0.0,0.0,0.0,2900.0
449,yes,1953.0,0.0,0.0,0.0,0.0,1953.0
587,No,NULL,NULL,NULL,NULL,NULL,NULL
709,No,NULL,NULL,NULL,NULL,NULL,NULL
803,No,NULL,NULL,NULL,NULL,NULL,NULL
825,yes,9235.0,4423.0,0.0,0.0,0.0,13658.0
969,No,NULL,NULL,NULL,NULL,NULL,NULL
989,yes,3409.0,0.0,0.0,0.0,0.0,3409.0
1024,yes,2074.0,0.0,0.0,0.0,0.0,2074.0
1040,yes,7008.0,0.0,2342.0,0.0,0.0,9350.0
1176,yes,2267.0,0.0,0.0,0.0,0.0,2267.0
1236,No,NULL,NULL,NULL,NULL,NULL,NULL
1375,yes,5930.0,1889.0,0.0,0.0,0.0,7819.0
1407,yes,14882.0,5227.7,0.0,0.0,0.0,20109.7
1470,yes,4060.0,0.0,0.0,0.0,0.0,4060.0
1622,yes,2357.0,0.0,0.0,0.0,1028.0,3385.0
1635,yes,5683.0,0.0,0.0,0.0,0.0,5683.0
1862,yes,0.0,6601.7,0.0,0.0,0.0,6601.7
1975,yes,2625.0,0.0,0.0,1711.0,2245.0,6581.0
2025,yes,6704.0,0.0,0.0,0.0,0.0,6704.0
2027,yes,3476.0,0.0,0.0,0.0,0.0,3476.0
2218,yes,0.0,3034.0,0.0,0.0,0.0,3034.0
2327,yes,13208.0,0.0,0.0,0.0,0.0,13208.0
2357,yes,3869.0,0.0,0.0,0.0,0.0,3869.0
2440,yes,6219.0,0.0,0.0,1230.0,661.0,8110.0
2594,yes,10912.0,0.0,1189.0,0.0,506.0,12607.0
2608,yes,4788.0,0.0,0.0,0.0,0.0,4788.0
2762,yes,6892.0,4641.0,0.0,0.0,733.0,12266.0
2857,yes,6317.0,0.0,0.0,0.0,0.0,6317.0
2875,No,NULL,NULL,NULL,NULL,NULL,NULL
2888,yes,2392.0,0.0,0.0,0.0,0.0,2392.0
2895,yes,5598.0,0.0,0.0,0.0,0.0,5598.0
2960,yes,8884.0,0.0,0.0,0.0,0.0,8884.0
2982,yes,8143.0,3438.0,0.0,226.0,187.0,11994.0
2991,yes,9220.0,0.0,0.0,7.0,228.0,9455.0
3015,yes,18.0,0.0,0.0,0.0,2130.0,2148.0
3169,yes,836.0,0.0,0.0,0.0,6674.0,7510.0
3290,No,NULL,NULL,NULL,NULL,NULL,NULL
3411,yes,6443.0,0.0,0.0,0.0,0.0,6443.0
3582,yes,1961.0,0.0,0.0,0.0,0.0,1961.0
3614,yes,1214.0,0.0,3382.7,2886.0,1081.0,8563.7
3775,yes,2448.0,0.0,0.0,0.0,0.0,2448.0
3986,yes,3960.0,0.0,0.0,0.0,2649.0,6609.0
3989,yes,2097.0,0.0,0.0,0.0,0.0,2097.0
5602,yes,0.0,3697.8,0.0,0.0,0.0,3697.8
6075,yes,0.0,8499.0,0.0,0.0,0.0,8499.0
7437,yes,6901.0,2306.8,0.0,228.0,231.0,9666.8
7733,yes,0.0,5836.0,0.0,0.0,0.0,5836.0
7815,yes,1475.0,7903.8,0.0,2197.0,268.0,11843.8
8489,yes,3835.0,7370.0,0.0,0.0,0.0,11205.0
9528,No,NULL,NULL,NULL,NULL,NULL,NULL
10710,No,NULL,NULL,NULL,NULL,NULL,NULL
37,yes,2317.0,5307.5,0.0,97.0,2584.0,10305.5
55,yes,3086.0,0.0,0.0,0.0,0.0,3086.0
357,yes,1788.0,0.0,0.0,0.0,280.0,2068.0
433,No,NULL,NULL,NULL,NULL,NULL,NULL
595,yes,4702.0,0.0,0.0,0.0,0.0,4702.0
700,yes,1116.0,0.0,0.0,0.0,1646.0,2762.0
819,No,NULL,NULL,NULL,NULL,NULL,NULL
928,yes,4561.0,0.0,0.0,0.0,0.0,4561.0
932,yes,2793.0,0.0,0.0,0.0,0.0,2793.0
965,yes,2853.0,0.0,0.0,0.0,0.0,2853.0
1026,yes,8099.0,0.0,0.0,0.0,335.0,8434.0
1106,yes,0.0,8022.8,0.0,0.0,0.0,8022.8
1180,No,NULL,NULL,NULL,NULL,NULL,NULL
1804,No,NULL,NULL,NULL,NULL,NULL,NULL
1908,yes,3594.0,0.0,0.0,0.0,0.0,3594.0
1931,yes,4898.0,0.0,0.0,1302.0,23.0,6223.0
1985,No,NULL,NULL,NULL,NULL,NULL,NULL
2024,yes,7024.0,0.0,0.0,0.0,0.0,7024.0
2037,yes,762.0,0.0,0.0,0.0,8535.0,9297.0
2047,yes,2670.0,0.0,0.0,0.0,0.0,2670.0
2619,yes,5454.0,0.0,0.0,0.0,0.0,5454.0
2755,yes,3767.0,0.0,0.0,0.0,0.0,3767.0
2830,yes,6981.0,0.0,0.0,0.0,2150.0,9131.0
2900,No,NULL,NULL,NULL,NULL,NULL,NULL
3237,yes,9095.0,0.0,0.0,0.0,0.0,9095.0
3513,yes,4507.0,0.0,0.0,0.0,2185.0,6692.0
3705,No,NULL,NULL,NULL,NULL,NULL,NULL
3794,yes,4536.0,0.0,0.0,0.0,0.0,4536.0
3848,yes,7241.0,0.0,0.0,0.0,0.0,7241.0
3852,yes,3364.0,0.0,0.0,0.0,0.0,3364.0
3973,yes,6941.0,0.0,0.0,0.0,0.0,6941.0
3975,yes,2269.0,0.0,0.0,0.0,0.0,2269.0
4995,yes,0.0,3583.0,0.0,0.0,0.0,3583.0
8405,yes,410.0,4437.0,0.0,3344.0,4095.0,12286.0
8411,yes,5812.0,3677.3,0.0,0.0,3507.0,12996.3
9833,yes,6531.0,8136.0,0.0,0.0,5915.0,20582.0
12,yes,3592.0,0.0,0.0,0.0,0.0,3592.0
19,yes,0.0,2523.2,0.0,0.0,0.0,2523.2
48,yes,6268.0,0.0,0.0,0.0,1029.0,7297.0
105,yes,0.0,7348.0,0.0,0.0,0.0,7348.0
123,yes,3016.0,0.0,0.0,0.0,0.0,3016.0
143,yes,2272.0,0.0,0.0,0.0,0.0,2272.0
181,yes,6780.0,0.0,0.0,0.0,0.0,6780.0
396,yes,5245.0,0.0,0.0,308.0,329.0,5882.0
635,yes,1683.0,0.0,0.0,2160.0,4254.0,8097.0
652,yes,7591.0,0.0,0.0,0.0,0.0,7591.0
662,yes,3330.0,0.0,0.0,0.0,0.0,3330.0
785,yes,7395.0,4335.8,0.0,0.0,0.0,11730.8
933,yes,2584.0,0.0,0.0,0.0,0.0,2584.0
946,No,NULL,NULL,NULL,NULL,NULL,NULL
979,yes,5354.0,0.0,0.0,0.0,0.0,5354.0
1023,No,NULL,NULL,NULL,NULL,NULL,NULL
1333,yes,6508.0,0.0,0.0,0.0,0.0,6508.0
1350,yes,6875.0,0.0,1079.0,0.0,3493.0,11447.0
1549,yes,4052.0,0.0,0.0,0.0,0.0,4052.0
1741,yes,2366.0,0.0,0.0,0.0,0.0,2366.0
1758,yes,9384.0,0.0,0.0,0.0,355.0,9739.0
1767,yes,2266.0,0.0,0.0,1040.0,1523.0,4829.0
1807,yes,4731.0,0.0,0.0,0.0,0.0,4731.0
1840,No,NULL,NULL,NULL,NULL,NULL,NULL
2068,yes,172.0,0.0,0.0,1047.0,1405.0,2624.0
2141,yes,5796.0,0.0,0.0,0.0,0.0,5796.0
2542,yes,435.0,0.0,0.0,308.0,2637.0,3380.0
2605,yes,4245.0,0.0,0.0,0.0,0.0,4245.0
2668,yes,9884.0,0.0,0.0,0.0,0.0,9884.0
2998,yes,3170.0,0.0,0.0,3.0,28.0,3201.0
3131,yes,9131.0,0.0,0.0,0.0,0.0,9131.0
3268,yes,1395.0,0.0,0.0,251.0,634.0,2280.0
3302,yes,1376.0,0.0,0.0,57.0,572.0,2005.0
3364,yes,5491.0,0.0,3651.7,0.0,699.0,9841.7
3374,No,NULL,NULL,NULL,NULL,NULL,NULL
3422,yes,9212.0,0.0,0.0,0.0,0.0,9212.0
3566,yes,294.0,0.0,479.0,0.0,3276.0,4049.0
3634,yes,0.0,0.0,4851.1,0.0,0.0,4851.1
3636,yes,40.0,0.0,0.0,4744.0,1731.0,6515.0
3671,yes,2777.0,0.0,0.0,0.0,0.0,2777.0
3732,yes,1668.0,0.0,0.0,0.0,0.0,1668.0
3786,No,NULL,NULL,NULL,NULL,NULL,NULL
3881,yes,1319.0,0.0,0.0,0.0,3188.0,4507.0
4204,No,NULL,NULL,NULL,NULL,NULL,NULL
7418,yes,0.0,2523.2,0.0,0.0,0.0,2523.2
7606,yes,4268.0,3197.8,0.0,0.0,5856.0,13321.8
9494,yes,4746.0,9736.0,0.0,0.0,0.0,14482.0
10361,yes,0.0,7240.0,0.0,0.0,0.0,7240.0
33,yes,3892.0,0.0,0.0,0.0,0.0,3892.0
63,yes,2394.0,0.0,0.0,0.0,0.0,2394.0
138,No,NULL,NULL,NULL,NULL,NULL,NULL
214,yes,2097.0,0.0,0.0,0.0,0.0,2097.0
231,yes,2073.0,0.0,0.0,0.0,0.0,2073.0
679,yes,4049.0,0.0,0.0,281.0,450.0,4780.0
771,yes,214.0,0.0,0.0,0.0,4816.0,5030.0
861,yes,9105.0,0.0,0.0,0.0,478.0,9583.0
992,yes,3231.0,0.0,0.0,335.0,3521.0,7087.0
1248,yes,3176.0,0.0,0.0,0.0,0.0,3176.0
1368,yes,4439.0,0.0,0.0,0.0,0.0,4439.0
1538,yes,10288.0,0.0,0.0,0.0,0.0,10288.0
1616,yes,2642.0,0.0,0.0,0.0,0.0,2642.0
1708,yes,4519.0,0.0,0.0,0.0,3339.0,7858.0
2128,yes,3601.0,0.0,0.0,0.0,0.0,3601.0
2152,yes,3191.0,0.0,0.0,0.0,0.0,3191.0
2182,yes,5262.0,0.0,0.0,0.0,0.0,5262.0
2301,yes,6907.0,0.0,0.0,0.0,0.0,6907.0
2490,yes,3526.0,0.0,0.0,0.0,649.0,4175.0
2506,yes,10076.0,0.0,0.0,0.0,0.0,10076.0
2620,yes,3855.0,0.0,0.0,0.0,0.0,3855.0
2944,yes,2984.0,0.0,0.0,0.0,615.0,3599.0
3160,yes,8364.0,0.0,0.0,0.0,0.0,8364.0
3345,No,NULL,NULL,NULL,NULL,NULL,NULL
3440,yes,7623.0,0.0,0.0,20.0,2071.0,9714.0
3479,yes,7650.0,0.0,0.0,0.0,1506.0,9156.0
3484,yes,6634.0,0.0,0.0,0.0,0.0,6634.0
3617,yes,57.0,0.0,0.0,1389.0,1797.0,3243.0
3721,yes,2128.0,0.0,0.0,0.0,132.0,2260.0
3771,yes,0.0,0.0,1152.0,0.0,0.0,1152.0
3899,yes,3069.0,0.0,0.0,0.0,0.0,3069.0
3944,yes,1165.0,0.0,0.0,0.0,3338.0,4503.0
3951,yes,0.0,7284.0,0.0,0.0,0.0,7284.0
3954,yes,2014.0,0.0,0.0,0.0,0.0,2014.0
10134,yes,9535.0,5681.8,0.0,0.0,0.0,15216.8
10365,yes,4325.0,7240.0,0.0,331.0,8168.0,20064.0
160,yes,2374.0,0.0,0.0,0.0,5552.0,7926.0
367,yes,6384.0,0.0,0.0,0.0,0.0,6384.0
480,yes,4687.0,0.0,827.0,0.0,0.0,5514.0
592,yes,1608.0,0.0,0.0,0.0,0.0,1608.0
714,yes,3782.0,0.0,0.0,0.0,0.0,3782.0
752,yes,139.0,0.0,0.0,0.0,5568.0,5707.0
759,yes,1952.0,0.0,0.0,0.0,0.0,1952.0
935,yes,2118.0,0.0,0.0,0.0,0.0,2118.0
1028,No,NULL,NULL,NULL,NULL,NULL,NULL
1209,yes,3568.0,0.0,0.0,0.0,0.0,3568.0
1303,yes,3601.0,0.0,0.0,0.0,0.0,3601.0
1312,yes,1690.0,0.0,0.0,0.0,0.0,1690.0
1337,yes,3264.0,0.0,0.0,0.0,0.0,3264.0
1438,No,NULL,NULL,NULL,NULL,NULL,NULL
1442,yes,5950.0,0.0,0.0,0.0,0.0,5950.0
1568,yes,4399.0,0.0,1627.0,1028.0,49.0,7103.0
1606,No,NULL,NULL,NULL,NULL,NULL,NULL
1687,No,NULL,NULL,NULL,NULL,NULL,NULL
1837,yes,6387.0,0.0,0.0,0.0,0.0,6387.0
1951,yes,709.0,0.0,0.0,2441.0,968.0,4118.0
2448,yes,1067.0,0.0,0.0,0.0,1193.0,2260.0
2449,No,NULL,NULL,NULL,NULL,NULL,NULL
2667,yes,2180.0,0.0,0.0,0.0,0.0,2180.0
2730,yes,2284.0,0.0,0.0,0.0,0.0,2284.0
2742,yes,128.0,0.0,0.0,0.0,4878.0,5006.0
2776,yes,1647.0,0.0,0.0,0.0,0.0,1647.0
2973,yes,4373.0,0.0,0.0,0.0,212.0,4585.0
3203,yes,2111.0,0.0,0.0,0.0,0.0,2111.0
3262,yes,8340.0,0.0,0.0,0.0,0.0,8340.0
3315,No,NULL,NULL,NULL,NULL,NULL,NULL
3372,yes,9838.0,0.0,0.0,0.0,0.0,9838.0
3382,yes,0.0,3975.8,0.0,0.0,0.0,3975.8
3394,yes,1889.0,0.0,0.0,0.0,0.0,1889.0
3409,yes,3167.0,0.0,0.0,0.0,0.0,3167.0
3474,yes,915.0,0.0,0.0,1047.0,240.0,2202.0
3548,yes,3586.0,0.0,0.0,0.0,0.0,3586.0
3651,yes,2728.0,0.0,0.0,0.0,0.0,2728.0
3684,yes,3365.0,0.0,0.0,0.0,0.0,3365.0
3770,yes,9060.0,0.0,0.0,0.0,0.0,9060.0
3878,yes,216.0,0.0,0.0,70.0,1648.0,1934.0
3913,yes,7333.0,0.0,0.0,0.0,0.0,7333.0
3935,yes,2648.0,0.0,1184.0,652.0,6978.0,11462.0
3981,yes,1383.0,0.0,0.0,545.0,336.0,2264.0
3988,No,NULL,NULL,NULL,NULL,NULL,NULL
4055,No,NULL,NULL,NULL,NULL,NULL,NULL
4385,No,NULL,NULL,NULL,NULL,NULL,NULL
7769,yes,0.0,4085.0,0.0,0.0,0.0,4085.0
7890,yes,4304.0,1653.0,0.0,0.0,0.0,5957.0
8519,yes,13711.0,6224.3,0.0,0.0,0.0,19935.3
10351,yes,4410.0,1848.0,0.0,0.0,0.0,6258.0
140,No,NULL,NULL,NULL,NULL,NULL,NULL
244,yes,2190.0,0.0,0.0,232.0,226.0,2648.0
260,yes,5247.0,0.0,0.0,0.0,0.0,5247.0
273,yes,5965.0,0.0,1320.1,1836.0,178.0,9299.1
353,yes,3566.0,0.0,0.0,0.0,0.0,3566.0
384,yes,0.0,0.0,2304.1,0.0,0.0,2304.1
519,yes,3245.0,0.0,0.0,0.0,0.0,3245.0
547,yes,2273.0,0.0,0.0,0.0,0.0,2273.0
550,yes,1596.0,0.0,0.0,0.0,0.0,1596.0
555,yes,7218.0,0.0,0.0,71.0,479.0,7768.0
622,yes,6255.0,0.0,0.0,2568.0,605.0,9428.0
691,yes,3342.0,0.0,0.0,0.0,0.0,3342.0
895,yes,523.0,0.0,0.0,0.0,1454.0,1977.0
1492,yes,1546.0,0.0,0.0,0.0,0.0,1546.0
1709,yes,3227.0,0.0,0.0,0.0,0.0,3227.0
1761,yes,3048.0,0.0,0.0,294.0,3407.0,6749.0
1797,yes,3835.0,0.0,0.0,0.0,4015.0,7850.0
1803,yes,1474.0,0.0,0.0,0.0,829.0,2303.0
1918,yes,4231.0,0.0,0.0,0.0,0.0,4231.0
2061,yes,1994.0,0.0,0.0,0.0,675.0,2669.0
2247,yes,592.0,3021.0,0.0,659.0,2395.0,6667.0
2302,yes,1989.0,0.0,0.0,0.0,1838.0,3827.0
2419,yes,0.0,7984.3,0.0,0.0,0.0,7984.3
2539,yes,3823.0,0.0,0.0,0.0,0.0,3823.0
2579,yes,2688.0,0.0,0.0,0.0,0.0,2688.0
2632,yes,2042.0,0.0,0.0,2300.0,41.0,4383.0
2746,yes,2404.0,0.0,0.0,0.0,0.0,2404.0
2756,yes,8702.0,0.0,0.0,0.0,0.0,8702.0
2813,yes,798.0,0.0,0.0,227.0,5746.0,6771.0
3026,yes,8024.0,0.0,0.0,0.0,0.0,8024.0
3188,yes,7623.0,0.0,0.0,0.0,0.0,7623.0
3368,yes,4389.0,0.0,0.0,176.0,3343.0,7908.0
3536,yes,2589.0,0.0,0.0,0.0,0.0,2589.0
3658,No,NULL,NULL,NULL,NULL,NULL,NULL
3928,No,NULL,NULL,NULL,NULL,NULL,NULL
3970,yes,8957.0,0.0,0.0,0.0,0.0,8957.0
4414,yes,3716.0,4051.0,0.0,0.0,3509.0,11276.0
4476,yes,3195.0,633.0,0.0,3103.0,912.0,7843.0
5428,yes,0.0,7281.3,0.0,0.0,0.0,7281.3
6062,yes,10608.0,5356.0,0.0,0.0,0.0,15964.0
8073,yes,695.0,4110.0,0.0,0.0,11567.0,16372.0
10001,yes,0.0,529.0,0.0,0.0,0.0,529.0
165,yes,1788.0,0.0,0.0,0.0,0.0,1788.0
280,yes,3334.0,0.0,957.0,0.0,4694.0,8985.0
288,yes,3464.0,0.0,0.0,0.0,0.0,3464.0
348,No,NULL,NULL,NULL,NULL,NULL,NULL
370,yes,215.0,0.0,0.0,672.0,1188.0,2075.0
376,yes,7097.0,0.0,0.0,0.0,0.0,7097.0
415,yes,8740.0,0.0,0.0,0.0,0.0,8740.0
488,No,NULL,NULL,NULL,NULL,NULL,NULL
614,yes,1664.0,0.0,0.0,0.0,0.0,1664.0
710,yes,3200.0,0.0,0.0,0.0,0.0,3200.0
767,yes,3564.0,0.0,0.0,109.0,526.0,4199.0
795,yes,2976.0,0.0,0.0,0.0,0.0,2976.0
850,yes,14811.0,0.0,0.0,0.0,0.0,14811.0
1170,yes,13057.0,0.0,2279.3,0.0,0.0,15336.3
1247,yes,0.0,2077.0,0.0,0.0,0.0,2077.0
1488,yes,5850.0,0.0,0.0,0.0,230.0,6080.0
1964,yes,2438.0,0.0,0.0,0.0,0.0,2438.0
2006,yes,3135.0,0.0,0.0,0.0,0.0,3135.0
2066,yes,2319.0,0.0,0.0,0.0,0.0,2319.0
2085,yes,2124.0,0.0,0.0,4045.0,305.0,6474.0
2239,yes,7355.0,0.0,0.0,0.0,405.0,7760.0
2243,yes,3890.0,0.0,0.0,0.0,547.0,4437.0
2403,yes,3031.0,0.0,0.0,0.0,0.0,3031.0
2633,No,NULL,NULL,NULL,NULL,NULL,NULL
2791,yes,3215.0,0.0,0.0,0.0,0.0,3215.0
2856,yes,6599.0,0.0,0.0,0.0,0.0,6599.0
2957,yes,4640.0,0.0,0.0,0.0,0.0,4640.0
3025,yes,3354.0,0.0,0.0,0.0,0.0,3354.0
3310,yes,3277.0,0.0,0.0,0.0,0.0,3277.0
3314,No,NULL,NULL,NULL,NULL,NULL,NULL
3338,yes,7531.0,0.0,0.0,0.0,0.0,7531.0
3387,No,NULL,NULL,NULL,NULL,NULL,NULL
3464,yes,2802.0,0.0,0.0,0.0,1852.0,4654.0
3784,yes,1583.0,0.0,0.0,0.0,3360.0,4943.0
3816,No,NULL,NULL,NULL,NULL,NULL,NULL
3872,yes,1691.0,2502.2,0.0,5301.0,3831.0,13325.2
3964,yes,2146.0,0.0,0.0,0.0,0.0,2146.0
3987,yes,4992.0,0.0,1526.0,0.0,0.0,6518.0
4003,yes,3786.0,0.0,3815.5,0.0,0.0,7601.5
4346,yes,5389.0,0.0,2329.0,0.0,3067.0,10785.0
10915,yes,2596.0,2540.8,0.0,3651.0,4910.0,13697.8
10954,yes,0.0,312.0,0.0,0.0,0.0,312.0
82,No,NULL,NULL,NULL,NULL,NULL,NULL
83,yes,2210.0,0.0,0.0,0.0,3940.0,6150.0
307,No,NULL,NULL,NULL,NULL,NULL,NULL
444,yes,4469.0,0.0,0.0,0.0,0.0,4469.0
493,No,NULL,NULL,NULL,NULL,NULL,NULL
532,No,NULL,NULL,NULL,NULL,NULL,NULL
553,No,NULL,NULL,NULL,NULL,NULL,NULL
554,No,NULL,NULL,NULL,NULL,NULL,NULL
581,yes,1502.0,0.0,0.0,0.0,0.0,1502.0
620,No,NULL,NULL,NULL,NULL,NULL,NULL
708,No,NULL,NULL,NULL,NULL,NULL,NULL
768,yes,2814.0,0.0,0.0,0.0,0.0,2814.0
880,yes,4840.0,0.0,1690.1,0.0,0.0,6530.1
964,No,NULL,NULL,NULL,NULL,NULL,NULL
1029,yes,8136.0,0.0,0.0,0.0,342.0,8478.0
1108,yes,2366.0,0.0,0.0,0.0,0.0,2366.0
1124,yes,1030.0,0.0,4813.7,0.0,2739.0,8582.7
1325,yes,362.0,0.0,0.0,0.0,1766.0,2128.0
1430,yes,0.0,4127.0,0.0,0.0,0.0,4127.0
1608,yes,3425.0,0.0,0.0,0.0,0.0,3425.0
1856,yes,725.0,0.0,0.0,0.0,1449.0,2174.0
1899,yes,3081.0,0.0,0.0,0.0,0.0,3081.0
1967,yes,14164.0,5194.0,0.0,0.0,0.0,19358.0
1976,yes,3408.0,0.0,0.0,0.0,2157.0,5565.0
1979,yes,2014.0,0.0,0.0,0.0,0.0,2014.0
2237,yes,4876.0,0.0,0.0,1320.0,891.0,7087.0
2313,yes,5426.0,0.0,0.0,0.0,1341.0,6767.0
2360,yes,7580.0,0.0,0.0,0.0,0.0,7580.0
2408,yes,3017.0,0.0,0.0,0.0,53.0,3070.0
2613,yes,3095.0,0.0,0.0,0.0,0.0,3095.0
2686,yes,1996.0,0.0,0.0,0.0,0.0,1996.0
2713,yes,3387.0,0.0,0.0,0.0,0.0,3387.0
2753,yes,6869.0,2768.0,0.0,0.0,0.0,9637.0
3016,yes,8517.0,0.0,0.0,0.0,0.0,8517.0
3176,yes,2464.0,0.0,0.0,0.0,0.0,2464.0
3517,No,NULL,NULL,NULL,NULL,NULL,NULL
3672,yes,2388.0,0.0,0.0,0.0,2957.0,5345.0
3871,yes,1658.0,0.0,0.0,0.0,0.0,1658.0
3952,yes,1505.0,0.0,0.0,0.0,0.0,1505.0
3982,yes,2153.0,0.0,0.0,0.0,0.0,2153.0
4269,No,NULL,NULL,NULL,NULL,NULL,NULL
4803,yes,0.0,1232.0,0.0,0.0,0.0,1232.0
6353,yes,586.0,1332.0,0.0,0.0,5984.0,7902.0
8159,yes,3034.0,1241.0,0.0,0.0,1552.0,5827.0
9138,yes,9519.0,4537.3,0.0,0.0,2666.0,16722.3
119,yes,8252.0,0.0,0.0,0.0,0.0,8252.0
212,yes,13841.0,0.0,0.0,0.0,0.0,13841.0
227,yes,9381.0,0.0,0.0,0.0,0.0,9381.0
270,yes,5462.0,0.0,0.0,0.0,0.0,5462.0
441,yes,3041.0,0.0,4473.0,0.0,765.0,8279.0
653,yes,5397.0,0.0,0.0,0.0,0.0,5397.0
666,yes,3936.0,1045.0,0.0,955.0,2282.0,8218.0
687,yes,1444.0,0.0,0.0,0.0,3998.0,5442.0
872,yes,2762.0,0.0,0.0,0.0,0.0,2762.0
1127,yes,6260.0,0.0,0.0,0.0,0.0,6260.0
1177,yes,541.0,6306.0,0.0,0.0,3499.0,10346.0
1432,yes,13590.0,0.0,3267.2,0.0,0.0,16857.2
1900,yes,7114.0,0.0,0.0,0.0,0.0,7114.0
1914,yes,1289.0,0.0,0.0,0.0,2046.0,3335.0
1966,yes,5569.0,0.0,0.0,0.0,0.0,5569.0
2346,yes,334.0,0.0,0.0,6970.0,5535.0,12839.0
2422,yes,2809.0,0.0,0.0,0.0,0.0,2809.0
2537,yes,13540.0,0.0,0.0,0.0,0.0,13540.0
2635,No,NULL,NULL,NULL,NULL,NULL,NULL
2658,yes,486.0,0.0,0.0,417.0,1367.0,2270.0
2855,yes,1589.0,0.0,0.0,0.0,0.0,1589.0
3028,yes,2200.0,0.0,0.0,0.0,0.0,2200.0
3373,yes,5776.0,0.0,0.0,0.0,3435.0,9211.0
3428,No,NULL,NULL,NULL,NULL,NULL,NULL
3549,yes,3265.0,0.0,0.0,0.0,0.0,3265.0
3600,yes,1537.0,0.0,0.0,0.0,0.0,1537.0
3670,yes,2961.0,0.0,0.0,0.0,0.0,2961.0
3680,yes,3500.0,0.0,0.0,0.0,0.0,3500.0
3895,yes,4414.0,0.0,0.0,0.0,0.0,4414.0
3942,yes,13428.0,2982.5,0.0,0.0,0.0,16410.5
4008,No,NULL,NULL,NULL,NULL,NULL,NULL
4158,No,NULL,NULL,NULL,NULL,NULL,NULL
4576,yes,0.0,8339.0,0.0,0.0,0.0,8339.0
4585,yes,4065.0,1347.0,0.0,0.0,0.0,5412.0
5944,yes,4685.0,1640.0,0.0,0.0,0.0,6325.0
7894,yes,4780.0,4253.7,0.0,0.0,2705.0,11738.7
9859,yes,1008.0,5010.5,0.0,765.0,1476.0,8259.5
10233,yes,456.0,3985.7,0.0,986.0,4313.0,9740.7
10257,yes,14801.0,3151.3,0.0,0.0,0.0,17952.3
161,yes,2281.0,0.0,0.0,0.0,0.0,2281.0
211,yes,0.0,0.0,2394.0,0.0,0.0,2394.0
219,yes,2336.0,0.0,0.0,0.0,2988.0,5324.0
249,yes,5618.0,0.0,0.0,0.0,1876.0,7494.0
341,No,NULL,NULL,NULL,NULL,NULL,NULL
400,yes,6948.0,0.0,0.0,0.0,0.0,6948.0
578,yes,5484.0,0.0,0.0,17.0,658.0,6159.0
697,yes,6372.0,0.0,0.0,0.0,0.0,6372.0
740,No,NULL,NULL,NULL,NULL,NULL,NULL
1003,yes,5276.0,0.0,0.0,0.0,185.0,5461.0
1141,yes,1028.0,0.0,0.0,248.0,907.0,2183.0
1210,No,NULL,NULL,NULL,NULL,NULL,NULL
1279,yes,3587.0,0.0,0.0,0.0,0.0,3587.0
1345,yes,3294.0,0.0,0.0,0.0,848.0,4142.0
1582,yes,1917.0,0.0,0.0,0.0,0.0,1917.0
1685,yes,7968.0,0.0,0.0,0.0,0.0,7968.0
1762,yes,853.0,6893.0,0.0,1972.0,3352.0,13070.0
1766,yes,4353.0,501.0,0.0,49.0,2433.0,7336.0
1808,yes,0.0,8033.2,0.0,0.0,0.0,8033.2
1892,yes,2398.0,0.0,0.0,0.0,0.0,2398.0
2147,yes,2965.0,0.0,1341.0,0.0,0.0,4306.0
2311,yes,6798.0,0.0,0.0,0.0,0.0,6798.0
2361,yes,4613.0,4352.0,0.0,0.0,0.0,8965.0
2367,yes,5601.0,0.0,0.0,0.0,3678.0,9279.0
2582,yes,1381.0,0.0,0.0,0.0,1748.0,3129.0
2681,yes,4662.0,0.0,1560.0,0.0,0.0,6222.0
2692,yes,3386.0,0.0,0.0,0.0,0.0,3386.0
2977,yes,3055.0,0.0,1727.0,0.0,0.0,4782.0
3000,No,NULL,NULL,NULL,NULL,NULL,NULL
3155,yes,8704.0,0.0,0.0,0.0,0.0,8704.0
3242,yes,5838.0,1551.0,0.0,0.0,0.0,7389.0
3316,yes,9655.0,0.0,0.0,0.0,0.0,9655.0
3407,No,NULL,NULL,NULL,NULL,NULL,NULL
3609,yes,2128.0,0.0,0.0,0.0,4238.0,6366.0
3665,yes,4351.0,0.0,3394.8,0.0,2465.0,10210.8
3753,yes,1540.0,0.0,0.0,0.0,0.0,1540.0
3931,No,NULL,NULL,NULL,NULL,NULL,NULL
4140,No,NULL,NULL,NULL,NULL,NULL,NULL
4171,yes,14336.0,0.0,2611.8,0.0,0.0,16947.8
4264,No,NULL,NULL,NULL,NULL,NULL,NULL
4377,yes,0.0,0.0,4788.3,0.0,0.0,4788.3
5317,yes,4331.0,2504.8,0.0,0.0,0.0,6835.8
8896,yes,0.0,0.0,2474.6,0.0,0.0,2474.6
9179,yes,0.0,3583.7,0.0,0.0,0.0,3583.7
11096,yes,6661.0,3555.0,0.0,0.0,0.0,10216.0
58,No,NULL,NULL,NULL,NULL,NULL,NULL
127,yes,2242.0,0.0,0.0,0.0,0.0,2242.0
167,No,NULL,NULL,NULL,NULL,NULL,NULL
275,yes,198.0,0.0,0.0,0.0,2062.0,2260.0
440,yes,5825.0,1756.0,0.0,0.0,0.0,7581.0
462,yes,8325.0,0.0,0.0,0.0,0.0,8325.0
577,yes,5120.0,0.0,0.0,0.0,0.0,5120.0
601,yes,2230.0,0.0,0.0,0.0,0.0,2230.0
632,yes,842.0,0.0,0.0,1092.0,199.0,2133.0
974,No,NULL,NULL,NULL,NULL,NULL,NULL
1055,yes,2047.0,0.0,0.0,0.0,0.0,2047.0
1150,No,NULL,NULL,NULL,NULL,NULL,NULL
1168,yes,2432.0,0.0,0.0,48.0,1878.0,4358.0
1192,No,NULL,NULL,NULL,NULL,NULL,NULL
1193,yes,7334.0,0.0,0.0,0.0,0.0,7334.0
1196,yes,12445.0,0.0,0.0,0.0,0.0,12445.0
1204,yes,2154.0,0.0,0.0,0.0,4992.0,7146.0
1262,yes,2821.0,0.0,0.0,0.0,0.0,2821.0
1388,No,NULL,NULL,NULL,NULL,NULL,NULL
1458,yes,3259.0,0.0,0.0,0.0,0.0,3259.0
2077,No,NULL,NULL,NULL,NULL,NULL,NULL
2089,No,NULL,NULL,NULL,NULL,NULL,NULL
2245,yes,0.0,7248.8,0.0,0.0,0.0,7248.8
2282,yes,4704.0,0.0,0.0,0.0,0.0,4704.0
2296,yes,3531.0,0.0,0.0,0.0,0.0,3531.0
2375,yes,279.0,0.0,0.0,0.0,7022.0,7301.0
2718,No,NULL,NULL,NULL,NULL,NULL,NULL
2896,yes,1852.0,0.0,0.0,0.0,295.0,2147.0
2969,No,NULL,NULL,NULL,NULL,NULL,NULL
3189,yes,0.0,3702.8,0.0,0.0,0.0,3702.8
3208,No,NULL,NULL,NULL,NULL,NULL,NULL
3220,yes,0.0,0.0,1882.0,0.0,0.0,1882.0
3228,yes,3847.0,0.0,0.0,0.0,0.0,3847.0
3298,No,NULL,NULL,NULL,NULL,NULL,NULL
3383,No,NULL,NULL,NULL,NULL,NULL,NULL
3594,yes,3483.0,0.0,0.0,0.0,0.0,3483.0
3618,yes,8812.0,0.0,0.0,0.0,826.0,9638.0
3766,yes,9546.0,0.0,0.0,0.0,0.0,9546.0
4337,yes,0.0,2142.0,0.0,0.0,0.0,2142.0
6097,yes,3155.0,728.0,0.0,0.0,0.0,3883.0
8169,yes,2148.0,1633.0,0.0,0.0,3575.0,7356.0
8377,yes,1172.0,6950.8,0.0,0.0,5018.0,13140.8
9208,yes,0.0,3421.5,0.0,0.0,0.0,3421.5
23,yes,5807.0,0.0,0.0,0.0,0.0,5807.0
163,yes,3728.0,0.0,0.0,0.0,0.0,3728.0
389,yes,884.0,0.0,0.0,0.0,3280.0,4164.0
436,yes,4885.0,0.0,0.0,293.0,72.0,5250.0
461,yes,1530.0,0.0,0.0,0.0,0.0,1530.0
719,yes,1991.0,0.0,0.0,0.0,0.0,1991.0
777,yes,0.0,6412.0,0.0,0.0,0.0,6412.0
909,yes,1950.0,0.0,0.0,0.0,0.0,1950.0
1263,No,NULL,NULL,NULL,NULL,NULL,NULL
1465,yes,1904.0,0.0,0.0,0.0,218.0,2122.0
1513,yes,1632.0,0.0,0.0,1316.0,4601.0,7549.0
1584,yes,1983.0,0.0,0.0,0.0,0.0,1983.0
1654,No,NULL,NULL,NULL,NULL,NULL,NULL
1747,yes,871.0,0.0,0.0,0.0,1118.0,1989.0
1787,yes,0.0,8033.2,0.0,0.0,0.0,8033.2
1822,yes,1996.0,0.0,0.0,0.0,0.0,1996.0
2114,yes,5102.0,0.0,0.0,0.0,1742.0,6844.0
2388,yes,2328.0,0.0,0.0,0.0,0.0,2328.0
2423,yes,2811.0,0.0,0.0,0.0,0.0,2811.0
2455,yes,3262.0,0.0,0.0,0.0,0.0,3262.0
2501,yes,524.0,0.0,0.0,745.0,3142.0,4411.0
2775,yes,8691.0,0.0,3455.5,0.0,0.0,12146.5
2843,yes,7746.0,0.0,0.0,0.0,0.0,7746.0
2867,yes,7523.0,0.0,0.0,0.0,0.0,7523.0
2990,yes,22.0,0.0,0.0,0.0,2704.0,2726.0
3270,yes,7806.0,0.0,0.0,0.0,0.0,7806.0
3307,No,NULL,NULL,NULL,NULL,NULL,NULL
3312,yes,813.0,0.0,0.0,330.0,821.0,1964.0
3363,yes,2463.0,0.0,0.0,0.0,0.0,2463.0
3478,yes,4906.0,0.0,0.0,0.0,0.0,4906.0
3565,yes,492.0,0.0,0.0,410.0,1494.0,2396.0
3595,yes,7868.0,0.0,0.0,0.0,0.0,7868.0
3673,yes,1939.0,0.0,0.0,0.0,0.0,1939.0
3695,yes,8101.0,0.0,0.0,0.0,0.0,8101.0
3800,yes,1294.0,0.0,0.0,0.0,3634.0,4928.0
4010,yes,5948.0,0.0,1824.0,0.0,0.0,7772.0
4439,No,NULL,NULL,NULL,NULL,NULL,NULL
9337,yes,0.0,2172.0,0.0,0.0,0.0,2172.0
88,yes,2268.0,0.0,0.0,0.0,0.0,2268.0
117,yes,2329.0,0.0,0.0,0.0,0.0,2329.0
122,No,NULL,NULL,NULL,NULL,NULL,NULL
145,yes,4815.0,0.0,0.0,0.0,0.0,4815.0
168,yes,2013.0,0.0,0.0,0.0,0.0,2013.0
215,yes,2121.0,0.0,0.0,0.0,0.0,2121.0
531,yes,2144.0,0.0,0.0,0.0,0.0,2144.0
584,yes,2302.0,0.0,0.0,0.0,0.0,2302.0
596,No,NULL,NULL,NULL,NULL,NULL,NULL
629,yes,2707.0,0.0,0.0,0.0,0.0,2707.0
673,yes,4586.0,0.0,0.0,0.0,0.0,4586.0
753,yes,1602.0,0.0,0.0,0.0,0.0,1602.0
833,yes,3462.0,0.0,0.0,0.0,0.0,3462.0
848,yes,3400.0,0.0,0.0,1025.0,1590.0,6015.0
1145,yes,478.0,0.0,0.0,0.0,1469.0,1947.0
1233,yes,2260.0,0.0,0.0,0.0,0.0,2260.0
1277,yes,3175.0,0.0,0.0,0.0,0.0,3175.0
1354,yes,3080.0,0.0,0.0,0.0,0.0,3080.0
1527,yes,0.0,4557.2,0.0,0.0,0.0,4557.2
1772,yes,11994.0,5633.0,0.0,0.0,0.0,17627.0
1812,yes,1169.0,0.0,0.0,0.0,1133.0,2302.0
1960,yes,2103.0,0.0,0.0,0.0,47.0,2150.0
2042,yes,1258.0,0.0,0.0,0.0,1008.0,2266.0
2146,yes,2400.0,0.0,0.0,0.0,3230.0,5630.0
2153,yes,1737.0,5129.5,0.0,2223.0,10303.0,19392.5
2210,yes,2553.0,0.0,0.0,0.0,0.0,2553.0
2227,yes,13386.0,3873.7,0.0,0.0,0.0,17259.7
2276,yes,1615.0,0.0,0.0,0.0,0.0,1615.0
2293,yes,2332.0,0.0,0.0,0.0,0.0,2332.0
2298,yes,4550.0,0.0,0.0,0.0,0.0,4550.0
2597,yes,1398.0,0.0,0.0,0.0,1957.0,3355.0
2624,yes,10744.0,0.0,0.0,0.0,0.0,10744.0
2751,yes,826.0,0.0,0.0,0.0,2957.0,3783.0
2766,yes,3498.0,0.0,0.0,0.0,0.0,3498.0
2963,yes,5101.0,0.0,0.0,0.0,0.0,5101.0
3233,yes,9044.0,0.0,0.0,0.0,0.0,9044.0
3412,yes,1703.0,0.0,0.0,0.0,0.0,1703.0
3421,yes,8640.0,0.0,0.0,0.0,0.0,8640.0
3498,yes,884.0,0.0,0.0,0.0,2347.0,3231.0
3653,yes,4128.0,0.0,0.0,0.0,1208.0,5336.0
3729,yes,2941.0,0.0,0.0,0.0,0.0,2941.0
3781,yes,7701.0,0.0,0.0,0.0,0.0,7701.0
3965,No,NULL,NULL,NULL,NULL,NULL,NULL
4343,No,NULL,NULL,NULL,NULL,NULL,NULL
4355,No,NULL,NULL,NULL,NULL,NULL,NULL
5011,No,NULL,NULL,NULL,NULL,NULL,NULL
6400,yes,7320.0,3016.7,0.0,7396.0,143.0,17875.7
6425,yes,0.0,3057.0,0.0,0.0,0.0,3057.0
8260,yes,0.0,6239.2,0.0,0.0,0.0,6239.2
9583,yes,13386.0,4362.7,0.0,0.0,0.0,17748.7
44,yes,2344.0,0.0,0.0,0.0,0.0,2344.0
185,yes,6526.0,0.0,0.0,0.0,0.0,6526.0
277,yes,0.0,0.0,2682.3,0.0,0.0,2682.3
360,No,NULL,NULL,NULL,NULL,NULL,NULL
379,yes,1561.0,0.0,0.0,177.0,746.0,2484.0
401,yes,3600.0,0.0,0.0,0.0,1769.0,5369.0
465,yes,11126.0,0.0,1278.5,0.0,0.0,12404.5
544,yes,0.0,3798.2,0.0,0.0,0.0,3798.2
572,yes,5372.0,0.0,1413.0,349.0,960.0,8094.0
608,yes,2895.0,0.0,0.0,0.0,0.0,2895.0
640,yes,2891.0,0.0,0.0,0.0,0.0,2891.0
715,yes,2877.0,0.0,0.0,1378.0,1808.0,6063.0
824,yes,5406.0,0.0,0.0,0.0,0.0,5406.0
985,yes,2227.0,0.0,0.0,0.0,0.0,2227.0
1033,No,NULL,NULL,NULL,NULL,NULL,NULL
1088,yes,3032.0,0.0,0.0,0.0,0.0,3032.0
1121,No,NULL,NULL,NULL,NULL,NULL,NULL
1275,yes,1903.0,0.0,0.0,0.0,0.0,1903.0
1369,yes,6005.0,0.0,0.0,0.0,1738.0,7743.0
1394,yes,2100.0,0.0,0.0,0.0,0.0,2100.0
1424,yes,6224.0,0.0,0.0,0.0,0.0,6224.0
1463,yes,719.0,0.0,0.0,0.0,1505.0,2224.0
1558,yes,1148.0,0.0,1384.0,0.0,2899.0,5431.0
1684,yes,0.0,0.0,2123.0,0.0,0.0,2123.0
1722,yes,4472.0,0.0,0.0,0.0,0.0,4472.0
1854,yes,3948.0,0.0,0.0,0.0,0.0,3948.0
1886,yes,4198.0,4512.7,0.0,0.0,0.0,8710.7
1891,yes,2039.0,0.0,0.0,293.0,172.0,2504.0
2003,yes,0.0,0.0,2127.0,0.0,0.0,2127.0
2096,yes,3731.0,0.0,0.0,0.0,5441.0,9172.0
2476,yes,2854.0,0.0,0.0,0.0,0.0,2854.0
2502,yes,3885.0,0.0,0.0,0.0,0.0,3885.0
2559,yes,5123.0,0.0,0.0,0.0,0.0,5123.0
2874,yes,2066.0,0.0,0.0,0.0,0.0,2066.0
2902,yes,825.0,0.0,0.0,0.0,5465.0,6290.0
3434,yes,983.0,0.0,0.0,0.0,988.0,1971.0
3454,yes,3208.0,0.0,0.0,0.0,0.0,3208.0
3456,yes,1500.0,0.0,0.0,0.0,0.0,1500.0
3468,yes,3907.0,0.0,1629.0,0.0,149.0,5685.0
3555,yes,12578.0,0.0,2054.8,0.0,0.0,14632.8
3621,yes,5319.0,0.0,0.0,0.0,0.0,5319.0
3624,yes,11953.0,0.0,0.0,0.0,0.0,11953.0
3765,yes,617.0,0.0,0.0,691.0,762.0,2070.0
3911,yes,1946.0,0.0,0.0,0.0,0.0,1946.0
4427,yes,5005.0,7318.0,0.0,0.0,0.0,12323.0
9140,yes,9264.0,334.0,0.0,56.0,19.0,9673.0
10905,yes,2939.0,1190.0,0.0,0.0,1682.0,5811.0
11027,yes,3799.0,2004.2,0.0,0.0,0.0,5803.2
486,No,NULL,NULL,NULL,NULL,NULL,NULL
781,yes,2054.0,0.0,0.0,0.0,0.0,2054.0
1022,No,NULL,NULL,NULL,NULL,NULL,NULL
1200,yes,3743.0,0.0,0.0,3156.0,525.0,7424.0
1419,yes,3305.0,0.0,0.0,0.0,0.0,3305.0
1510,yes,9985.0,0.0,0.0,0.0,0.0,9985.0
1602,yes,2033.0,0.0,0.0,0.0,0.0,2033.0
1731,yes,2631.0,0.0,0.0,0.0,0.0,2631.0
1773,yes,2877.0,0.0,0.0,0.0,0.0,2877.0
1779,yes,3023.0,0.0,0.0,61.0,1230.0,4314.0
1957,yes,1595.0,0.0,0.0,0.0,892.0,2487.0
2075,yes,589.0,0.0,0.0,619.0,992.0,2200.0
2212,yes,3206.0,0.0,0.0,0.0,0.0,3206.0
2322,yes,3359.0,1930.0,0.0,1019.0,2302.0,8610.0
2341,yes,1583.0,0.0,0.0,0.0,464.0,2047.0
2364,yes,2033.0,0.0,0.0,0.0,0.0,2033.0
2413,yes,6448.0,1496.0,0.0,0.0,0.0,7944.0
2464,yes,5555.0,0.0,2592.0,0.0,4681.0,12828.0
2467,yes,5332.0,0.0,0.0,0.0,0.0,5332.0
2474,yes,121.0,0.0,0.0,0.0,2251.0,2372.0
2862,yes,1371.0,0.0,0.0,0.0,5728.0,7099.0
2911,yes,617.0,0.0,1051.0,2572.0,4389.0,8629.0
2966,yes,4560.0,0.0,0.0,0.0,0.0,4560.0
3019,No,NULL,NULL,NULL,NULL,NULL,NULL
3082,yes,7496.0,0.0,0.0,0.0,0.0,7496.0
3102,yes,6722.0,0.0,0.0,0.0,0.0,6722.0
3117,yes,3570.0,0.0,0.0,0.0,0.0,3570.0
3119,yes,1144.0,0.0,0.0,884.0,84.0,2112.0
3148,yes,2478.0,0.0,0.0,0.0,0.0,2478.0
3164,yes,3404.0,0.0,0.0,0.0,0.0,3404.0
3404,No,NULL,NULL,NULL,NULL,NULL,NULL
3492,yes,4485.0,0.0,0.0,0.0,4962.0,9447.0
3544,yes,10975.0,0.0,0.0,0.0,0.0,10975.0
3561,yes,1789.0,0.0,0.0,0.0,0.0,1789.0
3588,yes,1563.0,0.0,0.0,0.0,0.0,1563.0
3683,yes,3114.0,0.0,0.0,0.0,0.0,3114.0
3725,yes,7642.0,0.0,0.0,0.0,0.0,7642.0
3733,yes,11123.0,0.0,0.0,0.0,0.0,11123.0
3847,yes,5500.0,0.0,0.0,883.0,7.0,6390.0
3855,yes,950.0,0.0,0.0,795.0,5578.0,7323.0
3864,yes,347.0,0.0,0.0,511.0,7379.0,8237.0
3914,yes,6118.0,0.0,0.0,0.0,0.0,6118.0
3957,No,NULL,NULL,NULL,NULL,NULL,NULL
4318,yes,13396.0,0.0,4609.6,0.0,0.0,18005.6
4488,No,NULL,NULL,NULL,NULL,NULL,NULL
4511,yes,3948.0,0.0,798.0,0.0,0.0,4746.0
4543,No,NULL,NULL,NULL,NULL,NULL,NULL
4949,yes,0.0,6039.8,0.0,0.0,0.0,6039.8
11244,yes,12154.0,6490.5,0.0,0.0,0.0,18644.5
134,No,NULL,NULL,NULL,NULL,NULL,NULL
305,yes,2953.0,0.0,0.0,0.0,0.0,2953.0
537,yes,1848.0,0.0,0.0,0.0,0.0,1848.0
737,yes,2817.0,0.0,0.0,0.0,0.0,2817.0
738,yes,970.0,0.0,0.0,3671.0,82.0,4723.0
891,yes,1784.0,0.0,0.0,0.0,0.0,1784.0
1067,yes,7811.0,0.0,0.0,0.0,0.0,7811.0
1096,yes,3488.0,0.0,0.0,0.0,0.0,3488.0
1115,yes,2293.0,0.0,0.0,0.0,0.0,2293.0
1139,yes,1191.0,0.0,3081.8,2386.0,3589.0,10247.8
1251,yes,7870.0,0.0,0.0,0.0,0.0,7870.0
1389,yes,6376.0,5227.7,0.0,0.0,0.0,11603.7
1555,yes,3263.0,0.0,0.0,0.0,0.0,3263.0
1651,yes,0.0,0.0,1581.7,0.0,0.0,1581.7
1855,yes,2897.0,0.0,0.0,0.0,0.0,2897.0
1905,yes,3506.0,0.0,0.0,72.0,3225.0,6803.0
2045,yes,1536.0,0.0,0.0,0.0,0.0,1536.0
2058,yes,2564.0,0.0,0.0,5.0,133.0,2702.0
2109,No,NULL,NULL,NULL,NULL,NULL,NULL
2228,yes,4625.0,3873.7,0.0,0.0,0.0,8498.7
2356,No,NULL,NULL,NULL,NULL,NULL,NULL
2508,yes,2193.0,0.0,0.0,0.0,0.0,2193.0
2673,yes,1759.0,0.0,0.0,0.0,4111.0,5870.0
3018,No,NULL,NULL,NULL,NULL,NULL,NULL
3455,yes,0.0,5622.5,0.0,0.0,0.0,5622.5
3530,yes,1977.0,0.0,0.0,0.0,0.0,1977.0
3737,yes,3834.0,0.0,0.0,0.0,0.0,3834.0
3826,yes,4518.0,0.0,0.0,0.0,0.0,4518.0
3919,yes,3521.0,0.0,0.0,0.0,0.0,3521.0
4059,yes,0.0,5652.0,0.0,0.0,0.0,5652.0
5290,yes,6293.0,7537.0,0.0,1336.0,2245.0,17411.0
5442,yes,8110.0,7281.3,0.0,1017.0,2070.0,18478.3
6157,yes,9523.0,5165.2,0.0,0.0,0.0,14688.2
6453,yes,1514.0,304.0,0.0,541.0,695.0,3054.0
6512,No,NULL,NULL,NULL,NULL,NULL,NULL
7861,yes,8400.0,607.0,0.0,26.0,531.0,9564.0
10148,yes,4205.0,1842.0,0.0,0.0,1866.0,7913.0
10152,No,NULL,NULL,NULL,NULL,NULL,NULL
10807,yes,0.0,5622.5,0.0,0.0,0.0,5622.5
101,yes,8037.0,0.0,0.0,0.0,855.0,8892.0
298,No,NULL,NULL,NULL,NULL,NULL,NULL
535,yes,7021.0,0.0,0.0,765.0,62.0,7848.0
669,yes,1947.0,0.0,0.0,0.0,0.0,1947.0
705,yes,4161.0,0.0,0.0,0.0,0.0,4161.0
727,No,NULL,NULL,NULL,NULL,NULL,NULL
905,yes,6086.0,0.0,0.0,53.0,37.0,6176.0
1048,yes,3852.0,0.0,0.0,0.0,0.0,3852.0
1051,No,NULL,NULL,NULL,NULL,NULL,NULL
1075,yes,3868.0,0.0,0.0,0.0,208.0,4076.0
1094,yes,2155.0,0.0,0.0,0.0,0.0,2155.0
1100,yes,174.0,0.0,0.0,1103.0,882.0,2159.0
1129,yes,4604.0,0.0,0.0,0.0,2085.0,6689.0
1153,yes,4918.0,0.0,0.0,0.0,1033.0,5951.0
1164,No,NULL,NULL,NULL,NULL,NULL,NULL
1287,yes,2623.0,0.0,0.0,525.0,6619.0,9767.0
1418,yes,6759.0,0.0,0.0,0.0,0.0,6759.0
1449,yes,2820.0,0.0,0.0,0.0,320.0,3140.0
1507,yes,6619.0,0.0,0.0,0.0,0.0,6619.0
1576,yes,11816.0,0.0,0.0,0.0,0.0,11816.0
1720,No,NULL,NULL,NULL,NULL,NULL,NULL
1852,yes,2199.0,0.0,0.0,0.0,0.0,2199.0
1895,yes,5810.0,0.0,1791.5,0.0,0.0,7601.5
1932,No,NULL,NULL,NULL,NULL,NULL,NULL
1933,yes,3804.0,0.0,0.0,0.0,0.0,3804.0
1947,yes,3448.0,0.0,0.0,0.0,0.0,3448.0
2071,yes,125.0,0.0,0.0,0.0,3093.0,3218.0
2207,No,NULL,NULL,NULL,NULL,NULL,NULL
2250,yes,4182.0,0.0,0.0,0.0,0.0,4182.0
2321,yes,0.0,0.0,1158.0,0.0,0.0,1158.0
2328,yes,1846.0,0.0,0.0,0.0,0.0,1846.0
2420,yes,2401.0,0.0,0.0,0.0,0.0,2401.0
2480,yes,0.0,0.0,3022.0,0.0,0.0,3022.0
2562,yes,2235.0,0.0,0.0,0.0,0.0,2235.0
2819,yes,8713.0,0.0,0.0,0.0,748.0,9461.0
2826,yes,5240.0,0.0,0.0,0.0,0.0,5240.0
3023,yes,2213.0,0.0,0.0,0.0,0.0,2213.0
3240,yes,5110.0,0.0,1951.3,298.0,21.0,7380.3
3335,yes,2170.0,0.0,0.0,0.0,0.0,2170.0
3438,yes,2857.0,0.0,0.0,0.0,0.0,2857.0
3940,No,NULL,NULL,NULL,NULL,NULL,NULL
3999,yes,4806.0,0.0,0.0,563.0,2332.0,7701.0
6699,yes,7303.0,2650.2,0.0,0.0,5504.0,15457.2
30,yes,0.0,0.0,2480.2,0.0,0.0,2480.2
39,yes,3115.0,0.0,0.0,0.0,0.0,3115.0
43,yes,6589.0,0.0,0.0,0.0,0.0,6589.0
65,yes,686.0,0.0,0.0,3401.0,3315.0,7402.0
110,yes,3050.0,4516.0,0.0,0.0,98.0,7664.0
318,yes,2858.0,0.0,0.0,0.0,0.0,2858.0
332,yes,2385.0,0.0,0.0,0.0,0.0,2385.0
391,No,NULL,NULL,NULL,NULL,NULL,NULL
418,yes,9316.0,0.0,0.0,0.0,0.0,9316.0
509,yes,0.0,6261.0,0.0,0.0,0.0,6261.0
560,yes,5683.0,0.0,0.0,0.0,0.0,5683.0
809,yes,8298.0,0.0,0.0,0.0,0.0,8298.0
827,yes,2260.0,0.0,0.0,0.0,0.0,2260.0
926,yes,1748.0,0.0,0.0,0.0,0.0,1748.0
1213,yes,2984.0,0.0,0.0,0.0,0.0,2984.0
1276,yes,3839.0,0.0,0.0,169.0,508.0,4516.0
1341,yes,2098.0,0.0,0.0,0.0,0.0,2098.0
1485,yes,336.0,0.0,1018.0,0.0,5949.0,7303.0
1495,yes,3059.0,0.0,0.0,0.0,670.0,3729.0
1565,yes,610.0,0.0,0.0,383.0,2095.0,3088.0
1675,yes,2125.0,0.0,0.0,0.0,0.0,2125.0
1776,yes,5710.0,1800.0,0.0,0.0,0.0,7510.0
1841,yes,2840.0,0.0,0.0,0.0,259.0,3099.0
1937,yes,2933.0,0.0,0.0,0.0,0.0,2933.0
2032,yes,2873.0,0.0,0.0,690.0,1666.0,5229.0
2081,yes,2028.0,0.0,0.0,0.0,0.0,2028.0
2082,yes,822.0,0.0,0.0,5187.0,1782.0,7791.0
2240,yes,0.0,0.0,2324.2,0.0,0.0,2324.2
2263,yes,7927.0,0.0,0.0,0.0,0.0,7927.0
2285,No,NULL,NULL,NULL,NULL,NULL,NULL
2300,No,NULL,NULL,NULL,NULL,NULL,NULL
2522,No,NULL,NULL,NULL,NULL,NULL,NULL
2554,yes,7607.0,0.0,0.0,0.0,0.0,7607.0
2564,yes,8086.0,0.0,0.0,0.0,0.0,8086.0
2820,yes,2967.0,0.0,0.0,0.0,0.0,2967.0
2931,yes,2884.0,0.0,0.0,0.0,0.0,2884.0
3254,yes,5119.0,0.0,0.0,0.0,0.0,5119.0
3277,No,NULL,NULL,NULL,NULL,NULL,NULL
3304,yes,4660.0,0.0,0.0,0.0,0.0,4660.0
3405,yes,7543.0,0.0,0.0,0.0,0.0,7543.0
3427,yes,9843.0,0.0,0.0,0.0,0.0,9843.0
3501,yes,7590.0,7304.0,0.0,0.0,2225.0,17119.0
3516,No,NULL,NULL,NULL,NULL,NULL,NULL
3645,yes,7021.0,0.0,0.0,0.0,2651.0,9672.0
3652,yes,3005.0,0.0,0.0,0.0,0.0,3005.0
3720,yes,2957.0,0.0,0.0,0.0,0.0,2957.0
3795,yes,2419.0,0.0,0.0,0.0,6679.0,9098.0
3806,yes,3216.0,0.0,0.0,18.0,2478.0,5712.0
3968,No,NULL,NULL,NULL,NULL,NULL,NULL
4052,yes,0.0,2948.0,0.0,0.0,0.0,2948.0
4132,No,NULL,NULL,NULL,NULL,NULL,NULL
6950,yes,8561.0,9910.0,0.0,0.0,0.0,18471.0
7828,No,NULL,NULL,NULL,NULL,NULL,NULL
8026,yes,0.0,3563.0,0.0,0.0,0.0,3563.0
9333,No,NULL,NULL,NULL,NULL,NULL,NULL
10345,yes,6742.0,2605.0,0.0,0.0,0.0,9347.0
10711,yes,2714.0,403.0,0.0,85.0,856.0,4058.0
68,yes,1705.0,0.0,0.0,137.0,1247.0,3089.0
104,yes,578.0,0.0,0.0,0.0,1464.0,2042.0
158,yes,3420.0,0.0,0.0,0.0,0.0,3420.0
209,yes,483.0,0.0,0.0,1796.0,41.0,2320.0
222,yes,0.0,0.0,3440.9,0.0,0.0,3440.9
256,No,NULL,NULL,NULL,NULL,NULL,NULL
346,yes,7875.0,0.0,0.0,0.0,0.0,7875.0
438,No,NULL,NULL,NULL,NULL,NULL,NULL
685,yes,0.0,0.0,3847.2,0.0,0.0,3847.2
940,yes,0.0,4738.0,0.0,0.0,0.0,4738.0
1086,yes,1376.0,0.0,0.0,86.0,474.0,1936.0
1273,yes,3863.0,0.0,0.0,0.0,0.0,3863.0
1467,yes,6814.0,0.0,0.0,0.0,0.0,6814.0
1589,No,NULL,NULL,NULL,NULL,NULL,NULL
1734,yes,9431.0,0.0,0.0,0.0,0.0,9431.0
1857,yes,4295.0,0.0,0.0,0.0,279.0,4574.0
1926,yes,2643.0,0.0,0.0,0.0,361.0,3004.0
2055,yes,6844.0,4521.0,0.0,0.0,0.0,11365.0
2059,No,NULL,NULL,NULL,NULL,NULL,NULL
2150,yes,2019.0,0.0,0.0,0.0,0.0,2019.0
2290,yes,3965.0,0.0,0.0,0.0,0.0,3965.0
2771,yes,7288.0,0.0,1479.0,0.0,0.0,8767.0
2877,yes,5305.0,0.0,0.0,0.0,0.0,5305.0
2927,yes,0.0,0.0,2025.0,0.0,0.0,2025.0
3105,yes,2145.0,0.0,0.0,0.0,0.0,2145.0
3125,yes,4245.0,0.0,0.0,0.0,0.0,4245.0
3138,No,NULL,NULL,NULL,NULL,NULL,NULL
3232,yes,2413.0,0.0,0.0,0.0,0.0,2413.0
3269,yes,0.0,0.0,1951.3,0.0,0.0,1951.3
3719,yes,3197.0,0.0,0.0,0.0,0.0,3197.0
3754,yes,3976.0,2856.0,0.0,913.0,2084.0,9829.0
3907,yes,0.0,5577.3,0.0,0.0,0.0,5577.3
3930,yes,9101.0,0.0,0.0,0.0,0.0,9101.0
3979,yes,6256.0,0.0,0.0,0.0,0.0,6256.0
8127,yes,8305.0,6494.8,0.0,0.0,0.0,14799.8
9235,yes,0.0,1735.0,0.0,0.0,0.0,1735.0
11069,yes,0.0,2482.0,0.0,0.0,0.0,2482.0
139,No,NULL,NULL,NULL,NULL,NULL,NULL
141,yes,3462.0,0.0,3016.5,6716.0,1791.0,14985.5
216,yes,2999.0,0.0,0.0,0.0,0.0,2999.0
267,yes,3074.0,0.0,0.0,0.0,0.0,3074.0
276,yes,5212.0,4470.5,0.0,0.0,0.0,9682.5
374,No,NULL,NULL,NULL,NULL,NULL,NULL
383,yes,2057.0,0.0,0.0,0.0,0.0,2057.0
435,yes,3189.0,0.0,0.0,0.0,0.0,3189.0
575,yes,756.0,0.0,0.0,0.0,5329.0,6085.0
722,No,NULL,NULL,NULL,NULL,NULL,NULL
732,yes,5129.0,0.0,0.0,0.0,0.0,5129.0
749,yes,4965.0,0.0,0.0,51.0,252.0,5268.0
755,yes,3889.0,0.0,0.0,0.0,1443.0,5332.0
897,yes,2910.0,0.0,0.0,0.0,6676.0,9586.0
1256,yes,1178.0,1974.0,0.0,0.0,5450.0,8602.0
1482,yes,2687.0,0.0,0.0,335.0,1766.0,4788.0
1592,yes,1837.0,0.0,0.0,0.0,0.0,1837.0
1619,yes,3220.0,0.0,0.0,0.0,0.0,3220.0
1756,yes,6307.0,0.0,0.0,0.0,0.0,6307.0
1935,No,NULL,NULL,NULL,NULL,NULL,NULL
2151,yes,5286.0,0.0,0.0,223.0,1227.0,6736.0
2158,No,NULL,NULL,NULL,NULL,NULL,NULL
2306,yes,1179.0,0.0,0.0,0.0,3586.0,4765.0
2347,yes,3477.0,0.0,0.0,0.0,0.0,3477.0
2435,yes,7904.0,0.0,1633.9,0.0,0.0,9537.9
2447,yes,6911.0,0.0,0.0,0.0,0.0,6911.0
2527,yes,5774.0,0.0,2322.6,0.0,0.0,8096.6
2532,yes,12133.0,0.0,0.0,0.0,0.0,12133.0
2544,yes,2920.0,0.0,0.0,33.0,561.0,3514.0
2773,yes,3354.0,0.0,0.0,36.0,213.0,3603.0
2778,yes,192.0,0.0,0.0,0.0,5821.0,6013.0
2861,yes,2613.0,0.0,0.0,0.0,0.0,2613.0
2903,yes,7826.0,0.0,0.0,0.0,0.0,7826.0
2967,yes,2666.0,0.0,0.0,4489.0,1042.0,8197.0
3112,yes,1468.0,2567.3,0.0,0.0,1584.0,5619.3
3143,yes,4474.0,5454.0,0.0,0.0,0.0,9928.0
3206,yes,2434.0,0.0,0.0,0.0,677.0,3111.0
3401,yes,4247.0,0.0,0.0,0.0,0.0,4247.0
3463,yes,646.0,0.0,0.0,2552.0,5186.0,8384.0
3644,yes,2304.0,0.0,0.0,0.0,0.0,2304.0
3674,yes,9503.0,1968.7,0.0,0.0,0.0,11471.7
3758,yes,4009.0,0.0,0.0,0.0,0.0,4009.0
3808,yes,1966.0,0.0,0.0,0.0,4767.0,6733.0
3870,yes,3673.0,0.0,0.0,0.0,0.0,3673.0
4069,No,NULL,NULL,NULL,NULL,NULL,NULL
4103,No,NULL,NULL,NULL,NULL,NULL,NULL
4354,yes,12756.0,5461.3,0.0,0.0,0.0,18217.3
6273,yes,0.0,3639.5,0.0,0.0,0.0,3639.5
6555,yes,0.0,5900.0,0.0,0.0,0.0,5900.0
6706,yes,1982.0,1081.0,0.0,815.0,671.0,4549.0
6985,yes,13167.0,2687.5,0.0,0.0,0.0,15854.5
7819,yes,1953.0,434.0,0.0,1296.0,2454.0,6137.0
9645,yes,5183.0,4893.0,0.0,0.0,0.0,10076.0
10215,yes,152.0,1846.0,0.0,0.0,4122.0,6120.0
42,yes,4239.0,0.0,0.0,1592.0,239.0,6070.0
223,No,NULL,NULL,NULL,NULL,NULL,NULL
279,yes,624.0,0.0,0.0,0.0,1380.0,2004.0
352,yes,1992.0,0.0,0.0,0.0,0.0,1992.0
529,yes,3344.0,0.0,0.0,0.0,0.0,3344.0
565,yes,3509.0,0.0,0.0,0.0,0.0,3509.0
676,yes,3017.0,0.0,0.0,0.0,0.0,3017.0
747,yes,2672.0,0.0,0.0,0.0,0.0,2672.0
789,yes,2153.0,1522.0,0.0,0.0,1641.0,5316.0
991,yes,6748.0,0.0,0.0,0.0,0.0,6748.0
1104,yes,8840.0,0.0,0.0,0.0,0.0,8840.0
1160,yes,3487.0,0.0,0.0,0.0,171.0,3658.0
1214,yes,4469.0,0.0,0.0,0.0,0.0,4469.0
1356,No,NULL,NULL,NULL,NULL,NULL,NULL
1358,yes,2980.0,0.0,0.0,0.0,0.0,2980.0
1473,yes,1984.0,0.0,0.0,0.0,0.0,1984.0
1581,yes,5758.0,0.0,0.0,0.0,0.0,5758.0
1650,yes,3649.0,0.0,0.0,0.0,9100.0,12749.0
1669,yes,5562.0,0.0,0.0,0.0,0.0,5562.0
1759,yes,1856.0,0.0,0.0,0.0,1866.0,3722.0
1769,No,NULL,NULL,NULL,NULL,NULL,NULL
2336,yes,3058.0,0.0,0.0,0.0,0.0,3058.0
2466,yes,37.0,0.0,0.0,0.0,3733.0,3770.0
2805,yes,2017.0,0.0,0.0,0.0,0.0,2017.0
2893,yes,1503.0,0.0,0.0,0.0,751.0,2254.0
3137,yes,0.0,4226.5,0.0,0.0,0.0,4226.5
3168,yes,3292.0,0.0,0.0,0.0,0.0,3292.0
3173,yes,2823.0,0.0,0.0,0.0,0.0,2823.0
3410,yes,3505.0,0.0,0.0,169.0,120.0,3794.0
3571,yes,3224.0,0.0,0.0,0.0,222.0,3446.0
3756,yes,9023.0,0.0,0.0,0.0,0.0,9023.0
3888,No,NULL,NULL,NULL,NULL,NULL,NULL
3936,yes,1859.0,0.0,0.0,432.0,127.0,2418.0
3969,yes,4299.0,0.0,0.0,0.0,0.0,4299.0
4283,No,NULL,NULL,NULL,NULL,NULL,NULL
4375,No,NULL,NULL,NULL,NULL,NULL,NULL
4423,yes,1277.0,2051.0,0.0,0.0,4015.0,7343.0
4768,No,NULL,NULL,NULL,NULL,NULL,NULL
7485,yes,10279.0,3799.8,0.0,0.0,0.0,14078.8
10411,yes,3020.0,5142.0,0.0,2323.0,9539.0,20024.0
11123,No,NULL,NULL,NULL,NULL,NULL,NULL
132,yes,0.0,7370.2,0.0,0.0,0.0,7370.2
487,yes,10684.0,0.0,0.0,0.0,0.0,10684.0
533,yes,1319.0,0.0,0.0,0.0,3427.0,4746.0
641,yes,3330.0,0.0,0.0,0.0,0.0,3330.0
822,yes,1784.0,0.0,0.0,0.0,0.0,1784.0
1016,yes,2619.0,0.0,0.0,0.0,2155.0,4774.0
1151,yes,3263.0,0.0,0.0,0.0,0.0,3263.0
1272,yes,0.0,0.0,1246.4,0.0,0.0,1246.4
1293,yes,3484.0,0.0,0.0,0.0,0.0,3484.0
1304,yes,0.0,0.0,2368.9,0.0,0.0,2368.9
1351,yes,2227.0,0.0,0.0,0.0,0.0,2227.0
1426,yes,2681.0,0.0,0.0,0.0,0.0,2681.0
1648,No,NULL,NULL,NULL,NULL,NULL,NULL
1806,yes,2552.0,0.0,0.0,0.0,0.0,2552.0
1811,yes,4206.0,3990.8,0.0,0.0,6745.0,14941.8
1920,yes,3570.0,0.0,0.0,0.0,0.0,3570.0
1958,yes,2934.0,0.0,0.0,0.0,0.0,2934.0
2090,yes,3532.0,0.0,0.0,0.0,0.0,3532.0
2384,yes,0.0,0.0,4282.0,0.0,0.0,4282.0
2389,yes,3912.0,0.0,0.0,0.0,0.0,3912.0
2400,yes,1640.0,0.0,0.0,0.0,0.0,1640.0
2458,No,NULL,NULL,NULL,NULL,NULL,NULL
2498,yes,4223.0,0.0,1798.0,0.0,0.0,6021.0
2511,yes,2696.0,0.0,0.0,0.0,3059.0,5755.0
2557,yes,2806.0,0.0,0.0,0.0,0.0,2806.0
2729,yes,8733.0,0.0,0.0,0.0,0.0,8733.0
2784,yes,3307.0,0.0,0.0,0.0,0.0,3307.0
2818,yes,8947.0,0.0,1194.0,0.0,0.0,10141.0
2899,yes,7503.0,0.0,0.0,0.0,0.0,7503.0
2997,yes,1978.0,0.0,0.0,0.0,0.0,1978.0
3064,yes,1455.0,1285.0,0.0,0.0,4714.0,7454.0
3195,yes,1599.0,0.0,0.0,218.0,1253.0,3070.0
3256,yes,2232.0,0.0,0.0,0.0,4490.0,6722.0
3308,No,NULL,NULL,NULL,NULL,NULL,NULL
3483,yes,2173.0,0.0,0.0,0.0,0.0,2173.0
3568,yes,2626.0,0.0,0.0,0.0,0.0,2626.0
3583,yes,3084.0,0.0,0.0,0.0,0.0,3084.0
3783,yes,3041.0,0.0,0.0,0.0,0.0,3041.0
4078,No,NULL,NULL,NULL,NULL,NULL,NULL
4437,No,NULL,NULL,NULL,NULL,NULL,NULL
5313,yes,5791.0,5011.2,0.0,958.0,1167.0,12927.2
7636,yes,3077.0,3532.0,0.0,0.0,325.0,6934.0
9006,yes,4541.0,3883.0,0.0,0.0,0.0,8424.0
10558,No,NULL,NULL,NULL,NULL,NULL,NULL
100,yes,598.0,0.0,0.0,0.0,7329.0,7927.0
191,yes,0.0,0.0,4420.9,0.0,0.0,4420.9
235,yes,895.0,0.0,0.0,0.0,1321.0,2216.0
312,yes,7814.0,0.0,0.0,0.0,0.0,7814.0
404,yes,1563.0,0.0,0.0,0.0,3450.0,5013.0
408,yes,5042.0,0.0,0.0,0.0,0.0,5042.0
597,yes,6135.0,0.0,0.0,0.0,0.0,6135.0
686,yes,2212.0,0.0,0.0,983.0,2875.0,6070.0
907,yes,2118.0,0.0,0.0,0.0,0.0,2118.0
930,yes,9356.0,0.0,0.0,0.0,0.0,9356.0
952,yes,4946.0,0.0,0.0,0.0,0.0,4946.0
1092,yes,5664.0,0.0,0.0,0.0,0.0,5664.0
1138,No,NULL,NULL,NULL,NULL,NULL,NULL
1178,yes,5639.0,0.0,0.0,0.0,0.0,5639.0
1431,No,NULL,NULL,NULL,NULL,NULL,NULL
1480,yes,0.0,3425.2,0.0,0.0,0.0,3425.2
1493,yes,2315.0,0.0,0.0,0.0,0.0,2315.0
1536,yes,13204.0,0.0,0.0,0.0,0.0,13204.0
1609,yes,2017.0,0.0,0.0,0.0,0.0,2017.0
1655,yes,4277.0,0.0,0.0,0.0,3827.0,8104.0
1949,yes,6888.0,0.0,0.0,43.0,594.0,7525.0
1971,yes,6624.0,0.0,0.0,0.0,0.0,6624.0
1977,No,NULL,NULL,NULL,NULL,NULL,NULL
2072,yes,6746.0,0.0,0.0,0.0,0.0,6746.0
2102,yes,5662.0,0.0,0.0,0.0,1835.0,7497.0
2190,yes,3649.0,0.0,0.0,2782.0,1490.0,7921.0
2264,yes,1810.0,0.0,0.0,0.0,0.0,1810.0
2292,yes,1626.0,0.0,0.0,147.0,223.0,1996.0
2303,yes,7892.0,0.0,0.0,0.0,0.0,7892.0
2425,yes,5936.0,0.0,0.0,0.0,0.0,5936.0
2485,yes,1944.0,0.0,0.0,0.0,0.0,1944.0
2536,yes,3136.0,0.0,0.0,0.0,0.0,3136.0
2553,yes,9687.0,0.0,0.0,0.0,0.0,9687.0
2738,yes,7762.0,0.0,0.0,0.0,1152.0,8914.0
2800,yes,8740.0,0.0,0.0,0.0,0.0,8740.0
3071,yes,5122.0,0.0,0.0,0.0,4268.0,9390.0
3163,yes,2350.0,0.0,2221.7,1620.0,6514.0,12705.7
3218,yes,1449.0,0.0,0.0,0.0,667.0,2116.0
3487,yes,324.0,0.0,0.0,0.0,7951.0,8275.0
3510,No,NULL,NULL,NULL,NULL,NULL,NULL
3824,yes,6198.0,0.0,0.0,0.0,0.0,6198.0
4405,No,NULL,NULL,NULL,NULL,NULL,NULL
4434,yes,4495.0,0.0,2314.0,0.0,0.0,6809.0
6930,yes,0.0,1081.0,0.0,0.0,0.0,1081.0
10630,yes,7303.0,8260.0,0.0,0.0,0.0,15563.0
330,yes,0.0,6908.0,0.0,0.0,0.0,6908.0
744,yes,2165.0,0.0,0.0,0.0,0.0,2165.0
782,yes,3094.0,0.0,0.0,0.0,2472.0,5566.0
832,yes,2135.0,0.0,0.0,0.0,0.0,2135.0
1021,yes,2259.0,0.0,0.0,0.0,0.0,2259.0
1085,yes,8537.0,0.0,0.0,0.0,0.0,8537.0
1107,yes,1746.0,0.0,0.0,0.0,0.0,1746.0
1195,yes,2343.0,0.0,0.0,0.0,0.0,2343.0
1316,yes,1130.0,0.0,0.0,233.0,619.0,1982.0
1324,yes,2741.0,0.0,0.0,0.0,680.0,3421.0
1365,yes,2314.0,0.0,0.0,0.0,0.0,2314.0
1585,No,NULL,NULL,NULL,NULL,NULL,NULL
1735,No,NULL,NULL,NULL,NULL,NULL,NULL
1836,yes,6666.0,0.0,0.0,0.0,1685.0,8351.0
1921,yes,2309.0,0.0,0.0,0.0,124.0,2433.0
1927,yes,2283.0,0.0,0.0,0.0,0.0,2283.0
1963,yes,3175.0,0.0,0.0,0.0,0.0,3175.0
1974,No,NULL,NULL,NULL,NULL,NULL,NULL
1994,yes,3962.0,0.0,0.0,18.0,749.0,4729.0
2004,yes,5472.0,0.0,0.0,0.0,0.0,5472.0
2018,yes,3115.0,3210.0,0.0,0.0,0.0,6325.0
2038,yes,1580.0,0.0,0.0,0.0,2062.0,3642.0
2111,yes,0.0,0.0,4619.9,0.0,0.0,4619.9
2118,yes,9871.0,0.0,0.0,0.0,0.0,9871.0
2142,yes,9768.0,1944.0,0.0,0.0,0.0,11712.0
2365,yes,3061.0,0.0,0.0,0.0,0.0,3061.0
2487,yes,1828.0,0.0,1557.0,842.0,490.0,4717.0
2538,yes,3689.0,0.0,0.0,0.0,0.0,3689.0
2715,yes,1707.0,0.0,0.0,296.0,216.0,2219.0
2770,yes,494.0,0.0,0.0,494.0,1582.0,2570.0
2774,yes,3628.0,0.0,0.0,0.0,0.0,3628.0
2807,No,NULL,NULL,NULL,NULL,NULL,NULL
2836,yes,9472.0,0.0,0.0,0.0,0.0,9472.0
2891,yes,4614.0,0.0,1756.0,0.0,4928.0,11298.0
2983,No,NULL,NULL,NULL,NULL,NULL,NULL
3005,yes,6883.0,8125.3,0.0,0.0,7696.0,22704.3
3029,yes,1514.0,0.0,0.0,0.0,0.0,1514.0
3181,No,NULL,NULL,NULL,NULL,NULL,NULL
3352,yes,2360.0,0.0,0.0,0.0,578.0,2938.0
3418,yes,0.0,4318.0,0.0,0.0,0.0,4318.0
3496,No,NULL,NULL,NULL,NULL,NULL,NULL
3508,No,NULL,NULL,NULL,NULL,NULL,NULL
3539,No,NULL,NULL,NULL,NULL,NULL,NULL
3893,yes,1501.0,0.0,0.0,0.0,1534.0,3035.0
3966,yes,1754.0,0.0,0.0,0.0,0.0,1754.0
4156,No,NULL,NULL,NULL,NULL,NULL,NULL
4907,yes,3938.0,2059.0,0.0,325.0,1253.0,7575.0
5700,yes,0.0,1728.0,0.0,0.0,0.0,1728.0
18,No,NULL,NULL,NULL,NULL,NULL,NULL
59,yes,695.0,0.0,0.0,0.0,6190.0,6885.0
80,yes,2252.0,0.0,0.0,0.0,0.0,2252.0
149,No,NULL,NULL,NULL,NULL,NULL,NULL
183,yes,5202.0,0.0,0.0,0.0,752.0,5954.0
437,yes,2248.0,0.0,0.0,0.0,3106.0,5354.0
464,yes,3509.0,0.0,0.0,0.0,0.0,3509.0
602,yes,3191.0,0.0,0.0,0.0,0.0,3191.0
616,yes,1869.0,0.0,0.0,0.0,0.0,1869.0
745,yes,1965.0,0.0,0.0,0.0,0.0,1965.0
761,No,NULL,NULL,NULL,NULL,NULL,NULL
889,yes,3257.0,0.0,0.0,0.0,0.0,3257.0
937,yes,1751.0,0.0,0.0,0.0,0.0,1751.0
1042,No,NULL,NULL,NULL,NULL,NULL,NULL
1155,yes,2260.0,0.0,0.0,0.0,0.0,2260.0
1267,yes,2271.0,0.0,0.0,21.0,2539.0,4831.0
1323,yes,9720.0,0.0,0.0,0.0,0.0,9720.0
1500,yes,4119.0,0.0,0.0,0.0,0.0,4119.0
1696,yes,2159.0,0.0,0.0,0.0,0.0,2159.0
1713,No,NULL,NULL,NULL,NULL,NULL,NULL
1829,yes,3684.0,0.0,0.0,0.0,0.0,3684.0
2125,yes,3225.0,0.0,0.0,0.0,0.0,3225.0
2233,yes,2028.0,0.0,0.0,0.0,0.0,2028.0
2509,yes,7073.0,0.0,0.0,1950.0,4377.0,13400.0
2783,No,NULL,NULL,NULL,NULL,NULL,NULL
2844,No,NULL,NULL,NULL,NULL,NULL,NULL
2866,yes,5711.0,0.0,0.0,0.0,0.0,5711.0
2923,yes,2786.0,0.0,0.0,0.0,0.0,2786.0
2992,yes,5396.0,0.0,0.0,0.0,0.0,5396.0
3285,yes,2100.0,0.0,0.0,0.0,0.0,2100.0
3398,yes,1990.0,0.0,0.0,0.0,0.0,1990.0
3580,yes,3430.0,0.0,0.0,0.0,335.0,3765.0
3613,yes,4030.0,0.0,0.0,0.0,2144.0,6174.0
3734,No,NULL,NULL,NULL,NULL,NULL,NULL
3810,yes,2862.0,0.0,0.0,0.0,0.0,2862.0
3868,yes,3259.0,0.0,0.0,0.0,0.0,3259.0
3892,yes,2238.0,0.0,0.0,0.0,0.0,2238.0
3992,yes,6738.0,0.0,0.0,0.0,0.0,6738.0
4253,yes,7344.0,0.0,4125.2,0.0,0.0,11469.2
4276,yes,0.0,0.0,2895.2,0.0,0.0,2895.2
4286,No,NULL,NULL,NULL,NULL,NULL,NULL
4948,yes,4710.0,5996.2,0.0,0.0,0.0,10706.2
5063,No,NULL,NULL,NULL,NULL,NULL,NULL
5541,yes,3114.0,680.0,0.0,0.0,648.0,4442.0
5546,yes,0.0,0.0,2536.9,0.0,0.0,2536.9
5740,yes,0.0,0.0,2907.0,0.0,0.0,2907.0
6856,yes,2557.0,3454.0,0.0,6965.0,794.0,13770.0
7546,yes,3861.0,3495.8,0.0,49.0,198.0,7603.8
9052,yes,0.0,2999.3,0.0,0.0,0.0,2999.3
84,yes,12452.0,0.0,1709.0,0.0,0.0,14161.0
103,yes,0.0,7370.2,0.0,0.0,0.0,7370.2
194,yes,2648.0,0.0,0.0,0.0,0.0,2648.0
283,yes,2802.0,0.0,0.0,0.0,0.0,2802.0
390,yes,4977.0,0.0,0.0,0.0,0.0,4977.0
491,yes,9090.0,0.0,0.0,0.0,0.0,9090.0
826,yes,4550.0,0.0,0.0,169.0,866.0,5585.0
831,yes,2291.0,0.0,0.0,0.0,0.0,2291.0
1061,yes,3790.0,0.0,0.0,0.0,0.0,3790.0
1147,No,NULL,NULL,NULL,NULL,NULL,NULL
1165,yes,8270.0,0.0,0.0,0.0,0.0,8270.0
1712,yes,1626.0,0.0,0.0,0.0,0.0,1626.0
1816,yes,2824.0,0.0,0.0,0.0,0.0,2824.0
1844,yes,2161.0,0.0,0.0,0.0,0.0,2161.0
1875,yes,3094.0,0.0,0.0,0.0,0.0,3094.0
2039,No,NULL,NULL,NULL,NULL,NULL,NULL
2084,yes,4554.0,0.0,0.0,0.0,0.0,4554.0
2112,yes,4788.0,0.0,0.0,0.0,0.0,4788.0
2193,yes,3424.0,0.0,0.0,0.0,0.0,3424.0
2223,yes,2930.0,0.0,0.0,0.0,0.0,2930.0
2379,yes,3190.0,0.0,0.0,46.0,145.0,3381.0
2417,yes,1319.0,0.0,0.0,0.0,1843.0,3162.0
2614,yes,2152.0,0.0,0.0,0.0,0.0,2152.0
2882,yes,8002.0,0.0,4441.0,0.0,0.0,12443.0
2942,yes,2451.0,0.0,0.0,0.0,1072.0,3523.0
2951,yes,743.0,0.0,0.0,462.0,1810.0,3015.0
3037,yes,0.0,7718.7,0.0,0.0,0.0,7718.7
3052,yes,6175.0,0.0,4144.5,0.0,0.0,10319.5
3058,No,NULL,NULL,NULL,NULL,NULL,NULL
3241,yes,3034.0,0.0,0.0,0.0,0.0,3034.0
3263,No,NULL,NULL,NULL,NULL,NULL,NULL
3333,No,NULL,NULL,NULL,NULL,NULL,NULL
3358,yes,1740.0,0.0,0.0,0.0,446.0,2186.0
3527,yes,3414.0,0.0,0.0,0.0,0.0,3414.0
3570,yes,3836.0,0.0,0.0,0.0,0.0,3836.0
3760,yes,0.0,0.0,2947.8,0.0,0.0,2947.8
3780,yes,1611.0,0.0,0.0,0.0,0.0,1611.0
3802,yes,3276.0,0.0,0.0,0.0,0.0,3276.0
3828,yes,2010.0,0.0,0.0,0.0,0.0,2010.0
3875,yes,0.0,6413.7,0.0,0.0,0.0,6413.7
4379,No,NULL,NULL,NULL,NULL,NULL,NULL
5270,yes,0.0,3317.0,0.0,0.0,0.0,3317.0
5385,yes,8754.0,2489.3,0.0,0.0,0.0,11243.3
5758,yes,3063.0,5700.7,0.0,7996.0,3203.0,19962.7
5868,yes,0.0,0.0,1762.0,0.0,0.0,1762.0
8027,yes,0.0,6469.7,0.0,0.0,0.0,6469.7
10220,No,NULL,NULL,NULL,NULL,NULL,NULL
10243,yes,0.0,3151.3,0.0,0.0,0.0,3151.3
10942,yes,10472.0,5242.0,0.0,0.0,0.0,15714.0
11320,No,NULL,NULL,NULL,NULL,NULL,NULL
47,yes,6940.0,0.0,0.0,141.0,183.0,7264.0
232,yes,3643.0,0.0,0.0,0.0,0.0,3643.0
315,yes,0.0,3509.0,0.0,0.0,0.0,3509.0
490,yes,2042.0,0.0,0.0,0.0,0.0,2042.0
772,yes,4225.0,0.0,0.0,280.0,660.0,5165.0
1011,yes,7085.0,3400.5,0.0,0.0,0.0,10485.5
1083,yes,1930.0,1416.0,0.0,4351.0,835.0,8532.0
1152,yes,2186.0,0.0,0.0,0.0,0.0,2186.0
1221,yes,0.0,0.0,3213.4,0.0,0.0,3213.4
1313,No,NULL,NULL,NULL,NULL,NULL,NULL
1399,yes,5427.0,0.0,0.0,29.0,358.0,5814.0
1452,No,NULL,NULL,NULL,NULL,NULL,NULL
1617,yes,1536.0,0.0,0.0,0.0,0.0,1536.0
2007,No,NULL,NULL,NULL,NULL,NULL,NULL
2180,No,NULL,NULL,NULL,NULL,NULL,NULL
2206,yes,3930.0,0.0,0.0,0.0,0.0,3930.0
2214,yes,0.0,0.0,948.0,0.0,0.0,948.0
2235,yes,3730.0,0.0,0.0,0.0,0.0,3730.0
2333,No,NULL,NULL,NULL,NULL,NULL,NULL
2525,yes,2408.0,0.0,0.0,0.0,2929.0,5337.0
2634,No,NULL,NULL,NULL,NULL,NULL,NULL
3183,yes,3024.0,0.0,0.0,0.0,0.0,3024.0
3185,yes,6404.0,0.0,0.0,0.0,2041.0,8445.0
3209,yes,5659.0,0.0,0.0,0.0,0.0,5659.0
3245,yes,3878.0,0.0,0.0,0.0,0.0,3878.0
3291,yes,2505.0,0.0,0.0,0.0,0.0,2505.0
3327,yes,1923.0,0.0,0.0,0.0,4270.0,6193.0
3361,yes,6154.0,0.0,0.0,0.0,0.0,6154.0
3443,yes,2755.0,0.0,0.0,0.0,0.0,2755.0
3537,yes,646.0,0.0,0.0,50.0,3799.0,4495.0
3697,yes,300.0,0.0,0.0,0.0,5632.0,5932.0
3832,yes,160.0,0.0,0.0,0.0,4176.0,4336.0
3856,yes,2280.0,0.0,0.0,0.0,0.0,2280.0
3896,yes,2602.0,0.0,0.0,0.0,1642.0,4244.0
4047,yes,0.0,0.0,2988.0,0.0,0.0,2988.0
4088,yes,3315.0,0.0,4235.7,3.0,337.0,7890.7
4473,yes,5528.0,1566.0,0.0,0.0,3525.0,10619.0
5912,yes,9846.0,3076.8,0.0,0.0,0.0,12922.8
8129,yes,6184.0,2076.0,0.0,0.0,0.0,8260.0
9188,yes,7936.0,2118.3,0.0,66.0,471.0,10591.3
10738,yes,186.0,3221.5,0.0,0.0,8042.0,11449.5
154,yes,3891.0,0.0,0.0,0.0,0.0,3891.0
171,yes,3486.0,0.0,0.0,0.0,0.0,3486.0
253,No,NULL,NULL,NULL,NULL,NULL,NULL
339,yes,4087.0,7801.2,0.0,0.0,48.0,11936.2
393,yes,302.0,0.0,0.0,0.0,5920.0,6222.0
432,No,NULL,NULL,NULL,NULL,NULL,NULL
559,yes,2175.0,0.0,0.0,0.0,0.0,2175.0
600,yes,5952.0,0.0,0.0,0.0,0.0,5952.0
611,yes,2284.0,0.0,0.0,0.0,0.0,2284.0
810,yes,2076.0,0.0,0.0,0.0,0.0,2076.0
836,yes,125.0,0.0,0.0,0.0,2934.0,3059.0
837,yes,9250.0,0.0,0.0,0.0,0.0,9250.0
894,yes,2914.0,0.0,0.0,0.0,0.0,2914.0
972,yes,897.0,0.0,0.0,0.0,1141.0,2038.0
1047,yes,4339.0,0.0,0.0,0.0,0.0,4339.0
1229,yes,5505.0,0.0,0.0,0.0,0.0,5505.0
1361,yes,6195.0,0.0,0.0,0.0,0.0,6195.0
1396,yes,14707.0,0.0,0.0,0.0,0.0,14707.0
1454,No,NULL,NULL,NULL,NULL,NULL,NULL
1535,yes,2757.0,0.0,0.0,0.0,0.0,2757.0
1649,No,NULL,NULL,NULL,NULL,NULL,NULL
1659,yes,2806.0,0.0,0.0,0.0,0.0,2806.0
1716,yes,3575.0,0.0,0.0,0.0,1032.0,4607.0
1789,No,NULL,NULL,NULL,NULL,NULL,NULL
1798,yes,2602.0,0.0,0.0,4316.0,1687.0,8605.0
1801,yes,4167.0,4610.0,0.0,956.0,3419.0,13152.0
1934,yes,1428.0,0.0,0.0,720.0,5174.0,7322.0
1946,yes,7593.0,0.0,0.0,0.0,0.0,7593.0
1986,yes,5451.0,0.0,0.0,0.0,0.0,5451.0
2043,yes,4366.0,0.0,0.0,0.0,0.0,4366.0
2097,No,NULL,NULL,NULL,NULL,NULL,NULL
2130,No,NULL,NULL,NULL,NULL,NULL,NULL
2197,yes,8524.0,0.0,0.0,0.0,0.0,8524.0
2224,yes,0.0,0.0,2324.2,0.0,0.0,2324.2
2244,yes,1690.0,0.0,0.0,0.0,0.0,1690.0
2294,yes,4426.0,0.0,0.0,0.0,0.0,4426.0
2297,yes,819.0,0.0,0.0,689.0,1452.0,2960.0
2380,yes,4206.0,0.0,0.0,0.0,0.0,4206.0
2443,yes,7034.0,0.0,0.0,0.0,0.0,7034.0
2556,yes,2006.0,0.0,0.0,0.0,0.0,2006.0
2558,yes,1982.0,0.0,0.0,0.0,0.0,1982.0
2602,yes,1332.0,0.0,0.0,0.0,4073.0,5405.0
2680,No,NULL,NULL,NULL,NULL,NULL,NULL
2759,yes,12692.0,0.0,0.0,0.0,0.0,12692.0
2837,No,NULL,NULL,NULL,NULL,NULL,NULL
2981,yes,2022.0,0.0,0.0,0.0,0.0,2022.0
3010,No,NULL,NULL,NULL,NULL,NULL,NULL
3067,yes,2604.0,0.0,0.0,0.0,1330.0,3934.0
3092,yes,2311.0,0.0,0.0,0.0,0.0,2311.0
3121,yes,2902.0,0.0,0.0,0.0,0.0,2902.0
3279,yes,11462.0,0.0,0.0,0.0,0.0,11462.0
3505,yes,3823.0,0.0,0.0,0.0,0.0,3823.0
3512,yes,0.0,2063.0,0.0,0.0,0.0,2063.0
3615,yes,3781.0,0.0,0.0,0.0,0.0,3781.0
4784,yes,0.0,4572.0,0.0,0.0,0.0,4572.0
7637,yes,9397.0,8127.0,0.0,0.0,0.0,17524.0
8639,yes,0.0,3094.5,0.0,0.0,0.0,3094.5
10774,yes,3728.0,7066.0,0.0,0.0,0.0,10794.0
11053,yes,0.0,0.0,3619.1,0.0,0.0,3619.1
14,yes,3629.0,0.0,0.0,0.0,0.0,3629.0
62,yes,2273.0,0.0,0.0,0.0,0.0,2273.0
182,No,NULL,NULL,NULL,NULL,NULL,NULL
266,yes,0.0,0.0,4975.2,0.0,0.0,4975.2
319,yes,1057.0,6149.5,0.0,416.0,2196.0,9818.5
320,No,NULL,NULL,NULL,NULL,NULL,NULL
321,yes,1876.0,0.0,0.0,0.0,0.0,1876.0
350,yes,3791.0,0.0,0.0,0.0,0.0,3791.0
459,No,NULL,NULL,NULL,NULL,NULL,NULL
471,yes,4695.0,0.0,0.0,253.0,1133.0,6081.0
657,yes,1066.0,0.0,0.0,0.0,1862.0,2928.0
716,No,NULL,NULL,NULL,NULL,NULL,NULL
793,yes,1212.0,0.0,0.0,851.0,204.0,2267.0
838,No,NULL,NULL,NULL,NULL,NULL,NULL
903,yes,2580.0,0.0,0.0,0.0,0.0,2580.0
996,yes,1934.0,0.0,0.0,0.0,0.0,1934.0
998,yes,7641.0,0.0,0.0,0.0,0.0,7641.0
1058,yes,4761.0,0.0,0.0,0.0,408.0,5169.0
1098,yes,1626.0,0.0,0.0,0.0,0.0,1626.0
1373,yes,1628.0,0.0,0.0,0.0,346.0,1974.0
1379,yes,6953.0,0.0,0.0,0.0,0.0,6953.0
1491,yes,6966.0,0.0,0.0,0.0,0.0,6966.0
1499,yes,3666.0,0.0,0.0,0.0,0.0,3666.0
1548,yes,2106.0,0.0,0.0,0.0,0.0,2106.0
1554,yes,6551.0,0.0,0.0,0.0,0.0,6551.0
1563,No,NULL,NULL,NULL,NULL,NULL,NULL
1656,yes,12113.0,3954.3,0.0,0.0,0.0,16067.3
1813,yes,812.0,0.0,0.0,0.0,4350.0,5162.0
1845,yes,12537.0,0.0,0.0,0.0,0.0,12537.0
1847,yes,1815.0,0.0,0.0,0.0,0.0,1815.0
1885,No,NULL,NULL,NULL,NULL,NULL,NULL
2203,yes,2320.0,0.0,0.0,0.0,0.0,2320.0
2222,yes,0.0,0.0,4103.8,0.0,0.0,4103.8
2363,yes,2124.0,0.0,0.0,0.0,0.0,2124.0
2441,yes,4719.0,0.0,0.0,785.0,490.0,5994.0
2590,yes,1300.0,0.0,0.0,60.0,660.0,2020.0
2706,No,NULL,NULL,NULL,NULL,NULL,NULL
2793,yes,2301.0,0.0,0.0,0.0,0.0,2301.0
3238,yes,8109.0,0.0,0.0,0.0,793.0,8902.0
3349,yes,7601.0,0.0,0.0,0.0,0.0,7601.0
3654,yes,6946.0,0.0,0.0,0.0,0.0,6946.0
4321,No,NULL,NULL,NULL,NULL,NULL,NULL
4330,yes,4140.0,0.0,4609.6,0.0,1786.0,10535.6
4356,yes,0.0,0.0,1003.0,0.0,0.0,1003.0
4445,No,NULL,NULL,NULL,NULL,NULL,NULL
4852,yes,4794.0,5925.0,0.0,0.0,0.0,10719.0
5305,yes,0.0,5011.2,0.0,0.0,0.0,5011.2
5395,yes,0.0,4393.8,0.0,0.0,0.0,4393.8
6030,yes,0.0,1177.0,0.0,0.0,0.0,1177.0
8038,yes,5215.0,1494.0,0.0,0.0,0.0,6709.0
8533,yes,0.0,3626.0,0.0,0.0,0.0,3626.0
9031,yes,4228.0,2088.0,0.0,645.0,145.0,7106.0
9093,yes,1311.0,3155.0,0.0,0.0,2617.0,7083.0
66,yes,0.0,0.0,4471.3,0.0,0.0,4471.3
210,yes,7534.0,0.0,0.0,0.0,0.0,7534.0
593,No,NULL,NULL,NULL,NULL,NULL,NULL
900,yes,5950.0,0.0,0.0,0.0,0.0,5950.0
1112,No,NULL,NULL,NULL,NULL,NULL,NULL
1118,yes,3637.0,0.0,0.0,0.0,1388.0,5025.0
1232,No,NULL,NULL,NULL,NULL,NULL,NULL
1314,yes,6889.0,0.0,0.0,0.0,0.0,6889.0
1382,yes,2059.0,0.0,0.0,0.0,0.0,2059.0
1520,yes,2943.0,0.0,0.0,0.0,0.0,2943.0
1522,No,NULL,NULL,NULL,NULL,NULL,NULL
1564,No,NULL,NULL,NULL,NULL,NULL,NULL
1578,yes,1825.0,0.0,0.0,0.0,0.0,1825.0
1691,yes,720.0,0.0,0.0,0.0,1214.0,1934.0
1724,yes,1604.0,0.0,0.0,0.0,0.0,1604.0
1726,yes,4438.0,0.0,0.0,74.0,2197.0,6709.0
1871,No,NULL,NULL,NULL,NULL,NULL,NULL
1893,yes,6289.0,0.0,0.0,0.0,0.0,6289.0
1913,yes,2613.0,0.0,0.0,0.0,0.0,2613.0
1989,yes,1982.0,0.0,0.0,0.0,0.0,1982.0
1992,yes,4140.0,0.0,0.0,0.0,0.0,4140.0
2041,No,NULL,NULL,NULL,NULL,NULL,NULL
2103,yes,1482.0,0.0,0.0,0.0,2211.0,3693.0
2104,yes,6927.0,0.0,0.0,0.0,0.0,6927.0
2117,yes,7786.0,0.0,0.0,0.0,0.0,7786.0
2215,yes,2348.0,0.0,0.0,0.0,0.0,2348.0
2256,yes,3152.0,0.0,0.0,0.0,0.0,3152.0
2272,yes,3986.0,0.0,0.0,0.0,0.0,3986.0
2450,yes,1455.0,0.0,0.0,0.0,7915.0,9370.0
2563,yes,2984.0,0.0,0.0,0.0,0.0,2984.0
2566,No,NULL,NULL,NULL,NULL,NULL,NULL
2599,No,NULL,NULL,NULL,NULL,NULL,NULL
2625,yes,4978.0,0.0,1922.0,0.0,0.0,6900.0
2958,yes,3261.0,0.0,0.0,0.0,0.0,3261.0
3110,No,NULL,NULL,NULL,NULL,NULL,NULL
3118,yes,8886.0,0.0,0.0,0.0,0.0,8886.0
3134,yes,3268.0,0.0,0.0,0.0,0.0,3268.0
3161,yes,0.0,2501.0,0.0,0.0,0.0,2501.0
3417,No,NULL,NULL,NULL,NULL,NULL,NULL
3490,No,NULL,NULL,NULL,NULL,NULL,NULL
3629,yes,1894.0,2645.5,0.0,8742.0,368.0,13649.5
3837,yes,0.0,0.0,1377.6,0.0,0.0,1377.6
3845,yes,8866.0,0.0,0.0,0.0,0.0,8866.0
3950,yes,6955.0,0.0,1185.0,0.0,0.0,8140.0
4424,yes,0.0,0.0,720.0,0.0,0.0,720.0
4438,yes,0.0,0.0,658.0,0.0,0.0,658.0
5372,yes,0.0,0.0,2612.0,0.0,0.0,2612.0
6397,yes,0.0,3016.7,0.0,0.0,0.0,3016.7
6715,yes,0.0,2298.2,0.0,0.0,0.0,2298.2
6897,No,NULL,NULL,NULL,NULL,NULL,NULL
8158,yes,9538.0,6630.7,0.0,0.0,2148.0,18316.7
8330,yes,3708.0,319.0,0.0,0.0,0.0,4027.0
10904,yes,0.0,0.0,538.0,0.0,0.0,538.0
292,yes,1986.0,0.0,0.0,0.0,0.0,1986.0
296,yes,2646.0,0.0,0.0,0.0,0.0,2646.0
338,yes,2252.0,0.0,0.0,0.0,0.0,2252.0
410,yes,3825.0,0.0,0.0,0.0,0.0,3825.0
456,yes,0.0,0.0,4783.1,0.0,0.0,4783.1
468,yes,3735.0,0.0,0.0,0.0,499.0,4234.0
637,yes,1934.0,0.0,0.0,0.0,0.0,1934.0
674,yes,2058.0,0.0,0.0,0.0,0.0,2058.0
684,yes,1936.0,0.0,0.0,0.0,0.0,1936.0
706,No,NULL,NULL,NULL,NULL,NULL,NULL
733,No,NULL,NULL,NULL,NULL,NULL,NULL
791,yes,3054.0,0.0,0.0,0.0,0.0,3054.0
950,yes,8910.0,0.0,0.0,0.0,0.0,8910.0
1140,yes,2790.0,0.0,0.0,0.0,0.0,2790.0
1159,yes,6470.0,0.0,0.0,0.0,0.0,6470.0
1169,yes,7748.0,0.0,0.0,0.0,591.0,8339.0
1211,yes,3073.0,0.0,0.0,372.0,890.0,4335.0
1265,yes,1870.0,0.0,0.0,0.0,0.0,1870.0
1682,No,NULL,NULL,NULL,NULL,NULL,NULL
1955,yes,1964.0,0.0,0.0,0.0,0.0,1964.0
1980,yes,6879.0,0.0,0.0,0.0,0.0,6879.0
2291,yes,3825.0,0.0,0.0,0.0,0.0,3825.0
2304,No,NULL,NULL,NULL,NULL,NULL,NULL
2369,yes,7292.0,0.0,0.0,0.0,207.0,7499.0
2533,No,NULL,NULL,NULL,NULL,NULL,NULL
2666,yes,647.0,0.0,0.0,0.0,1287.0,1934.0
2698,No,NULL,NULL,NULL,NULL,NULL,NULL
2906,yes,2454.0,0.0,0.0,341.0,6863.0,9658.0
3012,yes,2601.0,0.0,0.0,0.0,0.0,2601.0
3370,yes,0.0,0.0,2385.5,0.0,0.0,2385.5
3397,yes,9400.0,0.0,0.0,0.0,0.0,9400.0
3542,yes,2267.0,0.0,0.0,0.0,0.0,2267.0
4082,No,NULL,NULL,NULL,NULL,NULL,NULL
5269,yes,793.0,1957.0,0.0,0.0,7260.0,10010.0
6064,No,NULL,NULL,NULL,NULL,NULL,NULL
6701,yes,0.0,2650.2,0.0,0.0,0.0,2650.2
7190,yes,5394.0,1056.0,0.0,0.0,0.0,6450.0
56,yes,8080.0,0.0,0.0,0.0,0.0,8080.0
237,yes,152.0,0.0,0.0,0.0,1788.0,1940.0
311,yes,4777.0,422.0,0.0,3375.0,726.0,9300.0
351,No,NULL,NULL,NULL,NULL,NULL,NULL
446,yes,6941.0,0.0,0.0,0.0,0.0,6941.0
562,No,NULL,NULL,NULL,NULL,NULL,NULL
590,No,NULL,NULL,NULL,NULL,NULL,NULL
757,yes,810.0,0.0,0.0,0.0,2289.0,3099.0
1002,yes,1293.0,0.0,0.0,470.0,1092.0,2855.0
1158,yes,2171.0,0.0,0.0,0.0,0.0,2171.0
1199,yes,1948.0,0.0,0.0,0.0,762.0,2710.0
1296,yes,1607.0,0.0,0.0,0.0,0.0,1607.0
1406,yes,2760.0,0.0,0.0,0.0,0.0,2760.0
1437,yes,1753.0,0.0,0.0,65.0,343.0,2161.0
1441,yes,2425.0,0.0,0.0,0.0,0.0,2425.0
1501,yes,2292.0,0.0,0.0,0.0,0.0,2292.0
1528,yes,0.0,3981.0,0.0,0.0,0.0,3981.0
1641,yes,7532.0,0.0,1977.6,423.0,1294.0,11226.6
1645,yes,9078.0,0.0,0.0,0.0,0.0,9078.0
1810,yes,5925.0,0.0,0.0,0.0,0.0,5925.0
1859,yes,2826.0,0.0,0.0,0.0,0.0,2826.0
1902,No,NULL,NULL,NULL,NULL,NULL,NULL
2162,yes,8468.0,0.0,0.0,0.0,0.0,8468.0
2266,No,NULL,NULL,NULL,NULL,NULL,NULL
2334,yes,10707.0,2013.0,0.0,0.0,0.0,12720.0
2584,yes,1576.0,0.0,0.0,0.0,0.0,1576.0
2674,No,NULL,NULL,NULL,NULL,NULL,NULL
2926,yes,1348.0,0.0,0.0,868.0,1792.0,4008.0
3175,yes,3280.0,0.0,0.0,0.0,0.0,3280.0
3562,yes,0.0,7290.5,0.0,0.0,0.0,7290.5
3616,No,NULL,NULL,NULL,NULL,NULL,NULL
3661,yes,3310.0,0.0,0.0,0.0,0.0,3310.0
3691,yes,3267.0,0.0,0.0,0.0,0.0,3267.0
3699,yes,7085.0,0.0,0.0,0.0,0.0,7085.0
3835,yes,6337.0,0.0,0.0,0.0,1247.0,7584.0
3865,yes,5947.0,0.0,0.0,0.0,0.0,5947.0
3890,yes,5467.0,0.0,0.0,0.0,0.0,5467.0
3945,No,NULL,NULL,NULL,NULL,NULL,NULL
4127,yes,11105.0,4200.2,0.0,69.0,221.0,15595.2
4240,No,NULL,NULL,NULL,NULL,NULL,NULL
4503,yes,0.0,2819.8,0.0,0.0,0.0,2819.8
5952,yes,3028.0,5885.3,0.0,3684.0,2968.0,15565.3
6461,yes,0.0,4192.5,0.0,0.0,0.0,4192.5
7713,yes,8418.0,3673.7,0.0,0.0,0.0,12091.7
8225,yes,0.0,3017.2,0.0,0.0,0.0,3017.2
10857,yes,0.0,6426.3,0.0,0.0,0.0,6426.3
10940,yes,7517.0,5493.0,0.0,0.0,0.0,13010.0
11317,yes,3849.0,5290.8,0.0,0.0,2784.0,11923.8
6,yes,3954.0,0.0,0.0,0.0,0.0,3954.0
142,yes,1845.0,0.0,0.0,0.0,0.0,1845.0
361,yes,1941.0,0.0,0.0,0.0,1388.0,3329.0
463,yes,6385.0,0.0,0.0,0.0,0.0,6385.0
646,yes,4876.0,0.0,0.0,0.0,0.0,4876.0
758,No,NULL,NULL,NULL,NULL,NULL,NULL
1353,yes,651.0,0.0,0.0,0.0,6646.0,7297.0
1506,yes,0.0,9498.0,0.0,0.0,0.0,9498.0
1509,yes,4943.0,0.0,0.0,0.0,2320.0,7263.0
1511,yes,0.0,0.0,1657.7,0.0,0.0,1657.7
1633,yes,2145.0,0.0,0.0,0.0,0.0,2145.0
1732,yes,8050.0,0.0,0.0,0.0,0.0,8050.0
1743,yes,2279.0,0.0,0.0,0.0,0.0,2279.0
1800,yes,5103.0,0.0,0.0,0.0,1643.0,6746.0
2030,yes,4325.0,0.0,0.0,0.0,0.0,4325.0
2135,yes,2740.0,0.0,0.0,0.0,4101.0,6841.0
2165,yes,12493.0,3274.8,0.0,0.0,0.0,15767.8
2205,yes,3042.0,0.0,0.0,0.0,0.0,3042.0
2342,yes,2164.0,0.0,0.0,0.0,0.0,2164.0
2353,yes,7732.0,0.0,0.0,0.0,1968.0,9700.0
2370,yes,9747.0,0.0,0.0,0.0,0.0,9747.0
2496,yes,4982.0,2752.0,0.0,0.0,0.0,7734.0
2531,yes,1614.0,0.0,0.0,0.0,0.0,1614.0
2648,No,NULL,NULL,NULL,NULL,NULL,NULL
2743,yes,3330.0,0.0,0.0,1870.0,2811.0,8011.0
2897,yes,5751.0,0.0,0.0,0.0,0.0,5751.0
2929,yes,226.0,0.0,3658.3,0.0,11789.0,15673.3
2995,No,NULL,NULL,NULL,NULL,NULL,NULL
3031,yes,2789.0,0.0,0.0,0.0,0.0,2789.0
3213,yes,1483.0,0.0,0.0,0.0,562.0,2045.0
3336,yes,2974.0,0.0,0.0,0.0,0.0,2974.0
3462,yes,1491.0,0.0,0.0,0.0,4743.0,6234.0
3491,yes,1542.0,0.0,0.0,4953.0,776.0,7271.0
3499,No,NULL,NULL,NULL,NULL,NULL,NULL
3545,yes,7358.0,0.0,0.0,0.0,0.0,7358.0
3626,yes,3068.0,0.0,0.0,0.0,5156.0,8224.0
3738,yes,5750.0,0.0,0.0,0.0,0.0,5750.0
3874,yes,5861.0,0.0,0.0,0.0,0.0,5861.0
3885,yes,0.0,0.0,1176.0,0.0,0.0,1176.0
3972,yes,7012.0,0.0,0.0,0.0,2012.0,9024.0
3984,yes,1803.0,0.0,0.0,0.0,0.0,1803.0
4258,No,NULL,NULL,NULL,NULL,NULL,NULL
4386,yes,11954.0,0.0,1590.0,0.0,0.0,13544.0
7045,yes,0.0,6015.3,0.0,0.0,0.0,6015.3
7957,yes,6164.0,3575.0,0.0,0.0,6055.0,15794.0
8320,yes,9105.0,5161.2,0.0,0.0,0.0,14266.2
8934,No,NULL,NULL,NULL,NULL,NULL,NULL
9227,yes,1784.0,3193.0,0.0,0.0,1164.0,6141.0
10562,No,NULL,NULL,NULL,NULL,NULL,NULL
26,yes,10387.0,0.0,0.0,0.0,0.0,10387.0
76,yes,5208.0,0.0,0.0,0.0,0.0,5208.0
131,yes,6904.0,0.0,0.0,0.0,0.0,6904.0
174,yes,2139.0,0.0,0.0,0.0,0.0,2139.0
323,yes,3025.0,0.0,0.0,0.0,0.0,3025.0
507,No,NULL,NULL,NULL,NULL,NULL,NULL
621,yes,366.0,0.0,0.0,0.0,3043.0,3409.0
816,yes,4514.0,2025.7,0.0,0.0,0.0,6539.7
858,yes,5456.0,0.0,0.0,0.0,0.0,5456.0
878,yes,3943.0,0.0,0.0,0.0,0.0,3943.0
1019,yes,8127.0,0.0,0.0,629.0,608.0,9364.0
1068,yes,4737.0,4219.5,0.0,632.0,3273.0,12861.5
1190,yes,8249.0,0.0,0.0,0.0,0.0,8249.0
1261,yes,9222.0,0.0,0.0,0.0,0.0,9222.0
1269,yes,6840.0,0.0,0.0,0.0,599.0,7439.0
1326,yes,96.0,0.0,0.0,1207.0,1740.0,3043.0
1340,yes,818.0,0.0,0.0,1120.0,472.0,2410.0
1370,yes,1852.0,0.0,0.0,0.0,0.0,1852.0
1523,yes,1684.0,0.0,0.0,0.0,9843.0,11527.0
1526,yes,4433.0,0.0,0.0,0.0,0.0,4433.0
1610,yes,6258.0,0.0,0.0,0.0,0.0,6258.0
1754,No,NULL,NULL,NULL,NULL,NULL,NULL
1785,yes,1722.0,0.0,0.0,0.0,0.0,1722.0
1824,yes,319.0,0.0,0.0,0.0,9515.0,9834.0
1867,No,NULL,NULL,NULL,NULL,NULL,NULL
1878,No,NULL,NULL,NULL,NULL,NULL,NULL
1940,yes,3106.0,0.0,0.0,0.0,0.0,3106.0
2008,yes,543.0,0.0,0.0,0.0,3655.0,4198.0
2134,yes,3118.0,637.0,0.0,0.0,641.0,4396.0
2255,yes,2084.0,0.0,0.0,0.0,0.0,2084.0
2445,yes,0.0,4886.0,0.0,0.0,0.0,4886.0
2552,yes,7035.0,0.0,0.0,0.0,0.0,7035.0
2725,yes,3197.0,1934.0,0.0,461.0,66.0,5658.0
2728,yes,11222.0,2607.0,0.0,0.0,0.0,13829.0
2871,yes,3829.0,0.0,0.0,0.0,0.0,3829.0
2876,yes,5231.0,0.0,0.0,0.0,0.0,5231.0
3236,yes,2388.0,0.0,0.0,0.0,0.0,2388.0
3265,No,NULL,NULL,NULL,NULL,NULL,NULL
3451,yes,7097.0,0.0,0.0,0.0,0.0,7097.0
3519,No,NULL,NULL,NULL,NULL,NULL,NULL
3638,yes,14417.0,0.0,0.0,0.0,0.0,14417.0
3768,No,NULL,NULL,NULL,NULL,NULL,NULL
3778,yes,3035.0,0.0,1515.0,0.0,0.0,4550.0
3894,yes,3366.0,0.0,0.0,0.0,0.0,3366.0
3906,yes,0.0,5577.3,0.0,0.0,0.0,5577.3
3923,yes,5037.0,0.0,0.0,0.0,0.0,5037.0
3961,yes,2309.0,0.0,0.0,0.0,0.0,2309.0
4079,yes,5009.0,3312.0,0.0,321.0,218.0,8860.0
4245,yes,4534.0,0.0,1663.0,0.0,0.0,6197.0
4851,yes,4285.0,5902.2,0.0,0.0,0.0,10187.2
5481,yes,0.0,4358.0,0.0,0.0,0.0,4358.0
5735,yes,0.0,4845.0,0.0,0.0,0.0,4845.0
7765,yes,8217.0,2332.0,0.0,0.0,0.0,10549.0
7859,yes,0.0,6010.2,0.0,0.0,0.0,6010.2
8212,yes,0.0,0.0,1280.0,0.0,0.0,1280.0
9790,yes,9210.0,2791.0,0.0,2488.0,993.0,15482.0
10607,No,NULL,NULL,NULL,NULL,NULL,NULL
108,yes,4803.0,0.0,0.0,0.0,0.0,4803.0
109,No,NULL,NULL,NULL,NULL,NULL,NULL
422,No,NULL,NULL,NULL,NULL,NULL,NULL
563,yes,6245.0,0.0,0.0,0.0,0.0,6245.0
655,yes,1899.0,0.0,0.0,193.0,2377.0,4469.0
672,No,NULL,NULL,NULL,NULL,NULL,NULL
786,yes,4953.0,0.0,0.0,0.0,365.0,5318.0
844,yes,1640.0,0.0,0.0,0.0,12531.0,14171.0
893,No,NULL,NULL,NULL,NULL,NULL,NULL
1241,yes,1368.0,0.0,0.0,227.0,2201.0,3796.0
1329,yes,3368.0,1960.2,0.0,0.0,5081.0,10409.2
1374,yes,0.0,8107.3,0.0,0.0,0.0,8107.3
1380,yes,8829.0,0.0,1200.0,0.0,1100.0,11129.0
1385,yes,9834.0,0.0,0.0,0.0,0.0,9834.0
1405,yes,2229.0,0.0,0.0,0.0,158.0,2387.0
1624,yes,2137.0,0.0,0.0,0.0,0.0,2137.0
1636,yes,4964.0,0.0,0.0,0.0,0.0,4964.0
1673,yes,2447.0,0.0,0.0,0.0,0.0,2447.0
1699,yes,3482.0,0.0,0.0,0.0,0.0,3482.0
1729,yes,6554.0,0.0,0.0,0.0,0.0,6554.0
1745,No,NULL,NULL,NULL,NULL,NULL,NULL
1751,No,NULL,NULL,NULL,NULL,NULL,NULL
1760,yes,1709.0,0.0,0.0,0.0,0.0,1709.0
1795,yes,3850.0,0.0,0.0,0.0,0.0,3850.0
2035,yes,8404.0,4898.2,0.0,121.0,1010.0,14433.2
2555,yes,5464.0,0.0,0.0,0.0,2261.0,7725.0
2734,yes,883.0,0.0,0.0,1293.0,3310.0,5486.0
2764,yes,1024.0,0.0,0.0,0.0,2382.0,3406.0
2804,No,NULL,NULL,NULL,NULL,NULL,NULL
2806,yes,5068.0,0.0,0.0,0.0,0.0,5068.0
3108,yes,1560.0,0.0,0.0,0.0,482.0,2042.0
3258,yes,8565.0,0.0,1646.0,0.0,213.0,10424.0
3272,yes,466.0,0.0,0.0,1126.0,1873.0,3465.0
3297,No,NULL,NULL,NULL,NULL,NULL,NULL
3406,yes,2820.0,0.0,0.0,0.0,0.0,2820.0
3444,No,NULL,NULL,NULL,NULL,NULL,NULL
3485,yes,399.0,0.0,0.0,0.0,5428.0,5827.0
3579,yes,3460.0,0.0,0.0,0.0,0.0,3460.0
3622,yes,9698.0,0.0,0.0,0.0,2286.0,11984.0
3637,yes,4877.0,1169.0,0.0,0.0,219.0,6265.0
3656,No,NULL,NULL,NULL,NULL,NULL,NULL
3702,yes,9650.0,0.0,418.0,0.0,0.0,10068.0
3796,yes,8301.0,0.0,0.0,0.0,0.0,8301.0
3807,yes,4828.0,0.0,0.0,0.0,0.0,4828.0
3859,yes,0.0,5120.2,0.0,0.0,0.0,5120.2
3918,yes,4865.0,0.0,0.0,0.0,0.0,4865.0
4537,yes,0.0,0.0,1352.1,0.0,0.0,1352.1
5001,yes,9292.0,4588.5,0.0,0.0,0.0,13880.5
5661,yes,0.0,0.0,1653.6,0.0,0.0,1653.6
8713,yes,0.0,2845.0,0.0,0.0,0.0,2845.0
10,yes,7033.0,0.0,1344.0,0.0,0.0,8377.0
21,yes,6276.0,0.0,0.0,0.0,0.0,6276.0
86,yes,1002.0,0.0,0.0,0.0,1160.0,2162.0
130,yes,3969.0,0.0,0.0,0.0,0.0,3969.0
188,yes,7426.0,0.0,0.0,0.0,0.0,7426.0
208,yes,4148.0,0.0,0.0,986.0,2312.0,7446.0
261,yes,2182.0,0.0,0.0,0.0,371.0,2553.0
284,yes,5629.0,0.0,0.0,0.0,0.0,5629.0
327,yes,3252.0,0.0,0.0,0.0,3805.0,7057.0
344,yes,4739.0,1683.0,0.0,0.0,0.0,6422.0
430,No,NULL,NULL,NULL,NULL,NULL,NULL
442,yes,5606.0,7455.0,0.0,0.0,2068.0,15129.0
455,yes,8339.0,0.0,0.0,0.0,0.0,8339.0
530,No,NULL,NULL,NULL,NULL,NULL,NULL
545,yes,3306.0,0.0,0.0,0.0,0.0,3306.0
586,No,NULL,NULL,NULL,NULL,NULL,NULL
594,yes,2054.0,0.0,0.0,0.0,0.0,2054.0
599,yes,3118.0,0.0,0.0,0.0,967.0,4085.0
682,yes,1477.0,0.0,0.0,0.0,537.0,2014.0
696,yes,1579.0,0.0,0.0,0.0,0.0,1579.0
703,yes,2306.0,0.0,0.0,0.0,0.0,2306.0
720,yes,3916.0,0.0,0.0,0.0,0.0,3916.0
741,No,NULL,NULL,NULL,NULL,NULL,NULL
790,yes,0.0,4335.8,0.0,0.0,0.0,4335.8
888,yes,1592.0,0.0,0.0,0.0,0.0,1592.0
929,yes,5884.0,0.0,0.0,0.0,0.0,5884.0
973,yes,2909.0,0.0,0.0,0.0,0.0,2909.0
982,yes,2505.0,0.0,0.0,148.0,380.0,3033.0
997,yes,1046.0,0.0,0.0,688.0,736.0,2470.0
1005,yes,7896.0,0.0,3302.0,0.0,0.0,11198.0
1093,yes,10261.0,8022.8,0.0,0.0,0.0,18283.8
1095,yes,1119.0,0.0,0.0,896.0,5560.0,7575.0
1110,yes,5427.0,0.0,0.0,0.0,0.0,5427.0
1274,No,NULL,NULL,NULL,NULL,NULL,NULL
1308,yes,3206.0,0.0,0.0,0.0,0.0,3206.0
1335,yes,5367.0,0.0,0.0,0.0,1044.0,6411.0
1411,yes,5174.0,0.0,0.0,0.0,0.0,5174.0
1443,yes,7505.0,0.0,0.0,0.0,0.0,7505.0
1460,yes,3417.0,0.0,0.0,0.0,0.0,3417.0
1468,yes,439.0,0.0,0.0,0.0,1710.0,2149.0
1479,yes,2162.0,0.0,0.0,0.0,0.0,2162.0
1532,yes,7903.0,0.0,0.0,0.0,0.0,7903.0
1537,No,NULL,NULL,NULL,NULL,NULL,NULL
1556,yes,1837.0,0.0,0.0,0.0,0.0,1837.0
1604,yes,7088.0,0.0,0.0,0.0,0.0,7088.0
1818,No,NULL,NULL,NULL,NULL,NULL,NULL
1833,yes,1674.0,0.0,0.0,0.0,0.0,1674.0
1861,yes,1574.0,0.0,0.0,0.0,1519.0,3093.0
1884,No,NULL,NULL,NULL,NULL,NULL,NULL
1983,No,NULL,NULL,NULL,NULL,NULL,NULL
1987,No,NULL,NULL,NULL,NULL,NULL,NULL
1995,yes,2944.0,0.0,0.0,0.0,0.0,2944.0
2013,No,NULL,NULL,NULL,NULL,NULL,NULL
2017,yes,1855.0,0.0,0.0,0.0,816.0,2671.0
2034,yes,8744.0,0.0,0.0,0.0,0.0,8744.0
2064,yes,0.0,2322.7,0.0,0.0,0.0,2322.7
2183,No,NULL,NULL,NULL,NULL,NULL,NULL
2194,yes,9386.0,0.0,0.0,0.0,0.0,9386.0
2267,yes,3143.0,0.0,0.0,0.0,0.0,3143.0
2330,yes,1662.0,0.0,0.0,0.0,601.0,2263.0
2359,yes,3119.0,0.0,0.0,0.0,0.0,3119.0
2410,yes,3410.0,0.0,0.0,0.0,0.0,3410.0
2451,yes,6944.0,0.0,0.0,0.0,0.0,6944.0
2540,No,NULL,NULL,NULL,NULL,NULL,NULL
2578,yes,2846.0,0.0,0.0,0.0,0.0,2846.0
2610,yes,1842.0,0.0,0.0,0.0,0.0,1842.0
2645,yes,389.0,0.0,725.0,5457.0,1641.0,8212.0
2757,yes,2077.0,0.0,0.0,0.0,0.0,2077.0
2767,yes,4664.0,0.0,0.0,1275.0,1333.0,7272.0
2788,yes,3803.0,0.0,0.0,0.0,0.0,3803.0
2799,yes,1043.0,0.0,0.0,2493.0,4870.0,8406.0
2821,yes,3933.0,0.0,0.0,0.0,2122.0,6055.0
2825,yes,5284.0,0.0,0.0,0.0,0.0,5284.0
2853,yes,2472.0,0.0,0.0,0.0,0.0,2472.0
2860,No,NULL,NULL,NULL,NULL,NULL,NULL
2864,yes,890.0,0.0,0.0,6308.0,413.0,7611.0
2898,yes,6655.0,0.0,0.0,0.0,0.0,6655.0
2921,yes,6797.0,0.0,0.0,0.0,0.0,6797.0
2940,yes,7156.0,0.0,0.0,0.0,0.0,7156.0
2946,yes,2672.0,0.0,0.0,0.0,0.0,2672.0
2996,yes,7282.0,0.0,0.0,99.0,417.0,7798.0
3076,yes,2715.0,0.0,0.0,0.0,0.0,2715.0
3116,yes,9037.0,0.0,0.0,0.0,0.0,9037.0
3147,yes,7729.0,0.0,0.0,33.0,65.0,7827.0
3246,yes,4621.0,0.0,0.0,0.0,0.0,4621.0
3288,yes,2471.0,0.0,0.0,0.0,0.0,2471.0
3357,yes,1841.0,0.0,0.0,0.0,0.0,1841.0
3457,yes,2796.0,0.0,0.0,0.0,0.0,2796.0
3495,yes,5079.0,0.0,0.0,0.0,0.0,5079.0
3547,yes,2684.0,0.0,0.0,0.0,0.0,2684.0
3592,yes,3360.0,0.0,0.0,0.0,0.0,3360.0
3601,yes,1794.0,0.0,0.0,0.0,0.0,1794.0
3649,yes,6468.0,0.0,0.0,0.0,4.0,6472.0
3659,yes,1672.0,0.0,0.0,2205.0,3817.0,7694.0
3726,yes,6785.0,0.0,0.0,0.0,2588.0,9373.0
3736,yes,3500.0,0.0,0.0,0.0,0.0,3500.0
3834,yes,3114.0,1921.0,0.0,3189.0,637.0,8861.0
3857,yes,2183.0,0.0,0.0,0.0,0.0,2183.0
3905,yes,7689.0,0.0,0.0,0.0,0.0,7689.0
3949,No,NULL,NULL,NULL,NULL,NULL,NULL
3962,No,NULL,NULL,NULL,NULL,NULL,NULL
3967,yes,0.0,2349.5,0.0,0.0,0.0,2349.5
3993,yes,7616.0,0.0,0.0,0.0,0.0,7616.0
4001,No,NULL,NULL,NULL,NULL,NULL,NULL
4099,yes,1926.0,872.0,0.0,1298.0,403.0,4499.0
4109,No,NULL,NULL,NULL,NULL,NULL,NULL
4121,No,NULL,NULL,NULL,NULL,NULL,NULL
4266,yes,9098.0,0.0,507.0,0.0,0.0,9605.0
4442,yes,8590.0,0.0,1502.0,0.0,0.0,10092.0
4484,No,NULL,NULL,NULL,NULL,NULL,NULL
4746,yes,0.0,3413.0,0.0,0.0,0.0,3413.0
4981,yes,4930.0,3736.0,0.0,0.0,0.0,8666.0
5033,yes,1820.0,950.0,0.0,2196.0,754.0,5720.0
5180,yes,0.0,4897.0,0.0,0.0,0.0,4897.0
5369,No,NULL,NULL,NULL,NULL,NULL,NULL
5891,yes,0.0,5432.3,0.0,0.0,0.0,5432.3
6138,yes,10869.0,2817.3,0.0,0.0,0.0,13686.3
6678,yes,0.0,6133.0,0.0,0.0,0.0,6133.0
7101,No,NULL,NULL,NULL,NULL,NULL,NULL
7542,yes,3683.0,9847.0,0.0,0.0,3389.0,16919.0
7966,yes,0.0,7887.7,0.0,0.0,0.0,7887.7
8092,yes,6216.0,935.0,0.0,0.0,0.0,7151.0
8523,yes,0.0,7753.3,0.0,0.0,0.0,7753.3
9424,yes,0.0,2322.7,0.0,0.0,0.0,2322.7
9730,yes,258.0,1934.0,0.0,0.0,4764.0,6956.0
9731,yes,4967.0,3160.7,0.0,0.0,1320.0,9447.7
10266,yes,0.0,3151.3,0.0,0.0,0.0,3151.3
11328,yes,0.0,4674.0,0.0,0.0,0.0,4674.0
98,yes,2318.0,0.0,0.0,0.0,0.0,2318.0
113,yes,3146.0,0.0,0.0,0.0,0.0,3146.0
121,yes,794.0,0.0,0.0,393.0,929.0,2116.0
124,yes,447.0,0.0,0.0,971.0,575.0,1993.0
180,No,NULL,NULL,NULL,NULL,NULL,NULL
192,yes,3583.0,0.0,0.0,0.0,0.0,3583.0
243,yes,3067.0,0.0,1041.0,0.0,0.0,4108.0
372,yes,7785.0,0.0,0.0,0.0,2148.0,9933.0
405,yes,9632.0,0.0,1339.0,3579.0,1497.0,16047.0
497,yes,3405.0,0.0,0.0,0.0,0.0,3405.0
576,yes,3662.0,0.0,0.0,0.0,0.0,3662.0
704,yes,2141.0,0.0,0.0,0.0,1197.0,3338.0
939,yes,2108.0,0.0,0.0,0.0,0.0,2108.0
1080,yes,6185.0,0.0,0.0,0.0,0.0,6185.0
1087,No,NULL,NULL,NULL,NULL,NULL,NULL
1105,yes,1839.0,0.0,0.0,0.0,4015.0,5854.0
1187,yes,2288.0,0.0,0.0,0.0,0.0,2288.0
1270,yes,4162.0,2077.3,0.0,0.0,0.0,6239.3
1284,yes,0.0,4375.5,0.0,0.0,0.0,4375.5
1302,yes,3924.0,0.0,0.0,0.0,0.0,3924.0
1348,yes,5025.0,0.0,0.0,492.0,17.0,5534.0
1440,yes,56.0,0.0,0.0,56.0,2020.0,2132.0
1663,yes,2640.0,0.0,0.0,0.0,0.0,2640.0
1689,yes,2128.0,0.0,0.0,0.0,0.0,2128.0
1819,yes,966.0,3990.8,0.0,8253.0,1236.0,14445.8
1851,yes,3649.0,0.0,0.0,0.0,0.0,3649.0
2029,No,NULL,NULL,NULL,NULL,NULL,NULL
2079,No,NULL,NULL,NULL,NULL,NULL,NULL
2144,No,NULL,NULL,NULL,NULL,NULL,NULL
2325,yes,1334.0,0.0,0.0,2270.0,2155.0,5759.0
2459,yes,1971.0,0.0,0.0,0.0,0.0,1971.0
2517,yes,11769.0,0.0,0.0,0.0,0.0,11769.0
2621,yes,2819.0,0.0,0.0,0.0,0.0,2819.0
2657,yes,2174.0,0.0,0.0,0.0,0.0,2174.0
2928,yes,3566.0,0.0,0.0,0.0,0.0,3566.0
3056,yes,2901.0,0.0,0.0,0.0,0.0,2901.0
3224,yes,3958.0,0.0,0.0,0.0,0.0,3958.0
3378,yes,6387.0,0.0,0.0,0.0,0.0,6387.0
3472,yes,9623.0,0.0,0.0,227.0,138.0,9988.0
3546,yes,1658.0,0.0,0.0,0.0,4795.0,6453.0
3584,yes,12078.0,0.0,3382.7,0.0,98.0,15558.7
3667,yes,2975.0,0.0,0.0,0.0,0.0,2975.0
3763,yes,3232.0,0.0,0.0,0.0,3623.0,6855.0
3974,yes,4670.0,0.0,0.0,0.0,0.0,4670.0
4143,yes,0.0,0.0,1896.0,0.0,0.0,1896.0
4225,No,NULL,NULL,NULL,NULL,NULL,NULL
5215,yes,2.0,1219.0,0.0,372.0,6185.0,7778.0
7052,yes,0.0,1776.7,0.0,0.0,0.0,1776.7
7965,yes,7268.0,5955.0,0.0,0.0,0.0,13223.0
10105,yes,0.0,5079.0,0.0,0.0,0.0,5079.0
10364,yes,6262.0,609.0,0.0,0.0,0.0,6871.0
10520,yes,0.0,6959.8,0.0,0.0,0.0,6959.8
10613,yes,0.0,5204.2,0.0,0.0,0.0,5204.2
250,yes,3066.0,0.0,0.0,0.0,0.0,3066.0
290,yes,2653.0,2577.0,0.0,0.0,3274.0,8504.0
500,yes,3267.0,0.0,2629.6,0.0,539.0,6435.6
799,No,NULL,NULL,NULL,NULL,NULL,NULL
815,yes,1949.0,0.0,0.0,0.0,0.0,1949.0
874,yes,1053.0,0.0,1642.3,0.0,7025.0,9720.3
917,yes,4669.0,0.0,0.0,0.0,0.0,4669.0
1020,yes,1874.0,0.0,0.0,10.0,105.0,1989.0
1126,yes,2791.0,0.0,0.0,0.0,0.0,2791.0
1307,yes,3297.0,0.0,0.0,0.0,0.0,3297.0
1317,yes,3493.0,0.0,0.0,0.0,0.0,3493.0
1318,yes,8677.0,5154.0,0.0,2015.0,2506.0,18352.0
1319,yes,6185.0,0.0,0.0,1362.0,884.0,8431.0
1357,yes,2290.0,0.0,0.0,0.0,0.0,2290.0
1664,yes,5454.0,0.0,0.0,0.0,0.0,5454.0
1667,No,NULL,NULL,NULL,NULL,NULL,NULL
1692,No,NULL,NULL,NULL,NULL,NULL,NULL
1702,yes,4689.0,0.0,0.0,0.0,0.0,4689.0
1793,yes,5182.0,0.0,1345.0,0.0,0.0,6527.0
1945,No,NULL,NULL,NULL,NULL,NULL,NULL
2095,No,NULL,NULL,NULL,NULL,NULL,NULL
2463,yes,3077.0,0.0,0.0,0.0,0.0,3077.0
2654,yes,3861.0,0.0,0.0,0.0,0.0,3861.0
2817,No,NULL,NULL,NULL,NULL,NULL,NULL
2858,yes,5333.0,0.0,500.0,0.0,786.0,6619.0
2924,No,NULL,NULL,NULL,NULL,NULL,NULL
3070,yes,3374.0,0.0,0.0,0.0,0.0,3374.0
3094,yes,5421.0,0.0,0.0,21.0,27.0,5469.0
3132,yes,3520.0,0.0,0.0,13.0,855.0,4388.0
3244,yes,1858.0,0.0,0.0,0.0,219.0,2077.0
3319,yes,66.0,0.0,0.0,0.0,2154.0,2220.0
3632,yes,0.0,0.0,2544.0,0.0,0.0,2544.0
3717,yes,10727.0,0.0,1558.2,0.0,0.0,12285.2
3830,yes,5498.0,0.0,0.0,0.0,0.0,5498.0
3927,yes,1926.0,0.0,0.0,0.0,1400.0,3326.0
4009,No,NULL,NULL,NULL,NULL,NULL,NULL
4014,No,NULL,NULL,NULL,NULL,NULL,NULL
4260,yes,12006.0,4075.5,0.0,0.0,0.0,16081.5
4550,yes,1113.0,1022.0,0.0,424.0,1607.0,4166.0
4659,No,NULL,NULL,NULL,NULL,NULL,NULL
6051,yes,0.0,7685.0,0.0,0.0,0.0,7685.0
6281,No,NULL,NULL,NULL,NULL,NULL,NULL
7559,yes,4112.0,1066.0,0.0,0.0,0.0,5178.0
9167,yes,4950.0,4537.3,0.0,545.0,887.0,10919.3
8,yes,2612.0,0.0,0.0,0.0,6712.0,9324.0
515,yes,2750.0,0.0,0.0,0.0,0.0,2750.0
633,yes,3177.0,0.0,0.0,0.0,0.0,3177.0
797,No,NULL,NULL,NULL,NULL,NULL,NULL
852,yes,69.0,0.0,0.0,0.0,2013.0,2082.0
1030,yes,1714.0,0.0,0.0,0.0,0.0,1714.0
1050,yes,5673.0,0.0,0.0,0.0,0.0,5673.0
1053,yes,1043.0,0.0,0.0,0.0,2439.0,3482.0
1266,yes,9291.0,0.0,0.0,0.0,0.0,9291.0
1305,No,NULL,NULL,NULL,NULL,NULL,NULL
1381,yes,2705.0,0.0,0.0,0.0,0.0,2705.0
1429,yes,2166.0,0.0,0.0,0.0,0.0,2166.0
1446,yes,4877.0,0.0,0.0,0.0,0.0,4877.0
1496,yes,6931.0,0.0,0.0,33.0,161.0,7125.0
1525,yes,1625.0,0.0,0.0,0.0,0.0,1625.0
1579,yes,3377.0,0.0,0.0,0.0,0.0,3377.0
1599,yes,1337.0,0.0,0.0,0.0,4004.0,5341.0
1740,yes,2713.0,0.0,0.0,0.0,0.0,2713.0
1965,yes,9541.0,0.0,0.0,0.0,0.0,9541.0
1978,yes,7001.0,5700.3,0.0,356.0,5900.0,18957.3
2169,yes,6235.0,0.0,1530.0,0.0,875.0,8640.0
2257,yes,2005.0,0.0,0.0,0.0,0.0,2005.0
2295,No,NULL,NULL,NULL,NULL,NULL,NULL
2465,yes,3630.0,0.0,0.0,0.0,0.0,3630.0
2541,yes,1822.0,0.0,0.0,1897.0,2238.0,5957.0
2548,No,NULL,NULL,NULL,NULL,NULL,NULL
2586,No,NULL,NULL,NULL,NULL,NULL,NULL
2754,yes,2882.0,6985.3,0.0,0.0,226.0,10093.3
2823,yes,2210.0,0.0,0.0,0.0,0.0,2210.0
2850,yes,2038.0,0.0,0.0,0.0,0.0,2038.0
2915,No,NULL,NULL,NULL,NULL,NULL,NULL
2947,yes,2228.0,0.0,0.0,0.0,0.0,2228.0
3080,yes,3359.0,0.0,0.0,0.0,0.0,3359.0
3149,No,NULL,NULL,NULL,NULL,NULL,NULL
3560,yes,3350.0,0.0,0.0,0.0,0.0,3350.0
3590,yes,8939.0,0.0,0.0,0.0,0.0,8939.0
3938,yes,3869.0,0.0,0.0,0.0,0.0,3869.0
4033,yes,1494.0,1756.0,0.0,0.0,2808.0,6058.0
5477,yes,6342.0,7279.3,0.0,0.0,0.0,13621.3
7082,yes,6359.0,4045.0,0.0,15.0,1466.0,11885.0
9242,yes,0.0,1932.0,0.0,0.0,0.0,1932.0
155,yes,2988.0,0.0,0.0,0.0,0.0,2988.0
478,yes,8137.0,0.0,0.0,0.0,0.0,8137.0
513,yes,7908.0,0.0,0.0,0.0,0.0,7908.0
675,yes,6358.0,1704.0,0.0,0.0,0.0,8062.0
713,yes,3581.0,0.0,0.0,0.0,0.0,3581.0
920,yes,2437.0,0.0,0.0,0.0,0.0,2437.0
949,No,NULL,NULL,NULL,NULL,NULL,NULL
1246,yes,3239.0,0.0,0.0,0.0,0.0,3239.0
1320,yes,4377.0,0.0,0.0,149.0,987.0,5513.0
1414,yes,1920.0,0.0,0.0,1817.0,5397.0,9134.0
2056,No,NULL,NULL,NULL,NULL,NULL,NULL
2155,yes,735.0,0.0,0.0,0.0,1534.0,2269.0
2221,yes,1455.0,0.0,0.0,0.0,719.0,2174.0
2319,yes,9510.0,0.0,0.0,0.0,0.0,9510.0
2623,yes,2891.0,0.0,0.0,0.0,0.0,2891.0
2664,yes,3453.0,0.0,0.0,0.0,475.0,3928.0
2711,yes,7300.0,0.0,871.0,0.0,0.0,8171.0
2803,yes,0.0,0.0,1904.0,0.0,0.0,1904.0
2909,yes,7036.0,0.0,0.0,0.0,0.0,7036.0
3337,yes,5743.0,0.0,0.0,0.0,0.0,5743.0
3376,yes,6794.0,0.0,0.0,0.0,0.0,6794.0
3448,yes,0.0,2860.7,0.0,0.0,0.0,2860.7
3480,No,NULL,NULL,NULL,NULL,NULL,NULL
3538,No,NULL,NULL,NULL,NULL,NULL,NULL
3556,yes,4240.0,2913.8,0.0,0.0,984.0,8137.8
3576,yes,1668.0,0.0,0.0,0.0,0.0,1668.0
3676,yes,3319.0,0.0,0.0,0.0,0.0,3319.0
3903,yes,6583.0,0.0,0.0,0.0,0.0,6583.0
4026,yes,2618.0,0.0,2620.4,0.0,9711.0,14949.4
4105,No,NULL,NULL,NULL,NULL,NULL,NULL
4480,No,NULL,NULL,NULL,NULL,NULL,NULL
5126,yes,4208.0,424.0,0.0,0.0,0.0,4632.0
170,No,NULL,NULL,NULL,NULL,NULL,NULL
178,yes,1482.0,0.0,0.0,0.0,505.0,1987.0
354,yes,4771.0,0.0,0.0,0.0,0.0,4771.0
388,yes,6524.0,0.0,0.0,0.0,0.0,6524.0
450,yes,2404.0,0.0,0.0,0.0,0.0,2404.0
784,yes,1485.0,0.0,0.0,109.0,1916.0,3510.0
829,yes,2120.0,0.0,0.0,0.0,0.0,2120.0
906,yes,2240.0,0.0,0.0,0.0,0.0,2240.0
913,yes,2128.0,0.0,0.0,4499.0,2357.0,8984.0
925,yes,5395.0,0.0,1068.0,0.0,0.0,6463.0
931,yes,998.0,0.0,0.0,461.0,2015.0,3474.0
947,yes,1546.0,0.0,0.0,0.0,1143.0,2689.0
955,yes,7411.0,0.0,0.0,0.0,0.0,7411.0
1013,yes,2081.0,0.0,0.0,0.0,0.0,2081.0
1074,yes,0.0,0.0,1416.0,0.0,0.0,1416.0
1144,yes,2250.0,0.0,0.0,0.0,0.0,2250.0
1156,No,NULL,NULL,NULL,NULL,NULL,NULL
1189,yes,1944.0,0.0,0.0,0.0,344.0,2288.0
1331,yes,1096.0,0.0,0.0,0.0,3320.0,4416.0
1332,yes,4755.0,0.0,0.0,0.0,0.0,4755.0
1378,yes,2953.0,0.0,0.0,693.0,2228.0,5874.0
1553,No,NULL,NULL,NULL,NULL,NULL,NULL
1680,yes,5955.0,0.0,0.0,0.0,0.0,5955.0
1784,yes,1785.0,0.0,0.0,0.0,0.0,1785.0
1889,yes,3298.0,0.0,0.0,0.0,0.0,3298.0
2073,yes,0.0,1860.0,0.0,0.0,0.0,1860.0
2192,yes,5743.0,0.0,1852.0,1428.0,7.0,9030.0
2338,yes,0.0,0.0,1207.8,0.0,0.0,1207.8
2382,yes,3123.0,0.0,0.0,0.0,0.0,3123.0
2561,yes,7764.0,0.0,0.0,0.0,0.0,7764.0
2672,yes,2111.0,0.0,0.0,0.0,211.0,2322.0
2739,yes,414.0,0.0,0.0,0.0,4173.0,4587.0
3068,yes,3878.0,0.0,0.0,0.0,0.0,3878.0
3084,yes,0.0,7042.0,0.0,0.0,0.0,7042.0
3187,No,NULL,NULL,NULL,NULL,NULL,NULL
3251,yes,2021.0,0.0,0.0,0.0,0.0,2021.0
3342,yes,8335.0,0.0,0.0,0.0,0.0,8335.0
3435,yes,3090.0,0.0,0.0,0.0,0.0,3090.0
3531,yes,2868.0,0.0,0.0,0.0,0.0,2868.0
3534,yes,2189.0,0.0,0.0,0.0,4075.0,6264.0
3573,No,NULL,NULL,NULL,NULL,NULL,NULL
3586,No,NULL,NULL,NULL,NULL,NULL,NULL
3596,No,NULL,NULL,NULL,NULL,NULL,NULL
3623,yes,2490.0,0.0,0.0,0.0,105.0,2595.0
3742,yes,2969.0,0.0,0.0,0.0,0.0,2969.0
3877,yes,3711.0,0.0,0.0,0.0,0.0,3711.0
3958,No,NULL,NULL,NULL,NULL,NULL,NULL
3978,yes,3616.0,0.0,0.0,1997.0,692.0,6305.0
5648,No,NULL,NULL,NULL,NULL,NULL,NULL
7565,yes,6649.0,3197.8,0.0,0.0,228.0,10074.8
7944,No,NULL,NULL,NULL,NULL,NULL,NULL
8114,yes,5958.0,1655.0,0.0,0.0,494.0,8107.0
8268,yes,1999.0,359.0,0.0,0.0,5870.0,8228.0
9353,yes,10240.0,7859.0,0.0,0.0,0.0,18099.0
9433,yes,0.0,1860.0,0.0,0.0,0.0,1860.0
9513,yes,8319.0,1527.0,0.0,0.0,0.0,9846.0
11054,yes,11506.0,2482.0,0.0,0.0,0.0,13988.0
7,yes,4880.0,0.0,0.0,0.0,0.0,4880.0
114,yes,2123.0,0.0,0.0,0.0,0.0,2123.0
162,yes,3458.0,0.0,0.0,0.0,0.0,3458.0
164,No,NULL,NULL,NULL,NULL,NULL,NULL
301,yes,1950.0,0.0,0.0,0.0,0.0,1950.0
494,yes,8728.0,0.0,2629.6,0.0,207.0,11564.6
520,yes,2332.0,0.0,0.0,0.0,0.0,2332.0
671,No,NULL,NULL,NULL,NULL,NULL,NULL
728,yes,1143.0,0.0,1863.0,0.0,4119.0,7125.0
821,yes,1436.0,0.0,0.0,0.0,651.0,2087.0
867,yes,9718.0,0.0,0.0,405.0,2820.0,12943.0
901,yes,1910.0,0.0,0.0,0.0,0.0,1910.0
911,yes,9600.0,0.0,0.0,0.0,968.0,10568.0
918,yes,10076.0,0.0,0.0,0.0,2039.0,12115.0
1137,yes,2121.0,0.0,0.0,0.0,0.0,2121.0
1311,yes,9327.0,0.0,0.0,0.0,0.0,9327.0
1321,yes,2683.0,0.0,636.0,0.0,0.0,3319.0
1366,yes,4773.0,0.0,0.0,1.0,310.0,5084.0
1392,yes,3081.0,0.0,0.0,0.0,4216.0,7297.0
1445,yes,1361.0,0.0,0.0,1075.0,2088.0,4524.0
1541,No,NULL,NULL,NULL,NULL,NULL,NULL
1628,yes,2850.0,0.0,0.0,0.0,0.0,2850.0
1715,No,NULL,NULL,NULL,NULL,NULL,NULL
1777,yes,1240.0,0.0,0.0,1657.0,1418.0,4315.0
1881,yes,2046.0,0.0,0.0,0.0,3640.0,5686.0
1910,yes,851.0,0.0,0.0,0.0,2336.0,3187.0
1922,No,NULL,NULL,NULL,NULL,NULL,NULL
1941,No,NULL,NULL,NULL,NULL,NULL,NULL
2219,yes,0.0,0.0,4103.8,0.0,0.0,4103.8
2307,yes,3459.0,0.0,0.0,0.0,0.0,3459.0
2385,yes,0.0,0.0,1305.0,0.0,0.0,1305.0
2472,yes,4109.0,0.0,1233.0,0.0,0.0,5342.0
2505,yes,1961.0,0.0,0.0,0.0,0.0,1961.0
2580,yes,5016.0,1489.0,0.0,0.0,0.0,6505.0
2618,yes,3223.0,0.0,0.0,0.0,0.0,3223.0
2745,yes,1076.0,0.0,0.0,1465.0,6986.0,9527.0
2970,No,NULL,NULL,NULL,NULL,NULL,NULL
3050,yes,9716.0,6907.5,0.0,41.0,119.0,16783.5
3111,yes,3641.0,0.0,0.0,0.0,0.0,3641.0
3494,yes,3599.0,0.0,0.0,0.0,0.0,3599.0
3866,No,NULL,NULL,NULL,NULL,NULL,NULL
4102,No,NULL,NULL,NULL,NULL,NULL,NULL
4448,yes,0.0,5353.5,0.0,0.0,0.0,5353.5
4458,No,NULL,NULL,NULL,NULL,NULL,NULL
4969,yes,8309.0,2502.8,0.0,0.0,610.0,11421.8
6902,yes,3738.0,1370.0,0.0,0.0,827.0,5935.0
7824,yes,2156.0,7903.8,0.0,0.0,1525.0,11584.8
8645,yes,8919.0,4015.0,0.0,0.0,0.0,12934.0
9928,yes,5016.0,1489.0,0.0,0.0,0.0,6505.0
10436,yes,0.0,1511.0,0.0,0.0,0.0,1511.0
10670,No,NULL,NULL,NULL,NULL,NULL,NULL
206,yes,2902.0,0.0,0.0,0.0,0.0,2902.0
308,yes,0.0,0.0,1284.0,0.0,0.0,1284.0
326,yes,3448.0,0.0,0.0,0.0,0.0,3448.0
474,yes,694.0,0.0,0.0,0.0,1606.0,2300.0
524,yes,5768.0,0.0,0.0,0.0,0.0,5768.0
541,yes,3030.0,0.0,0.0,5626.0,72.0,8728.0
922,yes,898.0,0.0,0.0,1652.0,255.0,2805.0
1010,No,NULL,NULL,NULL,NULL,NULL,NULL
1052,No,NULL,NULL,NULL,NULL,NULL,NULL
1201,yes,5873.0,0.0,0.0,0.0,1836.0,7709.0
1453,yes,6820.0,0.0,1250.8,0.0,0.0,8070.8
1476,yes,3467.0,0.0,0.0,0.0,0.0,3467.0
1774,yes,2170.0,0.0,0.0,0.0,0.0,2170.0
1872,yes,5886.0,0.0,0.0,0.0,137.0,6023.0
1897,yes,8458.0,0.0,1791.5,129.0,2237.0,12615.5
2052,yes,4278.0,0.0,1799.0,263.0,72.0,6412.0
2065,yes,3075.0,0.0,0.0,0.0,0.0,3075.0
2211,yes,7863.0,0.0,0.0,0.0,0.0,7863.0
2429,yes,6786.0,0.0,0.0,0.0,369.0,7155.0
2500,No,NULL,NULL,NULL,NULL,NULL,NULL
2510,yes,6922.0,0.0,0.0,904.0,92.0,7918.0
2534,yes,2190.0,0.0,0.0,0.0,1220.0,3410.0
2535,yes,4273.0,0.0,0.0,153.0,90.0,4516.0
2571,No,NULL,NULL,NULL,NULL,NULL,NULL
2665,No,NULL,NULL,NULL,NULL,NULL,NULL
2703,yes,2082.0,0.0,0.0,0.0,0.0,2082.0
2707,yes,3032.0,0.0,0.0,0.0,2546.0,5578.0
2908,yes,3207.0,0.0,0.0,0.0,0.0,3207.0
3049,yes,1961.0,0.0,0.0,0.0,0.0,1961.0
3171,yes,3102.0,0.0,0.0,0.0,0.0,3102.0
3204,No,NULL,NULL,NULL,NULL,NULL,NULL
3247,yes,974.0,0.0,0.0,0.0,3032.0,4006.0
3648,yes,1812.0,0.0,0.0,17.0,640.0,2469.0
3693,yes,8992.0,0.0,0.0,0.0,0.0,8992.0
3803,yes,5188.0,0.0,0.0,0.0,0.0,5188.0
3846,yes,2016.0,0.0,0.0,0.0,0.0,2016.0
3933,yes,0.0,0.0,1616.2,0.0,0.0,1616.2
4320,yes,0.0,4280.0,0.0,0.0,0.0,4280.0
4493,No,NULL,NULL,NULL,NULL,NULL,NULL
5628,yes,0.0,3757.0,0.0,0.0,0.0,3757.0
6472,yes,0.0,3597.0,0.0,0.0,0.0,3597.0
6686,yes,0.0,4853.8,0.0,0.0,0.0,4853.8
8998,yes,0.0,0.0,3798.1,0.0,0.0,3798.1
9656,yes,10721.0,5813.5,0.0,0.0,0.0,16534.5
11359,yes,4518.0,4502.3,0.0,0.0,254.0,9274.3
316,No,NULL,NULL,NULL,NULL,NULL,NULL
336,yes,4067.0,0.0,0.0,0.0,0.0,4067.0
355,yes,5012.0,0.0,0.0,0.0,2927.0,7939.0
603,yes,4361.0,0.0,0.0,0.0,0.0,4361.0
842,yes,3278.0,0.0,0.0,0.0,0.0,3278.0
854,yes,382.0,1817.0,0.0,2843.0,1105.0,6147.0
908,No,NULL,NULL,NULL,NULL,NULL,NULL
919,yes,4850.0,0.0,0.0,0.0,0.0,4850.0
1070,yes,5116.0,0.0,0.0,0.0,0.0,5116.0
1228,yes,1980.0,0.0,0.0,0.0,0.0,1980.0
1250,yes,61.0,3805.2,0.0,0.0,10069.0,13935.2
1398,No,NULL,NULL,NULL,NULL,NULL,NULL
1498,yes,0.0,2762.8,0.0,0.0,0.0,2762.8
1560,yes,3332.0,0.0,1137.0,437.0,244.0,5150.0
1668,yes,3275.0,0.0,0.0,0.0,0.0,3275.0
1834,yes,8084.0,0.0,0.0,0.0,0.0,8084.0
1863,yes,3371.0,0.0,0.0,201.0,1096.0,4668.0
1959,yes,3142.0,0.0,0.0,0.0,0.0,3142.0
2078,yes,3598.0,0.0,0.0,0.0,0.0,3598.0
2177,yes,3168.0,0.0,0.0,0.0,0.0,3168.0
2394,yes,3131.0,3103.0,0.0,788.0,182.0,7204.0
2493,yes,5375.0,0.0,0.0,0.0,0.0,5375.0
2507,yes,4556.0,0.0,0.0,0.0,0.0,4556.0
2583,yes,0.0,0.0,415.0,0.0,0.0,415.0
2777,No,NULL,NULL,NULL,NULL,NULL,NULL
2845,yes,6559.0,0.0,0.0,0.0,0.0,6559.0
2950,yes,8653.0,0.0,0.0,0.0,0.0,8653.0
3027,yes,2631.0,0.0,0.0,0.0,0.0,2631.0
3318,yes,667.0,0.0,0.0,511.0,771.0,1949.0
3408,No,NULL,NULL,NULL,NULL,NULL,NULL
3552,yes,6694.0,0.0,0.0,602.0,352.0,7648.0
3657,yes,1533.0,0.0,0.0,0.0,0.0,1533.0
3843,No,NULL,NULL,NULL,NULL,NULL,NULL
3887,yes,2013.0,0.0,0.0,0.0,0.0,2013.0
3997,No,NULL,NULL,NULL,NULL,NULL,NULL
4190,yes,2901.0,6763.0,0.0,1242.0,1100.0,12006.0
4447,yes,0.0,5353.5,0.0,0.0,0.0,5353.5
6738,yes,0.0,3159.0,0.0,0.0,0.0,3159.0
7614,yes,0.0,6678.7,0.0,0.0,0.0,6678.7
8919,yes,166.0,3171.0,0.0,0.0,2670.0,6007.0
9548,yes,9613.0,962.0,0.0,0.0,0.0,10575.0
10079,yes,0.0,2784.8,0.0,0.0,0.0,2784.8
10227,No,NULL,NULL,NULL,NULL,NULL,NULL
11325,No,NULL,NULL,NULL,NULL,NULL,NULL
77,yes,0.0,0.0,1709.0,0.0,0.0,1709.0
106,yes,3735.0,0.0,0.0,0.0,0.0,3735.0
201,yes,9584.0,0.0,0.0,0.0,0.0,9584.0
406,yes,1800.0,0.0,0.0,0.0,264.0,2064.0
429,yes,5286.0,0.0,0.0,0.0,0.0,5286.0
445,yes,3998.0,0.0,0.0,0.0,7567.0,11565.0
452,yes,5058.0,0.0,0.0,0.0,375.0,5433.0
609,yes,1171.0,0.0,0.0,67.0,732.0,1970.0
627,yes,8228.0,0.0,554.0,0.0,0.0,8782.0
654,yes,2885.0,0.0,0.0,0.0,0.0,2885.0
659,yes,1833.0,0.0,0.0,0.0,107.0,1940.0
794,yes,1107.0,0.0,0.0,0.0,907.0,2014.0
875,yes,3837.0,0.0,0.0,0.0,0.0,3837.0
1450,yes,3103.0,0.0,0.0,0.0,0.0,3103.0
1474,yes,2695.0,0.0,0.0,0.0,0.0,2695.0
1486,yes,3592.0,0.0,0.0,2235.0,2291.0,8118.0
1573,yes,3638.0,0.0,0.0,0.0,0.0,3638.0
1614,yes,5763.0,0.0,0.0,0.0,0.0,5763.0
1697,yes,408.0,0.0,0.0,35.0,1778.0,2221.0
1711,yes,183.0,0.0,0.0,2158.0,188.0,2529.0
1956,yes,4674.0,0.0,0.0,0.0,0.0,4674.0
2154,yes,2126.0,0.0,0.0,0.0,0.0,2126.0
2164,yes,7552.0,0.0,0.0,0.0,0.0,7552.0
2186,yes,2283.0,0.0,0.0,0.0,0.0,2283.0
2339,yes,3893.0,0.0,0.0,0.0,0.0,3893.0
2521,yes,6002.0,0.0,0.0,0.0,0.0,6002.0
2705,yes,10723.0,2608.2,0.0,0.0,0.0,13331.2
2780,No,NULL,NULL,NULL,NULL,NULL,NULL
2986,yes,3301.0,1033.0,0.0,0.0,1390.0,5724.0
3162,yes,9350.0,0.0,0.0,0.0,0.0,9350.0
3354,yes,489.0,415.0,0.0,1540.0,2704.0,5148.0
3379,No,NULL,NULL,NULL,NULL,NULL,NULL
3399,yes,4748.0,0.0,0.0,261.0,2537.0,7546.0
3403,yes,0.0,1995.0,0.0,0.0,0.0,1995.0
3452,yes,3129.0,0.0,0.0,0.0,0.0,3129.0
3458,yes,2678.0,0.0,0.0,0.0,0.0,2678.0
3471,yes,5446.0,0.0,0.0,0.0,846.0,6292.0
3493,yes,2277.0,0.0,0.0,0.0,0.0,2277.0
3599,yes,3257.0,0.0,0.0,0.0,0.0,3257.0
3646,yes,2855.0,0.0,0.0,0.0,3182.0,6037.0
3718,yes,2107.0,0.0,0.0,0.0,0.0,2107.0
4296,No,NULL,NULL,NULL,NULL,NULL,NULL
4350,No,NULL,NULL,NULL,NULL,NULL,NULL
4454,No,NULL,NULL,NULL,NULL,NULL,NULL
4526,No,NULL,NULL,NULL,NULL,NULL,NULL
4534,No,NULL,NULL,NULL,NULL,NULL,NULL
4660,yes,2121.0,4456.0,0.0,437.0,475.0,7489.0
7523,yes,0.0,8013.0,0.0,0.0,0.0,8013.0
8931,yes,1749.0,3104.7,0.0,0.0,6294.0,11147.7
40,yes,33.0,0.0,0.0,0.0,4301.0,4334.0
45,No,NULL,NULL,NULL,NULL,NULL,NULL
64,No,NULL,NULL,NULL,NULL,NULL,NULL
69,No,NULL,NULL,NULL,NULL,NULL,NULL
107,yes,2015.0,0.0,0.0,959.0,1580.0,4554.0
133,yes,4943.0,0.0,3094.0,0.0,5123.0,13160.0
156,yes,2030.0,0.0,0.0,0.0,0.0,2030.0
258,yes,3737.0,0.0,0.0,0.0,0.0,3737.0
263,yes,6145.0,0.0,0.0,0.0,0.0,6145.0
342,yes,2332.0,0.0,0.0,0.0,0.0,2332.0
443,yes,1508.0,0.0,0.0,67.0,463.0,2038.0
470,yes,3568.0,0.0,0.0,1078.0,630.0,5276.0
505,yes,18.0,0.0,0.0,0.0,2203.0,2221.0
543,yes,647.0,0.0,0.0,655.0,1086.0,2388.0
643,No,NULL,NULL,NULL,NULL,NULL,NULL
804,yes,2342.0,0.0,0.0,0.0,682.0,3024.0
862,yes,3122.0,0.0,0.0,0.0,0.0,3122.0
962,No,NULL,NULL,NULL,NULL,NULL,NULL
995,yes,2153.0,0.0,0.0,0.0,143.0,2296.0
1038,yes,2006.0,0.0,0.0,0.0,141.0,2147.0
1081,yes,2484.0,0.0,0.0,0.0,0.0,2484.0
1186,No,NULL,NULL,NULL,NULL,NULL,NULL
1376,yes,2731.0,0.0,0.0,0.0,0.0,2731.0
1412,yes,936.0,0.0,0.0,1110.0,1773.0,3819.0
1451,yes,3734.0,0.0,0.0,0.0,0.0,3734.0
1642,yes,3597.0,0.0,0.0,0.0,0.0,3597.0
1700,yes,6765.0,0.0,0.0,0.0,0.0,6765.0
1749,yes,9678.0,0.0,4560.8,0.0,0.0,14238.8
1912,yes,3232.0,0.0,0.0,0.0,0.0,3232.0
1948,yes,731.0,0.0,0.0,0.0,6569.0,7300.0
1981,yes,1087.0,0.0,0.0,0.0,1097.0,2184.0
2019,yes,1422.0,0.0,0.0,415.0,265.0,2102.0
2026,yes,1943.0,0.0,0.0,0.0,3387.0,5330.0
2051,yes,0.0,4898.2,0.0,0.0,0.0,4898.2
2093,No,NULL,NULL,NULL,NULL,NULL,NULL
2110,yes,2050.0,0.0,0.0,0.0,0.0,2050.0
2121,yes,2625.0,0.0,0.0,0.0,3382.0,6007.0
2123,yes,2141.0,0.0,0.0,0.0,0.0,2141.0
2173,yes,1951.0,0.0,0.0,0.0,0.0,1951.0
2178,yes,7959.0,0.0,0.0,0.0,0.0,7959.0
2259,yes,2520.0,0.0,0.0,0.0,0.0,2520.0
2405,yes,6407.0,0.0,0.0,0.0,0.0,6407.0
2418,No,NULL,NULL,NULL,NULL,NULL,NULL
2515,No,NULL,NULL,NULL,NULL,NULL,NULL
2572,yes,0.0,7500.0,0.0,0.0,0.0,7500.0
2628,yes,0.0,0.0,3090.0,0.0,0.0,3090.0
2630,No,NULL,NULL,NULL,NULL,NULL,NULL
2663,yes,3877.0,0.0,0.0,0.0,0.0,3877.0
2763,yes,9480.0,0.0,4191.2,0.0,0.0,13671.2
2833,yes,2970.0,0.0,0.0,0.0,0.0,2970.0
2892,No,NULL,NULL,NULL,NULL,NULL,NULL
3006,yes,3783.0,0.0,0.0,0.0,0.0,3783.0
3011,yes,2042.0,0.0,0.0,0.0,138.0,2180.0
3022,yes,3170.0,0.0,0.0,0.0,0.0,3170.0
3077,yes,3698.0,0.0,0.0,0.0,0.0,3698.0
3229,yes,6828.0,3252.2,0.0,0.0,6411.0,16491.2
3267,yes,6403.0,0.0,0.0,0.0,0.0,6403.0
3284,yes,4872.0,0.0,0.0,0.0,0.0,4872.0
3380,yes,4376.0,0.0,0.0,0.0,0.0,4376.0
3431,yes,8649.0,0.0,0.0,0.0,0.0,8649.0
3466,yes,2499.0,0.0,0.0,742.0,105.0,3346.0
3486,yes,2084.0,0.0,0.0,0.0,0.0,2084.0
3587,yes,1108.0,0.0,0.0,0.0,1059.0,2167.0
3675,yes,7824.0,0.0,0.0,0.0,0.0,7824.0
3679,yes,3869.0,9268.0,0.0,0.0,5148.0,18285.0
3708,No,NULL,NULL,NULL,NULL,NULL,NULL
3755,yes,13500.0,0.0,2956.1,0.0,0.0,16456.1
3757,yes,987.0,0.0,0.0,803.0,5162.0,6952.0
3797,No,NULL,NULL,NULL,NULL,NULL,NULL
3955,yes,4129.0,0.0,0.0,0.0,997.0,5126.0
3960,yes,3204.0,0.0,0.0,0.0,0.0,3204.0
4071,yes,10272.0,0.0,1078.0,0.0,0.0,11350.0
4128,No,NULL,NULL,NULL,NULL,NULL,NULL
4293,yes,4797.0,4561.0,0.0,0.0,0.0,9358.0
4743,No,NULL,NULL,NULL,NULL,NULL,NULL
5263,yes,3950.0,4605.0,0.0,0.0,0.0,8555.0
5343,No,NULL,NULL,NULL,NULL,NULL,NULL
5708,No,NULL,NULL,NULL,NULL,NULL,NULL
6289,yes,0.0,1784.5,0.0,0.0,0.0,1784.5
6306,No,NULL,NULL,NULL,NULL,NULL,NULL
7123,yes,14581.0,3918.2,0.0,0.0,0.0,18499.2
7445,yes,0.0,2306.8,0.0,0.0,0.0,2306.8
7795,yes,0.0,6202.0,0.0,0.0,0.0,6202.0
8149,yes,0.0,4190.3,0.0,0.0,0.0,4190.3
8341,yes,0.0,0.0,1303.2,0.0,0.0,1303.2
8625,yes,8151.0,1970.8,0.0,0.0,0.0,10121.8
8776,yes,0.0,708.0,0.0,0.0,0.0,708.0
8982,yes,0.0,6330.2,0.0,0.0,0.0,6330.2
9159,yes,6869.0,1450.0,0.0,253.0,2163.0,10735.0
9493,yes,6803.0,3930.8,0.0,0.0,0.0,10733.8
9814,yes,0.0,8013.7,0.0,0.0,0.0,8013.7
10005,yes,9151.0,5854.2,0.0,0.0,0.0,15005.2
120,yes,3965.0,0.0,1899.0,0.0,0.0,5864.0
245,No,NULL,NULL,NULL,NULL,NULL,NULL
246,yes,1970.0,0.0,0.0,0.0,0.0,1970.0
331,yes,3528.0,0.0,0.0,0.0,0.0,3528.0
347,yes,0.0,7801.2,0.0,0.0,0.0,7801.2
605,yes,6876.0,0.0,0.0,0.0,0.0,6876.0
638,yes,2487.0,0.0,0.0,873.0,4668.0,8028.0
756,No,NULL,NULL,NULL,NULL,NULL,NULL
912,yes,2332.0,0.0,0.0,0.0,0.0,2332.0
1012,yes,0.0,4090.8,0.0,0.0,0.0,4090.8
1072,yes,3520.0,0.0,0.0,0.0,0.0,3520.0
1215,yes,2508.0,0.0,0.0,0.0,0.0,2508.0
1285,yes,7213.0,0.0,0.0,0.0,0.0,7213.0
1327,No,NULL,NULL,NULL,NULL,NULL,NULL
1413,yes,2016.0,0.0,0.0,620.0,3477.0,6113.0
1447,yes,8210.0,2084.7,0.0,0.0,0.0,10294.7
1591,yes,7680.0,0.0,0.0,153.0,26.0,7859.0
1770,yes,8351.0,0.0,0.0,0.0,0.0,8351.0
2209,yes,5887.0,0.0,0.0,0.0,1418.0,7305.0
2265,No,NULL,NULL,NULL,NULL,NULL,NULL
2312,yes,3392.0,0.0,0.0,0.0,0.0,3392.0
2337,yes,2963.0,0.0,0.0,0.0,927.0,3890.0
2348,yes,3057.0,0.0,0.0,0.0,3349.0,6406.0
2456,yes,9554.0,4187.3,0.0,0.0,0.0,13741.3
2497,yes,3970.0,0.0,1871.0,0.0,0.0,5841.0
2528,yes,2824.0,0.0,0.0,0.0,0.0,2824.0
2952,yes,2379.0,0.0,0.0,0.0,0.0,2379.0
3030,yes,293.0,0.0,0.0,0.0,1795.0,2088.0
3100,yes,222.0,0.0,0.0,0.0,6275.0,6497.0
3174,yes,2859.0,0.0,0.0,0.0,0.0,2859.0
3226,yes,450.0,0.0,0.0,0.0,2348.0,2798.0
3322,yes,3421.0,0.0,0.0,0.0,0.0,3421.0
3523,No,NULL,NULL,NULL,NULL,NULL,NULL
3572,yes,2964.0,0.0,0.0,0.0,0.0,2964.0
3741,yes,4228.0,0.0,0.0,0.0,0.0,4228.0
3915,yes,9510.0,0.0,0.0,0.0,0.0,9510.0
4150,yes,3006.0,0.0,1273.0,75.0,1669.0,6023.0
9627,yes,0.0,5091.3,0.0,0.0,0.0,5091.3
10884,yes,1326.0,3154.0,0.0,0.0,4408.0,8888.0
173,yes,6256.0,8734.0,0.0,735.0,1617.0,17342.0
295,yes,6992.0,0.0,0.0,0.0,0.0,6992.0
588,yes,3141.0,0.0,0.0,511.0,1437.0,5089.0
739,yes,5504.0,0.0,0.0,0.0,0.0,5504.0
776,yes,2277.0,0.0,0.0,170.0,1036.0,3483.0
981,yes,1069.0,0.0,0.0,0.0,2769.0,3838.0
1103,No,NULL,NULL,NULL,NULL,NULL,NULL
1109,No,NULL,NULL,NULL,NULL,NULL,NULL
1161,yes,3947.0,0.0,0.0,0.0,0.0,3947.0
1222,yes,1727.0,0.0,0.0,0.0,0.0,1727.0
1257,yes,4387.0,0.0,0.0,0.0,0.0,4387.0
1286,yes,8500.0,0.0,0.0,0.0,0.0,8500.0
1416,yes,0.0,0.0,3688.0,0.0,0.0,3688.0
1455,No,NULL,NULL,NULL,NULL,NULL,NULL
1487,yes,2204.0,0.0,0.0,0.0,0.0,2204.0
1557,yes,2253.0,0.0,0.0,0.0,0.0,2253.0
1561,yes,1975.0,0.0,0.0,0.0,0.0,1975.0
1571,yes,7692.0,0.0,0.0,0.0,0.0,7692.0
1612,No,NULL,NULL,NULL,NULL,NULL,NULL
1815,yes,6037.0,0.0,0.0,0.0,3859.0,9896.0
1924,yes,1962.0,0.0,0.0,0.0,0.0,1962.0
2274,No,NULL,NULL,NULL,NULL,NULL,NULL
2629,No,NULL,NULL,NULL,NULL,NULL,NULL
2653,yes,6280.0,0.0,0.0,0.0,2310.0,8590.0
2690,yes,2017.0,0.0,0.0,0.0,0.0,2017.0
2716,yes,989.0,0.0,0.0,0.0,7456.0,8445.0
2810,yes,392.0,0.0,0.0,977.0,6239.0,7608.0
2829,No,NULL,NULL,NULL,NULL,NULL,NULL
2980,yes,3316.0,0.0,0.0,0.0,0.0,3316.0
2988,yes,0.0,7384.0,0.0,0.0,0.0,7384.0
2999,yes,2806.0,0.0,0.0,0.0,0.0,2806.0
3069,yes,6704.0,0.0,0.0,0.0,0.0,6704.0
3083,No,NULL,NULL,NULL,NULL,NULL,NULL
3085,yes,5723.0,0.0,0.0,0.0,907.0,6630.0
3097,yes,403.0,0.0,0.0,0.0,2119.0,2522.0
3127,yes,7334.0,0.0,0.0,0.0,0.0,7334.0
3133,yes,3191.0,0.0,0.0,0.0,6327.0,9518.0
3199,yes,1571.0,0.0,0.0,0.0,2164.0,3735.0
3309,yes,2430.0,0.0,0.0,731.0,2991.0,6152.0
3524,yes,3060.0,0.0,0.0,0.0,0.0,3060.0
3554,No,NULL,NULL,NULL,NULL,NULL,NULL
3581,yes,3663.0,0.0,0.0,0.0,2846.0,6509.0
3727,yes,6598.0,0.0,0.0,1030.0,836.0,8464.0
4086,No,NULL,NULL,NULL,NULL,NULL,NULL
4259,yes,9516.0,3318.0,0.0,0.0,2255.0,15089.0
4418,yes,5951.0,0.0,881.0,906.0,1621.0,9359.0
4729,No,NULL,NULL,NULL,NULL,NULL,NULL
4774,yes,0.0,9689.0,0.0,0.0,0.0,9689.0
5065,yes,0.0,0.0,1541.3,0.0,0.0,1541.3
5422,yes,832.0,6148.0,0.0,1435.0,2320.0,10735.0
5692,yes,0.0,0.0,1653.6,0.0,0.0,1653.6
8688,yes,0.0,5665.0,0.0,0.0,0.0,5665.0
10439,yes,10134.0,6315.0,0.0,0.0,0.0,16449.0
34,yes,502.0,0.0,1479.0,0.0,6070.0,8051.0
51,yes,2074.0,0.0,0.0,0.0,2057.0,4131.0
204,yes,1950.0,0.0,0.0,0.0,0.0,1950.0
373,yes,6452.0,0.0,0.0,0.0,0.0,6452.0
506,yes,3011.0,0.0,0.0,278.0,831.0,4120.0
526,yes,5074.0,0.0,0.0,0.0,0.0,5074.0
694,yes,3096.0,0.0,0.0,0.0,0.0,3096.0
1097,yes,7636.0,0.0,0.0,577.0,912.0,9125.0
1146,yes,3437.0,0.0,0.0,0.0,1384.0,4821.0
1207,yes,9252.0,0.0,1110.0,0.0,0.0,10362.0
1249,yes,704.0,0.0,0.0,1361.0,392.0,2457.0
1387,No,NULL,NULL,NULL,NULL,NULL,NULL
1469,yes,3574.0,0.0,0.0,0.0,0.0,3574.0
1516,yes,2277.0,0.0,0.0,0.0,0.0,2277.0
1518,No,NULL,NULL,NULL,NULL,NULL,NULL
1577,yes,1282.0,0.0,0.0,290.0,988.0,2560.0
1588,yes,2443.0,0.0,0.0,0.0,0.0,2443.0
1666,yes,2164.0,0.0,0.0,0.0,0.0,2164.0
1717,yes,2500.0,0.0,0.0,0.0,0.0,2500.0
2049,yes,4854.0,0.0,0.0,0.0,1037.0,5891.0
2176,yes,1085.0,8307.8,0.0,0.0,5135.0,14527.8
2185,yes,2004.0,0.0,0.0,0.0,0.0,2004.0
2436,No,NULL,NULL,NULL,NULL,NULL,NULL
2550,yes,6828.0,0.0,0.0,67.0,452.0,7347.0
2679,yes,3842.0,0.0,0.0,0.0,0.0,3842.0
2685,yes,2576.0,0.0,0.0,0.0,0.0,2576.0
2955,yes,3386.0,0.0,0.0,0.0,0.0,3386.0
3113,yes,8001.0,0.0,0.0,367.0,4398.0,12766.0
3144,yes,3786.0,0.0,0.0,0.0,0.0,3786.0
3214,yes,2679.0,0.0,0.0,0.0,0.0,2679.0
3296,yes,5091.0,0.0,0.0,0.0,9248.0,14339.0
3334,No,NULL,NULL,NULL,NULL,NULL,NULL
3663,yes,7862.0,0.0,0.0,0.0,0.0,7862.0
3690,yes,4514.0,0.0,0.0,0.0,0.0,4514.0
3844,yes,2260.0,0.0,0.0,0.0,0.0,2260.0
3983,No,NULL,NULL,NULL,NULL,NULL,NULL
4195,No,NULL,NULL,NULL,NULL,NULL,NULL
4463,No,NULL,NULL,NULL,NULL,NULL,NULL
4858,yes,0.0,6983.3,0.0,0.0,0.0,6983.3
6158,yes,0.0,5165.2,0.0,0.0,0.0,5165.2
8094,yes,5665.0,6123.0,0.0,0.0,0.0,11788.0
10788,yes,0.0,3813.7,0.0,0.0,0.0,3813.7
11362,yes,4780.0,5392.0,0.0,330.0,185.0,10687.0
25,yes,6817.0,2523.2,0.0,164.0,1110.0,10614.2
31,yes,10202.0,0.0,0.0,0.0,0.0,10202.0
85,yes,3831.0,0.0,1792.0,0.0,0.0,5623.0
89,No,NULL,NULL,NULL,NULL,NULL,NULL
96,yes,908.0,0.0,4422.1,46.0,2784.0,8160.1
115,yes,5110.0,0.0,0.0,0.0,0.0,5110.0
118,yes,2449.0,0.0,0.0,0.0,0.0,2449.0
218,yes,0.0,0.0,3182.0,0.0,0.0,3182.0
255,yes,5323.0,0.0,0.0,0.0,0.0,5323.0
375,yes,3824.0,0.0,0.0,0.0,0.0,3824.0
378,yes,8537.0,3840.2,0.0,2.0,1188.0,13567.2
381,No,NULL,NULL,NULL,NULL,NULL,NULL
402,yes,2083.0,0.0,0.0,0.0,2211.0,4294.0
512,yes,9449.0,0.0,0.0,0.0,0.0,9449.0
631,yes,2394.0,0.0,0.0,0.0,0.0,2394.0
660,yes,1234.0,0.0,0.0,0.0,5338.0,6572.0
778,No,NULL,NULL,NULL,NULL,NULL,NULL
1027,yes,2117.0,0.0,0.0,0.0,0.0,2117.0
1063,No,NULL,NULL,NULL,NULL,NULL,NULL
1071,yes,0.0,4219.5,0.0,0.0,0.0,4219.5
1117,yes,2715.0,0.0,0.0,0.0,0.0,2715.0
1197,yes,2582.0,0.0,0.0,0.0,0.0,2582.0
1244,yes,903.0,748.0,0.0,406.0,2176.0,4233.0
1245,yes,3611.0,0.0,0.0,0.0,0.0,3611.0
1255,yes,0.0,4598.0,0.0,0.0,0.0,4598.0
1330,No,NULL,NULL,NULL,NULL,NULL,NULL
1420,yes,1794.0,0.0,0.0,0.0,0.0,1794.0
1422,yes,2655.0,0.0,0.0,0.0,0.0,2655.0
1597,yes,2376.0,0.0,0.0,0.0,0.0,2376.0
1679,yes,5087.0,0.0,0.0,0.0,0.0,5087.0
1681,yes,8550.0,0.0,0.0,1032.0,6.0,9588.0
1698,yes,9642.0,3943.0,0.0,0.0,0.0,13585.0
1721,No,NULL,NULL,NULL,NULL,NULL,NULL
1742,yes,3827.0,0.0,0.0,0.0,0.0,3827.0
1752,No,NULL,NULL,NULL,NULL,NULL,NULL
1764,yes,5270.0,0.0,0.0,0.0,0.0,5270.0
1838,yes,8940.0,0.0,2072.1,0.0,0.0,11012.1
1887,yes,5608.0,0.0,0.0,0.0,0.0,5608.0
1911,No,NULL,NULL,NULL,NULL,NULL,NULL
1993,yes,0.0,5700.3,0.0,0.0,0.0,5700.3
2015,yes,4535.0,0.0,0.0,0.0,0.0,4535.0
2023,yes,1687.0,0.0,0.0,1052.0,5892.0,8631.0
2046,yes,426.0,0.0,0.0,0.0,1647.0,2073.0
2122,yes,7663.0,0.0,0.0,0.0,0.0,7663.0
2213,yes,6273.0,0.0,0.0,0.0,0.0,6273.0
2271,yes,2032.0,0.0,0.0,0.0,0.0,2032.0
2280,yes,6841.0,0.0,0.0,0.0,0.0,6841.0
2317,yes,2681.0,0.0,0.0,0.0,0.0,2681.0
2343,yes,4723.0,4139.0,0.0,0.0,0.0,8862.0
2366,yes,1649.0,0.0,0.0,0.0,0.0,1649.0
2383,yes,1897.0,0.0,0.0,139.0,3334.0,5370.0
2543,yes,2145.0,0.0,0.0,0.0,0.0,2145.0
2574,yes,9546.0,0.0,0.0,0.0,0.0,9546.0
2604,yes,3965.0,0.0,0.0,0.0,0.0,3965.0
2615,No,NULL,NULL,NULL,NULL,NULL,NULL
2642,yes,792.0,0.0,0.0,2536.0,571.0,3899.0
2869,yes,2562.0,0.0,0.0,0.0,0.0,2562.0
2910,yes,6778.0,7291.3,0.0,0.0,7656.0,21725.3
2917,yes,6157.0,0.0,0.0,0.0,0.0,6157.0
2935,yes,2100.0,0.0,0.0,0.0,0.0,2100.0
3096,yes,6446.0,0.0,0.0,8.0,1684.0,8138.0
3146,yes,2122.0,0.0,0.0,0.0,0.0,2122.0
3260,yes,8462.0,0.0,0.0,0.0,40.0,8502.0
3283,yes,8720.0,0.0,0.0,0.0,0.0,8720.0
3366,yes,3964.0,0.0,0.0,0.0,1608.0,5572.0
3371,yes,11549.0,0.0,0.0,0.0,0.0,11549.0
3381,yes,9971.0,0.0,0.0,0.0,0.0,9971.0
3515,yes,2563.0,0.0,0.0,0.0,0.0,2563.0
3550,yes,5262.0,0.0,0.0,2564.0,936.0,8762.0
3749,yes,3904.0,0.0,0.0,0.0,0.0,3904.0
3836,yes,2676.0,0.0,0.0,5308.0,1011.0,8995.0
3922,yes,2953.0,0.0,0.0,0.0,0.0,2953.0
4533,yes,10479.0,2253.5,0.0,0.0,0.0,12732.5
5129,No,NULL,NULL,NULL,NULL,NULL,NULL
5133,yes,286.0,4755.0,0.0,3913.0,412.0,9366.0
7424,yes,6817.0,2523.2,0.0,164.0,1110.0,10614.2
7632,yes,9629.0,3551.0,0.0,0.0,0.0,13180.0
8564,yes,7170.0,3195.0,0.0,0.0,5483.0,15848.0
9263,yes,9874.0,3298.3,0.0,0.0,62.0,13234.3
9307,yes,4654.0,3491.5,0.0,0.0,2735.0,10880.5
9703,yes,0.0,0.0,2467.0,0.0,0.0,2467.0
9826,No,NULL,NULL,NULL,NULL,NULL,NULL
10320,yes,12414.0,4328.8,0.0,0.0,0.0,16742.8
193,yes,7110.0,0.0,0.0,0.0,0.0,7110.0
239,yes,1042.0,0.0,0.0,152.0,5995.0,7189.0
242,yes,1062.0,0.0,0.0,0.0,2977.0,4039.0
282,yes,7531.0,0.0,0.0,0.0,802.0,8333.0
398,yes,1702.0,0.0,0.0,0.0,0.0,1702.0
439,No,NULL,NULL,NULL,NULL,NULL,NULL
476,No,NULL,NULL,NULL,NULL,NULL,NULL
496,yes,3602.0,0.0,0.0,0.0,0.0,3602.0
649,yes,0.0,0.0,3430.1,0.0,0.0,3430.1
692,yes,4366.0,0.0,0.0,0.0,137.0,4503.0
701,No,NULL,NULL,NULL,NULL,NULL,NULL
808,yes,0.0,4492.0,0.0,0.0,0.0,4492.0
927,yes,1623.0,0.0,0.0,0.0,5782.0,7405.0
1090,yes,3317.0,0.0,0.0,0.0,0.0,3317.0
1181,yes,3418.0,0.0,0.0,123.0,329.0,3870.0
1217,yes,151.0,0.0,0.0,0.0,1956.0,2107.0
1227,yes,5511.0,0.0,0.0,980.0,2445.0,8936.0
1390,yes,1011.0,0.0,0.0,0.0,6147.0,7158.0
1466,yes,10056.0,0.0,0.0,0.0,0.0,10056.0
1505,No,NULL,NULL,NULL,NULL,NULL,NULL
1508,yes,8967.0,0.0,1657.7,0.0,0.0,10624.7
1544,yes,9526.0,0.0,0.0,0.0,189.0,9715.0
1580,yes,0.0,8094.2,0.0,0.0,0.0,8094.2
1583,yes,0.0,8094.2,0.0,0.0,0.0,8094.2
1611,yes,403.0,0.0,0.0,0.0,3403.0,3806.0
1677,yes,5530.0,0.0,0.0,0.0,0.0,5530.0
1771,yes,3052.0,0.0,0.0,0.0,0.0,3052.0
2021,No,NULL,NULL,NULL,NULL,NULL,NULL
2124,yes,5207.0,0.0,0.0,0.0,287.0,5494.0
2288,yes,5411.0,0.0,0.0,0.0,0.0,5411.0
2411,No,NULL,NULL,NULL,NULL,NULL,NULL
2592,yes,5129.0,0.0,0.0,0.0,0.0,5129.0
2691,yes,0.0,1370.0,0.0,0.0,0.0,1370.0
2722,yes,1671.0,0.0,0.0,0.0,0.0,1671.0
2737,yes,4456.0,0.0,0.0,0.0,0.0,4456.0
2765,yes,5254.0,0.0,0.0,0.0,0.0,5254.0
2890,yes,2661.0,0.0,0.0,0.0,2992.0,5653.0
3033,yes,605.0,0.0,0.0,1137.0,192.0,1934.0
3136,yes,2655.0,0.0,0.0,0.0,3489.0,6144.0
3764,yes,2506.0,0.0,0.0,0.0,0.0,2506.0
3819,yes,7102.0,0.0,0.0,0.0,0.0,7102.0
3876,yes,12056.0,0.0,0.0,0.0,0.0,12056.0
4361,yes,0.0,7512.7,0.0,0.0,0.0,7512.7
4514,No,NULL,NULL,NULL,NULL,NULL,NULL
7049,yes,0.0,8253.2,0.0,0.0,0.0,8253.2
7926,yes,0.0,3505.0,0.0,0.0,0.0,3505.0
9201,yes,13461.0,5103.0,0.0,0.0,0.0,18564.0
10280,yes,0.0,5802.3,0.0,0.0,0.0,5802.3
9,No,NULL,NULL,NULL,NULL,NULL,NULL
15,yes,3072.0,0.0,0.0,0.0,0.0,3072.0
61,yes,2313.0,0.0,0.0,0.0,0.0,2313.0
137,yes,3464.0,0.0,0.0,0.0,787.0,4251.0
159,yes,8694.0,0.0,0.0,0.0,0.0,8694.0
195,yes,6260.0,0.0,0.0,0.0,0.0,6260.0
198,yes,2866.0,0.0,0.0,0.0,0.0,2866.0
199,yes,1984.0,0.0,0.0,0.0,0.0,1984.0
226,yes,8928.0,9112.0,0.0,0.0,0.0,18040.0
356,yes,4188.0,0.0,0.0,0.0,0.0,4188.0
377,No,NULL,NULL,NULL,NULL,NULL,NULL
411,yes,8499.0,0.0,0.0,0.0,0.0,8499.0
483,yes,1940.0,0.0,0.0,0.0,0.0,1940.0
514,yes,5760.0,0.0,0.0,0.0,0.0,5760.0
525,yes,6454.0,4382.7,0.0,0.0,0.0,10836.7
538,yes,2692.0,0.0,0.0,0.0,0.0,2692.0
574,No,NULL,NULL,NULL,NULL,NULL,NULL
624,No,NULL,NULL,NULL,NULL,NULL,NULL
625,yes,11457.0,0.0,2607.2,0.0,0.0,14064.2
645,yes,13466.0,0.0,0.0,0.0,0.0,13466.0
677,No,NULL,NULL,NULL,NULL,NULL,NULL
711,yes,3243.0,0.0,0.0,0.0,0.0,3243.0
725,yes,2612.0,0.0,0.0,0.0,0.0,2612.0
735,yes,3576.0,0.0,0.0,0.0,0.0,3576.0
840,yes,4606.0,0.0,0.0,0.0,0.0,4606.0
870,yes,4562.0,0.0,0.0,0.0,0.0,4562.0
892,yes,2915.0,0.0,0.0,0.0,0.0,2915.0
938,yes,3282.0,371.0,0.0,0.0,0.0,3653.0
944,yes,5361.0,0.0,0.0,0.0,0.0,5361.0
957,yes,2126.0,0.0,0.0,0.0,0.0,2126.0
1004,yes,0.0,5237.0,0.0,0.0,0.0,5237.0
1039,No,NULL,NULL,NULL,NULL,NULL,NULL
1064,yes,2918.0,0.0,0.0,0.0,0.0,2918.0
1069,yes,3080.0,0.0,0.0,0.0,0.0,3080.0
1102,yes,3559.0,0.0,0.0,0.0,0.0,3559.0
1174,yes,720.0,0.0,0.0,3182.0,829.0,4731.0
1198,No,NULL,NULL,NULL,NULL,NULL,NULL
1206,yes,3279.0,0.0,0.0,0.0,0.0,3279.0
1212,yes,2805.0,0.0,0.0,0.0,0.0,2805.0
1223,yes,1398.0,0.0,0.0,0.0,4963.0,6361.0
1280,yes,2491.0,0.0,0.0,0.0,0.0,2491.0
1297,yes,2878.0,0.0,0.0,0.0,3311.0,6189.0
1434,yes,3214.0,0.0,0.0,0.0,0.0,3214.0
1444,yes,2024.0,0.0,0.0,0.0,0.0,2024.0
1484,yes,3140.0,0.0,0.0,0.0,0.0,3140.0
1530,yes,3700.0,0.0,0.0,0.0,0.0,3700.0
1596,yes,3303.0,0.0,0.0,0.0,0.0,3303.0
1688,yes,2249.0,0.0,0.0,0.0,0.0,2249.0
1704,yes,3285.0,0.0,0.0,0.0,0.0,3285.0
1705,yes,5502.0,0.0,0.0,0.0,0.0,5502.0
1723,yes,1092.0,0.0,0.0,4676.0,3912.0,9680.0
1783,yes,6003.0,0.0,0.0,0.0,0.0,6003.0
1790,yes,2096.0,0.0,0.0,0.0,1935.0,4031.0
1821,yes,9385.0,0.0,0.0,0.0,0.0,9385.0
1832,yes,3275.0,0.0,2072.1,581.0,6072.0,12000.1
1860,yes,2170.0,0.0,0.0,0.0,0.0,2170.0
1898,No,NULL,NULL,NULL,NULL,NULL,NULL
1904,yes,2991.0,0.0,1116.0,2257.0,587.0,6951.0
1928,yes,0.0,2317.5,0.0,0.0,0.0,2317.5
1936,yes,2141.0,0.0,0.0,0.0,0.0,2141.0
1950,yes,6943.0,0.0,0.0,0.0,0.0,6943.0
1952,No,NULL,NULL,NULL,NULL,NULL,NULL
1999,yes,2676.0,0.0,0.0,0.0,3778.0,6454.0
2036,No,NULL,NULL,NULL,NULL,NULL,NULL
2062,yes,107.0,7182.5,0.0,0.0,3136.0,10425.5
2086,No,NULL,NULL,NULL,NULL,NULL,NULL
2105,yes,1546.0,0.0,0.0,0.0,0.0,1546.0
2107,yes,6395.0,0.0,0.0,0.0,663.0,7058.0
2116,yes,1307.0,7699.8,0.0,0.0,3407.0,12413.8
2131,yes,3517.0,0.0,0.0,0.0,0.0,3517.0
2286,yes,1192.0,0.0,0.0,0.0,2109.0,3301.0
2326,yes,3422.0,0.0,0.0,0.0,0.0,3422.0
2335,yes,2036.0,9020.0,0.0,485.0,2745.0,14286.0
2352,yes,5581.0,824.0,0.0,4.0,34.0,6443.0
2387,yes,3414.0,0.0,0.0,0.0,0.0,3414.0
2397,yes,3113.0,0.0,0.0,0.0,16.0,3129.0
2398,No,NULL,NULL,NULL,NULL,NULL,NULL
2427,yes,5496.0,0.0,0.0,2342.0,868.0,8706.0
2495,yes,0.0,0.0,856.0,0.0,0.0,856.0
2513,yes,2655.0,0.0,0.0,0.0,0.0,2655.0
2601,No,NULL,NULL,NULL,NULL,NULL,NULL
2637,yes,5194.0,0.0,0.0,0.0,0.0,5194.0
2689,yes,2727.0,0.0,0.0,0.0,2121.0,4848.0
2744,yes,14384.0,0.0,0.0,0.0,0.0,14384.0
2758,yes,4692.0,0.0,0.0,0.0,0.0,4692.0
2798,yes,6094.0,0.0,0.0,0.0,0.0,6094.0
2827,yes,0.0,0.0,1756.0,0.0,0.0,1756.0
2834,yes,2515.0,0.0,0.0,431.0,4633.0,7579.0
2839,yes,3157.0,0.0,0.0,369.0,5051.0,8577.0
2852,No,NULL,NULL,NULL,NULL,NULL,NULL
2873,yes,3615.0,0.0,0.0,761.0,3618.0,7994.0
2881,yes,4639.0,0.0,0.0,0.0,0.0,4639.0
2907,yes,3983.0,0.0,0.0,0.0,0.0,3983.0
3041,yes,130.0,0.0,0.0,743.0,1827.0,2700.0
3099,yes,3205.0,0.0,0.0,0.0,0.0,3205.0
3212,yes,2112.0,0.0,0.0,95.0,115.0,2322.0
3264,yes,1886.0,0.0,0.0,0.0,0.0,1886.0
3344,yes,8537.0,0.0,0.0,0.0,0.0,8537.0
3351,yes,2700.0,0.0,0.0,0.0,0.0,2700.0
3355,yes,2575.0,0.0,0.0,0.0,0.0,2575.0
3413,yes,4359.0,0.0,0.0,247.0,381.0,4987.0
3425,yes,2646.0,0.0,0.0,0.0,0.0,2646.0
3482,yes,3026.0,0.0,0.0,0.0,0.0,3026.0
3504,yes,3360.0,0.0,0.0,0.0,0.0,3360.0
3506,yes,3562.0,0.0,0.0,0.0,4084.0,7646.0
3511,yes,2313.0,0.0,0.0,0.0,0.0,2313.0
3525,yes,3084.0,0.0,0.0,0.0,0.0,3084.0
3541,yes,1691.0,0.0,0.0,0.0,0.0,1691.0
3553,No,NULL,NULL,NULL,NULL,NULL,NULL
3612,yes,676.0,0.0,819.0,4262.0,2410.0,8167.0
3628,yes,1791.0,0.0,0.0,1343.0,189.0,3323.0
3681,yes,7797.0,0.0,0.0,0.0,0.0,7797.0
3682,yes,2761.0,0.0,0.0,0.0,0.0,2761.0
3688,No,NULL,NULL,NULL,NULL,NULL,NULL
3692,yes,3263.0,0.0,0.0,0.0,0.0,3263.0
3694,yes,4492.0,0.0,0.0,0.0,0.0,4492.0
3731,yes,1974.0,0.0,0.0,0.0,0.0,1974.0
3746,yes,4353.0,0.0,1333.0,0.0,556.0,6242.0
3777,yes,1039.0,0.0,0.0,102.0,1007.0,2148.0
3787,yes,4407.0,0.0,1953.0,0.0,0.0,6360.0
3788,No,NULL,NULL,NULL,NULL,NULL,NULL
3817,yes,6529.0,0.0,0.0,0.0,0.0,6529.0
3898,yes,2650.0,0.0,0.0,0.0,0.0,2650.0
3924,yes,3093.0,0.0,0.0,0.0,0.0,3093.0
3939,yes,5177.0,0.0,0.0,0.0,0.0,5177.0
3946,yes,4832.0,0.0,0.0,0.0,4607.0,9439.0
4130,No,NULL,NULL,NULL,NULL,NULL,NULL
4254,No,NULL,NULL,NULL,NULL,NULL,NULL
4255,No,NULL,NULL,NULL,NULL,NULL,NULL
4478,yes,0.0,0.0,707.0,0.0,0.0,707.0
4538,No,NULL,NULL,NULL,NULL,NULL,NULL
4681,yes,5016.0,3388.0,0.0,0.0,4515.0,12919.0
5024,No,NULL,NULL,NULL,NULL,NULL,NULL
5357,No,NULL,NULL,NULL,NULL,NULL,NULL
5366,No,NULL,NULL,NULL,NULL,NULL,NULL
5622,yes,6327.0,6918.3,0.0,0.0,573.0,13818.3
5794,yes,0.0,2060.0,0.0,0.0,0.0,2060.0
7262,yes,1900.0,1221.0,0.0,0.0,6875.0,9996.0
7907,yes,6327.0,8116.2,0.0,0.0,0.0,14443.2
8316,yes,0.0,5616.2,0.0,0.0,0.0,5616.2
8505,yes,0.0,3570.0,0.0,0.0,0.0,3570.0
8742,yes,68.0,2762.0,0.0,6089.0,235.0,9154.0
8972,yes,4719.0,938.0,0.0,0.0,2056.0,7713.0
9017,yes,0.0,2088.0,0.0,0.0,0.0,2088.0
9203,No,NULL,NULL,NULL,NULL,NULL,NULL
9422,yes,107.0,7182.5,0.0,0.0,3136.0,10425.5
9633,yes,0.0,2476.8,0.0,0.0,0.0,2476.8
9635,No,NULL,NULL,NULL,NULL,NULL,NULL
9707,yes,0.0,0.0,3112.1,0.0,0.0,3112.1
10202,yes,1281.0,6363.3,0.0,0.0,4880.0,12524.3
10478,yes,0.0,5575.3,0.0,0.0,0.0,5575.3
11138,yes,0.0,3744.7,0.0,0.0,0.0,3744.7
176,yes,4564.0,2288.3,0.0,97.0,36.0,6985.3
286,yes,9848.0,0.0,0.0,0.0,0.0,9848.0
303,yes,3803.0,3132.0,0.0,0.0,0.0,6935.0
466,No,NULL,NULL,NULL,NULL,NULL,NULL
630,yes,2361.0,0.0,0.0,0.0,0.0,2361.0
698,yes,6177.0,0.0,0.0,0.0,0.0,6177.0
823,yes,62.0,0.0,0.0,612.0,1515.0,2189.0
863,yes,6087.0,0.0,4433.3,0.0,0.0,10520.3
898,yes,2882.0,0.0,0.0,0.0,1582.0,4464.0
1294,yes,1404.0,0.0,0.0,0.0,2177.0,3581.0
1360,No,NULL,NULL,NULL,NULL,NULL,NULL
1421,No,NULL,NULL,NULL,NULL,NULL,NULL
1503,yes,3171.0,0.0,0.0,0.0,0.0,3171.0
1607,yes,9958.0,0.0,0.0,0.0,0.0,9958.0
1718,yes,14456.0,7178.0,0.0,0.0,0.0,21634.0
1753,No,NULL,NULL,NULL,NULL,NULL,NULL
1973,yes,847.0,0.0,0.0,0.0,1150.0,1997.0
2033,yes,4274.0,0.0,0.0,0.0,0.0,4274.0
2166,yes,262.0,0.0,0.0,5263.0,991.0,6516.0
2376,yes,4428.0,0.0,0.0,0.0,0.0,4428.0
2433,yes,1757.0,0.0,0.0,0.0,0.0,1757.0
2438,yes,5817.0,0.0,0.0,0.0,705.0,6522.0
2662,yes,3625.0,0.0,0.0,0.0,0.0,3625.0
2701,yes,489.0,0.0,0.0,0.0,5761.0,6250.0
2841,yes,3536.0,0.0,0.0,0.0,0.0,3536.0
2880,yes,7501.0,0.0,0.0,0.0,0.0,7501.0
2985,yes,2113.0,0.0,0.0,0.0,0.0,2113.0
3075,yes,1523.0,0.0,0.0,0.0,0.0,1523.0
3158,yes,2100.0,0.0,0.0,0.0,0.0,2100.0
3166,yes,0.0,3702.8,0.0,0.0,0.0,3702.8
3179,yes,2556.0,0.0,0.0,0.0,1015.0,3571.0
3253,yes,0.0,0.0,1951.3,0.0,0.0,1951.3
3300,yes,6632.0,7786.5,0.0,0.0,0.0,14418.5
3360,yes,9194.0,0.0,0.0,0.0,0.0,9194.0
3477,yes,2132.0,0.0,0.0,0.0,0.0,2132.0
3687,yes,5106.0,0.0,0.0,0.0,0.0,5106.0
3943,yes,1942.0,0.0,0.0,0.0,0.0,1942.0
4408,yes,5156.0,0.0,3779.9,0.0,0.0,8935.9
5429,No,NULL,NULL,NULL,NULL,NULL,NULL
7156,yes,0.0,2062.0,0.0,0.0,0.0,2062.0
7203,No,NULL,NULL,NULL,NULL,NULL,NULL
10728,yes,3867.0,3221.5,0.0,0.0,0.0,7088.5
41,No,NULL,NULL,NULL,NULL,NULL,NULL
73,yes,6061.0,0.0,0.0,0.0,0.0,6061.0
220,yes,3095.0,0.0,0.0,0.0,0.0,3095.0
236,No,NULL,NULL,NULL,NULL,NULL,NULL
240,yes,9621.0,0.0,1050.0,0.0,0.0,10671.0
349,yes,4660.0,3568.0,0.0,0.0,0.0,8228.0
387,No,NULL,NULL,NULL,NULL,NULL,NULL
407,yes,5411.0,0.0,0.0,0.0,14.0,5425.0
469,yes,2672.0,0.0,0.0,0.0,0.0,2672.0
481,yes,1889.0,0.0,0.0,0.0,0.0,1889.0
571,yes,3255.0,0.0,0.0,0.0,0.0,3255.0
615,yes,309.0,0.0,0.0,0.0,1787.0,2096.0
626,yes,3639.0,0.0,0.0,0.0,0.0,3639.0
628,yes,3028.0,0.0,0.0,0.0,0.0,3028.0
651,yes,2652.0,0.0,0.0,0.0,4062.0,6714.0
712,yes,0.0,0.0,3847.2,0.0,0.0,3847.2
846,yes,0.0,7795.5,0.0,0.0,0.0,7795.5
864,yes,3699.0,0.0,0.0,0.0,0.0,3699.0
899,yes,0.0,0.0,1626.6,0.0,0.0,1626.6
915,yes,14291.0,6449.0,0.0,0.0,0.0,20740.0
958,yes,3990.0,0.0,0.0,0.0,0.0,3990.0
994,No,NULL,NULL,NULL,NULL,NULL,NULL
1065,No,NULL,NULL,NULL,NULL,NULL,NULL
1203,yes,465.0,0.0,0.0,118.0,3578.0,4161.0
1259,yes,724.0,1429.0,0.0,464.0,2108.0,4725.0
1289,yes,6950.0,0.0,0.0,0.0,0.0,6950.0
1547,No,NULL,NULL,NULL,NULL,NULL,NULL
1551,yes,3063.0,0.0,0.0,0.0,0.0,3063.0
1572,yes,7596.0,0.0,0.0,0.0,0.0,7596.0
1605,yes,3353.0,0.0,0.0,0.0,0.0,3353.0
1630,yes,3595.0,0.0,0.0,0.0,0.0,3595.0
1703,yes,3554.0,0.0,0.0,0.0,0.0,3554.0
1714,yes,3028.0,0.0,0.0,0.0,0.0,3028.0
1725,No,NULL,NULL,NULL,NULL,NULL,NULL
1858,yes,3764.0,0.0,0.0,0.0,0.0,3764.0
1916,yes,4269.0,0.0,0.0,0.0,0.0,4269.0
1944,yes,6741.0,0.0,0.0,0.0,0.0,6741.0
1954,yes,2140.0,0.0,0.0,0.0,0.0,2140.0
1988,yes,2671.0,0.0,0.0,0.0,0.0,2671.0
2022,yes,1943.0,0.0,0.0,0.0,0.0,1943.0
2069,yes,484.0,0.0,0.0,2108.0,2341.0,4933.0
2070,yes,8092.0,0.0,0.0,0.0,0.0,8092.0
2160,yes,6084.0,0.0,0.0,0.0,0.0,6084.0
2323,yes,6446.0,0.0,0.0,0.0,0.0,6446.0
2349,yes,1992.0,0.0,0.0,0.0,0.0,1992.0
2428,No,NULL,NULL,NULL,NULL,NULL,NULL
2489,yes,3854.0,0.0,0.0,0.0,0.0,3854.0
2575,yes,2578.0,0.0,0.0,0.0,0.0,2578.0
2581,yes,4769.0,0.0,0.0,0.0,0.0,4769.0
2650,yes,4563.0,0.0,0.0,0.0,0.0,4563.0
2688,yes,2802.0,0.0,0.0,0.0,0.0,2802.0
2736,yes,4604.0,0.0,0.0,0.0,0.0,4604.0
2814,yes,2627.0,0.0,0.0,0.0,0.0,2627.0
2932,yes,4920.0,0.0,3658.3,4.0,33.0,8615.3
2964,yes,2306.0,0.0,0.0,0.0,0.0,2306.0
3008,yes,2120.0,0.0,0.0,0.0,0.0,2120.0
3044,yes,2756.0,0.0,0.0,0.0,0.0,2756.0
3063,yes,2330.0,0.0,0.0,0.0,0.0,2330.0
3135,yes,6814.0,0.0,0.0,0.0,0.0,6814.0
3191,yes,2774.0,0.0,0.0,0.0,3606.0,6380.0
3211,yes,2012.0,0.0,0.0,0.0,0.0,2012.0
3520,No,NULL,NULL,NULL,NULL,NULL,NULL
3557,yes,2262.0,0.0,0.0,0.0,0.0,2262.0
3574,yes,2328.0,0.0,0.0,0.0,0.0,2328.0
3608,yes,3124.0,4486.0,0.0,0.0,0.0,7610.0
3774,yes,5745.0,0.0,0.0,0.0,2881.0,8626.0
3812,yes,2125.0,0.0,0.0,0.0,0.0,2125.0
3869,yes,6360.0,0.0,1248.5,0.0,0.0,7608.5
3883,No,NULL,NULL,NULL,NULL,NULL,NULL
3926,yes,2232.0,0.0,0.0,0.0,0.0,2232.0
4066,yes,6893.0,0.0,3224.5,0.0,7246.0,17363.5
4090,No,NULL,NULL,NULL,NULL,NULL,NULL
4328,No,NULL,NULL,NULL,NULL,NULL,NULL
4475,yes,0.0,0.0,1691.9,0.0,0.0,1691.9
4794,yes,1922.0,9698.0,0.0,3142.0,2263.0,17025.0
5118,yes,3095.0,1109.0,0.0,0.0,446.0,4650.0
5256,yes,0.0,5388.5,0.0,0.0,0.0,5388.5
5445,yes,685.0,2186.0,0.0,624.0,2298.0,5793.0
5767,No,NULL,NULL,NULL,NULL,NULL,NULL
6511,yes,0.0,0.0,1924.7,0.0,0.0,1924.7
6636,No,NULL,NULL,NULL,NULL,NULL,NULL
7562,yes,0.0,6450.2,0.0,0.0,0.0,6450.2
7618,yes,0.0,0.0,2362.4,0.0,0.0,2362.4
9030,yes,2587.0,3242.0,0.0,0.0,831.0,6660.0
9199,yes,0.0,2454.5,0.0,0.0,0.0,2454.5
10440,yes,2960.0,1000.0,0.0,0.0,1950.0,5910.0
10445,yes,3234.0,1951.0,0.0,0.0,0.0,5185.0
11042,yes,8436.0,6031.8,0.0,0.0,0.0,14467.8
27,yes,4054.0,0.0,0.0,0.0,0.0,4054.0
150,No,NULL,NULL,NULL,NULL,NULL,NULL
213,yes,5625.0,0.0,0.0,0.0,0.0,5625.0
234,yes,2809.0,0.0,0.0,0.0,0.0,2809.0
278,yes,3362.0,0.0,676.0,0.0,0.0,4038.0
313,yes,2294.0,0.0,0.0,0.0,0.0,2294.0
333,yes,1634.0,0.0,0.0,292.0,72.0,1998.0
417,No,NULL,NULL,NULL,NULL,NULL,NULL
473,yes,4237.0,0.0,0.0,75.0,2973.0,7285.0
504,yes,2308.0,0.0,0.0,0.0,0.0,2308.0
750,yes,6615.0,0.0,0.0,0.0,0.0,6615.0
873,yes,878.0,2975.0,0.0,2211.0,1540.0,7604.0
914,yes,2298.0,0.0,0.0,0.0,0.0,2298.0
978,yes,2062.0,0.0,0.0,0.0,0.0,2062.0
1034,yes,4219.0,0.0,0.0,0.0,0.0,4219.0
1035,yes,2194.0,0.0,0.0,0.0,4942.0,7136.0
1073,yes,3843.0,0.0,0.0,0.0,0.0,3843.0
1205,yes,2989.0,0.0,0.0,0.0,0.0,2989.0
1461,yes,8705.0,0.0,4217.1,0.0,0.0,12922.1
1464,No,NULL,NULL,NULL,NULL,NULL,NULL
1566,yes,4375.0,0.0,0.0,1622.0,2112.0,8109.0
1658,yes,1950.0,0.0,0.0,0.0,172.0,2122.0
1665,yes,1578.0,0.0,0.0,0.0,0.0,1578.0
1763,yes,1146.0,0.0,0.0,0.0,5539.0,6685.0
1917,yes,2943.0,0.0,0.0,0.0,0.0,2943.0
1984,No,NULL,NULL,NULL,NULL,NULL,NULL
2094,yes,2288.0,0.0,0.0,0.0,0.0,2288.0
2195,No,NULL,NULL,NULL,NULL,NULL,NULL
2217,No,NULL,NULL,NULL,NULL,NULL,NULL
2236,yes,0.0,3873.7,0.0,0.0,0.0,3873.7
2318,yes,3081.0,0.0,0.0,654.0,5442.0,9177.0
2492,yes,3741.0,0.0,0.0,0.0,0.0,3741.0
2609,yes,0.0,0.0,4881.9,0.0,0.0,4881.9
2647,yes,5303.0,0.0,0.0,0.0,0.0,5303.0
2676,yes,1510.0,0.0,0.0,2348.0,1339.0,5197.0
2699,yes,3743.0,4816.0,0.0,0.0,662.0,9221.0
2768,yes,2155.0,0.0,0.0,0.0,0.0,2155.0
2779,yes,8262.0,0.0,0.0,10.0,39.0,8311.0
2809,yes,1764.0,0.0,0.0,0.0,6339.0,8103.0
2835,No,NULL,NULL,NULL,NULL,NULL,NULL
2920,yes,5493.0,0.0,0.0,0.0,0.0,5493.0
3013,yes,3064.0,0.0,0.0,0.0,0.0,3064.0
3060,yes,3960.0,0.0,0.0,0.0,0.0,3960.0
3231,yes,2636.0,0.0,0.0,0.0,0.0,2636.0
3362,yes,7294.0,0.0,0.0,0.0,0.0,7294.0
3429,yes,1864.0,0.0,0.0,0.0,0.0,1864.0
3433,yes,2303.0,0.0,0.0,0.0,0.0,2303.0
3532,No,NULL,NULL,NULL,NULL,NULL,NULL
4013,yes,6686.0,0.0,1003.0,0.0,0.0,7689.0
4383,yes,8352.0,0.0,1540.0,0.0,4265.0,14157.0
4415,yes,4601.0,6170.0,0.0,77.0,3805.0,14653.0
4462,yes,0.0,2770.3,0.0,0.0,0.0,2770.3
4725,yes,13462.0,4674.2,0.0,0.0,0.0,18136.2
8085,yes,916.0,4340.0,0.0,0.0,10965.0,16221.0
9455,yes,2789.0,6245.8,0.0,7793.0,618.0,17445.8
10694,No,NULL,NULL,NULL,NULL,NULL,NULL
20,yes,2003.0,0.0,0.0,0.0,0.0,2003.0
24,yes,221.0,0.0,0.0,0.0,7641.0,7862.0
78,yes,9039.0,0.0,0.0,0.0,0.0,9039.0
81,yes,1765.0,0.0,0.0,229.0,62.0,2056.0
97,yes,1436.0,8573.0,0.0,3.0,2426.0,12438.0
129,yes,3417.0,0.0,0.0,0.0,0.0,3417.0
136,yes,2932.0,0.0,0.0,0.0,0.0,2932.0
190,yes,4519.0,0.0,0.0,42.0,4549.0,9110.0
251,yes,3059.0,0.0,0.0,0.0,0.0,3059.0
297,No,NULL,NULL,NULL,NULL,NULL,NULL
335,yes,2697.0,0.0,0.0,0.0,0.0,2697.0
365,yes,11528.0,0.0,1766.0,5.0,1791.0,15090.0
412,yes,8727.0,0.0,0.0,0.0,0.0,8727.0
467,yes,3937.0,0.0,0.0,0.0,2895.0,6832.0
508,yes,2480.0,0.0,0.0,0.0,0.0,2480.0
518,yes,3353.0,0.0,0.0,0.0,0.0,3353.0
610,No,NULL,NULL,NULL,NULL,NULL,NULL
613,No,NULL,NULL,NULL,NULL,NULL,NULL
617,yes,13080.0,0.0,2607.2,0.0,0.0,15687.2
683,yes,8578.0,0.0,0.0,0.0,0.0,8578.0
688,yes,2509.0,0.0,0.0,0.0,0.0,2509.0
820,yes,210.0,0.0,0.0,0.0,5367.0,5577.0
830,No,NULL,NULL,NULL,NULL,NULL,NULL
902,yes,260.0,0.0,0.0,1726.0,1869.0,3855.0
954,yes,357.0,0.0,0.0,1906.0,1242.0,3505.0
956,No,NULL,NULL,NULL,NULL,NULL,NULL
968,yes,7262.0,0.0,0.0,0.0,0.0,7262.0
986,yes,2146.0,0.0,0.0,0.0,0.0,2146.0
1014,No,NULL,NULL,NULL,NULL,NULL,NULL
1031,yes,6817.0,0.0,551.0,51.0,747.0,8166.0
1079,yes,10392.0,0.0,0.0,0.0,0.0,10392.0
1089,yes,756.0,0.0,0.0,0.0,2962.0,3718.0
1128,yes,2070.0,0.0,0.0,0.0,0.0,2070.0
1142,yes,2077.0,0.0,0.0,0.0,0.0,2077.0
1179,yes,2808.0,0.0,0.0,0.0,0.0,2808.0
1242,yes,4910.0,5355.7,0.0,422.0,3712.0,14399.7
1254,No,NULL,NULL,NULL,NULL,NULL,NULL
1268,yes,2220.0,0.0,0.0,0.0,0.0,2220.0
1334,No,NULL,NULL,NULL,NULL,NULL,NULL
1338,yes,4545.0,0.0,0.0,157.0,897.0,5599.0
1346,yes,1592.0,0.0,0.0,0.0,475.0,2067.0
1367,yes,3872.0,0.0,0.0,717.0,624.0,5213.0
1384,No,NULL,NULL,NULL,NULL,NULL,NULL
1402,yes,2073.0,0.0,0.0,471.0,2595.0,5139.0
1410,yes,3816.0,0.0,0.0,0.0,0.0,3816.0
1521,yes,3024.0,0.0,0.0,0.0,0.0,3024.0
1652,yes,3422.0,0.0,0.0,0.0,0.0,3422.0
1710,yes,2071.0,0.0,0.0,0.0,0.0,2071.0
1728,yes,4954.0,0.0,0.0,0.0,0.0,4954.0
1736,yes,3666.0,0.0,0.0,0.0,0.0,3666.0
1794,yes,2867.0,0.0,0.0,198.0,1937.0,5002.0
1835,yes,5938.0,0.0,0.0,0.0,1431.0,7369.0
1896,yes,9463.0,0.0,1791.5,0.0,0.0,11254.5
1997,yes,1942.0,0.0,0.0,0.0,0.0,1942.0
2080,yes,13628.0,5961.0,0.0,0.0,0.0,19589.0
2108,yes,5974.0,0.0,0.0,0.0,0.0,5974.0
2119,yes,5688.0,0.0,0.0,0.0,0.0,5688.0
2216,yes,5184.0,0.0,4705.0,0.0,0.0,9889.0
2253,yes,2944.0,0.0,0.0,0.0,0.0,2944.0
2351,yes,9173.0,0.0,0.0,0.0,0.0,9173.0
2431,yes,1243.0,0.0,1502.0,2305.0,236.0,5286.0
2439,yes,2096.0,0.0,0.0,0.0,0.0,2096.0
2484,yes,2343.0,0.0,0.0,599.0,1928.0,4870.0
2494,yes,693.0,0.0,0.0,2247.0,4206.0,7146.0
2530,yes,99.0,0.0,0.0,3698.0,4379.0,8176.0
2547,yes,5492.0,0.0,0.0,0.0,0.0,5492.0
2549,yes,2085.0,0.0,0.0,0.0,0.0,2085.0
2565,No,NULL,NULL,NULL,NULL,NULL,NULL
2700,yes,5221.0,0.0,0.0,1123.0,8452.0,14796.0
2702,yes,3537.0,0.0,0.0,0.0,29.0,3566.0
2717,yes,2271.0,0.0,0.0,0.0,0.0,2271.0
2721,yes,1544.0,0.0,0.0,179.0,2273.0,3996.0
2752,No,NULL,NULL,NULL,NULL,NULL,NULL
2794,No,NULL,NULL,NULL,NULL,NULL,NULL
2797,No,NULL,NULL,NULL,NULL,NULL,NULL
2816,yes,3933.0,0.0,0.0,0.0,644.0,4577.0
2905,No,NULL,NULL,NULL,NULL,NULL,NULL
2912,yes,0.0,6336.0,0.0,0.0,0.0,6336.0
2978,yes,3212.0,0.0,0.0,0.0,0.0,3212.0
3046,yes,1889.0,0.0,0.0,0.0,613.0,2502.0
3048,yes,0.0,0.0,4631.2,0.0,0.0,4631.2
3066,yes,3241.0,0.0,0.0,0.0,0.0,3241.0
3074,No,NULL,NULL,NULL,NULL,NULL,NULL
3122,yes,4944.0,0.0,0.0,0.0,0.0,4944.0
3177,No,NULL,NULL,NULL,NULL,NULL,NULL
3193,yes,9641.0,0.0,0.0,0.0,0.0,9641.0
3249,yes,8197.0,5677.0,0.0,0.0,0.0,13874.0
3273,yes,0.0,7876.0,0.0,0.0,0.0,7876.0
3275,yes,120.0,0.0,0.0,0.0,3056.0,3176.0
3350,yes,3661.0,0.0,0.0,0.0,0.0,3661.0
3353,yes,10616.0,6086.2,0.0,414.0,58.0,17174.2
3377,yes,3240.0,0.0,0.0,0.0,0.0,3240.0
3391,yes,813.0,0.0,620.0,0.0,6082.0,7515.0
3424,yes,4979.0,0.0,1379.0,1463.0,2264.0,10085.0
3502,yes,5258.0,0.0,0.0,0.0,0.0,5258.0
3533,yes,2127.0,0.0,0.0,0.0,0.0,2127.0
3543,yes,2094.0,0.0,0.0,0.0,0.0,2094.0
3577,yes,7964.0,0.0,0.0,0.0,0.0,7964.0
3660,No,NULL,NULL,NULL,NULL,NULL,NULL
3703,yes,1820.0,0.0,0.0,0.0,192.0,2012.0
3709,yes,5579.0,0.0,0.0,255.0,1791.0,7625.0
3715,No,NULL,NULL,NULL,NULL,NULL,NULL
3779,yes,159.0,0.0,0.0,2969.0,853.0,3981.0
3799,yes,4673.0,0.0,0.0,136.0,1503.0,6312.0
3814,No,NULL,NULL,NULL,NULL,NULL,NULL
3818,yes,3596.0,0.0,0.0,4065.0,1474.0,9135.0
3823,No,NULL,NULL,NULL,NULL,NULL,NULL
3920,No,NULL,NULL,NULL,NULL,NULL,NULL
3932,yes,1593.0,0.0,0.0,0.0,0.0,1593.0
3976,yes,2414.0,0.0,0.0,0.0,0.0,2414.0
4092,No,NULL,NULL,NULL,NULL,NULL,NULL
4159,No,NULL,NULL,NULL,NULL,NULL,NULL
4309,yes,0.0,4825.3,0.0,0.0,0.0,4825.3
4332,yes,7885.0,0.0,4609.6,0.0,0.0,12494.6
4342,yes,6135.0,4172.0,0.0,0.0,0.0,10307.0
4349,No,NULL,NULL,NULL,NULL,NULL,NULL
4413,yes,7802.0,4610.0,0.0,0.0,0.0,12412.0
4596,No,NULL,NULL,NULL,NULL,NULL,NULL
5092,No,NULL,NULL,NULL,NULL,NULL,NULL
5742,yes,0.0,4845.0,0.0,0.0,0.0,4845.0
6148,yes,7847.0,2490.0,0.0,0.0,0.0,10337.0
6226,yes,0.0,6643.7,0.0,0.0,0.0,6643.7
6363,yes,0.0,1459.0,0.0,0.0,0.0,1459.0
6510,yes,0.0,3207.8,0.0,0.0,0.0,3207.8
6602,yes,0.0,8523.0,0.0,0.0,0.0,8523.0
6924,yes,4585.0,4059.5,0.0,0.0,0.0,8644.5
6927,No,NULL,NULL,NULL,NULL,NULL,NULL
7753,yes,0.0,2153.8,0.0,0.0,0.0,2153.8
7774,yes,0.0,0.0,1002.4,0.0,0.0,1002.4
8566,yes,555.0,6394.8,0.0,0.0,8894.0,15843.8
9241,yes,3595.0,4753.7,0.0,0.0,0.0,8348.7
9591,yes,4146.0,4362.7,0.0,0.0,0.0,8508.7
9750,yes,0.0,3160.7,0.0,0.0,0.0,3160.7
11295,No,NULL,NULL,NULL,NULL,NULL,NULL
11382,No,NULL,NULL,NULL,NULL,NULL,NULL
35,yes,2384.0,0.0,0.0,0.0,0.0,2384.0
135,No,NULL,NULL,NULL,NULL,NULL,NULL
262,No,NULL,NULL,NULL,NULL,NULL,NULL
325,yes,2741.0,0.0,0.0,0.0,0.0,2741.0
420,yes,7192.0,0.0,0.0,0.0,0.0,7192.0
421,yes,5571.0,0.0,0.0,0.0,0.0,5571.0
453,yes,7012.0,0.0,0.0,0.0,0.0,7012.0
540,No,NULL,NULL,NULL,NULL,NULL,NULL
580,yes,3571.0,0.0,0.0,0.0,1715.0,5286.0
606,yes,7140.0,0.0,0.0,0.0,1071.0,8211.0
636,yes,3056.0,0.0,0.0,0.0,0.0,3056.0
717,yes,6561.0,0.0,0.0,0.0,0.0,6561.0
736,yes,2119.0,0.0,0.0,0.0,0.0,2119.0
746,yes,3452.0,0.0,0.0,0.0,0.0,3452.0
1349,yes,3813.0,0.0,0.0,0.0,0.0,3813.0
1417,yes,7394.0,0.0,0.0,0.0,0.0,7394.0
1574,yes,2390.0,0.0,0.0,0.0,0.0,2390.0
1621,yes,7887.0,0.0,0.0,0.0,0.0,7887.0
1707,yes,7830.0,0.0,1196.9,0.0,0.0,9026.9
1757,No,NULL,NULL,NULL,NULL,NULL,NULL
1802,yes,2508.0,0.0,0.0,0.0,0.0,2508.0
2001,yes,12524.0,0.0,0.0,0.0,0.0,12524.0
2011,yes,1726.0,0.0,0.0,12.0,272.0,2010.0
2040,yes,5262.0,0.0,0.0,0.0,0.0,5262.0
2136,No,NULL,NULL,NULL,NULL,NULL,NULL
2138,yes,9788.0,0.0,0.0,0.0,0.0,9788.0
2140,yes,2318.0,0.0,0.0,0.0,0.0,2318.0
2189,yes,1449.0,0.0,0.0,2803.0,704.0,4956.0
2315,yes,1673.0,0.0,0.0,0.0,0.0,1673.0
2585,No,NULL,NULL,NULL,NULL,NULL,NULL
2723,yes,5546.0,0.0,0.0,0.0,0.0,5546.0
2847,yes,5185.0,0.0,0.0,0.0,0.0,5185.0
3014,yes,0.0,0.0,4187.0,0.0,0.0,4187.0
3017,yes,3019.0,0.0,0.0,1173.0,2756.0,6948.0
3217,yes,8196.0,0.0,1951.3,0.0,0.0,10147.3
3294,yes,6369.0,0.0,0.0,0.0,0.0,6369.0
3306,yes,5454.0,0.0,0.0,0.0,59.0,5513.0
3415,yes,4178.0,0.0,0.0,0.0,0.0,4178.0
3521,No,NULL,NULL,NULL,NULL,NULL,NULL
3604,yes,3893.0,0.0,0.0,0.0,0.0,3893.0
3704,yes,3046.0,0.0,0.0,0.0,0.0,3046.0
3849,yes,4447.0,0.0,0.0,0.0,0.0,4447.0
3971,yes,9510.0,0.0,0.0,857.0,1428.0,11795.0
3980,yes,1367.0,0.0,0.0,0.0,2264.0,3631.0
5181,yes,0.0,6652.5,0.0,0.0,0.0,6652.5
5870,No,NULL,NULL,NULL,NULL,NULL,NULL
7011,No,NULL,NULL,NULL,NULL,NULL,NULL
7033,No,NULL,NULL,NULL,NULL,NULL,NULL
7857,yes,8157.0,5676.0,0.0,137.0,1042.0,15012.0
10789,yes,10340.0,3813.7,0.0,2670.0,933.0,17756.7
11135,yes,3264.0,5073.0,0.0,0.0,0.0,8337.0
11,yes,2132.0,0.0,0.0,0.0,0.0,2132.0
13,yes,2444.0,0.0,0.0,0.0,0.0,2444.0
151,yes,411.0,0.0,0.0,0.0,2668.0,3079.0
189,yes,4244.0,0.0,0.0,360.0,750.0,5354.0
274,yes,9886.0,0.0,0.0,0.0,0.0,9886.0
317,yes,3068.0,0.0,0.0,0.0,0.0,3068.0
517,yes,9255.0,0.0,0.0,0.0,0.0,9255.0
569,yes,2074.0,0.0,0.0,0.0,0.0,2074.0
721,yes,2194.0,0.0,0.0,0.0,0.0,2194.0
726,yes,3198.0,0.0,0.0,0.0,0.0,3198.0
762,yes,3895.0,0.0,0.0,0.0,0.0,3895.0
807,yes,12579.0,0.0,0.0,0.0,0.0,12579.0
814,yes,2230.0,0.0,0.0,0.0,0.0,2230.0
1235,yes,2892.0,0.0,0.0,0.0,0.0,2892.0
1339,No,NULL,NULL,NULL,NULL,NULL,NULL
1423,yes,2394.0,0.0,0.0,0.0,1213.0,3607.0
1425,yes,4069.0,0.0,0.0,0.0,0.0,4069.0
1695,yes,14658.0,0.0,0.0,0.0,0.0,14658.0
1744,yes,3317.0,0.0,0.0,0.0,0.0,3317.0
1877,yes,1827.0,0.0,0.0,0.0,0.0,1827.0
1880,No,NULL,NULL,NULL,NULL,NULL,NULL
2048,yes,2525.0,0.0,1017.0,0.0,1466.0,5008.0
2067,No,NULL,NULL,NULL,NULL,NULL,NULL
2132,No,NULL,NULL,NULL,NULL,NULL,NULL
2409,yes,5028.0,0.0,0.0,0.0,0.0,5028.0
2444,yes,0.0,0.0,2931.6,0.0,0.0,2931.6
2457,yes,3834.0,0.0,0.0,0.0,0.0,3834.0
2491,yes,1.0,0.0,0.0,0.0,3232.0,3233.0
2627,yes,2140.0,0.0,0.0,0.0,0.0,2140.0
2687,yes,3830.0,0.0,0.0,0.0,0.0,3830.0
2733,yes,780.0,0.0,0.0,0.0,1545.0,2325.0
2887,yes,5645.0,0.0,0.0,0.0,0.0,5645.0
2971,yes,0.0,0.0,3554.8,0.0,0.0,3554.8
3061,yes,1978.0,0.0,0.0,0.0,0.0,1978.0
3274,yes,5775.0,0.0,0.0,0.0,0.0,5775.0
3330,yes,5713.0,0.0,3651.7,0.0,0.0,9364.7
3402,yes,3656.0,0.0,1197.0,0.0,4324.0,9177.0
3459,No,NULL,NULL,NULL,NULL,NULL,NULL
3469,yes,2554.0,0.0,0.0,0.0,0.0,2554.0
3497,yes,1611.0,0.0,0.0,118.0,5650.0,7379.0
3598,yes,6435.0,0.0,0.0,0.0,0.0,6435.0
3669,yes,2057.0,0.0,0.0,2087.0,1298.0,5442.0
3701,yes,2844.0,0.0,0.0,0.0,0.0,2844.0
3722,yes,8123.0,0.0,0.0,0.0,0.0,8123.0
3840,yes,2559.0,0.0,0.0,0.0,0.0,2559.0
3937,yes,3385.0,0.0,0.0,0.0,0.0,3385.0
3947,yes,2469.0,0.0,0.0,0.0,619.0,3088.0
5362,yes,6413.0,4226.3,0.0,0.0,7962.0,18601.3
5878,No,NULL,NULL,NULL,NULL,NULL,NULL
6910,yes,0.0,0.0,2391.5,0.0,0.0,2391.5
9673,yes,3684.0,2450.2,0.0,0.0,0.0,6134.2
10065,yes,0.0,6483.7,0.0,0.0,0.0,6483.7
10650,yes,10356.0,4088.0,0.0,0.0,0.0,14444.0
10799,yes,0.0,519.0,0.0,0.0,0.0,519.0
10906,No,NULL,NULL,NULL,NULL,NULL,NULL
53,yes,2851.0,0.0,0.0,0.0,0.0,2851.0
153,yes,4544.0,0.0,0.0,0.0,0.0,4544.0
184,yes,0.0,0.0,1623.0,0.0,0.0,1623.0
217,yes,3459.0,0.0,653.0,0.0,0.0,4112.0
299,No,NULL,NULL,NULL,NULL,NULL,NULL
368,yes,4381.0,0.0,1071.0,269.0,959.0,6680.0
551,No,NULL,NULL,NULL,NULL,NULL,NULL
742,yes,2048.0,0.0,0.0,0.0,0.0,2048.0
857,yes,3019.0,0.0,0.0,0.0,0.0,3019.0
976,yes,5244.0,0.0,0.0,0.0,0.0,5244.0
1000,yes,3179.0,0.0,0.0,2852.0,1475.0,7506.0
1216,yes,2349.0,0.0,0.0,0.0,0.0,2349.0
1590,yes,5847.0,0.0,0.0,551.0,1152.0,7550.0
1634,No,NULL,NULL,NULL,NULL,NULL,NULL
1683,yes,1342.0,0.0,0.0,345.0,3239.0,4926.0
1737,yes,3103.0,0.0,0.0,0.0,2329.0,5432.0
1962,yes,770.0,0.0,0.0,1771.0,1192.0,3733.0
1972,yes,2736.0,0.0,0.0,0.0,0.0,2736.0
2157,yes,9094.0,0.0,0.0,0.0,0.0,9094.0
2332,yes,3919.0,0.0,0.0,0.0,0.0,3919.0
2377,yes,1957.0,0.0,0.0,0.0,0.0,1957.0
2883,yes,2497.0,0.0,0.0,0.0,0.0,2497.0
2919,yes,7331.0,0.0,0.0,0.0,0.0,7331.0
2994,yes,3217.0,1354.0,0.0,0.0,0.0,4571.0
3157,yes,2434.0,0.0,0.0,0.0,0.0,2434.0
3172,yes,1899.0,0.0,0.0,0.0,43.0,1942.0
3248,yes,3259.0,0.0,0.0,0.0,0.0,3259.0
3647,yes,5842.0,0.0,0.0,0.0,0.0,5842.0
3686,yes,2054.0,0.0,0.0,0.0,0.0,2054.0
3750,yes,7774.0,0.0,0.0,0.0,0.0,7774.0
3833,yes,6760.0,0.0,0.0,0.0,0.0,6760.0
3990,yes,10312.0,0.0,0.0,0.0,0.0,10312.0
4119,No,NULL,NULL,NULL,NULL,NULL,NULL
4268,yes,6646.0,3499.0,0.0,0.0,0.0,10145.0
4389,No,NULL,NULL,NULL,NULL,NULL,NULL
4631,yes,0.0,3647.0,0.0,0.0,0.0,3647.0
5228,yes,0.0,7242.0,0.0,0.0,0.0,7242.0
5817,yes,3105.0,0.0,3849.0,0.0,9352.0,16306.0
7181,yes,5030.0,4156.5,0.0,16.0,935.0,10137.5
8321,yes,7041.0,1484.0,0.0,0.0,0.0,8525.0
