account_id,capacity(R),master_score,I_rank,CV_rank
1,0.09203612479474549,0.8805547900856122,Medium,High
2,0.18735045742434905,0.965867791122298,Low,Medium
3,0.9253477252970154,0.895443667735409,High,Medium
4,0.3052738336713996,0.9187516756546835,High,Medium
5,0.4551302826030594,0.94831562920018,High,Medium
6,0.2876460929199266,0.9462421686818493,High,Medium
7,0.843435960591133,0.9415742476241814,Medium,Low
8,0.5731890236200581,0.9319919328466905,Medium,Low
9,0.10341358495802401,0.4193127887545945,Medium,High
10,0.6519066678395498,0.934351030281472,Medium,Low
11,0.1877754731656728,0.954822845104913,High,Medium
12,0.4019088669950739,0.8951493279923032,High,High
13,0.2544065578817734,0.8771722274041064,High,Medium
14,0.4840886699507389,0.9207752828124564,Medium,Low
15,0.2353954791037661,0.9642754222075657,Low,Low
16,0.6778940886699507,0.8504308050996483,Medium,Low
17,1.310184193617477,0.5952655819721395,High,High
18,0.37480699948533197,0.917608231473282,Low,High
19,0.07599081952530229,0.8865213361304166,Low,Medium
20,0.1944823187895848,0.937615663777134,High,Medium
21,1.3657122331691298,0.8870909387652315,High,High
22,0.19295004753262465,0.9590358109220353,Low,Low
23,0.38177799426512754,0.9771886427826875,Low,Low
24,0.2768241995073892,0.8465271374257707,Medium,Medium
25,0.3205580091727535,0.8571335374063768,Low,Medium
26,0.2489512777093596,0.9646327241115399,Low,Low
27,0.15725428102275393,0.9599550193879778,Low,Medium
29,0.23583115512214736,0.9508394988377309,Low,Low
30,0.30199096880131365,0.8897939549462828,Low,Medium
31,0.0743282579489476,0.9205688671030171,Low,Medium
32,0.6904941502463053,0.9529156099024052,High,Low
33,0.5406596366995073,0.9705545427391805,Medium,Low
34,0.24492728125733051,0.9723882270906473,Low,Low
35,0.09816691928760894,0.9494234648543818,Medium,Medium
36,0.3747963243652899,0.9712434930484396,Low,Low
37,0.8832165948275862,0.6879062132465913,Medium,High
38,0.8578355911330049,0.8788875615713063,High,Medium
39,0.07963875205254516,0.9539340792641441,Low,Medium
40,0.11761083743842364,0.9441122868592216,Low,Medium
41,1.9389431958128078,0.9370360980990345,High,Low
42,0.28564831104855737,0.9135539807719957,Medium,Low
43,0.346349890530925,0.9585604909714571,Low,Low
44,0.1094450775678259,0.9576012502841508,Medium,Medium
45,0.5310755336617407,0.9064771460387667,High,High
47,0.37878117302955666,0.9613694556249681,Low,Low
48,0.8732881773399015,0.927553329378316,Medium,Low
49,0.23560652709359606,0.9022412467790362,High,High
50,0.48204209583519925,0.964312074228306,Medium,Low
51,0.9754290481487367,0.9304620840980147,High,Low
52,0.2831843007067894,0.8978124957000707,Low,Low
53,0.1108227773868168,0.9074177478601375,Medium,Medium
54,0.1919249054874556,0.947897240225244,High,Medium
55,0.18997210953346857,0.9229104704109764,High,Medium
56,0.32216188983430366,0.9642151455396375,Medium,Low
57,0.4510396379883147,0.9465003639527125,Medium,Low
58,0.12371349401829697,0.7531257884007115,Medium,High
59,0.43101827845475765,0.9552186415291736,Medium,Medium
61,0.09445812807881775,0.9214761272958882,Medium,High
62,0.07433783108445777,0.960682448141499,Low,Medium
63,0.39812807881773393,0.9022377420566486,High,High
64,0.3185550082101806,0.5239953520390634,High,High
65,0.664787798408488,0.930255581482167,Medium,Low
66,0.5144499178981938,0.9624112165334301,Low,Low
67,0.24441502463054188,0.9569421544863752,Low,Low
68,0.6229282122331691,0.9316298773059392,Low,Medium
69,0.5582512315270937,0.5239030678271345,High,High
70,0.28384691582780036,0.9391361117412623,Medium,Medium
71,0.37568598219687155,0.9563750404592295,Low,Low
72,0.22924876847290643,0.7755205933121204,Low,High
73,0.31244952757813127,0.9585136833375723,Low,Low
75,0.19460437192118227,0.8771165948612759,Low,Medium
76,0.19490902590179565,0.8790532140474123,Medium,Medium
77,0.23810344827586205,0.8829437189493138,Low,Low
78,0.36905077680939746,0.9760227804397893,Medium,Low
79,0.2696551724137931,0.9392072912516638,High,Medium
80,0.21581722874826326,0.9439752855025707,High,Medium
81,0.3868162901307967,0.8998219485127809,High,High
82,0.46972682489923867,0.9069644577198127,Low,High
83,0.15038666328600409,0.9667392391604084,Low,Medium
84,0.890513820470717,0.753917738201747,Medium,High
85,0.7625058644147317,0.90810185143567,High,Medium
86,0.09797333476119084,0.9611939193099561,Medium,High
88,0.2592152199762188,0.9475062441962574,High,Medium
89,0.7782430213464696,0.9357616912839574,High,High
90,0.1400629705362952,0.9539834986978748,Low,Low
91,-0.05372536945812808,0.48184594577209633,Low,High
93,0.34896346469622336,0.7923955878231845,High,High
95,0.5503010399562123,0.9496783153308836,Medium,Low
96,0.3731527093596059,0.973166473059462,Low,Low
97,0.5221674876847291,0.9083810279414057,Medium,Low
98,0.23395773917552504,0.8873474303127842,High,High
99,0.017241379310344827,0.8147925455450177,Low,High
100,0.38395422824302133,0.9429572198995856,Medium,Medium
101,0.7088881619458128,0.8929975576116472,Medium,Medium
102,0.24819243604004448,0.8598887680638002,Low,High
103,0.35469846245708314,0.7587774285409634,Low,High
104,0.1159672920892495,0.9677893187044709,High,Medium
105,0.31182990437554337,0.5883321543075598,Medium,High
106,0.40794334975369456,0.9576323897385575,Medium,Low
107,0.22333541952677058,0.9548999260762383,Medium,Medium
108,0.38977148330596617,0.948503974870365,Medium,Low
109,0.64375,0.9243510922063974,High,High
110,0.7842491931374214,0.8947502150298424,Medium,Low
112,0.23105411579924323,0.9319101444353983,Medium,High
113,0.2796840496008154,0.9138476519624452,High,Medium
114,0.3825944170771757,0.9222969271086146,High,High
115,0.14984918255158136,0.9724223655181391,Low,Low
116,0.6736359904463353,0.9076402758913767,Medium,Low
117,0.08140296348424428,0.9361624603052611,Low,High
118,0.6050903119868637,0.937216608481292,High,High
119,0.26364789353723994,0.9788515406007914,Low,Low
120,0.18939860426929392,0.7918616134882899,Low,High
121,0.768670830401126,0.959483663587467,High,High
122,0.6723545850701023,0.9404401102499894,Medium,Low
123,0.10425144570571858,0.9715152396389664,Medium,Low
124,0.34800903119868637,0.869790688792351,High,High
125,0.7395890348476556,0.6373008907585034,Medium,High
126,0.24997020498967107,0.8953889824148542,Low,High
127,0.09304399524375744,0.954115664095355,Medium,Medium
128,0.32851864883884596,0.8915291042849767,High,High
129,0.43675228712174535,0.9606755612630844,High,Low
130,0.40816726377071205,0.9192224077693802,High,Medium
131,0.26642036124794743,0.8738537053706764,Medium,High
132,0.34324845065946286,0.7687659492945201,Low,High
133,1.0243886347642506,0.7464401921051147,Medium,High
134,1.168103448275862,0.9467592489455445,High,High
135,0.34371734587251834,0.9458196724143019,High,High
136,0.26900921658986177,0.9217508811550018,High,Medium
137,0.5262018005775437,0.9129937161305888,Medium,Low
138,0.16736137425792597,0.6170804746662929,High,High
139,0.8787756028001037,0.8266414926462958,Medium,High
140,0.48812602627257806,0.2896673017910639,High,High
141,0.5118861024033438,0.899633961521286,Low,Low
142,0.09771727656579873,0.9663327936805459,Medium,Medium
143,0.28038177339901477,0.9031471018750936,High,Medium
144,1.3004464285714286,0.7912606745172178,Medium,Medium
145,0.5489532019704434,0.9275939838273888,High,Medium
146,0.1895574321682696,0.9530536161789234,Medium,Medium
148,0.1268006418868488,0.9676166945206031,High,Medium
149,1.2769514967790832,0.9287023361351058,High,High
150,0.13514641488779422,0.43843777717766186,Medium,High
151,0.11883259050746736,0.9264010398517134,Medium,High
152,0.17920643472906403,0.8590152230567584,Medium,High
153,0.11077390726405503,0.9597278220592804,Low,Low
154,0.5264949370552818,0.9587371637715798,Medium,Low
155,0.16524930102516308,0.8371875551541742,Medium,High
156,0.3587262491203378,0.9481045217995635,High,High
157,0.4977861834388929,0.8990379814835096,High,Medium
158,0.11804187192118226,0.9343404784847026,Low,Low
159,1.3256409538737124,0.9226096641291366,High,Low
160,0.23907264055047306,0.9208118165247798,Low,High
161,0.08609071475044149,0.9127134061946572,Medium,High
162,0.10395339439655173,0.9479390989461862,Medium,High
163,0.1626656490668147,0.9666879815254468,Medium,Medium
164,0.374692118226601,0.3969998023111896,High,High
165,0.2871837214509628,0.9657435849859816,High,Medium
166,0.23812456016889516,0.9345974236855914,High,Medium
167,0.4467998406259055,0.878481544544744,Low,Medium
168,0.07136971167777456,0.9651083197586295,Medium,Medium
169,0.5303145130731338,0.9576450520126254,High,Low
170,0.5956132155597077,0.9430761740138505,Medium,Low
171,0.15992405582922822,0.8802261798485354,Medium,Medium
172,0.3112059344211823,0.9720450804201833,Low,Low
173,0.3229578858111928,0.9665793652460496,Low,Low
174,0.23914431673052364,0.9376033154701051,High,Medium
176,0.7898157107670654,0.7505063829367968,Low,High
177,1.2800903119868638,0.9050046133570128,High,Low
178,0.37110016420361247,0.9714110325647776,High,Low
179,0.9082101806239739,0.8466803157410535,Medium,Medium
180,0.33000821018062393,0.9340265209545371,Low,Medium
181,0.33334359605911335,0.8803232984938519,Medium,Medium
182,0.18110692552883223,0.3084124135467598,High,High
183,0.2339747536945813,0.964060441877122,Low,Low
184,0.6070523036800927,0.9301196978910802,Medium,Low
185,1.188133874239351,0.9202291779657786,High,Low
186,0.35260989010989013,0.9314189118827901,Low,High
187,0.11246608838437924,0.9683919256766256,Medium,Medium
188,0.4527129817444219,0.9755164328299971,Medium,Low
189,1.0970289408866996,0.8706259424583567,High,Medium
190,0.47523262178434594,0.9526236555408639,Medium,Low
191,1.3669657518179685,0.9090591684547505,Medium,Low
192,0.12977433566918756,0.9636578218134453,Medium,Medium
193,0.3232117200328407,0.8851238837287931,Medium,Medium
194,0.2531887755102041,0.8789079406589962,High,High
195,0.6915444469323779,0.9222963038796577,High,Low
196,0.37304671727368166,0.9748931084820266,Medium,Low
197,0.2289408866995074,0.9812168071812645,Low,Low
198,0.11165183537263625,0.9468581421808652,Medium,High
199,0.3180773967411898,0.9748678679818852,High,Low
200,0.5744725346221768,0.9733629445425573,High,Low
201,0.27634588318085856,0.9432143574856515,Low,Low
204,0.22096235045742435,0.9632738639798742,High,Low
205,0.9954037649542575,0.9535936052315622,High,High
206,0.2476908866995074,0.902017454210224,High,High
207,0.12353637741568776,0.942551275451989,Medium,High
208,0.18406665173906556,0.9264720276444969,Low,Low
209,0.5625123152709359,0.881047717521778,High,High
210,0.28162785490371695,0.8941490163090526,Low,Medium
211,1.241180092726746,0.8774685627428086,Medium,Medium
212,0.41374540345521404,0.9774579191145275,Low,Low
213,0.281580972906404,0.9503527528528378,Low,Low
214,0.22032606145906639,0.9369345888688462,High,Medium
215,0.35716654035619555,0.9685666203490766,High,Medium
216,0.11570197044334976,0.9482534640548361,Medium,Medium
217,0.15899145791845715,0.9361352386774693,Low,Low
218,0.23054006085192696,0.831547881954389,Low,Medium
219,0.3760578501957813,0.9387796529680074,Medium,Low
220,0.12903868443929295,0.9652019044895729,Medium,Medium
221,0.6928168813944676,0.916622338246829,Medium,Low
222,0.2674243235525095,0.9731079244312206,Low,Low
223,0.18306503635937135,0.3909756451552758,Medium,High
224,0.2290995642288746,0.8883215569840328,High,Medium
225,0.4401146267525578,0.9248533853866844,High,High
226,0.6223130317957905,0.9212323676144282,Medium,Low
227,0.5827928297755884,0.9563923959288761,Low,Low
228,0.322366877785597,0.9380735872322193,Low,Medium
229,0.41406677613574167,0.8760675055529835,High,High
230,0.10688930744711678,0.923139762154398,Low,Low
231,0.11990595611285267,0.9443680898091958,High,Medium
232,1.936079007199697,0.8918065272696355,High,Low
234,0.07544998105342933,0.944389998806063,Low,Medium
235,0.080997735579215,0.9685253279238049,Medium,Low
236,0.12128675921779371,0.5616238626710907,High,High
237,0.07912561576354679,0.9499573088551386,Medium,Medium
238,0.09126770320197045,0.9739378615220575,Medium,Low
239,0.1560737488398658,0.9559636408621156,Low,Medium
240,0.2713516009852217,0.9143464775227503,Low,Low
241,0.45499224594052173,0.905940165604811,High,High
242,0.583908779028853,0.9028218520710505,Medium,Low
243,0.07650104982637489,0.9282787184897074,Low,Medium
244,0.22903764954257566,0.971299042482161,High,Medium
245,0.22537955261245252,0.869806122038482,Low,High
246,0.44155377668308704,0.9428734938876334,High,Medium
248,0.2471520935960591,0.9323261698289352,Low,Low
249,0.2557086412151067,0.895077889110048,Low,Low
250,0.7881935442053409,0.9126204109786695,High,High
251,0.3410848983990148,0.8710569293037296,Medium,High
252,0.6473599137931034,0.947169828368235,High,Medium
253,0.9133996989600438,0.9258849119653243,High,Low
255,1.250344827586207,0.86687933517439,Medium,Low
256,0.12192834230725168,0.9262869876287317,Low,Low
257,0.07352549593928903,0.7656555454382085,Low,High
258,0.44639235004346567,0.9590837861440834,High,Medium
259,0.07908588908310822,0.9412998360649651,Low,Medium
260,0.33063261602281563,0.910293299680015,Medium,Medium
261,0.2543103448275862,0.8548550850083613,High,High
262,0.20465082584758043,0.5398045572043182,High,High
263,0.6814762261726279,0.8183411500945367,Medium,Medium
264,0.32048681541582147,0.8479854168826437,High,High
265,0.22028410056055714,0.8497903474732188,Medium,High
266,0.41984997760859827,0.9461980258942415,Low,Low
267,0.11845051500223917,0.927628052447686,Medium,Medium
268,0.3760030986810742,0.8184822992198809,Low,High
269,0.4687170126671358,0.9128688847135098,High,High
270,0.5843923592914789,0.9656875234181692,Medium,Low
271,0.648508972554539,0.94463204255025,High,Medium
272,0.43462248957938615,0.8508888246284882,Medium,Medium
273,0.19181034482758622,0.9741337884715502,Low,Low
274,0.2054581665640394,0.9706625245416133,Low,Low
275,0.15912209711470796,0.9408254763917565,High,Medium
276,1.5233477011494252,0.9504139667519332,High,Low
277,0.5054914912673533,0.8875723977967928,Low,High
278,0.9316694889162561,0.9321915926988282,High,Low
279,0.13919878296146043,0.978977813007402,High,Low
280,0.28403611323111083,0.9761773197756849,Medium,Low
281,0.7158132815460402,0.9133452619312853,High,Medium
282,0.8575965776510242,0.8996721858622292,High,Low
283,0.2700219365763547,0.9039540727864661,High,High
284,0.5563242538394668,0.8667590729657274,Medium,Medium
285,0.7241594111582084,0.9484034694101031,Medium,Low
286,0.31990782206299445,0.9433463256241801,Low,Low
287,0.07611631972032416,0.9511454011536222,Low,Medium
288,0.1738232074438971,0.9174975959130873,Medium,Medium
289,0.25404567453115545,0.9689293237820292,Low,Low
290,0.19086104269293924,0.9196984045759898,Low,High
291,1.3961754241926656,0.8145504839084593,Medium,Medium
292,0.28423085535154496,0.8331894146985636,High,High
293,0.2108666061705989,0.8719026731497063,Low,Medium
294,0.9034857571214394,0.9265591133792983,High,Low
295,0.71684350132626,0.8889162571276716,Medium,Medium
296,0.12711895102868734,0.8548359635706763,Medium,High
297,0.7009213647144681,0.45168268198668227,High,High
298,0.7799158456486043,0.8909450888870172,High,High
299,0.3819001738626486,0.9588918336707406,Low,Medium
300,0.34161815196297957,0.9713462847288357,High,Medium
301,0.17470317039282557,0.9351010811416731,High,Medium
302,0.17788614333386302,0.9020220203467292,Medium,Medium
303,0.45067521657890264,0.9181315755288074,Medium,Low
304,0.34218859957776204,0.8919573844816302,Low,Low
305,0.19275767336112162,0.9200856042893083,High,Medium
306,0.1526300567248843,0.9541900302027742,Medium,Medium
307,1.388604525862069,0.9085541049914598,High,Medium
308,0.33767973638663284,0.8203201277738789,High,High
309,0.3726600985221675,0.8818098407260876,Low,Low
311,1.2573121921182266,0.8886066575909486,High,Medium
312,0.5301460239268121,0.9269339479973366,High,Low
313,0.2701715644640734,0.9501601428689215,High,Low
314,0.22312631949331455,0.9342644152558253,Low,Low
315,0.38485221674876846,0.7198096494519824,High,High
316,0.33476471350790765,0.48005956447662346,High,High
317,0.1725431926893696,0.9529195553442396,Medium,High
318,0.22080556360475223,0.8530705030499174,Medium,High
319,0.6381740990407052,0.8552478815128632,Low,Medium
320,0.5919897194260012,0.8368480247473025,High,High
321,0.09056266655899217,0.9283205477486224,Low,High
322,0.1553219563687544,0.968203265295397,Low,Low
323,0.27639386475593375,0.8876092800883384,High,Medium
324,0.41897211470795226,0.8730366589480946,High,High
325,0.23380068207654414,0.8724702940433027,High,Medium
326,0.35252463054187194,0.91926782590522,High,Medium
327,0.30123899089416334,0.9708041625416284,Low,Low
328,0.26849343185550084,0.9169770417471155,High,Medium
329,0.8896480674497915,0.9319857357763911,Medium,Low
330,0.32906403940886697,0.9019823844414597,Low,Low
331,0.12528357531760437,0.917021698332913,Medium,Medium
332,0.2272079521463758,0.8833621367490466,High,High
333,0.26320043103448276,0.9550056123555619,High,Low
334,0.4447283287993529,0.9723605513444905,Medium,Low
335,0.25540112596762843,0.9160701407992683,High,Medium
336,0.4538177339901478,0.9142997393724955,Medium,Low
337,0.4768506190919984,0.7764391784577976,Low,High
338,0.14579450139794967,0.8854906487010341,High,High
339,1.1173713738368911,0.8903887159072191,Medium,Low
340,0.19874525559234435,0.9508010565678047,Medium,Medium
341,0.17607142857142857,0.8930537028754213,Low,Low
342,0.2358966464569913,0.9242871984531088,High,Medium
343,0.10135907811400423,0.9150666852043432,Medium,High
344,0.29036330049261083,0.9669818493293911,Medium,Low
345,0.4182498182992813,0.9669646827867864,Medium,Low
346,0.22433740373274128,0.9756782062877861,Low,Low
347,0.28605295566502464,0.8827802875802452,Low,High
348,0.6081829982692052,0.914386508908427,Medium,Medium
349,0.28528667214012043,0.8637123315169906,Medium,Medium
350,0.26229158772262223,0.8922747977608576,High,Medium
351,0.25397447380206,0.5410054195526063,Medium,High
352,0.11607723766149271,0.9174640450656839,Medium,High
353,0.540917487684729,0.9613198673084913,High,Low
354,0.41035177975528364,0.96123470596284,Medium,Medium
355,0.19710772239930457,0.8681633352565272,Low,Medium
356,0.700505672488431,0.9302256570233164,Medium,Low
357,0.21142148081803255,0.9607918982794519,High,Low
358,0.10533148604269295,0.9288185524213908,Medium,High
359,0.15707743226600984,0.932799197461188,Medium,Medium
360,0.5495888288574606,0.9033229262776797,Medium,Low
361,0.15372536945812806,0.9738671850252829,Low,Low
362,0.278687337003767,0.9642833302344634,Medium,Medium
363,0.579243170622481,0.9316753919863219,Low,Medium
364,0.35971300064253586,0.971471354572269,High,Low
365,0.11586617405582923,0.9641101414224722,Low,Low
366,0.4632199696854869,0.9217851058048611,Medium,Low
367,0.8074928701063004,0.9240271853668169,High,Medium
368,0.14615858279651384,0.9641104138815331,Low,Medium
370,0.11051363173093254,0.9639937024095416,Medium,Medium
371,0.6512909042927517,0.8019825768160566,High,High
372,0.3222101174687381,0.9177126435260674,Low,Low
373,0.5370792282430213,0.9005715753698587,High,Medium
374,0.19797231665857212,0.9636029769223511,Low,Medium
375,0.18863916256157637,0.8832291694637019,Medium,High
376,0.469588122605364,0.9469823166668672,Low,Low
377,0.6188186813186813,0.9011185473967591,Low,High
378,0.4135807711907594,0.892660724020427,Low,Low
379,0.13792110281264897,0.8571371164281393,Medium,High
381,0.23272546419098142,0.9493784359324756,Medium,High
382,0.30888238916256155,0.9540669097964828,High,Medium
383,0.29438358828104744,0.9486921730078772,High,Medium
384,1.5120894909688012,0.6412788566638459,Medium,High
385,0.1321808895972182,0.9695381800788422,High,Medium
386,1.5521282327586208,0.9480633123437111,High,Low
387,0.8857348111658457,0.6720756278780333,High,High
388,0.6687526772328123,0.9529275933339767,High,Low
389,0.1013363993226601,0.9434991163166315,Low,Medium
390,0.9925474500144886,0.8831867007482039,Low,Medium
391,0.09571018062397374,0.7346154045529711,Low,High
392,0.5906658739595719,0.8625387399592866,High,High
393,0.2175987898907689,0.9548632172473883,Low,Low
395,0.10384986078389376,0.9796795088432142,Low,Low
396,0.24110712500892412,0.9816286305860166,Low,Low
397,0.5236671698712855,0.9514834401727492,Low,Medium
398,0.31131245601688956,0.9328658975928603,High,High
399,0.30800272695285014,0.7924475530417172,Low,High
400,0.24508336491095112,0.9751266316414658,Low,Low
401,0.16365867619510163,0.9385636618996075,Low,High
402,0.7100779967159276,0.8942039895332682,Medium,Low
403,0.3743321333838575,0.9740870308480872,High,Medium
404,0.5178221562919838,0.9408450211306125,Low,Low
405,0.2026741731175229,0.6688625301020348,Low,High
406,0.17286991424922463,0.9304211414989374,High,Medium
407,0.7287253694581282,0.5158945393073529,High,High
408,0.40179992421371735,0.9687167228429922,Medium,Low
409,0.4226395730706075,0.906920693114239,High,Medium
410,0.21128978779840846,0.8414291326432832,High,High
411,0.3043015482054891,0.9770436659337163,Low,Low
412,0.5591748768472907,0.8115684825983213,Low,High
413,0.18572702564973673,0.845268548880154,High,High
414,0.5757653061224489,0.9305264664266228,Medium,Low
415,0.1689200042835725,0.965680689573927,Low,Medium
416,0.2722884412385644,0.8991619217463753,High,Medium
417,0.1076002814919071,0.7634022689957166,Low,High
418,0.2575584975369458,0.9488453835641668,Low,Low
419,0.13174360400444937,0.8772087147433846,Medium,High
420,0.605649630541872,0.9493007459612911,High,Low
421,0.49121352785145894,0.8909172012239104,High,Medium
422,0.4539657540735127,0.9419320461120733,Low,Low
423,0.09591632755051047,0.974245021751718,Medium,Medium
424,0.7443601656963725,0.904755803082872,Medium,Low
425,0.14280806025558648,0.9531493870176527,Medium,High
426,0.14644573205200676,0.9175149033272352,Low,High
427,0.5045717538804722,0.9602867617366452,Medium,Low
428,0.24532459535538353,0.9719281733773444,High,Medium
429,0.523943728685108,0.922901080374758,Medium,Low
430,0.5088022609574334,0.9525564426256681,High,High
431,0.4639285714285714,0.8892545473277613,Medium,Low
432,0.12194450664278252,0.9173226598810017,Low,High
433,0.08150936706971189,0.6151236266061038,Low,High
434,0.3991174055829228,0.9022305022998517,Medium,Low
435,0.11754145563033376,0.9635983579652876,Medium,Medium
436,0.16645408163265304,0.800265129318022,Medium,High
437,0.4286381362889984,0.9508152911436804,Low,Medium
438,0.33391488779419815,0.46296268941254953,High,High
439,0.27667025862068967,0.3516566015881527,High,High
440,0.7693324096880131,0.9188122718101813,High,Low
441,0.5518934729064039,0.9611052611127827,Low,Low
442,0.797179216514192,0.7348593724270197,High,High
443,0.09629761326580173,0.9780766227086051,Medium,Medium
444,0.4645538693786747,0.9149109161753151,High,Medium
445,0.13063186813186814,0.9717295756446823,Low,Low
446,0.23079470816539782,0.97105946306012,Low,Low
447,0.9159922589725547,0.9407891106232324,High,Low
449,0.0933887101638685,0.9100827239105796,Medium,High
450,0.15994954711584297,0.9015916004570168,High,Medium
451,0.09397671294223017,0.6945191553114475,High,High
452,0.6341698841698843,0.8416303243014694,Medium,High
453,1.3332050492610839,0.9119579527740174,High,Low
454,0.22674418604651161,0.907317164330243,Medium,Medium
455,0.21471954769368562,0.9345161373021306,Low,Low
456,0.285540831194061,0.9759979655454009,Low,Low
458,0.4614488036593948,0.9403575050055566,Medium,Low
459,0.049876847290640396,0.5368831232382817,High,High
460,0.2383939567206193,0.9656898410317828,High,Low
461,0.3265350105559465,0.9777552272756302,High,Medium
462,0.2268785835419527,0.963881260061253,Low,Low
463,0.7541671440027495,0.9433818131478693,Medium,Low
464,0.27198924034223493,0.8892983953773557,High,High
465,0.0904292751583392,0.9779204821821266,Low,Low
466,0.5496595189800058,0.9634887557981988,High,High
467,0.1770857768394714,0.9628917912840415,Low,Low
468,0.806846171070309,0.9452202875887092,Medium,Low
469,0.2647602144305998,0.8287990221302607,High,High
470,0.18711109670728546,0.9603590788847242,Medium,Low
471,0.36544100398780205,0.9406099541642875,Medium,Low
472,0.36408203865100414,0.8509351476601069,Low,Medium
473,0.3438210496400152,0.8982791668601009,Medium,Low
474,0.30068931308155444,0.8899445952821963,High,High
475,0.2008685506870625,0.9131801592570616,High,Medium
476,0.3694581280788177,0.9086908242139539,High,High
477,0.18963782696177062,0.9722379030109569,Low,Low
478,0.5359873129473,0.9619564625343394,Medium,Low
479,0.09062541605645053,0.8918297524314875,Medium,High
480,0.4102189976440351,0.9111749510729901,Low,Low
481,0.5582762469211823,0.9631398531320106,High,Low
483,0.23371848739495799,0.9541781133528874,High,Medium
484,0.16010507284351747,0.9266719526924981,Low,Medium
485,0.34281551377228897,0.9478139462950288,Low,High
486,0.8760651045133806,0.7671063202484446,High,High
487,0.8582412461722806,0.7552440354735936,Medium,High
488,0.5182676518883416,0.9680706816536462,High,High
489,0.19893757811925594,0.9654771646204335,Low,Low
490,0.10791614159697559,0.9444363468345683,Medium,Medium
491,0.516506435722231,0.913170640076163,Medium,Low
492,0.08266625615763547,0.9330519824858063,Low,High
493,0.19264602392681207,0.9564205790464815,Low,Low
494,0.28623188405797106,0.9280459868873455,Low,High
496,0.1618226600985222,0.9602177523929694,Medium,Medium
497,0.21079940596928426,0.9687891661583989,Low,Low
498,0.5047645966244044,0.9530486861606254,Medium,Medium
500,0.20196082204433496,0.8198827755532823,Low,High
501,0.6623752268602541,0.8920183453742571,Medium,Medium
502,0.7244018296973961,0.9388107089058516,High,High
503,0.566744370161858,0.9116781994072664,Medium,Medium
504,0.12361905969284266,0.9742668149361349,Medium,Medium
505,0.22288074712643677,0.9436073057424715,High,Low
506,0.5837332257516563,0.9004073495374859,Medium,Medium
507,-0.09402709359605911,0.6121336506869773,Low,High
508,0.27844827586206894,0.9182363339888678,High,High
509,0.8389778325123153,0.9078587877264324,High,Medium
510,0.3197678758023585,0.9053414825653123,Low,High
511,0.3184482758620689,0.6198162937367837,Low,High
512,0.9267509102591561,0.9379196270927346,High,Low
513,0.8365886699507388,0.8904965492806318,High,Medium
514,0.3178739364084192,0.9071101904477364,Medium,Low
515,0.13934327479117584,0.9379464843549357,Medium,Medium
516,0.27296435815705594,0.9352238392273804,High,Medium
517,0.4318017436859801,0.9780221211232111,Low,Low
518,0.11008282623394186,0.9242515247988163,Medium,Medium
519,0.13339861099895017,0.9428149169915474,Medium,Medium
520,0.17105103771299363,0.9619840390483766,High,Medium
521,0.6692539538501427,0.9077564124130876,Low,Low
522,0.22729371921182265,0.9081295664181553,Medium,Low
523,0.3400361761083744,0.9638165332879268,Medium,Medium
524,0.5162169726824899,0.935351146715163,Medium,Medium
525,0.9209583519928348,0.6993761401657835,Medium,High
526,0.3598182435875657,0.8563520607386498,Medium,Medium
528,0.26441912972085385,0.9074831836254067,High,Medium
529,0.6371805726600985,0.9016255302501665,High,High
530,0.40614532019704436,0.8916518527216654,Low,Low
531,0.2590286330049261,0.9733572231642588,High,Low
532,0.5869489705696602,0.9121859070982931,Low,Low
533,0.21006128995303014,0.8841147733080107,Medium,High
534,0.7757810474462019,0.9001919852930691,High,Medium
535,0.22599081952530228,0.9629511834463211,Low,Low
536,0.3121565934065934,0.8761586143412539,High,High
537,0.8987336688798457,0.9499172440893212,High,Medium
538,0.13697318007662834,0.935772883819812,Medium,Medium
539,0.03475545390570021,0.9338552614892208,Low,High
540,0.11564436675671382,0.6569305548048716,Low,High
541,0.0970020012315271,0.9713795490692478,Low,Low
542,0.09243014616813373,0.953112020849846,Medium,Medium
543,0.09165920286609941,0.9224885787172796,Medium,High
544,0.7963970672471072,0.92716615605754,Medium,Medium
545,0.43124141968828233,0.9669040890533781,Medium,Low
546,0.17135467980295563,0.9136560280455601,High,Medium
547,0.3158323674297305,0.9542382984829012,High,Low
548,0.09503284072249589,0.9315158181020382,Low,Medium
549,0.4127832512315271,0.9023246086076856,Medium,Low
550,0.40198363828289935,0.9175873485109532,High,High
551,0.19065693698992722,0.7822445246591591,Medium,High
552,0.07833185806650246,0.9478311578909023,Low,Medium
553,0.3050228712174525,0.4908353100345262,High,High
554,0.216871921182266,0.8397582811144718,Medium,High
555,0.10792864495257702,0.9670544977277555,Low,Low
556,0.9572557471264368,0.8657748136984893,High,Low
557,0.16213719877512983,0.933940923205017,High,Medium
558,0.48290229885057473,0.8555921393180057,High,High
559,0.11941796958663527,0.9613728984516868,Medium,Medium
560,0.22767857142857142,0.9124803170130821,Medium,Medium
561,0.3198250205254516,0.8813036254140577,High,High
562,0.286695109078114,0.8621590831135624,Medium,High
563,0.08962675255778706,0.9675056097421801,Low,Low
564,0.8314860426929392,0.9450809612839308,High,Low
565,0.35284083344428174,0.9490983040952513,High,Medium
566,1.646243842364532,0.7880100015317038,Medium,High
567,0.5456588669950738,0.3835223515643168,High,High
568,0.44739326765188836,0.9343649513362217,Medium,Medium
569,0.2533630162940508,0.8643867082581125,High,High
570,0.21011083743842368,0.8912568014655584,Medium,Medium
571,0.2714243247834211,0.8985188758472346,High,Medium
572,0.42281349926540485,0.9630067613061125,Medium,Low
573,0.4746475284525225,0.6596227208055804,Medium,High
574,0.4888499431602879,0.9509535524771405,Low,Medium
575,0.15875703729767768,0.936825743883751,Low,Medium
576,0.15407531395268162,0.9626601924881178,Medium,Medium
577,0.48577706944846905,0.9556647513247863,High,Low
578,0.534717335209946,0.8927629970488264,Medium,Low
579,0.7257543103448276,0.9201675265987835,High,High
580,0.2965100111234706,0.9140819516778982,Medium,Low
581,0.612045282303903,0.9245172871005721,High,High
582,0.12575194202349374,0.9419193439714562,Medium,Medium
584,0.1598649566842195,0.8573006482584364,High,High
585,0.35547149894440544,0.7873710529713798,High,High
586,0.15460454296661194,0.5038787134765416,Medium,High
587,0.3479064039408867,0.7806741396108009,High,High
588,0.0939351752695081,0.9705498460082784,Low,Low
589,0.7831280788177339,0.8996307335326392,Medium,Low
590,0.5343922051579252,0.9336198223174011,High,Low
591,0.43773091133004927,0.9489469405711147,High,Medium
592,0.24813988095238096,0.9029697528429447,High,Medium
593,0.7342130966536436,0.9125290970048252,High,Medium
594,0.15206793924466339,0.950021352005608,High,Medium
595,1.123434934318555,0.8035672300084268,Medium,Medium
596,0.5412807881773399,0.9159334815372491,Medium,High
597,0.09397064860426929,0.9673961233030608,Low,Low
598,0.8450375055978503,0.9079000908371596,High,Low
599,0.33188372331691296,0.8784283085723177,Medium,Medium
600,0.6943173821252641,0.8817034308437601,High,Medium
601,0.07906788793103449,0.9617493586848552,Medium,Medium
602,0.15040834845735027,0.8960332034020219,Medium,Medium
603,0.658425697865353,0.9061232450261671,High,Medium
604,0.23969857869660016,0.9464011439661825,Medium,Medium
605,0.356051276309897,0.8640590427430869,Medium,Medium
606,1.69043671845396,0.902871645260153,High,Medium
607,0.09868280145641467,0.9330754814634697,Medium,Medium
608,0.16256841817186643,0.9294728828723419,Medium,Medium
609,0.1462214509628303,0.9690469516798124,High,Medium
610,0.5831517620310724,0.9573471517534685,Medium,Low
611,0.2524992755722979,0.9130059126943775,High,High
612,0.18029953917050692,0.9366930954104263,High,Medium
613,0.4149476600985222,0.7871121061976629,Medium,High
614,0.6718835522714833,0.9543341730101986,High,Medium
615,0.24314963054187191,0.9586128429997333,High,Low
616,0.14337855553789927,0.9464036900307278,Medium,Medium
617,0.16680594651653768,0.8985569476897971,Low,Low
618,0.3981029746115953,0.9097323388359924,Low,Low
619,0.30298724264241506,0.7441894023514931,Low,High
620,0.1095696899449435,0.6855045286863464,High,High
621,0.5270422824302134,0.8630872376403178,Medium,Medium
622,1.0222530103995622,0.8820015065205504,High,Low
623,0.07427536231884058,0.9759285149483791,Medium,Low
624,0.18586127443190847,0.9254886379048751,Low,High
625,0.5970052865553287,0.815093641200575,Low,High
626,0.17459420172817575,0.9383885149948941,Medium,High
627,0.44010380014074596,0.981138849389904,Medium,Low
628,0.14977665525590714,0.9506005571397406,Medium,Medium
629,0.1576935588809369,0.9313859351122616,Medium,Medium
630,0.15128657262277953,0.9513984804164274,High,High
631,0.3951522615315719,0.8990563818383348,High,High
632,0.20894247576672495,0.945744257286821,High,Medium
633,0.16320299671592775,0.8979203954236658,Medium,Medium
635,0.0442106384994316,0.8506944036879978,Low,High
636,0.2177493842364532,0.9030521058473796,High,Medium
637,0.1716880717804363,0.8074177624880208,High,High
638,0.19250674407694113,0.9384662378140304,Low,Low
639,0.5729206138688897,0.973306428270529,High,Medium
640,0.16860725481415137,0.9781047431956955,High,Low
641,0.795532293377121,0.9113030512276442,Medium,Low
643,0.7906184025334274,0.9468795580649588,High,Medium
644,0.3737684729064039,0.9794731729153809,High,Low
645,1.7421297721674878,0.8806740792087999,Medium,Low
646,0.1709271639690359,0.8992896928737734,Low,Medium
647,0.622490763546798,0.9246256699847897,High,Low
648,0.5502907211499637,0.9718214389295701,Medium,Low
649,0.29184393193013874,0.9045702488362451,Low,High
650,0.17977675296090556,0.9394872234405063,Medium,Medium
651,0.22309315190180085,0.9588257458513902,Low,Low
652,0.2967113022965378,0.9781783916921789,Medium,Low
653,0.5889970751231527,0.9392052329769477,Medium,Low
654,0.2733189655172414,0.9326262384376557,High,High
655,0.2654699435996288,0.981421496886269,Low,Low
656,0.5549349049964815,0.9162059268387828,High,Low
657,0.2996315040024631,0.9462932639357615,High,High
658,0.25319317382125267,0.8956309376421663,High,High
659,0.2863685344827586,0.9129415684170398,High,High
660,0.6977568613652357,0.8980527447600386,High,Medium
662,0.10497606654893576,0.9310951228710342,Medium,Medium
664,0.2892549261083744,0.8710249194300265,High,High
665,0.6847290640394089,0.9282723967501832,High,Medium
666,0.7568853560232871,0.921627179903323,High,Low
669,0.19801929392446635,0.9451823499634828,High,Medium
671,0.26897871217452496,0.6494150984275371,High,High
672,0.6700956244566793,0.945828855154872,High,High
673,1.0274014778325122,0.9556846157231409,High,Medium
674,0.1342206643930782,0.908203707851084,Medium,High
675,0.5152786330049262,0.9279778533876346,High,Medium
676,0.33527535682708093,0.8735414136067629,High,High
677,0.9632389162561575,0.9071589712857099,High,Low
678,0.0619338948037502,0.9534090320045693,Low,Medium
679,1.0924369747899159,0.8807713122608942,High,Medium
680,0.5846131556070705,0.9120216421378342,Medium,Low
682,0.3579296661193213,0.9581483208379756,High,Medium
683,0.46824571088839817,0.9098807303502904,Medium,Low
684,0.16204512950897823,0.9493254437983583,High,Low
685,0.5343386437480349,0.8587404829237503,Low,High
686,0.11446863228049843,0.9655369490972795,Low,Low
687,0.20506978653530378,0.9085483545604346,Low,Low
688,0.0847936687394008,0.9301581647506666,Medium,High
689,0.45446236145320196,0.7373572955661566,Low,High
690,0.4782571768303041,0.8127543135701847,Medium,High
691,0.20325630252100838,0.8940527615035205,Medium,Medium
692,0.1549237400530504,0.8863385014890409,Low,Low
693,0.10370484400656814,0.943601156931314,Low,Low
694,0.4807516876482394,0.9427686683567997,High,Medium
695,0.16108951662561577,0.9320366780643468,Low,Low
696,1.328651951496779,0.9748518142770382,High,Medium
697,0.4388986629134412,0.980099525092027,Medium,Low
698,0.595203886152162,0.9084932805132307,Medium,Low
699,0.5537962311361326,0.9451667661069638,Low,Medium
700,0.2911364258347017,0.9367314092201972,High,High
701,0.20519387221973429,0.6912859387305931,Medium,High
702,0.0797647036871175,0.9647564633635095,Medium,Medium
703,0.9053520114942527,0.9667438850817808,High,High
704,0.35410306667591757,0.9687316393506967,Medium,Medium
705,0.3429440741813967,0.8789745218915246,High,High
706,0.5041812331161608,0.8634264053388592,Medium,Medium
708,0.08466748768472906,0.4929812560005469,High,High
709,0.33919276884468813,0.8391705959557737,Low,High
710,0.15232299816478317,0.950346814047423,Medium,Medium
711,0.21016126034018032,0.9161387392502378,Low,High
712,1.0499281609195403,0.8464351075722121,Medium,Medium
713,0.14888452065176203,0.889295011623704,Medium,Medium
714,0.17697044334975368,0.9024835210533843,Medium,Medium
715,0.372064127375088,0.8764816479768146,Medium,Medium
716,0.4052388196657974,0.9410637087406128,Medium,Medium
717,0.11026242393509128,0.9761410122521915,Low,Low
718,0.4071876399462606,0.8188543006741372,Low,High
719,0.3119714696223317,0.9562512500928559,High,High
720,0.11192628859786136,0.9011124025388481,Low,Medium
721,0.11371420874384236,0.9600137579298469,Medium,Medium
722,0.21558205859476276,0.6298853596104971,Low,High
725,0.3841833701375913,0.916517840156708,High,High
726,0.10800811109223712,0.9477395616702712,Low,Medium
727,0.9124496193461711,0.9784772147578759,High,High
728,0.17896252163493542,0.9159139486465934,Medium,Low
729,0.32667655620241826,0.9695934957802017,High,Low
730,0.3977159020935961,0.9267571352772396,Low,High
731,0.12855941367295445,0.9238534712020721,Medium,Medium
732,0.3875718390804598,0.8785182392130598,Medium,Medium
733,0.6043003207698475,0.893399909941006,Low,Medium
734,0.16869996921182265,0.9263552371084666,High,Medium
735,0.6194170771756977,0.9330076146022981,High,High
736,0.5919283661740559,0.9676201013617844,High,High
737,0.11538382594417076,0.9578901692041767,Medium,Medium
738,0.29816950291088223,0.9787754133352202,Low,Low
739,0.5324208837139872,0.930323228012539,Medium,Low
740,0.12717756381549483,0.7074716615428659,High,High
741,0.32863765219815966,0.7117504459045738,Medium,High
742,0.13990356516656927,0.9396228541797265,Medium,High
743,0.12297605588306551,0.9398256064395162,Medium,High
744,0.1796423216962947,0.9476949330915597,Medium,High
745,0.5590253342716397,0.9735941340665023,High,Medium
746,0.24982099896895407,0.9582721301854012,High,Low
747,0.08745285560344827,0.9362941496676112,Low,High
748,0.43356545204288605,0.9695557474212304,Medium,Medium
749,0.4427046680741262,0.9099187754482357,High,Medium
750,0.1899288451012589,0.9609740091268533,Low,Low
751,0.08862399823542387,0.9579012452326845,Medium,Medium
752,0.3307988862711501,0.8325040370217297,Medium,Medium
753,0.20411461998592537,0.867697940196908,Medium,High
754,0.1617992024395965,0.9353833693899091,Medium,Medium
755,1.3939860426929394,0.900953405467382,High,Low
756,0.5850958449346755,0.9781559732017638,High,High
757,0.3694297082228116,0.9791009301333019,High,Low
758,0.7501119570085087,0.9407272141590148,High,High
759,0.5176743380541872,0.9737878928293632,High,High
760,0.5144218304381644,0.8817349986888059,High,Medium
761,0.3874776085982983,0.9406837915131752,High,High
762,0.115755444646098,0.9102120367786503,Medium,Medium
763,0.27266277575497966,0.9323721794097943,Medium,Medium
764,0.09312339554568794,0.9683123787315783,Low,Medium
765,0.6843955254515599,0.7085209963444661,High,High
766,0.8807150554187192,0.9286110592716278,High,Low
767,0.1395320197044335,0.9418375592750715,Low,Low
768,0.7013727904955087,0.952060193615454,High,Medium
770,0.5355660463419084,0.8695140615866197,High,High
771,0.31010731878958475,0.9146610749611691,Low,Low
772,0.31524925414556304,0.9812103574105834,Low,Low
773,0.30612311539035675,0.9526953940216378,Medium,Medium
774,0.3023585609792506,0.7045791753874205,High,High
775,0.545925697865353,0.9517526170611078,Medium,Low
776,0.8940390116001907,0.9125927930962621,High,Medium
777,1.8099599753694582,0.9075894845188173,Medium,Low
778,0.43813944676013644,0.8789069708202029,High,High
779,0.3694031491907109,0.8941694666068365,Medium,Low
780,0.4935441040640394,0.9295773786250248,Medium,Low
781,0.09043692439494538,0.9443745908019121,Medium,Medium
782,1.1705884940182971,0.9364967310696496,High,Low
783,0.551888341543514,0.952414720779212,High,Medium
784,0.11896881597466573,0.9618310342242099,Low,Low
785,0.8783482142857143,0.8795452257635155,Medium,Medium
786,0.5097829433497537,0.9186248390692777,Medium,Medium
787,0.13815816038116774,0.9381918960659167,Medium,Medium
788,0.3135878489326765,0.9155881058631163,High,Medium
789,0.13881452131077318,0.9335839828270522,Medium,Medium
790,0.13334497463421807,0.9338689357184583,Low,High
791,0.2105740284619595,0.9171387717534641,High,Medium
792,0.3645127770935961,0.9015958291285174,High,High
793,0.08401269687088045,0.976412542635719,Medium,Medium
794,0.2776631773399015,0.9530000974241823,High,Medium
795,0.49577481396080075,0.9264162089910054,High,High
796,0.3228840125391849,0.6190671984390994,High,High
797,0.4803694581280788,0.8554672254774841,Low,Medium
798,0.4770724291871921,0.9333438425405521,High,High
799,0.08466748768472906,0.5171904738448411,High,High
800,0.8246100164203611,0.9336670624088167,High,High
801,0.2868009272674587,0.8464306419958847,High,High
802,0.2880041564039409,0.9234014708409294,High,High
803,0.10096153846153846,0.7868166546416101,Low,High
804,0.6474391480730223,0.8973707140144005,High,High
805,0.1196248973727422,0.8247082319312314,Low,Medium
806,0.22740621447518,0.9065013760557311,High,High
807,0.22973111658456485,0.9293394368401494,Low,Low
808,0.22061928219563687,0.9200956031459485,Low,Low
809,0.33949096880131363,0.9373852053079037,Low,Low
810,0.2534199840234323,0.9028065757778727,High,High
811,1.0791448583743843,0.908303094400339,Medium,Low
812,0.38319185432793806,0.9248851433360554,Medium,Low
813,0.15514602392681212,0.9608160663381963,Low,Medium
814,0.2107450738916256,0.8579087815531504,Medium,High
815,0.07788446736453201,0.9665583332537379,Medium,Medium
816,0.48552955665024633,0.9416177413581567,Low,Medium
817,0.23301248811684383,0.96968866845402,Low,Low
819,0.43166424093148226,0.9392945281844983,Medium,Low
820,0.542562574890161,0.8990775921291048,High,Medium
821,0.1974081952530228,0.8549114962593571,High,High
822,0.3642951875710497,0.8161029142690858,High,High
823,0.5132389162561576,0.9840493519774425,High,Low
824,0.5043569935811316,0.9209882426783649,High,Medium
825,0.3894144648454993,0.9118433921879673,Medium,Low
826,0.2890773020083365,0.8714923126657242,Medium,Medium
827,0.26215227470298463,0.9574518571022356,High,Low
828,0.28393696820420955,0.875573777238439,Medium,Medium
829,0.3856034482758621,0.9774214673961794,High,Low
830,0.25333831808585505,0.982318655313747,Low,Low
831,0.19768290457945628,0.9228080070675635,High,Medium
832,0.1909164945177181,0.9351605638891042,High,Medium
833,0.31141141801548206,0.9294527373189617,High,Low
834,0.30736323567539536,0.8726134709146894,High,High
836,0.5138652964158316,0.8092578117733911,High,High
837,0.24850946125576664,0.972497247142703,Low,Low
838,0.02133973996608253,0.5510913815110969,Medium,High
839,0.44029713866471026,0.9445012841398638,Low,Low
840,0.5854605164949992,0.8862656352828874,Medium,Medium
841,0.2160976742308003,0.9606682467952461,High,Medium
842,0.12504198387819077,0.9259302957780474,Medium,Medium
843,0.2558805418719212,0.8884677725839235,High,High
844,0.3393956720619282,0.9708319429807603,Low,Low
845,1.8795155993431856,0.912694720360083,High,Low
846,1.0634516345723242,0.8545785592241447,Medium,Medium
847,0.5921734329879396,0.38865097054985537,High,High
848,0.5650964696223316,0.8906843876287313,High,Medium
849,-0.003650598170302604,0.6561556956364751,Low,High
850,0.7151213933849402,0.8446243836775627,Medium,Medium
851,0.026912489133584464,0.872712087171469,Low,High
852,0.39789320900774106,0.9766995595753755,High,Medium
853,0.24763024331989847,0.894906865810435,Low,Medium
854,0.21778970208773166,0.9698126816035564,Medium,Low
855,0.3874989197130757,0.9418000451976352,Medium,Medium
856,0.397615315718764,0.924455525385333,Medium,Low
857,0.106160567675346,0.9660758304655416,Medium,Medium
858,0.6242462204858161,0.8702708834630036,Medium,Medium
859,0.7816540948275862,0.8749291262526021,High,Medium
860,0.13155029628043122,0.9691157596114758,Low,Low
861,0.09297052154195011,0.9647653375533563,Low,Low
862,0.4532855383532723,0.9734206416538572,Low,Low
863,0.25601058745680466,0.9536249201323094,Low,Medium
864,0.5462003767024051,0.857561982682205,High,High
865,0.1965965069413345,0.9438476851985281,High,Medium
866,0.2624713800041629,0.9740656548913276,Medium,Low
867,0.5354774535809019,0.7259876886533421,Medium,High
868,0.3679673321234119,0.8363271001622856,Medium,Medium
869,0.21141215106732347,0.6922210684667283,High,High
870,0.14582649151614668,0.9186330960625797,Medium,Medium
871,0.21229018427294288,0.9024998473354231,Low,Low
872,0.6201943671021631,0.9187390809917493,High,High
873,0.20546490147783253,0.8856650005455912,Medium,Medium
874,0.3920827735482908,0.8940696449525085,Medium,Medium
875,0.3079676938939169,0.9548891472042887,High,Low
876,0.24997800844475723,0.9141086995750264,High,Medium
877,0.425701175909741,0.8826647016964765,High,High
878,0.6261802134646962,0.9049642177306632,Medium,Low
879,0.2733305966064587,0.9510557039528311,High,Medium
880,0.4516240763546798,0.7992355201980317,Medium,High
882,0.3781992932105376,0.9557822831067425,Medium,High
883,0.16017549261083744,0.9694526376315827,Low,Low
884,0.10635775862068965,0.9602553782347992,Medium,Medium
885,0.41210441856993585,0.9792160434283563,Medium,Low
886,0.4379851470368712,0.9765662346972781,Medium,Low
887,0.07867068597897213,0.9644055019861586,Low,Medium
888,0.22998768472906403,0.8662649227096484,High,High
889,0.6453715106732348,0.977470855571255,High,Medium
890,0.15235309641097822,0.9588868269435458,Medium,Medium
891,0.442406245034165,0.9193665536376295,High,Medium
892,0.23996930106375383,0.9562190718235468,High,High
893,0.6382529108822212,0.9326460531532041,Medium,Medium
894,0.1227832512315271,0.8788453616731962,Medium,High
895,0.16566838334079714,0.9503656527880985,High,Low
896,0.11161447337555712,0.846502551112262,Low,High
897,0.32446211243117934,0.9419912481396937,Low,High
898,0.4119271533064637,0.9252533277336216,Medium,Low
899,0.25187994476787584,0.9618702992411342,Low,Medium
900,0.1255387931034483,0.9514435040165433,Low,Low
901,0.2529626359327075,0.9550952987623468,High,Medium
902,0.09843353485594863,0.9567189657405,Low,Medium
903,0.10422824302134648,0.9296421908014336,Medium,High
904,0.572741120041483,0.9666239931741374,Medium,Low
905,0.2799415024630542,0.8761668072449633,Medium,Medium
906,0.4450687602627258,0.972669306137815,High,Medium
907,0.07737779461917393,0.9402940368618391,Medium,High
908,0.10909460767065447,0.33144407375384893,Medium,High
909,0.4396141215106732,0.9826111239068859,High,Low
910,0.48512371249440217,0.9457565973065588,High,Medium
911,0.29600633356790995,0.6844139093452524,Low,High
912,0.28782327586206896,0.9521696465269207,High,Medium
913,0.414041395201017,0.9124177639232138,Medium,Low
914,0.13490773641282405,0.9670570611923325,High,Medium
915,0.5326551200083849,0.9488018511985297,Low,Low
916,0.3743292575650951,0.890716054845198,Medium,Low
917,0.46042908996629506,0.9227042029804563,High,Medium
918,0.43062763898662904,0.7790747574708283,Medium,High
919,0.5625733051841425,0.8969884796291617,High,Medium
920,0.17698640758985587,0.8797642344960478,Medium,Medium
921,0.29900056839712014,0.8787565904345618,High,High
922,0.4394382557098074,0.8853793001529211,High,High
923,0.2684276296725587,0.9193780089042005,High,Medium
924,0.16998494800218938,0.8617209631675969,High,High
925,0.25337790288529205,0.9819430257963176,Low,Low
926,0.30793103448275866,0.8985033107046716,High,Medium
927,0.3809883004926109,0.8728113785314457,Medium,Medium
928,0.2904909808751086,0.9633140873965568,Medium,Medium
929,0.14212296324365292,0.9671583269326597,Low,Low
930,0.2578317426108374,0.966657929228373,Low,Low
931,0.0929008422056253,0.93524628175125,Low,High
932,0.2999511635807712,0.9025839136279955,High,High
933,0.2596358673944881,0.9079121269009764,High,Medium
934,0.8149630541871922,0.9570078928941844,High,High
935,0.21331075533661742,0.9393180000637193,High,Medium
936,0.21343670697118972,0.910993197796171,High,Medium
937,0.2396012931034483,0.9089553230830473,High,High
938,0.7625974958949097,0.9406309285409636,High,High
939,0.1302770935960591,0.9469063275822035,High,Medium
940,0.6856652759626019,0.927554305075538,Low,Medium
941,0.14574210910417806,0.916634313872927,Medium,High
942,0.35639239532019706,0.779172142415098,High,High
943,0.11925140745953552,0.9746643332334252,Medium,Medium
944,0.2355831013064896,0.9736119750508194,Low,Low
945,0.29666608022519353,0.5534996381693701,Medium,High
946,0.29522343420126673,0.9351141154741369,Low,Low
947,0.23638427321520478,0.9537971446673483,High,High
949,0.46956498116487977,0.8281532652941592,Medium,High
950,0.4132398783866995,0.9354219218490981,Medium,High
951,0.19522590825123154,0.8785930277226011,High,High
952,1.3064844638120499,0.8916696743846858,High,Medium
953,0.19737474468340743,0.916733672750168,High,High
954,0.27286242083040113,0.8904850603396393,High,High
955,0.5867801936470187,0.8629789100075479,High,Medium
956,0.3684780377668308,0.7695976535487213,High,High
957,0.11141044061302682,0.7913637911465646,Medium,High
958,0.17830459770114943,0.8942443869779727,Medium,Medium
959,0.21855078238191827,0.9321863997532652,High,Medium
960,0.4931763345732382,0.9341935979634308,Low,Low
961,0.5550008796622097,0.8519514961691768,High,Medium
962,0.15793308702791464,0.8034887578840992,Low,High
963,0.9150026389866294,0.9168783452704964,High,Low
964,0.28102054094246676,0.7270446309147415,High,High
965,0.08836206896551724,0.9452225016953203,Low,Medium
966,0.4997361013370865,0.9851921083263894,High,Low
967,0.6440446868402533,0.7977488524552142,Medium,High
968,0.23534649181200903,0.9256580051492881,Medium,Low
969,0.3415295983969275,0.6807986099523841,High,High
970,1.3755795421616923,0.8273158079006048,High,High
971,0.30085357567521664,0.8597735520985187,Medium,High
972,0.22540366721401203,0.935529622741708,High,Medium
973,0.1513521664823565,0.9311502377398146,Medium,Medium
974,0.29939909971122813,0.9583515491873167,Low,Low
975,0.24449365289882533,0.8978920235214666,High,Medium
976,0.48083216045038707,0.922837691078018,Medium,Low
977,0.45120526658939436,0.9620267914811632,Medium,Medium
978,0.3955174338054187,0.9765661733713387,High,Medium
979,0.19485837438423642,0.9759242210148882,Low,Low
980,0.7351190476190477,0.9054028832978398,High,Medium
981,0.714408866995074,0.9606793822000347,Medium,Low
982,0.0929671006333568,0.9375459569084472,Low,High
984,0.28120222524205873,0.8994246482122928,Medium,Medium
985,0.11686072548141516,0.9514799785181702,Medium,Medium
986,0.2338709677419355,0.8860334030021148,High,High
987,0.5364839901477833,0.8962853518539703,High,Medium
988,0.20429802955665022,0.937962910950135,Medium,Medium
989,0.0979064039408867,0.9570168498969168,Medium,Low
990,0.7007227119522945,0.9410395382554682,Medium,Low
991,0.25111205058451586,0.9707175494529181,Low,Low
992,0.20864661654135339,0.919365171193289,Low,Low
993,1.2858251231527094,0.6713354014516308,High,High
994,0.3610111153214601,0.5355674119262349,High,High
995,0.21751847290640394,0.95741567069553,High,Low
996,0.376404710591133,0.9262432540588192,High,Medium
997,0.3651801918589578,0.8983221697620235,High,High
998,0.11282100460308488,0.9466780401542227,Low,Medium
1000,0.395935960591133,0.9734503442498735,Low,Low
1002,0.2660668673599708,0.8682396088594762,High,High
1003,0.8339214664645698,0.9240150933609519,Medium,Low
1004,0.8125955495158824,0.8687064884656687,Low,Medium
1005,0.47118226600985225,0.9690325509625786,Low,Low
1006,0.22071164672765659,0.9723825668939982,High,Medium
1007,0.8140701970443349,0.7496559043513068,High,High
1008,0.22976269420234935,0.9050598704850551,High,Medium
1009,0.6907404556650247,0.9307587075242915,Low,Low
1010,0.347713082827357,0.8846530651619187,Low,Medium
1011,0.36276811371100165,0.9345622144878306,Low,Medium
1012,0.25173110883911143,0.9408217692726055,Low,Low
1013,0.23111989512156364,0.9465975181280184,High,Low
1014,0.21922115241080758,0.4469584891551025,Medium,High
1015,0.2425595238095238,0.8220321685518699,Medium,High
1016,0.5833382203456096,0.9754312244582536,Medium,Low
1017,0.278917203486169,0.9577793027054329,Low,Low
1018,0.10434859680549337,0.9460346593179821,Medium,High
1019,0.24602789148685214,0.9780597231700584,Low,Low
1020,0.1867880233990148,0.8695807204903999,High,High
1021,0.3005295566502463,0.9470592784382054,High,Medium
1022,0.5141507199696855,0.913428984486445,Low,Medium
1023,0.19853082666256158,0.9623360208799446,Low,Low
1024,0.33105392792325644,0.9572433674663245,High,Medium
1026,1.1514367816091955,0.9236387408078327,High,Medium
1027,0.3877318168646769,0.8924930530369525,High,High
1028,0.09534403305259812,0.5434741586307479,High,High
1029,0.594016830870279,0.8582917563236594,Low,Medium
1030,0.3925575822127546,0.9179977446796508,High,Medium
1031,0.3864869223551491,0.922743479496828,Medium,Low
1032,0.45232360185453496,0.974208653372935,Low,Low
1033,0.37218801313628896,0.6470912057465863,High,High
1034,0.38240455665024625,0.8877415807135712,High,High
1035,0.8686884236453202,0.924910512856655,High,Low
1036,0.6883356790992259,0.9496131721252308,Medium,Low
1037,0.8627966860725481,0.9411845359899078,High,Low
1038,0.1535980183609494,0.9455395760536204,High,Medium
1039,0.4847024115873833,0.9581149110506434,Low,Medium
1040,0.41843119338948037,0.7584858022419524,Low,High
1042,0.27206302779732583,0.956458389963874,Medium,Low
1043,1.4669027093596059,0.9359270914421848,High,Low
1044,0.28474071362002396,0.91557569766703,Low,Low
1045,0.17437033211504846,0.8492780407201822,Medium,High
1046,0.2707540304523063,0.929254227173618,Medium,Low
1047,0.18855478014960775,0.9430686906144267,Medium,Medium
1048,0.07783894566575987,0.9636817392131625,Low,Medium
1049,0.9056085796387521,0.9702586059364692,High,High
1050,0.45622800844475725,0.9713909239508915,Low,Low
1051,0.10115406006674083,0.9413823945962049,Low,Medium
1052,0.11708792712487294,0.7148229172136299,Low,High
1053,0.20066054635020153,0.9331373414838694,Medium,Medium
1054,0.10729679802955665,0.9644040387733347,Low,Medium
1055,0.2508338464696223,0.9436530511229653,High,Medium
1056,0.030292889269650892,0.6906757781844172,Low,High
1057,0.1235712361453202,0.9670518168959464,Medium,Medium
1058,0.8441810344827587,0.8985283020094511,Medium,Medium
1059,0.100670179860236,0.9240260211507666,Medium,Medium
1060,0.20335591133004927,0.43299103952328866,Medium,High
1061,0.2942909922589725,0.881878790981833,High,High
1062,0.14211348995831755,0.9799786509956238,Low,Low
1063,1.0181992337164754,0.948500654383791,High,Medium
1064,0.5021346469622332,0.9564611298585112,High,Medium
1065,0.09022720782465911,0.7325500789525258,Low,High
1066,0.9048075168764823,0.8418522826727611,Medium,Medium
1067,0.8205505382229521,0.849262072329456,Low,Medium
1068,0.42136419614867887,0.6371145337018508,Medium,High
1069,0.11936813186813187,0.9584536822929641,Medium,Medium
1070,0.3514566656403941,0.9249622233188224,Medium,Low
1071,0.12687945739283876,0.8802814489027522,Low,High
1072,1.142164408866995,0.8924280583972702,High,Medium
1073,0.5091515202989638,0.8914856577735258,High,High
1074,1.0486751152073732,0.9350365142483045,High,Low
1075,0.40280698065601345,0.923680783954471,High,Medium
1076,0.5149137931034483,0.9530152369633549,High,Low
1077,0.43723227671878345,0.7649051828277931,High,High
1078,0.30934686597587907,0.876667678281504,High,High
1079,0.3655680663069825,0.9756225585475233,Low,Low
1080,0.533112684729064,0.9646253617188568,Medium,Low
1081,0.36845751231527096,0.9322838309727206,High,Medium
1082,0.1771243842364532,0.8313926194224247,Medium,High
1083,0.27936422413793105,0.8693005597055229,Medium,Medium
1085,1.2127463054187193,0.9408354413040857,High,Low
1086,0.25872331691297207,0.9526508700758997,High,Medium
1087,0.795905172413793,0.9027269231449461,High,Medium
1088,0.137807881773399,0.9308088782785983,Medium,High
1089,0.11432946590614468,0.8898707348583573,Low,Medium
1090,0.5658630162940508,0.9124556150575494,High,Medium
1091,0.44717628430682604,0.9714424259079364,High,High
1092,0.14701354679802955,0.9225991595685296,Low,Low
1093,0.34923469387755096,0.9271739357042608,Low,Low
1094,0.187436300322745,0.8355543262526703,Medium,High
1095,0.7372058018609743,0.9241300736180124,Medium,Low
1096,0.37384177809054653,0.9244554023292065,High,Medium
1097,0.9790024630541873,0.9057415569188604,High,Medium
1098,0.30962130541871924,0.9538102210248784,High,High
1100,0.16259578544061304,0.9202940597843052,High,Medium
1101,0.8835180623973727,0.8930933166638925,High,Low
1102,0.4762297160243408,0.9067492925352857,High,Medium
1103,0.23474107893788299,0.9437555331240559,Low,Low
1104,0.43538758894362345,0.9440607946233078,Medium,Low
1105,0.26323287935864004,0.9503302390963098,Medium,Low
1106,0.004416179187192118,0.8693375678183268,Low,High
1107,0.16358784893267653,0.9482732008320689,Medium,High
1108,0.38598111658456485,0.9605147206475458,High,Medium
1109,0.39136083743842365,0.9655858360771425,Medium,Low
1110,1.1989640683859752,0.9118593387800265,High,Low
1111,0.4060326716893654,0.9180255358331326,Medium,Low
1112,0.5653311736988648,0.935159009580453,Medium,Medium
1113,0.7340243568691847,0.8964319107834114,High,Medium
1114,0.4206926835177259,0.9081822776872956,Low,High
1115,0.1061344327836082,0.9689943593156755,Medium,Medium
1116,0.24388025767336113,0.9716242192719811,Low,Low
1117,0.22655700211118932,0.8641367174255825,High,High
1118,0.1914787798408488,0.957874718451404,Medium,Medium
1120,0.14622894485936755,0.9418338605873854,Medium,High
1121,0.7925742764778325,0.9221733868799715,High,Low
1122,0.10154710591133004,0.8479529034373533,Low,High
1123,0.1618448679641444,0.9647714584975717,Low,Low
1124,0.7864634646962234,0.9042953369858076,Low,Low
1125,1.0944249715801442,0.7988093253598217,Medium,Medium
1126,0.2395320197044335,0.9316271465238276,High,High
1127,0.2274075487407202,0.9800205561862676,Low,Low
1128,0.30925462327384323,0.9582799912575752,High,Medium
1129,0.41700191570881223,0.9351821068661328,Low,Low
1130,0.6222938812548612,0.9500734382020299,High,Medium
1132,0.3096059113300492,0.9699339962043295,Low,Low
1133,0.10044011951869498,0.9554895852041876,Medium,Medium
1134,0.17338581984517942,0.9777098618669164,Low,Low
1135,0.35212663702991714,0.9353513061458234,High,Medium
1136,0.36163119612068967,0.968476888404113,Low,Low
1137,0.17551826765188835,0.9433855811282716,High,Medium
1138,0.2919691470054446,0.8160784721540124,High,High
1139,0.7868490499648135,0.8162320496108515,Medium,High
1140,1.0059681697612732,0.9476529399431723,High,High
1141,0.2111229287953426,0.8629920399860271,High,High
1142,0.2081442831215971,0.8780767606010869,High,High
1144,0.10526954832442935,0.9783315837879932,Medium,Low
1145,0.12818776051534672,0.9725388088465206,High,Medium
1146,0.3324145750254125,0.9615303682052201,Low,Low
1147,0.24952912199362504,0.9732463674390122,Low,Low
1149,0.21332259694328662,0.6347075726212387,High,High
1150,1.0356043279380718,0.5013546792692359,High,High
1151,0.7175258034248182,0.9546874059888095,Medium,Low
1152,0.09372283396117069,0.9744032208198993,Medium,Low
1153,0.28820299671592775,0.9413462581638306,Medium,Medium
1154,1.0146436268472907,0.8711647559835989,Medium,Low
1155,0.2117989768851838,0.9005642806734417,Medium,Medium
1156,2.218134236453202,0.969337182612619,High,Low
1157,0.14085368030270576,0.9519184818408758,Medium,High
1158,0.2289046006333568,0.9505019660454945,Medium,Medium
1159,0.17195197044334976,0.9501188533826065,Low,Medium
1160,0.6683263971462545,0.9004131298147531,Medium,Low
1161,0.1921963458569223,0.9733002005624666,Medium,Low
1164,0.11511125490523504,0.5881998387713242,Low,High
1165,0.4058761435608726,0.8818092566404578,Medium,Low
1166,0.19299206751666187,0.9741133025663908,Low,Low
1168,0.11255906303408063,0.936702441109941,Low,Low
1169,0.5307773744706594,0.9044611023356243,Low,High
1170,0.2667189132706374,0.8982419958353948,Low,Low
1171,1.3501898604269293,0.8808188609097031,High,Medium
1172,0.30398193760262726,0.32542673524570925,High,High
1173,0.10962871738733806,0.9168665226829404,Medium,Medium
1174,0.5561371100164204,0.9450242939634268,Medium,Low
1176,0.15286330049261085,0.8485727751965585,Medium,High
1177,1.0130593185550083,0.8779718151649298,High,Low
1178,0.8547122115633912,0.8683930145057326,Medium,Medium
1179,0.07612918892666343,0.9630040016021622,Medium,Medium
1180,0.38762774795970883,0.9599701940776425,Medium,Medium
1181,0.24855680418719212,0.8672190490314341,Medium,High
1182,0.647237460815047,0.8391881725098566,Medium,High
1183,0.10294707297514033,0.8894354936912474,Low,High
1184,0.5305754590237349,0.9532965097949221,Low,Low
1185,0.3543548166392994,0.9348411200951527,High,Medium
1186,0.9021192528735631,0.8980886255695683,High,High
1187,0.20741676575505352,0.8804083676625377,Medium,High
1188,0.37443731951758114,0.8505023534780137,High,High
1189,0.13994342114656957,0.9738308630163015,High,Medium
1190,0.27111840904944357,0.8515028842687339,Medium,Medium
1192,0.44221754330208163,0.9320301746927346,Medium,Low
1193,0.16323474158804374,0.9708776340864275,Low,Low
1194,0.4434377199155524,0.9655583484507677,Medium,Low
1195,0.4271346469622332,0.8921995980794855,High,High
1196,0.6034922589725545,0.8294227228234308,Low,High
1197,0.22671338650402692,0.9612723978876071,High,Medium
1198,0.8701816502463053,0.8534474511129285,High,Medium
1199,0.6296182266009852,0.9061451287730309,High,High
1200,0.2644428718476583,0.9753891528866655,Low,Low
1201,0.37563944676013644,0.9685266529732341,Medium,Low
1203,0.6989301108374384,0.9420670526656728,Medium,Low
1204,0.4247947454844006,0.9695232739850338,Low,Low
1205,0.20548029556650244,0.9475616396414276,High,Medium
1206,0.13886278195488722,0.9310580069337558,Medium,Low
1207,0.1425399313330348,0.9748402350277153,Low,Low
1208,1.5579765062523685,0.9296174409385332,High,Medium
1209,0.40563423645320196,0.94175026621614,High,Medium
1210,0.4437966788495154,0.9339042515556453,Medium,Low
1211,0.26882477128782545,0.8375832720397975,Medium,High
1212,0.14274596332785988,0.8965996177786592,Medium,Medium
1213,0.27000238360082635,0.9126525152319004,High,Medium
1214,0.7006184407796103,0.9249606267319738,High,Low
1215,0.47141097818437716,0.9225815732915837,High,Medium
1216,0.19684841021047916,0.8657147963709861,High,High
1217,0.13246365008739872,0.9716400469310232,High,Medium
1218,0.958448788998358,0.8685601559520538,Medium,Medium
1219,0.2606116584564861,0.8377567321463921,Medium,High
1220,0.4893893427850534,0.9535553595205963,High,Medium
1221,0.2477377382737203,0.6831827645754747,Low,High
1222,0.08697443280371886,0.9562613428686252,Low,High
1223,0.635094123856439,0.9131704054181671,High,Medium
1225,0.3434010673234811,0.9647103361454484,Low,Low
1226,0.20062050018946573,0.8787069636737268,Medium,Medium
1227,0.2078905700211119,0.8993202802084778,Low,Medium
1228,0.26716440886699505,0.9201131889512728,High,High
1229,1.0938526272577995,0.9541431191128666,High,Medium
1230,1.609524889810734,0.7958622824937426,High,Medium
1231,0.33251753360607833,0.9481870896529989,Low,Medium
1232,0.36171861729233906,0.8121187788549109,High,High
1233,0.11886047522457259,0.9423265973337073,Medium,Low
1234,0.12496090390179061,0.9170754224137827,Medium,High
1235,0.0864087862391989,0.9498424706445446,Medium,Medium
1236,0.07260036026762738,0.6890184646899615,Low,High
1237,0.3232920663728286,0.904400055556884,Low,High
1238,0.3463264843142339,0.9126033145305753,High,High
1239,0.0771651332946972,0.9645417382468036,Low,Medium
1240,0.4758210180623974,0.9012881029073447,High,Medium
1241,0.14870689655172414,0.8619172591703785,Medium,Medium
1242,0.39738916256157636,0.831839505930526,Low,Medium
1243,0.9724841660802251,0.6700770936837087,High,High
1244,0.18706300651517563,0.8690616676977874,Medium,Medium
1245,1.202230958696476,0.9356136999562,High,Medium
1246,0.23101198370594922,0.9413516152627934,High,Medium
1247,0.4729390580683684,0.9243629733821279,Low,High
1248,0.18279080832960146,0.9228469861083031,Medium,Medium
1249,0.393356595511768,0.9389972362098125,High,High
1250,0.16459546200925512,0.9288865433887157,Low,Low
1251,0.7652439024390244,0.8179499959057908,Medium,High
1252,0.47013546798029554,0.9244983954713424,Low,Low
1253,1.0857604679802957,0.9117782999441092,High,Low
1254,0.6571018062397374,0.8677203349353385,Low,High
1255,0.9289879745001449,0.8357031187604541,Medium,Low
1256,0.21382938951442645,0.9474145956996187,Low,Medium
1257,0.48612911589318125,0.9279151844859,Medium,Low
1258,0.20720443349753695,0.9430631788967551,High,Medium
1259,0.6933805418719211,0.8782138064699199,High,Medium
1260,0.5742241379310346,0.8789655624131505,High,Medium
1261,0.6311850027367268,0.9481738722346941,Medium,Low
1262,0.4709118654958235,0.9061042082814468,High,Medium
1263,0.647325826882477,0.8263843700596958,Medium,High
1264,0.7228784146887596,0.8937398702649525,High,Low
1265,0.3933189655172414,0.8784283297283039,High,High
1266,0.5505350772889417,0.9174486193529966,Medium,Low
1267,0.43371745249824073,0.8792998781822218,Medium,Medium
1268,0.1662277377794619,0.9499990822964769,High,High
1269,0.2756838216230231,0.9551030381079869,Medium,Low
1270,0.28703817733990145,0.880644648769063,Medium,Medium
1271,0.2038485221674877,0.873704087461388,Medium,Medium
1272,0.43011543268877284,0.7710002034523384,Medium,High
1273,0.4293384322876155,0.9595372714253715,Medium,Low
1274,0.8711734693877551,0.6786593108919105,Medium,High
1275,0.19460180623973727,0.8684179728868057,Medium,High
1276,0.0987563310899882,0.9570392163110079,Low,Medium
1277,0.07516513658755038,0.9513666973618836,Low,Medium
1279,0.3326222730471499,0.9235760006696561,High,High
1280,0.3984849352732272,0.9630242289638292,High,Low
1281,1.5605449507389162,0.9461942393993882,High,Low
1284,0.5496595189800058,0.8743374521096269,Low,Medium
1285,0.20387371249440214,0.9768143509290428,Low,Low
1286,0.2803288783008964,0.9444104389882015,Low,Medium
1287,0.35255883962780515,0.9241523966346463,Low,Medium
1288,0.12275902446903011,0.9588265571883996,Medium,Medium
1289,0.9123173942585358,0.8852272702150107,Medium,Medium
1291,0.13284808067664283,0.9140901637977613,Medium,High
1292,0.46458152226407806,0.9262931034957649,Medium,Medium
1293,0.5544380587484036,0.8769444869214863,Medium,Medium
1294,0.3773939378707148,0.9138710748893936,Medium,Medium
1295,0.10968596059113302,0.9226016517738489,Low,Medium
1296,0.44966133004926107,0.9000799682103771,High,Medium
1297,0.49317449791587725,0.9731151118768653,Medium,Low
1298,0.3603448275862069,0.9135165365107466,Medium,Low
1299,0.1185671368861024,0.9588186387052605,Medium,Medium
1301,0.10237370810393122,0.3082946277175435,Medium,High
1302,0.1788439796495195,0.9408769587989434,Medium,High
1303,0.8183292282430213,0.9577070228922121,High,Medium
1304,0.22491725677339902,0.794386689749704,Low,High
1305,0.5188337053571429,0.9648066096065092,High,Medium
1306,0.2690407772304324,0.9499213497832356,Low,Low
1307,0.08155018472906404,0.8975753901208787,Low,High
1308,0.366698595146871,0.9080024830369655,High,High
1309,0.2102622592924317,0.9130697392026941,Low,Medium
1310,0.1560326716893654,0.8194096215780599,Medium,High
1311,0.15593771991555244,0.9042170050753202,Low,Low
1312,0.19432266009852214,0.9251263669361589,Medium,High
1313,0.9197088318085855,0.8914272710872665,Low,Low
1314,0.2582255747126437,0.9723426799592682,Low,Low
1315,0.1401211934617107,0.9085514205395825,Low,Medium
1316,0.23558087027914615,0.9457786421369607,High,Medium
1317,0.10912816375063697,0.9330663595500277,Low,High
1318,0.8773604269293924,0.7990816909905919,High,High
1319,0.7538870073891626,0.7689935814692009,Medium,High
1320,0.474371921182266,0.8571931035349393,Medium,Medium
1321,0.3667458362655406,0.867755500015037,High,High
1322,0.10722338006820765,0.952726039116702,Medium,Medium
1323,0.7537442396313363,0.9255726261000514,Medium,Low
1324,0.7762438423645319,0.9154063700003838,High,Low
1325,0.2395650070372977,0.9546161163176303,High,Low
1326,0.2208866995073892,0.827235268923663,Medium,High
1327,0.11431294998105344,0.5559806040787627,Medium,High
1328,0.6189317495630065,0.8941899702614291,Low,Low
1329,0.2973339719029374,0.9011995347513054,Medium,Low
1330,0.3096698560060629,0.7921665730863211,Low,Medium
1331,0.12452180064982706,0.8992565931349465,Low,Medium
1332,0.4262110016420361,0.9755635453324629,Low,Low
1333,0.1518762677484787,0.9517090608120203,Low,Low
1334,0.08981876332622601,0.9356905665024637,Low,High
1335,0.3771393836049009,0.9416164175167788,Medium,Low
1336,0.3266065830721003,0.9050877518301591,Low,Low
1337,0.3337047462663226,0.9395559480781983,High,High
1338,0.4724640949143134,0.9501213433197699,Low,High
1339,0.6183714865256448,0.6655399472495291,Medium,High
1340,0.5171534130893737,0.922109650007957,High,High
1341,0.14622720010651044,0.9365693551024812,High,Medium
1342,0.817140218156228,0.7893725527298299,Medium,High
1344,0.19156253754655775,0.8502203382157303,Low,High
1345,0.26770816780549817,0.9632617817809455,Low,Low
1346,0.23404447986090987,0.8469286199829072,High,High
1347,0.16075123152709359,0.9254851223364184,High,Medium
1348,1.239082038651004,0.9508735077049021,High,Medium
1349,0.1514964920137334,0.9063461584772804,Medium,Medium
1350,0.600127551020408,0.6720296737209498,Medium,High
1351,0.2722607851918197,0.9610801796009127,High,Low
1352,0.38275137641263407,0.9647638829759696,Low,Low
1353,0.22353866115411683,0.96528232597622,Low,Low
1354,0.2247707991242474,0.9291201900606377,High,Medium
1355,1.1216902709359606,0.8949313824583031,High,Low
1356,0.20033307210031345,0.7849383315755583,Medium,High
1357,0.5223755159099986,0.943984558983904,High,High
1358,0.3748556804187192,0.8545747359692307,High,High
1359,0.36800595238095235,0.9077447392243932,High,High
1360,0.37125805229253506,0.6958550714088237,High,High
1361,0.6458205049261084,0.8991034623970477,Medium,Low
1362,0.7830459770114941,0.6404675273389873,High,High
1363,0.46604503870513725,0.9201976038809926,Medium,Low
1365,0.6709303627407075,0.9523514716762755,High,High
1366,0.10363740323715694,0.9669979381360188,Low,Medium
1367,0.26952850105559467,0.8997769864555766,Medium,Low
1368,0.16141984811165846,0.5434204480487806,Low,High
1369,0.5076130765785938,0.8915508125404799,Medium,Medium
1370,0.4527116402116402,0.9238436153899842,High,High
1371,0.14118028676988034,0.9582874293375424,Medium,Medium
1372,0.10229706575283787,0.747922936109659,Low,High
1373,0.07408288550529928,0.9668055459860341,Medium,Medium
1374,0.42468299580368546,0.9093001679625493,Low,Low
1375,0.4662869458128079,0.9726820951732276,Medium,Low
1376,0.18352911456359733,0.9175835487629821,High,Medium
1377,0.17127349023900748,0.9211344534390551,High,Medium
1378,0.44351484971799815,0.9812943640722834,Low,Low
1379,1.0517021463757918,0.9562568064141157,High,Low
1380,0.6239405244856564,0.9401182337963548,Medium,Low
1381,0.10203504804974561,0.9506011821711179,Medium,Medium
1382,0.12010275554187193,0.9717329780548454,High,Medium
1383,0.3132408405172414,0.9155029112055948,High,Medium
1384,0.5016047171219585,0.9061660167724838,Low,Low
1385,1.1255509463313453,0.9131063073252033,High,Medium
1387,0.6544763332619404,0.9610783866463801,High,High
1388,0.354819749216301,0.9561236610170141,Low,Low
1389,1.2147282943349753,0.6923409076105836,Medium,High
1390,0.42514624384236455,0.9002775260112017,Medium,Low
1391,0.5501334154351396,0.919769714772055,Medium,Low
1392,0.2940633149811649,0.9700729654154479,Low,Low
1393,0.39588669950738914,0.9174874941471789,High,Medium
1394,0.4244406814449918,0.9398839985698167,High,High
1395,0.4300109838902942,0.9257182741211748,High,Medium
1396,0.34412972085385873,0.8562830045742392,Low,Medium
1397,0.193911972585136,0.9645617953884116,Low,Medium
1398,0.18948938992042438,0.8614544659934465,High,High
1399,0.3692495630065151,0.8997668729930958,Medium,Medium
1401,0.2002915255541872,0.9564324804479936,Medium,Medium
1402,0.10525094595559363,0.9712852921740828,Low,Low
1403,0.2097007722007722,0.9147956309274736,Low,Low
1404,0.2865939479239971,0.9408001602904758,Low,Medium
1405,0.40261699507389165,0.9270166479820084,High,High
1406,0.08759506524933021,0.9454558628240183,Medium,Medium
1407,1.1418103448275863,0.8904006537004845,Low,Low
1408,1.048383050538223,0.8931982177207133,Medium,Low
1410,0.42133865040268986,0.9748718144357617,Medium,Low
1411,0.4649867374005305,0.9760068972064929,Medium,Low
1412,0.14637710462465997,0.9659926011255782,Low,Low
1413,0.24311664320900772,0.9204153903037794,Low,Low
1414,0.24613510114243792,0.9444478132382821,Low,Low
1416,-0.03193918150814702,0.8395304443956839,Low,High
1417,0.6564231834975369,0.953131116971889,Medium,Low
1418,0.4388154948499776,0.9070632867653372,Medium,Medium
1419,0.164059934318555,0.9536525146507023,Medium,Medium
1420,0.31000762373915086,0.9050338550301643,High,High
1421,0.403134236453202,0.7428161257427286,High,High
1422,0.1726356490872211,0.956880279007463,Medium,High
1423,0.11311102690413034,0.8865319023320195,Medium,Medium
1424,0.34764713507907696,0.8736774778356223,Medium,Low
1425,0.2470964380447139,0.9272237069250152,Medium,High
1426,0.18787269898885142,0.9265729250515132,High,Medium
1427,0.43462373606429866,0.927988511519877,Medium,Medium
1429,0.13954149298976884,0.97208103340913,High,Medium
1430,0.2822249589490969,0.64640444299411,High,High
1431,0.20779967159277501,0.3360990754294464,Medium,High
1432,0.4075086931324253,0.9082741036805053,Low,Low
1434,0.4249345751231527,0.9127198660348964,High,High
1435,0.6980449507389163,0.8751698490671413,Medium,Low
1436,0.32323737684729065,0.9384847586899326,High,Medium
1437,0.14708887957237185,0.8976418318678434,High,High
1438,0.8752257799671592,0.7376760824219325,High,High
1439,0.17138458831808584,0.938396069194353,High,Medium
1440,0.10137618265697083,0.9341182393444345,Medium,High
1441,0.2614039408866995,0.9445947436287454,High,Medium
1442,0.2509282405705463,0.9658723000319182,Low,Low
1443,0.8627257799671592,0.9302534589809079,High,Low
1444,0.5962848932676519,0.9228770404831644,High,High
1445,0.1439953724436483,0.8825356537319481,Low,Medium
1446,0.6141586311707369,0.9534583569453465,Medium,Low
1447,0.2728952082400358,0.8980011172707467,Medium,Low
1448,0.20640560511250164,0.7434579454549313,High,High
1449,0.2831838823891626,0.9291062925174427,High,High
1450,0.5146436268472906,0.9468389413244088,High,Medium
1451,0.10168961785341096,0.959183045340454,Low,Medium
1452,0.8119947581154476,0.938398372488614,High,Low
1453,0.19513351317538513,0.9343219062144453,Low,Medium
1454,0.6773399014778325,0.9619634048285998,High,High
1455,0.07980295566502463,0.7928622948435629,Low,High
1456,0.8228717672413793,0.8948218437529709,Low,Low
1458,0.17425064707355764,0.9673550489628917,Low,Low
1459,0.2242992024395965,0.9262481228759061,High,Medium
1460,0.34401477832512317,0.9134358459075029,High,Medium
1461,0.9545970597290641,0.895491011312087,Medium,Low
1463,0.42207170224411605,0.8827374230708771,High,High
1464,0.5010302197802198,0.8275893492246446,Low,Medium
1465,0.2496701266713582,0.896296611493936,High,High
1466,0.27932573891625617,0.44650713869622527,High,High
1467,0.4274168719211823,0.9754263068790192,Medium,Low
1468,0.13514023518194818,0.9705973244269303,High,Medium
1469,0.27815407772304324,0.9394540876514411,High,Low
1470,0.30820027178528964,0.9617562449231866,Medium,Low
1471,0.6305100220825548,0.8737604571905141,Medium,Medium
1472,0.22271867115222874,0.9347611886453673,Medium,Low
1473,0.19430226293103448,0.9271008367259356,High,Medium
1474,0.23779875935048347,0.9222475750441264,High,Medium
1475,0.17118226600985223,0.9473089852291992,Low,Medium
1476,0.07778542451463344,0.9640365386756066,Low,Medium
1477,0.09543015482054891,0.9724708767904197,Medium,Medium
1478,0.9752155172413793,0.8353962184207769,Medium,Medium
1479,0.10495969547693687,0.9075193931836214,Medium,High
1480,0.3150798369288262,0.848805131645533,Low,Medium
1481,0.0838739332547006,0.9730180347424906,Medium,Medium
1482,1.0052468185550083,0.9058882170616549,High,Low
1483,0.5127726952850106,0.8920165566599284,High,High
1484,0.38943623426382046,0.9165753306690252,High,Medium
1485,0.5429346098839981,0.9646281279114436,Medium,Low
1486,0.574850457424349,0.9400713397277172,Medium,Low
1487,0.1395877316443819,0.9781275847417802,High,Low
1488,0.487207512315271,0.8890501360536643,High,Low
1490,0.7862344997452013,0.8535580511338589,Medium,Medium
1491,0.879276135741653,0.8606180535628081,High,High
1492,0.34601174687381586,0.8609574376689841,High,High
1493,0.07594272531742177,0.9626867363103423,Low,Medium
1494,1.7526829697396198,0.9564175570723414,High,Low
1495,0.10725894371315513,0.974053798952522,Low,Low
1496,0.2310585778539302,0.9422350806331764,Low,Low
1497,0.16056271314892004,0.9675240424933209,Low,Low
1498,0.963404052843708,0.6437327944337706,Medium,High
1499,0.3303268594040216,0.9402221268159237,High,High
1500,0.6850843122394847,0.9315944546005763,Medium,Low
1501,0.28983770232230827,0.8384989472116722,High,High
1502,0.42334928003031447,0.7705800148284496,Medium,High
1503,0.20616533251231528,0.8910889286251304,High,High
1504,0.22113608374384236,0.9228925585523954,Low,Low
1505,-0.03882479716024341,0.9527711753242647,Low,Medium
1506,0.38685344827586204,0.7849768265310431,High,High
1507,0.3696313115763547,0.9685457391927782,Low,Low
1508,0.28199331456720617,0.7643350676835655,Low,High
1509,0.09557769816390506,0.9535093767573314,Low,Low
1510,0.35561277802657115,0.9058707570025977,Low,Low
1511,0.5134819808141042,0.9194764658949656,Low,Medium
1512,0.24773524254821744,0.9620176169065277,Low,Low
1513,0.39849041717980294,0.9783313806268294,Medium,Low
1514,0.37586931324253836,0.9526480954041108,High,Medium
1515,0.1514545081355426,0.9632011728880884,Low,Low
1516,0.19158191641506434,0.9789545639316606,High,Low
1517,0.17604239971850813,0.8904386562553838,High,High
1518,0.5185136554621849,0.9759143507502257,Medium,Low
1519,0.5560344827586207,0.9411111949790487,Medium,Low
1520,0.3110683497536946,0.9451461221753018,High,Medium
1521,0.17349137931034483,0.8985193209941154,High,Medium
1522,1.172971828817734,0.9305062672773611,High,High
1523,0.49895793861311094,0.7867162035031826,Low,High
1524,0.2640086206896552,0.9308965297388312,High,Medium
1525,0.21024904214559387,0.8965047559896733,High,Medium
1526,0.5287312650665549,0.9549313354425704,High,Medium
1527,0.1559547363320682,0.8737000897963497,Low,High
1528,0.6498460591133005,0.9077131436859093,Medium,Low
1529,0.16533251231527094,0.8807623237994788,Medium,High
1530,0.12963254668346888,0.9345156968928272,Medium,Medium
1532,1.0453498449188103,0.8716990291807554,High,Medium
1534,0.2595397397250202,0.9676797811728057,Low,Low
1535,0.25881702006139784,0.9298087641599925,High,High
1536,0.3021881287726358,0.9708341241921848,Low,Low
1537,1.2112068965517242,0.8061299925402837,High,High
1538,0.40882138295931403,0.8393685900343969,Low,Medium
1539,0.03887115798237702,0.9334947914484752,Low,High
1540,0.6802134646962232,0.9632582443840166,Medium,Low
1541,0.20133099658961728,0.2528721086761381,Medium,High
1542,0.21066810344827586,0.857771009131479,Medium,High
1543,0.2247633158866995,0.6914191866827888,Medium,High
1544,0.22622679045092836,0.9670337531458135,Low,Low
1545,0.2745323766688085,0.9056352610587262,Low,High
1546,0.13245073891625614,0.8750807859735392,Low,Medium
1547,0.24336343732895457,0.9443236948774631,Low,Medium
1548,0.1447502882297453,0.948419443784899,High,Medium
1549,0.6154679802955665,0.910907470569083,High,Low
1550,0.34987877155172414,0.8927509420112815,High,Medium
1551,0.42537287903667215,0.905634293689416,High,Medium
1552,0.37440510979377145,0.9716517978049073,Low,Low
1553,0.2767857142857143,0.6231521468700926,Medium,High
1554,0.3562694782346436,0.9422613332468683,Medium,Low
1555,0.5811453201970443,0.9659019195032816,High,Low
1556,0.6354565772669222,0.9369555439909626,High,High
1557,0.6159816297208539,0.9104462304850188,High,High
1558,0.2863774156877605,0.8590207946910198,High,Medium
1559,0.3342672413793104,0.9484254722041543,Low,Low
1560,0.6559883004926109,0.8900602621028146,High,High
1561,0.3200570980743394,0.9316688647145352,High,High
1562,0.14685960591133004,0.942988699442252,High,Medium
1563,0.256568144499179,0.6622087998799953,High,High
1564,0.36752686968204207,0.7608567185699513,High,High
1565,0.16078380740505324,0.9177412046301937,Medium,High
1566,0.22235221674876848,0.9590905379945848,Low,Medium
1567,1.4416371613300492,0.9075253407726015,High,Low
1568,0.45962243181545115,0.9294557775553172,Medium,Medium
1570,0.11042692939244664,0.9411312202071689,Medium,Medium
1571,0.5673942585357568,0.8829606526475623,High,Medium
1572,0.5669203026038001,0.9427602689578307,Medium,Medium
1573,0.33251231527093594,0.9229694296582349,High,High
1574,0.4685960591133005,0.9256469935114804,High,High
1575,0.1520408163265306,0.9647358550159428,Medium,Medium
1576,0.14970751231527094,0.6265053498490291,Low,High
1577,0.5605816597195908,0.928486285253211,High,High
1578,0.32804802955665024,0.9475325414110745,High,High
1579,0.47159198560060633,0.9215497206476623,Medium,High
1580,0.28469387755102044,0.8144006746789553,Low,High
1581,0.6588264843142341,0.9240388653199593,High,Medium
1582,0.19163157476561257,0.8895037625855005,Medium,Medium
1583,0.42162209711470783,0.8731836930817927,Low,High
1584,0.14360157341371957,0.9699297419901729,High,Medium
1585,0.2745218777166039,0.5331636767918901,High,High
1586,0.8611334785903751,0.8989827132036323,High,Medium
1587,0.5397937192118226,0.8576524650816415,Medium,Medium
1588,0.07859708538587849,0.9261841494623692,Low,High
1589,0.05559032544617622,0.6230465536494586,High,High
1590,0.23135915808329605,0.9306194640168027,Low,Low
1591,0.5990851513019001,0.8808318043201976,Medium,Medium
1592,0.5101186528988252,0.9774976143956535,High,Medium
1593,0.26433849401829695,0.9520951151184823,High,Low
1594,0.7592980295566503,0.8982372110257489,Medium,Medium
1596,0.5983462350457425,0.97053269238539,High,Medium
1597,0.2392391565541271,0.9168688002297596,Medium,Medium
1598,0.8295258620689655,0.7874198731403953,Medium,High
1599,0.6920599786979097,0.9387338578611978,Medium,Low
1600,0.3309729064039409,0.8930453081362884,High,Medium
1601,0.07895847994370163,0.9560375517638812,Medium,High
1602,0.15833431073578857,0.9371827968791391,Medium,High
1603,0.2928690905080509,0.9721125526430515,Medium,Low
1604,0.31727729885057476,0.9686838719387777,Low,Low
1605,0.254987684729064,0.9388494952670949,Low,Medium
1606,0.7378526645768025,0.682543495115798,High,High
1607,0.2110337130541872,0.9367137167220677,Low,Low
1608,0.48031755805770593,0.9474394271466249,High,Medium
1609,0.2693647018855104,0.9562885137955656,High,Low
1610,0.46559076538489813,0.9704921376772626,Low,Low
1611,0.5601727760069545,0.9257686982550458,High,Medium
1612,0.41260685308606204,0.8982700854081754,Medium,Low
1613,0.26997284324870535,0.9051847252764788,High,Medium
1614,1.0334697282695056,0.8873876526365944,Medium,Medium
1615,0.26908866995073893,0.9204267912972453,High,Medium
1616,0.3850761307657859,0.8426950668487795,High,High
1617,0.08415901627108525,0.9398680849276638,Low,High
1618,0.5735067733990148,0.8589310676976696,High,High
1619,0.6122089117778773,0.9074403008338253,High,High
1620,0.31543220736570493,0.8727646824368327,High,High
1621,0.2985119047619048,0.963457310363646,Low,Low
1622,0.32318927032019706,0.8154709298824747,High,High
1623,0.38849246595189796,0.9162539830073682,Low,Low
1624,0.14413677647783252,0.8784611796096364,Medium,Medium
1625,0.17215176606225763,0.9108129203060394,Low,Medium
1626,0.2503402903811252,0.8881298468012138,Low,High
1627,0.16844785839525758,0.9229872802768792,Medium,High
1628,0.08592503295635884,0.9645991554530557,Medium,Medium
1629,0.2503910930635069,0.9155318189455735,High,Medium
1630,0.12917298219022358,0.9666993222881636,Medium,Medium
1631,0.25638569604086847,0.9340527058392127,High,Low
1632,0.37224665728360307,0.8716605657721785,Low,Medium
1633,0.11761753052045407,0.8780584433201752,Medium,High
1634,0.5729850848385333,0.9648955240716992,Medium,Low
1635,0.25479269293924467,0.9619290549735457,Low,Low
1636,1.1803263546798028,0.8971647771898018,High,Medium
1637,0.1489410601540276,0.9583416857243338,Medium,High
1638,0.3327709359605911,0.607901436529185,Medium,High
1640,0.46643299229506124,0.9461414246039533,Medium,Low
1641,0.5421894242610837,0.8436147762385584,Low,Medium
1642,0.10684213541069995,0.9245350446781591,Low,Medium
1644,0.20753988677303137,0.966248562925373,Low,Low
1645,0.5469164456233423,0.8889051220936225,Medium,Medium
1646,0.8634296043222628,0.8636234732958268,Low,Medium
1647,0.705809910170965,0.8815060303414468,High,High
1648,0.403748460591133,0.4180494162860352,High,High
1649,0.08544803302574065,0.5479481141303331,Low,High
1650,0.8566040640394089,0.8717558375255241,High,High
1651,1.0491941529235382,0.8387542647306998,High,High
1652,0.10474413646055436,0.9439794568721475,Low,High
1653,0.44826378827393026,0.9549075080226626,Low,Low
1654,0.44934245249824073,0.8162662581742266,Medium,High
1655,0.5261218442118226,0.9141582983782569,Medium,Low
1656,0.6396803627407075,0.8680953720677317,Medium,Medium
1657,0.5445244410761652,0.98810723802215,High,Low
1658,0.11257903830600693,0.968445183044406,Medium,Medium
1659,0.4238377463054187,0.9097322126289137,High,High
1660,0.8439592017178226,0.7872207765107023,Medium,High
1662,1.0907289100985222,0.9347112901557275,High,Low
1663,0.6685098522167489,0.9543744963378225,High,Medium
1664,0.10219655979972542,0.9438485352811291,Low,Medium
1665,0.5099907635467981,0.8981379478150272,High,Medium
1666,0.25266168758938506,0.9468123176810613,High,High
1667,0.1954499472202674,0.7853585200646467,Medium,High
1668,0.20909570724841658,0.8968159719358564,High,High
1669,0.12626573617952927,0.8954779580516691,Low,Low
1670,0.21386347642505277,0.9195197031576815,High,Medium
1671,0.09514925373134327,0.971098372480013,Low,Low
1672,0.46008461782933413,0.9084623521445029,Medium,Low
1673,0.06731321839080459,0.9535948750609764,Low,Medium
1674,0.37183434381710245,0.848451458128225,High,High
1675,0.10325914848698099,0.9352647287590696,Medium,High
1677,0.32818858427928893,0.855107109034455,Medium,High
1678,0.29221938775510203,0.9803128350725596,Low,Low
1679,0.5748608830505382,0.9253981158307388,High,Low
1680,0.3707461001642037,0.97028536431216,Low,Low
1681,1.0046363372935383,0.915190279823399,High,Low
1682,0.3316998494800219,0.5906747819071926,High,High
1683,0.4743349753694581,0.8601620648937118,High,Medium
1684,0.1857995452823039,0.8864012362724313,Low,High
1685,0.05091167214012041,0.6644146051404427,Low,High
1686,0.2370184930953727,0.9284774637806595,Medium,High
1687,0.24082512315270937,0.7336763606633219,High,High
1688,0.15027269528501055,0.9716426862373306,Medium,Medium
1689,0.06524161388693409,0.951917921581164,Low,Medium
1690,0.26044367383977185,0.8938142235323587,High,High
1691,0.20036446545067232,0.9453642631780621,High,Medium
1692,0.127387794198139,0.7498914135796407,Low,High
1693,0.6684575123152711,0.7178283188595099,Medium,High
1694,0.04730795874384237,0.9033104551482907,Low,High
1695,0.463444459862624,0.9634390065878317,Low,Medium
1696,0.17440036359371333,0.9411480771355692,High,Medium
1697,0.2745009074410163,0.945718854861534,High,High
1698,0.5100108225108225,0.9236498601583439,Medium,Low
1699,0.11387289252757929,0.9706936059237009,Medium,Medium
1700,0.7820113833044867,0.9453707666291097,Medium,Low
1701,0.08801089131773399,0.9189169721159863,Low,High
1702,0.1836447847504819,0.9263207788892514,Medium,Medium
1703,0.5633525956801819,0.9625274698515067,High,Medium
1704,0.14970948591638247,0.9270587629609253,Medium,Low
1705,0.26442157322699195,0.9552964893919186,Low,Medium
1706,0.35314694476469977,0.9424851445008837,High,High
1707,0.3087786463910901,0.8444614060604063,Medium,Medium
1708,0.18729893435206596,0.9213517053930556,Low,Medium
1709,0.7261102986453202,0.9131470697532837,High,Medium
1710,0.8092591392273788,0.9415130417543708,High,Medium
1711,0.22627551020408165,0.9105016524367654,High,High
1712,0.49258620689655175,0.8475734046969188,High,High
1713,0.07724262868565718,0.643563096705338,Low,High
1714,0.18407104220998746,0.9512440267711822,High,Medium
1715,0.017976322898458606,0.7401552972040871,Low,High
1716,0.32145836643890036,0.8630648858142367,Medium,Medium
1717,0.6135570607553367,0.8903893012301557,High,High
1718,2.307204433497537,0.8969345845487778,High,Low
1719,0.11807021659238408,0.9637879397576546,Medium,Medium
1720,0.21936576354679804,0.7064089684265299,High,High
1721,0.17522095044914518,0.854411987242966,High,High
1722,0.611863711001642,0.9080227367768909,Medium,Low
1723,1.5794334975369457,0.927521488769708,High,Low
1724,0.34528940886699505,0.8980405621948941,High,High
1725,0.20487654691817855,0.9268015726809921,Low,Low
1726,0.14839034205231388,0.9616802524256591,Low,Medium
1727,0.9241511259676285,0.908192596833621,Medium,Low
1728,0.32200768238329813,0.9212947741185374,Medium,Medium
1729,0.8329844006568144,0.9400118385578569,High,Medium
1730,0.29115208492333317,0.9724046235939842,High,Medium
1731,0.12735898147505723,0.9522202891701701,Medium,High
1732,0.5870399884091567,0.922035344443948,Medium,Low
1733,0.20617495381773399,0.7390446584857299,Low,High
1734,1.1036330049261083,0.9030935878753356,High,Low
1735,0.19568965517241382,0.4983723240823516,High,High
1736,0.32656459919390957,0.8994292337444334,High,High
1737,0.4030262967255869,0.9184577065320768,Medium,Medium
1738,0.14418763194933146,0.9191155858281719,High,Medium
1739,0.49167657550535077,0.9116920354800817,Medium,Low
1740,0.21493079990616937,0.9127552707584904,High,Medium
1741,0.24051294535456522,0.8956914103989738,High,High
1742,0.24692118226600984,0.9080270401284414,Low,Low
1743,0.2294605538140021,0.9828449572301687,High,Low
1744,0.21871377861489424,0.8683969351639215,High,High
1745,0.7374715801439939,0.8163905947752469,Medium,High
1746,0.7921064977715223,0.8841146838366927,High,High
1747,0.40717364532019706,0.9755963628903651,High,Low
1749,0.5729112652320456,0.9128150197890366,Low,Low
1750,0.3821333171442448,0.9789997792658387,Low,Low
1751,0.44717459264873055,0.815220310958807,High,High
1752,0.6960710313046242,0.9055954129908593,Medium,Medium
1753,0.8361726874657909,0.7009475605355642,High,High
1754,0.758441091954023,0.8826479828565369,Low,Low
1756,0.6444370624837956,0.9557197130241363,Medium,Low
1757,0.3069854953475643,0.9375553385040228,Low,Low
1758,0.8843532359436045,0.849905778081343,Medium,Medium
1759,0.551539408866995,0.9096660504956784,High,Medium
1760,0.43101784050059916,0.9308163740061909,High,High
1761,0.17401574045566504,0.9516810489541826,Low,Medium
1762,0.1504053776683087,0.953595561035056,Low,Low
1763,0.5935587401104643,0.9185535870276348,Medium,Low
1764,1.2299261083743844,0.8947136621210348,High,High
1765,0.21190759300152878,0.88489841055313,High,Medium
1766,0.27597677001835214,0.9481288073103892,Low,Low
1767,0.238816939456539,0.9654614870298045,Low,Low
1768,0.2645525451559934,0.9271619394191574,Medium,High
1769,0.12085342207315794,0.8858426285791344,Medium,High
1770,0.2674537115678614,0.9688567237352894,Low,Low
1771,0.09882558720639681,0.9288490736761331,Low,High
1772,0.5123621225101735,0.9405896846943076,Low,Low
1773,0.07813858301941466,0.9610331920316717,Medium,Medium
1774,0.2051632913701879,0.9376427195248649,High,Medium
1775,0.09685520760028149,0.9601997463245522,Low,Medium
1776,0.7201354679802956,0.9284626713921446,High,Low
1777,0.9119931792345586,0.9031598176441388,High,Low
1778,0.49955825658599273,0.9445984884622296,Medium,Low
1779,0.37843480603448276,0.9740102224871724,Low,Low
1780,0.4371966458997392,0.9680441099980153,Low,Low
1781,0.31271551724137936,0.46441391273443905,High,High
1782,0.3732032571134476,0.9775781207640342,High,Medium
1783,0.8270730706075532,0.883233493751532,High,Medium
1784,0.14710774943018895,0.9279949377391336,Medium,High
1785,0.4519112353164077,0.9095502562800788,High,High
1786,0.3663701198441291,0.9676307512649692,Medium,Low
1787,0.026348432926393942,0.8800305983350214,Low,High
1788,0.31064749102446354,0.6648917789915985,High,High
1789,0.2639093039885587,0.9242598656902307,High,High
1790,1.0542898193760262,0.9359721593149638,High,Medium
1791,0.21974608809040858,0.9192765386274473,Low,Low
1792,0.16592775041050903,0.915574867698735,Medium,High
1793,0.37162796152943933,0.9292876136359917,Medium,Medium
1794,0.37239206027238486,0.8305451734400233,High,High
1795,1.1041410098522169,0.9260311556758599,High,Low
1796,0.4339026445423904,0.9172377316679501,Medium,Low
1797,0.3441230106100796,0.9440545191863758,Medium,Medium
1798,1.4366710875331565,0.8839165837895471,High,Medium
1799,0.2904351395730706,0.8677692512264639,High,High
1800,0.5679672339155099,0.922590671432149,Medium,Low
1801,0.4117127023223083,0.9446223635206683,Low,High
1802,0.10444033935413245,0.9384182012653286,Medium,Medium
1803,0.5618166526492852,0.9527553261990758,High,High
1804,0.2794100398780202,0.9187742022148284,Low,High
1805,0.37439303307529914,0.9253930684908733,Low,High
1806,0.07561316172899464,0.9428186201522949,Low,High
1807,1.2865279732582686,0.9037120047347204,High,Medium
1808,0.7759106818771065,0.8025489741641523,Medium,High
1809,0.3176431397884196,0.9673273873748317,Low,Low
1810,0.19016830870279147,0.9145324702309627,Low,Low
1811,0.2927760184533584,0.9714081417182722,Low,Low
1812,0.1830001894657067,0.917293065053905,High,Medium
1813,0.4830028027857992,0.9456468518433473,Low,Medium
1814,0.7693555008210181,0.9673702937825458,High,Low
1815,0.19320034048102,0.9743126616912698,Low,Low
1816,0.09520002383600826,0.9526990326732505,Medium,Medium
1817,0.7699353448275862,0.93101573387122,Medium,Low
1818,0.5403185176892074,0.9303089634004464,Medium,Low
1819,1.2474658961727927,0.7533750744845348,High,High
1820,0.1631498504574244,0.9604368774110128,Low,Low
1821,0.21428571428571427,0.9435820168978466,Low,Low
1822,0.19281210940372032,0.9526142418403558,High,High
1823,0.23003329684364165,0.8916739671691912,High,Medium
1824,0.37605410369875597,0.9717498015536639,Low,Low
1825,0.4981612616310892,0.9324892939596823,High,Medium
1826,0.25691334527541426,0.9498368393152743,Low,Low
1827,0.1560960591133005,0.9444441012041029,Medium,High
1828,0.38857698251714473,0.8905598634081313,Low,High
1829,0.11624736101337085,0.9501282590664217,Low,High
1830,0.17558937368050667,0.964973719936875,Low,Medium
1831,0.1190769411212761,0.9440053400929045,Medium,High
1832,0.5011737992610837,0.9097135768429488,Medium,Low
1833,0.8521220159151195,0.9731489064189669,High,Medium
1834,0.3860741225369458,0.968854284839173,Medium,Low
1835,0.5860272988505747,0.9561927431100343,Medium,Low
1836,0.4532925239061142,0.9111492865651762,Medium,Low
1837,0.3640095536647261,0.9786519014503756,Low,Low
1838,0.3270879982086879,0.8717059520708907,Low,High
1839,1.237924192665572,0.9298642426532088,High,Low
1840,0.34229760119940034,0.8498914211378287,Medium,Medium
1841,0.7809250136836344,0.9466926252264871,High,High
1843,0.1367732255602581,0.9733212100968637,Low,Low
1844,0.18863179074446682,0.9840930333818136,High,Low
1845,0.5136237684729064,0.7402830259624127,Low,High
1846,0.18747067792634295,0.9423106345638094,High,Medium
1847,0.5105738146551724,0.928415051572762,High,High
1848,0.16687784198560057,0.9359588511034476,Medium,Medium
1851,0.21168020733769577,0.9466233820016539,Medium,High
1852,0.1507910193255021,0.9583994633551765,High,High
1853,0.44459466695223815,0.811447789051941,High,High
1854,0.5744654052843708,0.8960718577222495,Medium,Low
1855,0.3219496021220159,0.8981732516077916,High,High
1856,0.17594873198321476,0.9684673768360151,High,Medium
1857,1.1067964901477831,0.9519903506677015,High,Low
1858,0.16513841293638892,0.9200031397207663,Medium,Medium
1859,0.18237467400753404,0.8819457337371197,Medium,Medium
1860,0.27499196830156347,0.9419350296473117,High,Medium
1861,0.425132625994695,0.9713537699904428,Medium,Low
1862,0.528612012987013,0.9319870007816994,Low,Low
1863,0.8627463054187192,0.918144011809844,High,Medium
1865,0.12213949843260187,0.9299595437374165,Medium,High
1866,1.1157635467980296,0.9089929470296717,High,Medium
1867,0.7312192118226601,0.9217090655956417,Medium,Low
1868,0.7541820607553364,0.8955048785949047,High,High
1869,0.9560755336617405,0.9405470719001765,Medium,Low
1870,0.3274892811530743,0.9706061786925885,Low,Low
1871,0.1588781907747425,0.9446694892375305,Low,Low
1872,1.2554392446633826,0.8958194941882182,High,Medium
1874,0.12885075319483116,0.982264871524463,High,Low
1875,0.11352178263546799,0.9640424896465031,Medium,Medium
1876,1.003715106732348,0.9010501702826297,High,Medium
1877,0.2490917487684729,0.9520710077615612,High,Medium
1878,0.015967593934125373,0.7904735560061125,Low,High
1879,0.09357366771159875,0.9526311997299016,Medium,Medium
1880,0.16839540512994733,0.5607645785589094,Medium,High
1881,0.5148552955665024,0.8788445656293012,High,Medium
1882,0.07433292282430212,0.9499735219094454,Low,Medium
1884,0.2140932881773399,0.8952568393469905,Medium,Low
1885,0.18608154468684024,0.4160470347868906,Medium,High
1886,0.4594902224212569,0.8949491149441169,Low,Low
1887,0.1138013748989045,0.9625425121607621,Low,Medium
1888,-0.04017857142857143,0.8790419037876119,Low,Low
1889,0.2781778753480403,0.9424334159320771,High,Medium
1890,0.08921327151550276,0.806752310029308,Low,Medium
1891,0.40518146913937997,0.9767880482740706,High,Medium
1892,0.11208317544524442,0.9428895039978517,Medium,High
1893,0.3867101240020384,0.7583026524299247,Low,High
1894,0.5957622273047151,0.9412228020674777,Medium,Low
1895,0.5330495158824529,0.8683903822261763,Medium,Medium
1896,0.12599316701096455,0.9317453774549734,Low,Medium
1897,0.22940924018510225,0.8439694764832959,Low,Medium
1898,0.10581172124022023,0.9652890919630078,Low,Medium
1899,0.22980295566502462,0.9047888347551244,High,Medium
1900,0.517294462374724,0.9436564027719921,Medium,Low
1901,0.17675834701696772,0.9350492833698577,Low,Low
1902,0.31505305039787795,0.9434981627531885,Medium,High
1903,0.6591536436215389,0.9418378957000592,High,High
1904,0.4133859049737804,0.9039826381817021,High,Medium
1905,0.20189098998887653,0.9071473566449626,Low,Low
1906,0.42639426460239255,0.8281240030641602,Low,Medium
1907,0.9873621862538118,0.9280001590532865,High,Low
1908,0.11572128851540617,0.9320100441842158,Medium,Medium
1909,0.0648069451189898,0.9714129348454973,Medium,Medium
1910,1.0974844918810436,0.9012599172097719,High,Medium
1911,0.1993356858658583,0.894955897324433,Low,High
1912,0.1995891702586207,0.947511299111672,Medium,High
1913,0.7093082922824301,0.9501858097550655,High,High
1914,0.5201695314956504,0.8777391424524812,High,High
1915,0.35763546798029555,0.8616820182973118,Medium,Medium
1916,0.5712746305418719,0.9289584080748593,High,Medium
1917,0.18385673234811165,0.9302898718952041,High,Medium
1918,0.11492786769880366,0.9217286943807683,Low,High
1919,0.6904248768472906,0.9494791686185099,Medium,Low
1920,0.6303590671182266,0.9036445115520207,High,High
1921,0.3125342090859332,0.9120485480915664,High,High
1922,0.48800166618371493,0.8651528619478689,Medium,High
1924,0.6942138089941204,0.9583765730352262,High,Medium
1925,0.14420412561576354,0.9678363620067366,Medium,Medium
1926,0.0962022132796781,0.9574253110129729,Low,Medium
1927,0.1843134236453202,0.932675668173467,High,Medium
1928,0.4964080459770115,0.8891371888041281,Medium,Low
1929,0.9957439872500724,0.9705855529714775,High,High
1930,0.1642269368562472,0.9599563628677537,Medium,Medium
1931,0.08833178551239604,0.9528164563896478,Low,Medium
1932,0.00010583435960591134,0.8112483686468668,Low,Medium
1933,0.24119458128078816,0.8937934548878225,High,High
1934,0.4649692118226601,0.9379586821358763,Medium,Medium
1935,0.4907415552427867,0.9016921564247699,Low,Low
1936,0.17975789979574675,0.9480406931401671,High,Medium
1937,0.07851904271744724,0.9560526425623601,Low,Medium
1938,0.38355227148330595,0.965767787206334,Low,Low
1939,0.8025804341133005,0.9211782386786457,Low,Low
1940,0.09491481937602628,0.9557555730267014,Medium,Medium
1941,0.22730255188564968,0.9059738140685932,Low,High
1943,0.5577339901477832,0.9198167274117077,Medium,Low
1944,0.24485397607318793,0.9732207192351777,Low,Low
1945,0.43249068033550797,0.8960040329362484,Medium,Medium
1946,0.9195197044334975,0.8866431373224626,High,Low
1947,0.298927965759509,0.9525034928181746,High,High
1948,0.7358951662561576,0.8426580449287923,Low,Medium
1949,0.22306874160322437,0.9510103496817951,Low,Low
1950,0.6391433189655172,0.9031351208744309,High,Low
1951,1.3540447967980296,0.9018727811743761,High,Medium
1952,0.2395320197044335,0.9538337897655789,Low,Medium
1953,0.8738332901218564,0.8675605643775686,Medium,Low
1954,0.20290435139573068,0.9222886140258214,High,Medium
1955,0.11970705376794885,0.9437560362947465,High,Medium
1956,0.7414603318641431,0.9142502491506462,High,High
1957,0.2965585659551177,0.9010494354656869,High,High
1958,0.2829310344827586,0.9362202551564446,High,High
1959,0.16082204433497538,0.9531490820393915,Medium,Medium
1960,0.5120330459770115,0.980220828776989,High,Medium
1961,0.17736299261083743,0.9141695031134686,Medium,Medium
1962,0.9447533323674299,0.9312457324972909,Medium,Low
1963,0.7371504636337294,0.9240708346456136,Medium,Low
1964,0.14219610257896262,0.8979694927375612,Medium,Medium
1965,0.22812280084447573,0.9413599167504579,Low,High
1966,0.27641185784658695,0.9730645797283834,Low,Low
1967,0.186188155922039,0.7873364062352654,Low,High
1968,0.4411505981703026,0.6614509593586614,Medium,High
1969,0.18469607670654467,0.9475647111326574,Low,Medium
1970,0.49379105090311987,0.9729899717618127,Medium,Low
1971,0.39104064039408865,0.934741636402454,Medium,Medium
1972,0.1028672032193159,0.9615406727928496,Medium,Medium
1973,0.2427853037766831,0.9536623328072393,High,Low
1974,0.1224993992550763,0.4309917711977504,High,High
1975,0.1504032647541775,0.9531525294412088,Low,Low
1976,0.7276419188365002,0.8960061612083178,High,Low
1977,0.35041473485946106,0.8636744645718752,Medium,High
1978,0.3174401030004478,0.9775977575714082,Low,Low
1979,0.08568219662804412,0.9772112459734341,Medium,Medium
1980,0.4055735930735931,0.9163014554790283,Medium,Low
1981,0.15463113777212778,0.9626209780214376,High,Medium
1982,0.9459910552242676,0.806561829072338,High,High
1983,2.0104679802955663,0.8836098908749176,High,Low
1984,0.3656272712589841,0.940635412452298,Medium,High
1985,0.17098055036521145,0.6925115021222659,Medium,High
1986,0.32603980071652483,0.9354597026515751,Medium,Low
1987,0.2346221156339124,0.962317685614803,Low,Low
1988,0.35614224137931033,0.8677961672747275,High,High
1989,0.1733978073988216,0.8996569441028575,High,High
1990,0.1546032989998507,0.9804113015714659,High,Low
1991,1.0784975369458127,0.9199710905425384,High,Low
1992,0.42175697865353035,0.8992820597662201,High,High
1993,0.31959975369458127,0.867237524824556,Low,High
1994,0.23522918418839361,0.8470158630960418,Low,High
1995,0.43114314691393796,0.8825679153112216,High,High
1996,0.2670228825679326,0.8683065595167814,Low,Medium
1997,0.275519978106185,0.9187861266695756,High,Medium
1998,0.3622602254067771,0.9763081529756712,Low,Low
1999,0.191544446932378,0.9767700053062338,Low,Low
2000,1.3145974445812807,0.9083417776373657,High,Low
2001,0.4840909090909091,0.9611863241777444,Low,Low
2002,0.17702296435815704,0.9548734266783525,Medium,High
2003,0.5685244974038077,0.9302179669057651,Low,Low
2004,1.0605647431386347,0.8950235784075669,High,Medium
2005,0.3513255120560021,0.913740821706931,High,High
2006,0.42195197044334976,0.8643278766907228,High,High
2007,1.4268267651888342,0.8237213327638857,Medium,Low
2008,0.41066448130976524,0.9712793458396652,Medium,Medium
2009,0.32370469739619984,0.9641807097764273,Low,Low
2010,0.1340876436781609,0.9456837662683576,Medium,Medium
2011,0.10357321339330333,0.975336953684476,Medium,Medium
2012,0.19226254618226601,0.9083872268898695,Medium,Medium
2013,0.3211976600985222,0.7613206421169264,Low,High
2015,0.20766209559313006,0.891139705502378,Medium,Medium
2016,0.248320644872369,0.8674390210905556,High,High
2017,0.12646696609678354,0.8318994170330316,Medium,High
2018,0.13273369692704667,0.9163892459966227,Medium,Medium
2019,0.3035885331143952,0.940563086716243,High,High
2020,0.11441473140980529,0.8867754926273933,Medium,High
2021,0.1585591133004926,0.5221657303226379,High,High
2022,0.2166741304672339,0.943445790167614,High,High
2023,0.41548428502046764,0.9838729543180085,Low,Low
2024,0.3392417311752287,0.8847113168850284,Medium,Low
2025,0.2729433497536946,0.9396343643582663,Low,Low
2026,0.8155218025907681,0.9290494361429982,High,Low
2027,0.20593520659495326,0.9305994360852233,High,Medium
2028,0.3132791293857444,0.8051988431943241,Low,High
2029,0.06372436705235422,0.4784954081930252,High,High
2030,0.46431589877330237,0.9634365300250866,Medium,Low
2032,0.18498768472906404,0.8529903485476064,Medium,Medium
2033,0.46291424093148226,0.8982350625477483,High,Medium
2034,0.6663661154116818,0.8854834103052263,Medium,Medium
2035,0.7487088828857461,0.9134136203128556,Medium,Low
2036,0.8578465869106263,0.8919689824293103,High,High
2037,0.3031302845379016,0.9777454230518287,Low,Low
2038,0.19748691502463053,0.9608780025357825,Medium,Medium
2039,0.14610998072392375,0.5846980536526375,Medium,High
2040,0.6907019704433498,0.9256247672327648,High,Medium
2041,0.4348417037126036,0.8978458667243568,High,High
2042,0.25716524854455886,0.9318783392276693,High,Medium
2043,0.13118259885501266,0.8813548803354608,Low,Medium
2044,0.42948250728862974,0.9610476339026464,Medium,Low
2045,0.19265416894727241,0.8316341053822,Medium,High
2046,0.37355532398635843,0.8605558146473058,High,High
2047,0.28986399657314205,0.9620459204895526,High,Medium
2048,0.6975428102275395,0.9037123802301078,High,Low
2049,0.5645012315270936,0.9445979902274786,High,Medium
2050,0.3242541315747656,0.9725536584676003,Medium,Low
2051,0.7700039941419252,0.8225706944351255,Medium,High
2052,0.25643075639599555,0.9648580646647834,Medium,Low
2053,0.5005937719915551,0.9240791772932846,High,High
2054,0.351627187925794,0.962157407668956,Low,Low
2055,0.175615763546798,0.8762991586296375,Low,Low
2056,0.1443512749927557,0.8487749517135758,Low,High
2057,0.8935242200328407,0.9336376840606592,High,Low
2058,0.15559432585294652,0.8387184251846519,Medium,High
2059,0.22738300492610836,0.9189538019801572,Medium,Medium
2060,0.440938013136289,0.8512818375792875,Medium,Medium
2061,0.09768583192412322,0.9418839165277583,Medium,High
2062,0.3339024481265861,0.9016870195936758,Low,Low
2063,0.20583949096880133,0.9648307861151042,Medium,Medium
2064,0.5251051929392446,0.8708280870224043,Medium,Medium
2065,0.18057266009852216,0.9172623654045772,Low,Low
2066,0.15664584799437015,0.866475809906755,Medium,High
2067,0.4778050228712174,0.8188720657896011,High,High
2068,0.06676836094939545,0.957013419581496,Low,Medium
2069,1.1456060872624914,0.8755752609440686,High,High
2070,0.30165475612294457,0.981171068539649,Medium,Low
2071,0.8236323567539539,0.8091755140563894,High,High
2072,0.5692535356745592,0.9726893255104626,Medium,Low
2073,0.7098214285714286,0.9008108593143614,High,Medium
2074,0.5812898435236162,0.8985752141792877,Medium,Low
2075,0.17430506685432792,0.927671000948698,High,Medium
2076,0.1794836708629812,0.8825061227980808,Medium,Medium
2077,0.4430353212451525,0.9204410213361873,High,High
2078,0.21124952633573324,0.9643247938496121,Low,Low
2079,1.624076354679803,0.947785925169557,High,Medium
2080,1.3344211822660097,0.8841066457128552,Medium,Low
2081,0.2900065198493191,0.8917638412667473,High,High
2082,0.09541402768003754,0.8727322798979122,Low,High
2083,0.20425104907863526,0.9171421920131245,Low,Low
2084,0.9686872833424557,0.9048790804324757,High,Medium
2085,0.33101489028213166,0.8980452332971444,Medium,Medium
2086,0.7640635995777624,0.8593420399599683,Low,Medium
2087,0.2686853881912163,0.9517266149038958,Low,Medium
2088,0.09583649109511179,0.9486005111403308,Low,Medium
2089,-0.026697748064743135,0.716637894938948,Low,High
2090,0.36178571428571427,0.9176144716065956,High,Medium
2091,0.5861612844371465,0.8876574305173163,High,High
2092,0.5904512667135821,0.8988974348475922,Medium,High
2093,1.2766046073601853,0.8961950837320012,High,Medium
2094,0.19965033427163967,0.9347176135665672,High,Medium
2095,0.4693743158182813,0.9180003648983269,Medium,Low
2096,0.35305242786769886,0.925242824424484,Medium,Medium
2097,0.903676988036594,0.8604349609025466,High,High
2099,0.4183766391452161,0.9284812122266313,Low,High
2101,0.30368138634764247,0.9137914186791103,High,High
2102,0.4114290112596764,0.8489990041934473,Medium,Medium
2103,0.2838530004478281,0.8699186878101188,High,Medium
2104,0.5545463875205254,0.9158119852688181,High,Low
2105,0.15188834154351397,0.9001656520968427,Medium,Medium
2106,0.24332620979426256,0.910051222150486,Low,Low
2107,0.5604926108374384,0.8849645458343389,High,Medium
2108,0.17140521488024463,0.8056249042213297,Low,High
2109,0.9415930165169517,0.7107796836757801,High,High
2110,0.08442118226600984,0.9777984206836299,Medium,Low
2111,0.7027172204171471,0.8981629400645575,Low,Medium
2112,0.554654323084763,0.8176297477565577,High,High
2113,0.15502946868402534,0.88861730864004,Low,Medium
2114,0.14792619634060522,0.8919013218609546,Low,Medium
2115,0.170002052545156,0.923627451548407,High,Medium
2116,0.2959439059272207,0.811270642167366,Low,High
2117,0.2649872448979592,0.8321933639073171,Medium,High
2118,0.8093563650505574,0.8956989805684914,Medium,Low
2119,0.4221611721611721,0.907449668050255,High,Medium
2121,0.1562243431855501,0.9500667697745049,Low,Low
2122,0.1811732463748005,0.9550093650312114,Low,Medium
2123,0.06870500189465707,0.9627493895760155,Medium,Medium
2124,0.3561664320900774,0.9804644272937988,Low,Low
2125,1.380826070481243,0.8601505890113146,High,Medium
2126,0.8633284818629645,0.8296881705755336,Medium,Medium
2127,0.24432849364791287,0.8765896471045019,High,High
2128,0.0949404761904762,0.9476584054661433,Low,Medium
2130,0.313744355500821,0.5004782220582547,Low,High
2131,0.5237281297774757,0.9124402038902041,High,High
2132,0.3058805418719212,0.9649560759176931,Low,Low
2133,0.37911242083040114,0.9508438183894056,High,Medium
2134,0.6353250351864883,0.917521587540466,High,Low
2135,0.47058018609742747,0.8744827520208527,High,Medium
2136,1.251253518648839,0.8985110765275005,High,Medium
2137,0.33089593596059114,0.9311834294688904,Low,High
2138,1.1344866071428572,0.8940089331978593,High,Medium
2139,0.3168836500117288,0.9141482739647026,Low,Low
2140,0.22555319402510726,0.9538802467261319,High,High
2141,1.3312969924812033,0.8979611726147531,High,Medium
2142,0.6480500821018064,0.9127764538748288,Medium,Low
2143,0.26019528501055594,0.9078839565471357,Low,Low
2144,0.08678511354079059,0.7792120116110198,Low,High
2146,0.24679523063143755,0.9740670693110635,Low,Low
2147,0.24289748598607103,0.8866770996158506,High,Medium
2148,0.17801092585575345,0.8887351345799006,High,High
2149,0.19388854679802955,0.8914054991168998,Medium,Medium
2150,0.08842071311283134,0.9547377574048048,Medium,Medium
2151,0.2540091561362176,0.942598659476704,Medium,Low
2152,0.5268077058409572,0.9649326367960375,High,Medium
2153,0.5632389162561577,0.90176132538937,Low,Low
2154,0.08741093420126671,0.9466052674203397,Medium,Medium
2155,0.08746122970260901,0.9236298401773578,Medium,High
2156,0.5651911147600803,0.8957207497270147,Medium,Low
2157,0.19439821594994008,0.8939572408514288,Low,Medium
2158,0.44905289702087736,0.8154503431154387,High,High
2159,0.48040112596762846,0.9261455583155143,Medium,Low
2160,0.4737192118226601,0.8604130830532469,High,Medium
2161,0.037433292282430204,0.7392688682629225,Low,High
2162,1.2032967032967035,0.7366411463568389,Medium,High
2163,0.35564930300807046,0.9535654305625758,Low,Low
2164,0.8911694946177705,0.9297977650126479,High,Low
2165,0.5956896551724138,0.8314671572949461,Medium,Medium
2166,0.41487068965517243,0.8767051471284883,Medium,Medium
2167,0.34975850523399016,0.9761596032649373,Low,Low
2169,0.9560091277890467,0.8962189846546471,High,Low
2170,0.4369066278549037,0.955720245536459,Low,Low
2172,0.5907430213464696,0.9606430189721964,High,Low
2173,0.5406241897848069,0.9420344897084216,High,Medium
2174,0.5904292751583391,0.762553283417562,High,High
2175,0.42810055056505353,0.9327343658158956,Low,High
2176,-0.007510449320794149,0.900387825528859,Low,High
2177,0.1406672795393048,0.9678733370186082,Medium,Medium
2178,0.4238887615992669,0.945199624933242,Low,Low
2179,0.3190124822576605,0.9314183540735727,Low,Medium
2180,0.084855220473387,0.6273720961258603,High,High
2182,0.8198891625615764,0.8089212898950618,High,High
2183,0.8092944074181397,0.7913732303375146,High,High
2184,0.7570002592688619,0.8517705293288647,Medium,Medium
2185,0.1978893721832093,0.8989659789815381,High,High
2186,0.1386178476695718,0.9414275634270887,Medium,High
2187,0.9830302810779484,0.8535543693025135,Medium,Medium
2189,0.2800411112720951,0.9795679162141758,Low,Low
2190,0.8920463875205256,0.8670902344100841,Medium,Medium
2191,0.25247404996481354,0.8642328413774251,Low,Medium
2192,0.4923682639199881,0.8974212385491,Medium,Low
2193,0.29061576354679797,0.8408232375549943,High,High
2194,0.5988020600089566,0.8990360228126495,Medium,Low
2195,0.5266687192118226,0.9420914728742751,Medium,Medium
2196,0.284428426543031,0.9228071825788813,High,High
2197,1.0711388003477254,0.9226517130953291,High,Low
2199,0.07953933189655173,0.9386233015849068,Low,High
2200,0.9036159003831418,0.9163978585141944,High,Medium
2201,0.08407655331320514,0.9610526268933207,Medium,Medium
2203,0.1371263434841021,0.9192845665352836,Medium,Medium
2204,0.536764705882353,0.8650270389664962,High,High
2205,0.26745304802955666,0.9097316137200191,High,Medium
2206,0.4373383620689655,0.9316397102483842,High,Medium
2207,0.32437543983110495,0.9184682355987566,Low,Low
2208,0.32229788467110976,0.9422461277502268,High,High
2209,0.2820856790992259,0.7887999586292962,Low,High
2210,0.5571780436312456,0.9587354256501334,High,Low
2211,0.36564513073133753,0.9072254291707234,Low,Low
2212,0.2601691538684439,0.9213429221796506,High,Medium
2213,0.14646646456991283,0.9615872592010034,Low,Medium
2214,0.38647959183673464,0.8933775398807898,Medium,Medium
2215,0.9157943349753694,0.953197746795246,High,Low
2216,0.27164680527383367,0.9394365292070539,Low,High
2217,0.20847994370161857,0.7303103731288024,High,High
2218,0.5129750175932442,0.9386708463644342,Low,Low
2219,0.1970398729206825,0.9593580582451277,Low,Medium
2220,0.07174964813511613,0.9576161991265476,Low,Medium
2221,0.3819154982948087,0.971481183742692,High,Medium
2222,0.4605819425042276,0.931397062464559,Low,High
2223,0.12121745249824067,0.9156199822501276,Medium,Medium
2224,1.3071780436312455,0.8321893245243654,High,Medium
2225,0.15308761435608725,0.8776687009353269,Medium,High
2226,0.35214430599826135,0.930420980663318,Low,Low
2227,0.30768025078369904,0.9267936180591276,Low,Medium
2228,0.10971394002246997,0.8516399066304595,Low,High
2229,0.3584011565645749,0.89113572505244,Medium,Low
2230,0.2879419008982904,0.8761834107187206,High,High
2231,0.49685520760028146,0.889238271153393,High,High
2232,0.5876072620371842,0.896010051513237,High,Medium
2233,0.38786945812807877,0.9009501332880081,High,High
2234,0.37459359605911335,0.9755453287117181,High,Low
2235,0.41005801140782994,0.9057350076380204,High,Medium
2236,-0.011581091322470633,0.5963240253419866,Low,High
2237,0.5294283661740559,0.918991361402899,Medium,Low
2239,0.40430117388114456,0.9319610920021401,Medium,Medium
2240,0.4797745358090186,0.8254902854956399,Low,Medium
2241,0.2813467628430682,0.9747168473674279,Medium,Low
2242,0.44060080928923306,0.9791316858809656,Low,Low
2243,0.28539760731878955,0.9092495384764347,Medium,Low
2244,0.16059413672954465,0.8715165618532318,Medium,High
2245,0.5588857357035768,0.9411665342280353,Low,High
2246,0.7200777401477833,0.7890406682949443,Medium,High
2247,0.27350484913793105,0.7307076992963499,Low,High
2250,0.4644270370669467,0.9700286938575012,Medium,Low
2252,0.27362400530503983,0.9529114019883101,High,Medium
2253,0.11221106479727169,0.9449823708085325,Medium,High
2254,0.8731911945812808,0.7334530915500614,Medium,High
2255,0.18342461757842884,0.935101788933651,High,Medium
2256,0.0732582688247713,0.9632362306752295,Low,Medium
2257,0.08631978653530378,0.9448846460286043,Medium,High
2258,0.5072167487684729,0.9373348507894779,High,Medium
2259,0.09365763546798028,0.9335842013166205,Medium,Medium
2260,-0.016180897646414887,0.9346746762110879,Low,Low
2261,0.6106578407224958,0.5637620366835189,Medium,High
2262,1.5562723914017016,0.8297397088792281,Medium,Medium
2263,0.8482142857142857,0.9197888436890209,High,Low
2264,0.44396551724137934,0.8957146876767705,High,High
2265,0.37611607142857145,0.8322658842041624,Low,High
2266,0.75147570918974,0.9275406466096818,High,Low
2267,0.3747524872017773,0.8005980759010795,Low,High
2268,0.49743654958235173,0.9515300733486528,Medium,Low
2269,0.13378220140515223,0.9453283294394829,Low,Medium
2270,0.31195754163734457,0.9286280812007323,High,Medium
2271,0.13261628845998547,0.962425559574853,High,Medium
2272,0.3469167839549613,0.899047889771991,High,High
2274,0.4275598170302604,0.4767849791567185,High,High
2275,0.505701514322204,0.8853988392130521,Medium,Low
2276,0.25201612903225806,0.9325788794842708,High,High
2278,0.5224643736805067,0.8979693535983375,Medium,Low
2279,1.091665877226222,0.8968926587921704,Medium,Low
2280,0.5000769704433498,0.9341391141691598,Medium,Low
2281,0.22267361528295085,0.9088459920200632,Low,Medium
2282,0.5085082883728204,0.9612221321007506,Low,Low
2285,0.6181280788177339,0.6153728299416138,High,High
2286,0.2516676929392447,0.8391679187157968,Medium,High
2287,0.4019877616995074,0.9087996044802352,Low,Low
2288,0.7091220971147081,0.9444896784563436,Medium,Low
2289,0.3611080011942081,0.8805596080594199,Medium,Medium
2290,0.1602169382341796,0.8599654559725411,Medium,High
2291,0.17353915406828607,0.8995076641731361,Medium,Medium
2292,0.1448510438658222,0.8819509778300492,Medium,High
2293,0.19230295566502464,0.9219096460793962,Medium,High
2294,0.288964148877942,0.8514827826409361,Medium,Medium
2295,0.8979782430213463,0.8111465452522232,Medium,High
2296,1.002889352027283,0.8661520858815461,High,Medium
2297,0.15388957307060755,0.8856952934006299,Medium,High
2298,0.2854206138688898,0.9792502855631684,Low,Low
2299,0.2568269436710216,0.7139737360833228,Medium,High
2300,0.17929585627354389,0.5151164672117545,High,High
2301,0.5661621726730618,0.90147080466638,Medium,Medium
2302,0.1365382359840488,0.9727914121391847,Low,Low
2303,0.4663669950738916,0.8970123573784476,Medium,Low
2304,0.23408070124601563,0.7715259269640269,Low,High
2305,-0.09295463875205255,0.8254511568973729,Low,High
2306,0.2560190886699507,0.9536506842396325,Medium,Medium
2307,0.17198576234530819,0.8996994765103677,Medium,High
2309,0.28721093322386426,0.9112034979937124,Low,Low
2310,0.4715997837318275,0.9382898765335095,High,Medium
2311,0.6845531315974668,0.8966736299342903,Medium,Low
2312,0.20921592775041048,0.9283475915771533,High,Medium
2313,0.16388365691104026,0.9624048680788917,Low,Medium
2314,0.5327837073526729,0.9041132118231935,High,Medium
2315,0.2057127993884831,0.9360004727318044,High,High
2316,0.4998188930744712,0.9182078903146648,High,High
2317,0.42479987684729065,0.8550975276131831,High,High
2318,0.11258378422030203,0.9673397545532304,Low,Low
2319,0.5841472736538136,0.8598566018329274,Medium,Medium
2321,0.29782277038453053,0.9513123897157133,Low,Medium
2322,0.1111715229011634,0.881309120536261,Low,Medium
2323,0.5521251002405774,0.9398399510140388,Medium,Low
2324,0.43194192377495466,0.8608558613336957,Medium,Low
2325,0.5018892745185849,0.9117077820403,Medium,Low
2326,0.21577815813642814,0.7998583594246143,Low,High
2327,0.119346171070309,0.9662830599230735,Low,Low
2328,0.4773853506920009,0.9520756541199137,High,Medium
2329,0.3948473786066151,0.850721872536663,High,High
2330,0.09730364948310553,0.9643424825608851,Medium,Medium
2331,0.09687779892521273,0.9284248488265922,Medium,Medium
2332,0.7605249954387886,0.914789219169239,High,Medium
2333,0.15107142857142858,0.6238458782887358,Medium,High
2334,0.4275264964920137,0.9275389528767878,Medium,Low
2335,-0.027391856527093597,0.8748861798840628,Low,Low
2336,0.18152235695339142,0.9544661823534957,Medium,Medium
2337,1.0049804404520428,0.8541004313534214,High,Medium
2338,1.0494727524630543,0.8208985509808534,Medium,High
2339,0.22165207079000185,0.9166787820208014,High,Low
2340,0.7430726600985221,0.8730420546399149,High,High
2341,0.17010884036746104,0.9517089662924629,High,Low
2342,0.1257741027445461,0.9759730832901785,High,Medium
2343,0.2855603448275862,0.9478787028233241,Medium,Low
2344,0.29155342279599117,0.9117100892570505,High,Medium
2345,0.15780927220721438,0.9721311554298486,Low,Low
2346,-0.022276736055935168,0.5504580264050128,Low,High
2347,0.1339615587614356,0.888826393295321,Medium,Medium
2348,0.24602470298464216,0.8565088143488371,Low,Medium
2349,0.15533205619412513,0.8648898022989254,Medium,Medium
2350,0.834491555242787,0.8887166187535083,Medium,Low
2351,1.2733579638752053,0.9448798847151992,High,Low
2352,0.4190074415679698,0.9405514621912222,Medium,Low
2353,0.5924355816597195,0.9423744161450797,Medium,Low
2354,0.8803366174055828,0.9259253773209941,High,Low
2355,0.6697018132271251,0.9434590494883679,Low,Low
2356,0.3413895730706076,0.6501634621377406,Medium,High
2357,0.16596562131409143,0.9528818057611371,Medium,High
2358,0.17516104585070102,0.9097221837753388,Low,Medium
2359,0.16185026329199934,0.7857585984690084,Medium,High
2360,0.7613036593947924,0.9301153030855277,Medium,Low
2361,0.08091451503312383,0.9541382404745702,Low,Low
2362,0.33020320197044334,0.962429144247788,High,Low
2363,0.1796551724137931,0.9445650840332683,Medium,Medium
2364,0.15098378966662848,0.9035627813826006,Medium,High
2365,0.19284708957474617,0.9325235945655845,High,Medium
2366,0.22483471610059633,0.8769983153981438,High,High
2367,0.39048303229337705,0.9513360292081153,Medium,Low
2369,1.4606997971602433,0.9043588829799822,High,Low
2370,1.3685564743138634,0.93510671018637,High,Low
2371,0.7196296622097114,0.9084167392278162,High,High
2372,0.2342296113847838,0.8491076964202389,High,High
2373,0.18726053639846743,0.8745029309088174,High,Medium
2374,0.24861453201970443,0.958133836143355,High,Low
2375,0.5277597402597403,0.9667257583105636,Medium,Low
2376,0.6988916256157636,0.8910856011242376,Medium,Low
2377,0.14245501156127474,0.9117905093500797,Medium,High
2378,0.40469541386248525,0.9454233749206279,Low,High
2379,0.13153923541247486,0.9462841433753908,Medium,High
2380,0.48870633676668157,0.8815457569145367,High,High
2381,0.8546937975817287,0.921679145249962,High,Low
2382,0.0832523118140178,0.9290476398967138,Low,Medium
2383,0.5038815095003519,0.869240981991578,High,High
2384,0.4370638341543514,0.9514094257262281,Low,Low
2385,0.8258128078817732,0.9282242892838234,High,Low
2386,1.0680290435139572,0.9483669113038611,High,Low
2387,0.2510160098522167,0.9399495498758667,High,Low
2388,0.1508294148380355,0.9768009303420306,High,Low
2389,0.465311986863711,0.9211258159231979,Medium,Low
2390,0.18490111561866124,0.6917213776500003,Low,High
2391,0.9668198181129215,0.9482658451380311,High,High
2392,0.7157567049808429,0.4222551958364334,High,High
2393,0.20833622424200376,0.9708927508543627,Low,Medium
2394,0.5992149014778325,0.7114077038972727,High,High
2395,0.43104474548440064,0.8818550885326364,High,High
2396,0.10177691766361716,0.9663260386647436,Medium,Medium
2397,0.37980295566502464,0.8716585040370926,High,High
2398,0.5781773399014778,0.8686486306591121,High,High
2399,0.20703399894440533,0.6151024435930276,Medium,High
2400,0.4348214285714285,0.9224359513739673,High,High
2401,0.2501717032967033,0.9488052943365254,High,Medium
2402,1.09345395983327,0.9741241428690658,High,Medium
2403,0.17857142857142858,0.8816485203189114,Medium,High
2404,0.25177887246852765,0.843646196832724,Low,High
2405,0.4300968428123601,0.9142936885394006,Medium,Low
2406,0.27032019704433496,0.8976558839335044,High,High
2407,0.30987769661967046,0.8994645481535685,Medium,Low
2408,0.5803699712643678,0.9304132910063946,Medium,Low
2409,0.6374511011301072,0.9326943528783982,High,Medium
2410,0.3697752003529152,0.9781907081589992,High,Medium
2411,0.1962233169129721,0.9690973497348744,Low,Low
2413,0.9671885995777624,0.9022130669510776,High,Low
2414,0.12188187820983125,0.952014922332918,High,Medium
2415,0.6094239811912227,0.9124092455741813,Medium,Low
2416,0.059799437016185786,0.9226972051585095,Low,Low
2417,0.09417333743842364,0.9330340993789602,Low,High
2418,0.8979845585449034,0.8608951133357355,Low,Low
2419,0.3991611483485424,0.9281419616922479,Low,Medium
2420,0.16129926108374382,0.8272515816981675,High,High
2421,0.3395215386227859,0.9819288547109256,High,Low
2422,0.6378540640394089,0.927224878501737,High,Medium
2423,0.0994853976073188,0.9737256514458694,Low,Low
2424,0.26270417422867515,0.896437007337078,Low,Low
2425,0.10032609449802261,0.970479206492968,Low,Low
2427,0.15939337358970287,0.8471089812857467,Low,High
2428,0.2167976385956681,0.9500680974274774,Low,Medium
2429,0.22924437016185784,0.9735777723992726,Low,Low
2430,0.3832697044334975,0.9294816313801905,High,Medium
2431,0.3786075712143928,0.901416867065522,High,High
2432,0.3923279710591133,0.9043563143402014,High,High
2433,0.22733550316678394,0.9573806546510796,High,High
2434,0.08587702322308234,0.9430581718164316,Low,High
2435,0.2724501332471937,0.9225167143725009,Low,High
2436,0.35606297331078596,0.966397541175072,Medium,Medium
2437,0.14680829228243022,0.917824119677267,High,High
2438,0.5309539598332701,0.8582928783423487,High,Medium
2439,0.2305594651653765,0.8773993722359552,Medium,High
2440,1.5269396551724137,0.8991799688635762,High,Low
2441,0.46210488505747127,0.9087104646843407,Medium,Low
2442,0.3336861145320197,0.9692084302514898,High,Medium
2443,0.5541358784893268,0.9062598890499672,Medium,Low
2444,1.6163587848932677,0.8404543190172714,High,High
2445,0.7565504501443859,0.8071464853893999,Low,High
2446,0.3662679488523216,0.9459714222885109,Medium,Low
2447,0.8520175311503912,0.9164983848471131,High,Medium
2448,0.27365828364013484,0.9600140681069584,High,Low
2449,1.1436371100164202,0.8353457869683913,High,High
2450,0.8681784944581281,0.9354631600393869,Medium,Low
2451,0.6237068965517242,0.8880739074780659,High,Low
2452,0.4125434656621269,0.9287771331641014,High,Medium
2453,0.12927464839009067,0.9729134722823605,High,Medium
2454,0.20116995073891625,0.520094338441648,Medium,High
2455,0.43125839677563815,0.9368400221042155,High,Medium
2456,0.34649330554502966,0.9175875496565374,Low,Low
2457,0.0986231123314221,0.9528615273138177,Low,Medium
2458,0.1515313771685586,0.93990696413306,Low,High
2459,0.5050697865353038,0.9675682987785788,High,Medium
2460,0.356416054267948,0.9268498103289118,High,High
2461,0.4614532019704433,0.854425613253972,High,High
2463,0.31086822660098523,0.9472557776613737,Medium,Low
2464,0.40603921940128834,0.9246939134598835,Low,High
2465,0.19625094732853354,0.8992983511498961,Medium,Medium
2466,1.1780634236453202,0.9272634068140359,High,Low
2467,0.40731839570619804,0.9711987297072439,Low,Low
2468,0.3170757601494819,0.9714425067302468,High,Low
2469,0.18353375833091856,0.9396248186709875,High,Medium
2470,0.2581850079003625,0.9423441913431455,Low,Low
2471,0.32304349846640024,0.9563142790449548,Low,Low
2472,0.44993205367759476,0.953695007616775,Medium,Medium
2473,0.20408939437844104,0.9499378044286366,High,Medium
2474,0.14679225677339902,0.8671568915677647,Medium,High
2475,0.282967032967033,0.839693514254005,Medium,Medium
2476,0.07403530377668308,0.9552047057298485,Low,Medium
2477,0.25738916256157635,0.885631710449433,High,High
2479,0.078559510567297,0.9342606588694297,Low,High
2480,0.16759031198686372,0.8565684995992845,Low,Medium
2481,0.12072206378014,0.5836154501727644,High,High
2482,0.1823615593680992,0.9578116834186826,Low,Low
2483,0.7018108009487319,0.9199709301261554,Medium,Low
2484,0.18916082703115245,0.9710183705013011,Low,Low
2485,0.49241841133004927,0.9272996653055051,High,High
2486,0.33272343420126677,0.948725814571771,Low,Medium
2487,0.3227978351050039,0.8673600312788453,High,High
2488,0.16411909591422774,0.9785121745160124,High,Medium
2489,0.12780217034339975,0.9644072852246793,Medium,Medium
2490,0.4566087491968302,0.9473579368509254,Medium,Low
2491,0.24542842215256008,0.8821833476178019,Medium,Medium
2492,0.33232758620689656,0.9421288813195022,High,Low
2493,0.35937834654101525,0.9587431001530857,Medium,High
2494,0.3027247536945813,0.9598250576188143,Low,Low
2495,0.724255219329111,0.9259516628914864,High,High
2496,0.11620577698163907,0.9524818215912134,Low,Low
2497,0.16968747768972656,0.9648820445630002,Medium,Medium
2498,0.4056109120764293,0.9102898624819046,High,Medium
2499,0.3665694726166328,0.840001972186514,High,High
2500,0.20534093855327973,0.5927729985232265,High,High
2501,0.5180376252760319,0.977381104847076,Medium,Low
2502,0.3122868510799545,0.869134234211911,High,Medium
2503,0.2861203326907974,0.9721348182964384,Medium,Low
2504,0.3165383825944171,0.9459873911329078,Low,Medium
2505,0.26998252026060704,0.8855150977486328,High,High
2506,0.9876104127739088,0.7970445221696205,Medium,High
2507,0.36904761904761907,0.9023791499281691,High,Medium
2508,0.07521239380309845,0.9500676469657815,Low,High
2509,0.22329980842911878,0.7713771521494341,Low,High
2510,0.36794277247536944,0.9754911370701765,Low,Low
2511,0.24383116883116884,0.9666187530192416,Low,Low
2513,0.07831091322470632,0.9436363022799117,Low,High
2514,0.6336437807881773,0.9451778054108746,Medium,Low
2515,0.34818997925849104,0.6182017370076928,Medium,High
2516,0.39150079882838507,0.865307341163085,Medium,High
2517,0.7847044334975369,0.874714418185075,Medium,Low
2519,0.21784153195032266,0.9519636175674092,High,High
2520,0.15649405262525531,0.8737015568637841,High,High
2521,0.5752591934929544,0.9436516432560831,Medium,Low
2522,0.15327234342012666,0.8573162275064244,Low,Medium
2523,0.12721031541798397,0.9539252126706642,High,High
2524,0.16515291461412152,0.9039074594787699,Medium,High
2525,0.13488801695497765,0.8954322763174475,Low,Medium
2526,0.1805779684049601,0.87311461920261,Medium,Medium
2527,0.29745395159563076,0.9384616968609185,Low,High
2528,0.111636146212608,0.9627183915321839,Medium,Medium
2530,0.35704730762697456,0.9349441552261468,Low,Low
2531,0.4909688013136289,0.9392277882279558,High,Medium
2532,0.3339234400656814,0.9143918266691226,Low,Low
2533,0.3547824302134647,0.7012595610663328,High,High
2534,0.08689263322884014,0.9558283162892254,Low,Medium
2535,0.331039837224245,0.8887970434522885,Medium,Low
2536,0.1754987684729064,0.8970538309285155,Medium,High
2537,0.34467364532019706,0.7703398296824522,Low,High
2538,0.19103281289137514,0.9637364861400582,Medium,Low
2539,0.4458435960591133,0.9123436651369146,High,Medium
2540,0.30632137259292425,0.8285391653881005,High,High
2541,0.42537951141047553,0.9359680175387101,Medium,Medium
2542,0.07728794642857142,0.9172939945028146,Low,High
2543,0.37069845179451094,0.9669177308666135,High,High
2544,0.8933446223316912,0.931509121080774,High,Medium
2545,0.2587104885057471,0.835064708526237,Low,Medium
2546,0.07768883415435139,0.7319569289330037,Low,High
2547,0.6248110725481416,0.9430004446674267,Medium,Low
2548,0.27967100633356795,0.7482445849797761,High,High
2549,0.28523984494872007,0.9544146884797573,High,High
2550,0.8003511516442551,0.9308177568847212,High,Low
2551,0.7222815850478123,0.8416319361037145,Low,Medium
2552,0.35628078817733994,0.9780597031609746,Medium,Low
2553,0.3112684729064039,0.9379728845394419,Low,Low
2554,0.2715983728914763,0.9767369387998066,Low,Low
2555,0.37419683015635036,0.9717546183493859,Low,Low
2556,0.2917399718508093,0.9638828877273186,High,Medium
2557,0.11254340628280708,0.9315036790209543,Medium,High
2558,0.34419258004926107,0.973479723707399,High,Low
2559,0.41229767769176634,0.9423649302742534,Medium,Low
2560,0.41259578544061304,0.8970046340958429,High,Medium
2561,0.9118203794927933,0.9008159271709444,High,Low
2562,0.16413947044334976,0.9342898257839638,High,Medium
2563,0.2920029347028613,0.8716946959242856,High,High
2564,0.7401135741652983,0.829070391836704,Medium,Medium
2565,0.11773236971739695,0.6497935381585969,Medium,High
2566,0.026407459535538354,0.5759056410155281,Medium,High
2567,0.21084623504574243,0.88346648066225,High,High
2568,0.36581215970961883,0.9712510245362068,Low,Low
2569,0.1285805509943441,0.9187370093146915,Medium,High
2570,0.15630131362889985,0.937502799600912,High,Medium
2571,1.3751740201327907,0.8137254161217654,Medium,Medium
2572,0.5771400924901982,0.944017986218108,Low,Low
2573,0.14898179099225897,0.11933283102912201,Medium,High
2574,0.47810960591133006,0.9576470205057327,Medium,High
2575,0.3732142857142858,0.870300736988973,High,High
2576,0.3109801391821096,0.9061933223126146,Low,High
2577,0.17654391445392284,0.8723555120072295,Medium,High
2578,0.18628713240782205,0.9063374378679521,High,Medium
2579,0.40684377199155514,0.888609979660573,High,High
2580,0.5443183331114366,0.8890658848558157,High,High
2581,0.42563539658742056,0.9742449683194534,Medium,Low
2582,0.3613270209157717,0.9666298449674132,Low,Low
2583,0.3587603852657893,0.9635231082945275,High,High
2584,0.1239863584691171,0.9472689616483922,Medium,High
2585,0.1279380717804363,0.9680375394529684,Low,Low
2586,1.277817118226601,0.8425635441196131,Medium,Medium
2587,0.26217038539553755,0.8164450594855279,Medium,Medium
2588,0.2964747536945813,0.9680486830121489,Low,Low
2589,0.1779684934318555,0.8780772922282393,Medium,Medium
2590,0.16026529146141216,0.9403476913664535,High,Medium
2591,0.256753535674559,0.904139543836823,High,Medium
2592,0.4355403080772539,0.9422224293477323,Medium,High
2593,0.4785332087650756,0.9020752845453351,Medium,Low
2594,1.022280917811771,0.7973179480522,Medium,Medium
2595,0.6575392549261084,0.9230531293541282,High,Medium
2596,0.165736984448952,0.9519272849686401,High,Medium
2597,0.3396082570959418,0.9183632916338702,Low,Low
2598,1.0127817584714136,0.7749247003613665,Medium,High
2599,0.5642657925239062,0.9000192466023026,Medium,High
2600,0.7620707765864966,0.8713123750187133,Low,Medium
2601,0.2578509852216749,0.7513220923110355,High,High
2602,0.5750205254515599,0.8597623131736876,High,High
2603,0.3183908045977012,0.8804341653919001,High,High
2604,0.27680694751146595,0.8977193657592979,High,Medium
2605,0.34168719211822657,0.8799185416213059,High,High
2606,0.17807184682591318,0.916767382578853,High,High
2607,0.3964747536945813,0.8471765150288235,Medium,Medium
2608,0.21300800492610839,0.9242256137202948,Medium,Low
2609,0.2552385853981325,0.9193127925797872,Low,High
2610,0.5486709770114943,0.9194197585370941,High,Medium
2611,0.6321465890431407,0.9374314758242099,Medium,Low
2612,0.5897783251231526,0.8985034826846583,Medium,Low
2613,0.09536389639281742,0.9449923297454765,Medium,Medium
2614,0.1725848385331144,0.9183760982214834,High,Medium
2615,0.36444488335347147,0.828184824226387,Medium,High
2616,0.09664601293103449,0.9729452527686545,Low,Low
2617,0.09450504339666901,0.9556831476584771,Medium,High
2618,0.1344550938816306,0.9577088562266897,Medium,Medium
2619,0.39588630224058474,0.901418223984675,Medium,Medium
2620,0.2532664331896552,0.9582593174449531,Medium,Medium
2621,0.12675006481721546,0.8798156543530952,Medium,High
2622,0.33087394440534823,0.8636231529181215,Medium,Medium
2623,0.3507766566025743,0.950135222264238,High,High
2624,0.6090741155396329,0.8986557678658575,Medium,Low
2625,0.5459380839137082,0.8535645573320089,Low,Medium
2627,0.1392795566502463,0.84841855575666,Medium,High
2628,0.045969933752335664,0.8970253671287415,Low,High
2629,0.532897737639117,0.8858810702636323,Medium,Medium
2630,0.27112411056376573,0.9280244172993136,Low,Low
2631,0.325794894760412,0.9713268265657162,High,Low
2632,0.27292635121071257,0.9796755036070081,Low,Low
2633,0.4558143006418868,0.8905065247985077,Low,Low
2634,2.069405348346235,0.9236285834751402,High,Low
2635,0.4501865401332947,0.9202378694328928,Low,Low
2636,0.25073891625615763,0.9272535975029707,High,Medium
2637,0.5661142642964232,0.8798725297269767,Medium,Low
2638,0.4932437055281883,0.9647912180935558,Medium,Low
2639,0.2803852144305999,0.9790482473484295,Low,Low
2640,0.8004926108374384,0.9242345390155527,High,Low
2641,0.5161063524740829,0.9794040908876571,Medium,Low
2642,0.029036183438892797,0.9045494762704142,Low,Medium
2644,0.5288254310344828,0.9337107792110235,High,Medium
2645,0.15888078082493934,0.968387911245108,Low,Low
2646,1.13385612865836,0.7677687502168654,Medium,Medium
2647,0.4608374384236453,0.970642103652811,Medium,Medium
2648,0.17951771225731675,0.6503066669773122,Medium,High
2649,0.33423743060442573,0.9630299791145497,Medium,Medium
2650,0.7227477981788326,0.9061505021725431,High,Medium
2651,0.11056079103305491,0.973697602137563,Low,Low
2652,0.5406085442500425,0.9056621610897084,Medium,Low
2653,0.9899469907903191,0.915121397149358,High,Low
2654,0.10545241193419462,0.9350227887572623,Low,Medium
2655,0.33399470899470896,0.6385243909104154,Low,High
2656,0.44631661442006265,0.8908831580989017,High,High
2657,0.33441881394467604,0.9064498918341911,High,High
2658,0.5012788935202728,0.9798536945215668,High,Low
2659,0.4251753993133303,0.8966932611218312,High,High
2660,0.13806511202923882,0.9160931383894187,Low,High
2661,0.2974417823555755,0.8865258808496783,Medium,Medium
2662,0.16446484549932824,0.933290540218842,Medium,High
2663,0.21741693742794255,0.9394415403695553,Medium,Medium
2664,0.4337114886866494,0.962447929124647,Medium,Low
2665,0.10065715093273035,0.7744846437527412,Low,High
2666,0.07969229670878847,0.9668314348144715,Medium,Medium
2667,0.12575480692833307,0.9695428977452434,High,Medium
2668,0.42437451387088415,0.9102980917167033,Medium,Low
2670,0.17176333865260526,0.9721994159351441,Low,Low
2671,0.19009011650637267,0.9513765296206709,High,High
2672,0.2558057705840957,0.9450894710909068,High,Low
2673,0.16823912498956334,0.9647305018809383,Low,Low
2674,0.14840711693025668,0.3891886694392493,Medium,High
2675,0.08141042260824476,0.7694327084049596,Low,High
2676,0.25196870880455147,0.9736264774339067,Low,Low
2677,0.4558189655172414,0.9143083745841409,Medium,Low
2678,1.1155824398725005,0.8696453897885158,Medium,Low
2679,0.5410750507099392,0.9039246617332357,High,Medium
2680,0.3325396825396826,0.8731134196247327,Low,High
2681,0.6238732837228802,0.9546591279616075,Medium,Low
2684,0.8435344827586208,0.6719528978389148,High,High
2685,0.32779556650246305,0.8907235631920734,High,High
2686,0.14442294159042926,0.8559791246470484,Medium,High
2687,0.1422697991663509,0.963741314494383,Medium,Medium
2688,0.10009504176483187,0.9405069368290558,Medium,Low
2689,0.6192573356179053,0.8947438643341293,Medium,Low
2690,0.3333479943701619,0.8808753075533681,High,High
2691,0.06258723316912972,0.6828792648931409,High,High
2692,0.307189039408867,0.9010137189743656,High,High
2693,1.3801392572944295,0.9490033235945317,High,Low
2694,0.36692368101663453,0.9724229761602605,Medium,Low
2695,0.42162698412698413,0.9689346593052355,Medium,Low
2696,0.2822740415506532,0.9272022877506791,High,Medium
2697,0.35051406926406925,0.9628620563402656,High,Medium
2698,0.333128078817734,0.686009241500229,High,High
2699,0.6727216748768473,0.896060647680702,Low,Low
2700,0.10670374707259953,0.965497813879666,Low,Low
2701,0.2382673361121637,0.9502039888202005,Medium,Medium
2702,0.3865998985801217,0.8856145336173571,Low,Medium
2703,0.4480999296270231,0.9778978064868092,High,Medium
2705,0.3000805229253505,0.96979499602847,Low,Low
2706,0.3735632183908046,0.8341293172545886,High,High
2707,0.3043442746556751,0.887492351715447,Low,High
2708,0.7192211524108076,0.920391130784278,Medium,Low
2709,0.20664787798408488,0.9287254212457978,High,Medium
2710,0.2457820197044335,0.8142116790384507,Low,Medium
2711,0.24754613631350633,0.9796934334574894,Low,Low
2712,0.08212857856785893,0.9293423391512567,Low,High
2713,0.29887073363828287,0.9454139454214887,High,High
2714,0.07762089780059667,0.707957495679125,Low,High
2715,0.5329213581984517,0.9843636135085554,High,Low
2716,0.35253342716396907,0.8978970717364695,Low,Low
2717,0.22495541022592155,0.9346261151541845,High,Medium
2718,0.1313450417648319,0.5945566202322724,Medium,High
2719,0.16350333236742973,0.8906669534153103,Medium,Medium
2720,1.2915982484948003,0.832572122177941,Medium,Medium
2721,0.5113679424024251,0.9229399258492278,Medium,Low
2722,0.5306251811069255,0.9125432412653232,High,High
2723,0.21308839627805146,0.9236141007292213,Medium,Medium
2724,0.6644638458831811,0.9249615512652083,High,Low
2725,1.1958282019704436,0.8712595491151306,High,Medium
2726,0.5403115203761756,0.9557034382310567,Medium,Low
2727,0.14387801400051856,0.9110535786071055,Low,Low
2728,0.958454071283686,0.8053460590652345,Medium,High
2729,0.5357011843622262,0.9452113424502245,Medium,Medium
2730,0.23765493405371046,0.9468411672193879,High,Medium
2731,0.5384220664393078,0.9519724897871614,Medium,Low
2732,0.1651525198938992,0.9157174078724947,Low,High
2733,0.1786227422003284,0.9731894187879213,High,Medium
2734,0.6152247536945813,0.8735508485671823,High,Medium
2736,0.1388404698749526,0.9647227815487643,Low,Low
2737,0.6456705452692373,0.9150172158351316,Medium,Low
2738,0.23521158039247358,0.9696063730807472,Low,Low
2739,0.17904586933699426,0.9595379318557502,Medium,Medium
2740,0.13240035826242724,0.956839447067207,Low,Low
2741,0.15177638453500522,0.8737103125483465,Low,High
2742,0.2005603448275862,0.9491919530379475,Low,Low
2743,0.3790834845735027,0.896244181344842,Low,Low
2744,0.47195197044334974,0.8948477609270121,Medium,Low
2745,1.2884236453201972,0.883205703302321,High,Medium
2746,0.3054407107670654,0.8947544130759525,High,High
2747,0.20332038651004167,0.9434469706229414,Medium,Medium
2749,0.5513266905508285,0.939341863770613,Low,Medium
2750,0.30584555530676216,0.9291120304221739,High,Medium
2751,0.35344827586206895,0.9423857864312835,High,Medium
2752,0.3938602415382171,0.6089149855788103,High,High
2753,0.29200775137641266,0.921641387638991,Low,Low
2754,0.6640921885995777,0.9280503840556312,Low,Low
2755,0.10942904307724557,0.934535913756009,Medium,Medium
2756,0.5405964109781844,0.9032402858613622,Medium,Low
2757,0.18480851740028603,0.9424639381918736,High,Medium
2758,0.30932468200867586,0.9523927479354604,Medium,High
2759,0.37775909435392196,0.7359473332335852,Low,High
2760,0.8931210415200562,0.8791348663904449,High,Medium
2761,0.4783841338259442,0.8762245799275028,Medium,Low
2762,0.22197383451131578,0.949404879312293,Low,Medium
2763,0.29265482054890923,0.9414611783817864,Low,High
2764,0.9993292575650949,0.9000757502601343,High,Medium
2765,0.22294745484400655,0.8377501849574862,Medium,High
2766,0.9146607702642187,0.9416378634081042,High,Medium
2767,0.7536945812807881,0.9325715538083295,Medium,Low
2768,0.22688834154351395,0.9487004105940153,High,High
2770,0.20632697044334974,0.9350403393107724,High,High
2771,0.17572352216748768,0.9694586547907049,Low,Low
2772,0.6655498406259055,0.9036240738017595,High,Medium
2773,0.6930726600985221,0.9338871899678635,High,Low
2774,0.2178354100260794,0.8542721545926363,Medium,High
2775,2.1332101806239736,0.8677049217379498,High,Low
2776,0.3036099137931034,0.8971553473250189,High,High
2777,0.35607196401799096,0.9034145838733075,High,High
2778,0.14222085385878488,0.9652488878989489,Low,Low
2779,0.36453668457978805,0.9815898641439499,Medium,Low
2780,0.3829707170224412,0.9432870092199303,Medium,Low
2781,0.42624032371569304,0.6472286282501987,High,High
2782,0.7839789520824004,0.8791039005513415,Medium,Low
2783,0.44373252562907733,0.5036966601391717,High,High
2784,0.8147431386347642,0.966436558882245,High,Medium
2787,1.0181650246305418,0.9064376896970495,High,Medium
2788,0.10227216748768472,0.9165763294266562,Low,Medium
2789,0.46418656591800955,0.9536272573789017,Medium,Medium
2790,0.3840270935960591,0.9359903411646553,Medium,Medium
2791,0.47698583743842365,0.9467787782113043,High,High
2792,0.4851996833216044,0.9049611112433639,High,High
2793,0.1174668282218338,0.9543696585275137,Medium,Medium
2794,0.07401257916959889,0.7854312799435377,Low,High
2795,0.6536879838142156,0.9208446415175083,Medium,Low
2796,1.2469724958949098,0.9085378104951516,Medium,Medium
2797,0.5209079713390059,0.8708613885118374,Medium,Low
2798,0.18426132057597577,0.9464287442937299,Low,Low
2799,0.4009995161857848,0.8910067853401883,Low,High
2800,0.6387250453720509,0.9084960997481496,Medium,Low
2801,0.5289180806422187,0.9529047773829248,High,Medium
2802,0.18906384392837594,0.9503488165599167,High,High
2803,0.6961976600985221,0.8424239560431298,Low,High
2804,0.5024992755722979,0.9340284310855282,High,Medium
2805,0.16085332909582076,0.934537912681019,High,Medium
2806,0.5440955117679256,0.9206316577230497,High,Medium
2807,0.3174142667677151,0.5408038600242231,Medium,High
2808,0.3894640291461412,0.5115157890952864,High,High
2809,0.17123357963875205,0.9487292635253488,Low,Low
2810,0.21775451559934317,0.947775075417545,Low,Low
2811,0.2895232230823364,0.8582182327206603,Low,Medium
2812,0.5873110242908103,0.8439815759795708,Medium,Medium
2813,0.09274938423645321,0.9496996718556346,Low,Medium
2814,0.13171906693711968,0.9455845363331548,Medium,High
2816,0.9296733212341198,0.883062851342935,High,Medium
2817,0.3450811359026369,0.9715770107186869,Medium,Low
2818,0.4192544524441077,0.9672366171001475,Low,Low
2819,0.3490566037735849,0.9525256718925157,Low,Low
2820,0.5691194581280788,0.9697198458333628,High,Low
2821,0.2324719721420078,0.8516406435467533,Medium,Medium
2823,0.07873170820052158,0.970229375329388,Medium,Medium
2824,0.48690012712537745,0.974781493749651,Medium,Low
2825,0.6992419738406659,0.9032925715446898,Medium,Low
2826,0.43844827586206897,0.8805624701977138,Medium,Medium
2827,0.9062756568144498,0.9117735778784228,High,Low
2829,0.35608451354679804,0.7769905755013834,High,High
2830,0.2662099753694581,0.9231656541232134,Low,Low
2831,1.7097385373247442,0.9568701237267544,High,Low
2832,0.445481242895036,0.9787770158228342,High,Low
2833,0.16424722906403944,0.9319372712098422,High,Medium
2834,0.3423321234119782,0.9352862164875331,Low,Low
2835,0.13614045890588541,0.6729836941179889,Medium,High
2836,0.3194731061110372,0.9071545982000333,Low,Low
2837,0.23956280788177342,0.8993255995889831,Low,Low
2838,0.44688586641553174,0.9634498431908055,Low,Medium
2839,0.2628120801612181,0.942627094692083,Low,Low
2840,0.2468411330049261,0.7873355311945984,Low,High
2841,0.12666729821902234,0.9535485131085425,Low,Medium
2842,0.12869458128078817,0.9705693415245347,High,Low
2843,0.4446106028618344,0.884382772557996,Medium,Low
2844,0.7754750175932441,0.9289590198222337,Medium,Low
2845,0.9763508312807881,0.9282945079336387,High,Low
2846,0.43608374384236454,0.9335932066096759,High,Medium
2847,0.27290080609046125,0.948110424971595,Medium,Medium
2849,0.15677046680741263,0.9527416182103127,Medium,Medium
2850,0.4533677529367184,0.9835263670402293,High,Low
2851,0.126146004378763,0.6421947879518093,Low,High
2852,0.34123563218390807,0.8803012765631625,High,High
2853,0.6113268914993054,0.948569955906424,High,High
2854,0.9352778967659027,0.9338365222493055,High,Low
2855,0.39030172413793107,0.9365054552556441,High,High
2856,0.2214422550629447,0.9189524943406944,Low,Medium
2857,0.38408251231527096,0.869818785739232,Low,Low
2858,0.33739224137931034,0.9080578934076331,Medium,Medium
2859,0.3521124662323217,0.9064713513495972,Low,High
2860,0.5479647394347938,0.7440673813247355,Low,High
2861,0.09268560872624912,0.9605083619510533,Low,Medium
2862,0.07738561725630691,0.9753731748880957,Low,Low
2863,0.45221674876847284,0.91884080448377,High,Medium
2864,0.4994775339602926,0.8768444120593921,Medium,Medium
2865,0.1887041598248495,0.8950315209964324,Low,Medium
2866,0.28947202223064294,0.910196429308113,Low,Medium
2867,0.457588023903739,0.9445256374139883,Low,Medium
2868,0.1595568783068783,0.9471424284353668,Medium,Medium
2869,0.16684911512497722,0.9076255134716416,Medium,Medium
2870,0.4526990968801313,0.8810118570770534,High,High
2871,0.2255152968628468,0.9087146741091289,Medium,Medium
2872,0.1941935778142675,0.8109978720179778,Low,Medium
2873,0.9940989326765187,0.879858412301703,High,Medium
2874,0.2148706896551724,0.9422876125501655,High,Medium
2875,0.8504079433497537,0.9019769991380682,High,Low
2876,0.1907870906983483,0.9735205097272749,Low,Low
2877,0.37824008913910395,0.9288592107341705,Low,Low
2878,0.23865968801313628,0.88972181601385,Medium,Medium
2879,0.36299261083743845,0.8978525116312739,Medium,Medium
2880,0.21021794297656365,0.9725109431186293,Low,Low
2881,0.22804499410254633,0.9382250550368513,Medium,High
2882,0.6081514353660608,0.6984415742719227,Medium,High
2883,0.32606390257252327,0.9384402491961457,High,Medium
2884,0.46202498240675577,0.9682008409775553,High,High
2885,1.1035395000912243,0.9131534250921063,High,Low
2886,0.09244150246305419,0.9269454427312195,Low,Medium
2887,0.6566799728214711,0.9073953977965966,Medium,Low
2888,0.130353170189099,0.8939951818052287,Medium,Medium
2889,0.68322697417525,0.9223780447869625,Low,Low
2890,0.3925130396986381,0.8831863979729089,Low,Medium
2891,0.47011926367643253,0.8676485630507479,Medium,Low
2892,0.9723932676518883,0.9773062199392004,High,High
2893,0.1967455085482469,0.929622709290757,High,Medium
2894,0.28826393165024633,0.957927947472134,Low,Low
2895,0.23912597272792177,0.974780358612097,Low,Low
2896,0.10034268579995717,0.971107140059658,Medium,Medium
2897,2.0099841660802253,0.8521667181417184,Medium,Low
2898,0.47285714285714286,0.9284565315045872,Medium,Low
2899,1.221613300492611,0.8751451447797902,High,Medium
2900,0.30180110837438423,0.5412962996647963,Medium,High
2901,0.8536791871921182,0.9268365016070126,High,Medium
2902,0.18048810101991258,0.9779110134452625,Low,Low
2903,0.11781236005373935,0.9651256191942115,Low,Low
2904,0.6459732795939692,0.7960388204090709,Medium,High
2905,0.3655295566502463,0.9343034060802478,Medium,Medium
2906,0.15647235905856596,0.8938141467299884,Low,Low
2907,0.11453690671670966,0.9537138091775972,Low,Medium
2908,1.17766244428806,0.9349230986525748,High,Low
2909,0.4197294488916256,0.9159865835024676,Medium,Medium
2910,0.9291212174524982,0.9089754874441952,Medium,Low
2911,0.45317519811522805,0.9483207944120445,Medium,Low
2912,0.3408774049632866,0.9265491576695054,Low,Medium
2913,0.09216954022988506,0.9610996081981605,Medium,Medium
2914,0.4596788907133734,0.878570892627021,High,High
2915,0.31184634331186056,0.9611569271972749,Low,Low
2916,0.5193067528735632,0.9039601649650818,Medium,Low
2917,0.5162847466572836,0.8243680853466414,Medium,High
2918,1.3735888752052545,0.8100111388611515,Medium,Medium
2919,0.21687048917401763,0.9304148772708417,Low,Low
2920,0.7831564986737402,0.9106053451191369,Medium,Low
2921,0.3387383689107827,0.8984378388064497,Medium,Low
2922,0.10703452837073525,0.866998021936312,Low,High
2923,0.09982575201760822,0.9376899447719782,Medium,Medium
2924,0.21306650246305417,0.9334532243210578,Medium,Medium
2925,0.1416472975785749,0.963846923441895,Medium,Medium
2926,0.19178432664955247,0.9701476346146186,Low,Medium
2927,0.6820928263546798,0.7060116534712291,High,High
2928,0.1366789819376026,0.9520684248422825,Medium,Medium
2929,0.6748479833743842,0.9202901980385514,Low,Low
2930,0.9439875087966221,0.795898511995003,Medium,High
2931,0.1886599266811777,0.9347914895170599,High,Medium
2932,0.15601793985736345,0.9429003078499133,Low,Medium
2933,0.14473242274966414,0.940609840123636,Low,Medium
2934,1.0014091511936338,0.8320165218089199,Medium,Medium
2935,0.1398356054530874,0.9444718627176935,High,Medium
2936,0.42212457083146737,0.9199496660982736,Medium,Low
2937,0.17136419614867893,0.897831881079783,Medium,Medium
2938,0.24138412099753695,0.9451359267240662,Low,Medium
2939,0.3553981937602627,0.9294135078037921,High,Medium
2940,0.1771673010897149,0.8795458091664393,Low,High
2942,0.9833743842364532,0.9573802714558515,High,High
2944,0.408664672765658,0.8890884918253206,High,High
2945,0.15032062170885,0.8800960213336888,Medium,Medium
2946,0.15001787700619734,0.9141093137556101,Medium,Medium
2947,0.3080467100633357,0.8902868941654998,High,High
2949,0.09569581280788178,0.8980413937547699,Low,High
2950,0.5842056650246306,0.910770586785075,Medium,Low
2951,0.13918210962545938,0.9688796512898296,Low,Low
2952,0.2297875615763547,0.9036602051293502,High,Medium
2953,0.5402070790001825,0.9240462135626791,High,Medium
2954,1.3360221674876847,0.903971796158893,High,Low
2955,0.2630564677978471,0.8962498657910895,High,Medium
2956,0.9786193212917352,0.8847756229208711,High,Medium
2957,0.42628859786134804,0.9335896862481563,Medium,Low
2958,0.07938462741418406,0.9451975050379406,Low,Medium
2959,0.25118906064209273,0.9056610473034725,Low,High
2960,0.2169419491934705,0.950727146127281,Low,Low
2961,0.3452310174961781,0.873482975010522,High,High
2962,0.15071042570399237,0.9148573214592292,Low,High
2963,0.7441374178981937,0.92382563695814,High,Low
2964,0.34547012208181627,0.91261104547189,High,High
2965,0.2080794659061447,0.9110829016896542,High,Medium
2966,1.1396463757916961,0.813238781379874,Medium,Medium
2967,0.2898275862068965,0.8807938796212375,Medium,Low
2968,0.269624116513172,0.9474333345686946,Low,Low
2969,0.2699335548172757,0.8994571303511043,High,High
2970,0.19147644487615345,0.9585172018684881,Medium,Medium
2971,0.46086822660098525,0.8244108761684038,Medium,High
2972,0.3835298392958088,0.9129680308983995,Low,High
2973,0.6380190007037297,0.9215976794569578,Medium,Low
2974,0.21758763475405152,0.9654645658198006,High,High
2976,0.3426174349049966,0.8942634714642959,Medium,Low
2977,0.8244560755336616,0.8260216755219912,Medium,High
2978,0.08209307200503092,0.8887648918245419,Low,High
2979,0.441123531640773,0.9465784613079288,High,Medium
2980,0.08957307060755337,0.9444508073613722,Medium,Medium
2981,0.17596112657956736,0.8757741049380895,High,High
2982,0.7177955665024631,0.8893734110187335,Low,Low
2983,0.5303528962119924,0.8759857383621624,High,High
2985,0.09480042016806724,0.9608313200294355,Medium,Medium
2986,0.8206877309113301,0.9173027475620559,Medium,Low
2987,0.3598600359684104,0.9728894645559637,Low,Low
2988,0.5886462675255778,0.7078471570121034,Low,High
2989,0.14308931599773883,0.9505891963742953,Medium,Medium
2990,0.4869891443167305,0.8792287287748458,High,High
2991,0.2773693110800676,0.9651577372776263,Low,Low
2992,0.8046218487394958,0.8901215588387081,High,Medium
2993,0.13496993625036222,0.8254530248011869,Low,High
2994,0.38153503893214685,0.9123607978404571,Low,Low
2995,-0.06782378899835795,0.5501150141986826,Low,High
2996,0.3652765338110166,0.9600229159539447,Medium,Low
2997,0.5876436781609196,0.9410228422398763,High,High
2998,1.121494884425919,0.9282143006621032,High,Medium
2999,0.28367752936718454,0.855531800468783,High,High
3000,0.3129784009094354,0.9022116872661079,High,High
3001,0.1186728064539159,0.772815160194257,Low,High
3003,0.4634175886295728,0.7204679822163316,High,High
3004,0.22689787121745247,0.8991710667717916,High,Medium
3005,0.5782956735917756,0.5718924439994854,Medium,High
3006,0.11770909757887014,0.9227026156553051,Medium,Medium
3007,0.2016405700211119,0.9726083425940724,Low,Low
3008,0.27860221674876845,0.9639509008465806,High,High
3009,0.2007213230119634,0.931949821695602,High,Medium
3010,0.6567199248120301,0.6366866999797453,High,High
3011,0.09881538822425522,0.9696850379462644,Medium,Low
3012,0.6450431034482758,0.9638619415792786,High,High
3013,0.4591800082101806,0.955222662616494,High,Medium
3014,0.2166871921182266,0.8761324294192765,Low,High
3015,0.2686781609195402,0.9578634734987141,High,Low
3016,0.4189818168646769,0.913717530008034,Medium,Low
3017,0.19201165214096247,0.9523871518101029,Low,Low
3018,0.11385211412151067,0.7763976129215889,Low,High
3019,0.14552224445812809,0.9239556911223777,Low,Low
3020,0.5480735397607318,0.6659336353184451,High,High
3021,0.19392703201970443,0.9127076190264826,Low,Low
3022,0.27930797650625233,0.9296527126156469,High,Medium
3023,0.6708743842364532,0.9236103973195928,High,High
3024,0.24104577175697867,0.8821821518141039,Medium,High
3025,0.40876436781609193,0.9444909727497502,High,Medium
3026,0.3002551020408163,0.9608372654249268,Low,Medium
3027,0.23281634852216748,0.9069993711700977,High,Medium
3028,0.07376945030885917,0.9389805732513249,Low,High
3029,0.3428776683087028,0.787230778457738,High,High
3030,0.13988095238095238,0.9625408498136321,High,Medium
3031,0.3103155055125499,0.9344443804758387,High,Medium
3032,0.23498376623376624,0.9540801066739389,Medium,High
3033,0.49502257799671595,0.9874687079308224,High,Low
3035,0.24205761237684728,0.9708946010369186,Low,Low
3036,0.0899126735333632,0.7650045048918843,Low,High
3037,0.034237593504834886,0.774135354587504,Low,High
3038,0.6148399014778325,0.8341698004742861,Low,Medium
3039,0.40139059934318555,0.9615967196017583,Medium,Medium
3040,0.2501319493314567,0.9398142856807891,High,Medium
3041,0.16715093903940886,0.8727329765770037,Medium,High
3042,0.22059973414653217,0.938862225139165,Low,Medium
3043,0.20507491789819376,0.9067876499234045,High,Medium
3044,0.20629219120598433,0.9102161168581221,High,High
3045,0.12544716162327,0.9034848410393272,Medium,Medium
3046,0.25255926724137934,0.8543056836519439,High,High
3047,0.09660890218156228,0.9680858880544393,Medium,Medium
3048,1.9269807060755337,0.8298142084312364,High,High
3049,0.38001666183714866,0.9479785061293542,High,High
3050,0.25676880376442907,0.9687246617177794,Low,Low
3051,0.4671973961998593,0.9074400676320609,Low,Low
3052,0.40036945812807884,0.6362197622187278,High,High
3053,0.41835841286945813,0.9705943344078883,Medium,Low
3055,0.4005839822024472,0.9202339428283812,High,Medium
3056,0.16918616584564858,0.9608246494895264,High,Medium
3057,0.728901043175891,0.91744108496169,High,Low
3058,0.38474137931034486,0.9537995846107604,Medium,Low
3059,0.6755625839677563,0.9040957119410121,Medium,Low
3060,0.7372400109469076,0.9233560530952836,Medium,Low
3061,0.1768156703501531,0.9581287066213923,High,Low
3062,0.3955703509852217,0.8859245112178559,High,High
3063,0.19788526578928017,0.9845826827064463,High,Low
3064,0.25780273509300783,0.9636465568819156,Medium,Medium
3066,0.4929627023223082,0.8771074385765071,Medium,Medium
3067,0.288163953737417,0.8535340069602835,High,High
3068,0.16708019414662414,0.9733546674285177,Medium,Low
3069,0.37247001499250376,0.9792689632740337,Low,Low
3070,0.3257774014778325,0.8539499586921397,Low,Medium
3071,0.8621518567639258,0.9010336678200127,Medium,Low
3072,0.07924223764741006,0.9494041151151776,Low,Medium
3074,0.20766625615763548,0.791352308512059,Low,High
3075,0.4823994252873563,0.8980137952589087,High,High
3076,0.12645462982794317,0.9619535593591142,Medium,Medium
3077,1.0549107142857141,0.8806812063522726,High,Medium
3078,0.09992895035998485,0.9623967889759293,Medium,Medium
3079,0.17474101709649376,0.9225428005595345,High,Medium
3080,0.19629893699766657,0.9281907249451108,Medium,Medium
3082,0.5372536945812808,0.8585919937421698,High,Medium
3083,0.8946164672765659,0.9009768113777605,Medium,Low
3084,0.6091045038705138,0.7406447576189857,Medium,High
3085,0.26749492900608524,0.8605629719034469,Medium,Medium
3086,0.5496446741500445,0.9674187351032976,Medium,Low
3087,0.13006465517241378,0.9735496143518271,High,Low
3088,0.569049484997761,0.9195835030347016,Medium,Low
3089,0.9880881603533208,0.8698165096160818,Medium,Medium
3090,0.7940527504105089,0.7027809786570962,Medium,High
3091,0.32940321408382456,0.9657998654590447,Medium,Low
3092,0.1549671592775041,0.9023728782785302,Medium,Medium
3093,0.5368472906403942,0.8926305916928073,Medium,Low
3094,0.24089696223316912,0.9692258853691165,Low,Low
3096,0.15720629944767878,0.9738325900726754,Low,Low
3097,0.2033751539408867,0.8830841396976151,High,High
3098,0.37635696040868455,0.8439847902174976,High,High
3099,0.0874981618998603,0.9539417655425122,Low,Medium
3100,0.31672482211275316,0.9185654337922674,Low,Low
3101,0.11102853745541025,0.9534795072842387,High,Medium
3102,1.1375757862826827,0.9488058874879358,High,Low
3103,0.7621305418719213,0.47027688529496403,High,High
3104,0.24867610837438425,0.8707497212838832,High,High
3105,0.5190886699507389,0.9871113590563292,High,Low
3106,0.9247947454844007,0.7857749532074213,Medium,High
3107,0.5098875474440766,0.9782823045178668,High,Medium
3108,0.06757781823374027,0.9681018370435656,Medium,Medium
3109,-0.030207400358262426,0.8777954280962027,Low,Medium
3110,0.4155734632683658,0.41670047865214277,High,High
3111,0.317434429503395,0.9230280349240397,Low,Low
3112,0.4607924403183024,0.9386725884928439,Low,Low
3113,0.142149976908867,0.9070211446968407,Low,High
3114,0.46130952380952384,0.5965820381127993,High,High
3115,0.2052078668457979,0.9294605307210673,Low,Low
3116,0.46967364532019706,0.9268144420699618,Medium,Low
3117,0.08746041520056297,0.963863470303375,Low,Medium
3118,0.5267763845350052,0.9173804483087227,Medium,Low
3119,0.3503694581280788,0.9552138143527433,High,Medium
3120,0.26924261083743845,0.8795866682484494,High,High
3121,0.14365017166741306,0.8852478996518586,Medium,High
3122,0.7240731138190303,0.8166240271244091,High,High
3124,0.3117009734928455,0.932775831993164,Medium,Low
3125,0.2788382594417077,0.8815150664596453,Medium,Medium
3126,0.25636288998357964,0.8399630508652256,Medium,High
3127,0.19253194273399016,0.9059271493333808,Low,High
3128,0.43121790168745416,0.9449795124453008,High,Medium
3129,0.09936884236453201,0.9494499928995846,Low,Medium
3130,0.8302078668457978,0.96309702867504,High,Medium
3131,0.47640653357531765,0.9224053596380084,Medium,Low
3132,0.15442701581540055,0.8911481633101289,Medium,Medium
3133,0.24484531273324378,0.9711313328588543,Low,Low
3134,0.39538617171006335,0.9673938706056568,Medium,Low
3135,0.4511648193760263,0.9766100667308247,Medium,Low
3136,0.3366639085591133,0.9631209413058375,Medium,Medium
3137,0.6513238916256158,0.8979583576325657,Medium,Low
3138,0.1316147932527243,0.5297227448496622,Medium,High
3139,0.11734913793103448,0.4044635952722322,Medium,High
3140,0.2624124967591392,0.8381169830663608,Medium,High
3141,0.6667212556335814,0.9408989236780424,High,Medium
3142,0.1427122573167198,0.9435980045084673,Medium,Medium
3143,0.6172200644183402,0.9259954692487824,High,Low
3144,0.1476619644723093,0.8926900372813288,Medium,Medium
3145,0.225302750410509,0.9445481967635245,High,High
3146,0.11968159065628475,0.9383804598477872,Medium,High
3147,0.44492414912673534,0.9514524477076196,Medium,Low
3148,0.24461622953002263,0.8810792917360445,High,High
3149,0.4736658456486043,0.8446932779260214,High,High
3151,0.9709957258765576,0.954585730673776,High,Low
3152,0.1999763167866616,0.9571248447062779,Low,Medium
3153,0.8393175641243418,0.8640715072682636,Low,Medium
3154,1.6190415821501016,0.9250769943048838,High,Low
3155,0.3904050844475721,0.9125659823222005,Medium,Low
3156,1.5022262220538083,0.7444792704439597,High,High
3157,0.22521307373524121,0.9493649447500841,Medium,High
3158,0.2770462296324365,0.9702577553640321,High,Low
3160,0.5424534756431308,0.968971841530777,Medium,Low
3161,0.3994546094299788,0.7835290842771158,Low,High
3162,0.5281860797711743,0.7136099134379104,Medium,High
3163,1.4339674617578428,0.703542079166399,Medium,High
3164,0.18271756978653533,0.9579425405733067,Medium,Medium
3166,0.3142991841133005,0.9067481080490514,Low,High
3167,0.5926605721864342,0.9656042107960396,Medium,Low
3168,0.17244897959183675,0.9624288864856516,Medium,Medium
3169,0.5263495484400657,0.8892780644627961,Medium,Low
3170,0.381518296973962,0.8477208776762392,High,High
3171,0.1157733208225819,0.9578849956148335,Medium,Medium
3172,0.2935409644801659,0.9644266791867977,High,Low
3173,0.10587916329681642,0.9608952119758489,Medium,Medium
3174,0.6786740558292281,0.9786031934256291,High,Medium
3175,0.23661898446381208,0.85302985573482,High,High
3176,0.19527034951911798,0.9197677064935375,High,Medium
3177,0.44237684729064036,0.45013472708841457,High,High
3178,0.18788485221674878,0.9370515802431608,High,Medium
3179,0.4089126071884692,0.8949049223835859,Medium,Low
3180,0.4876436781609195,0.8842006465081576,Medium,Medium
3181,0.2534234615101831,0.7979866738771527,High,High
3182,0.2122844827586207,0.9150737274398175,Low,Low
3183,0.15996107494722028,0.9350713524868723,Medium,Medium
3184,0.1393536606081196,0.9297724716450323,Medium,High
3185,0.9413394668212113,0.9371103340883397,High,Low
3186,0.37541528239202654,0.9431068058980667,Low,Low
3187,0.34700841543513955,0.8716202264205156,High,High
3188,0.24345051500223916,0.8971268656182385,Low,Low
3189,0.14351451204899482,0.7748398162650497,Low,High
3190,0.5386519909688013,0.9152271339626463,High,Medium
3191,0.21078498449188104,0.8895308384010383,Medium,Medium
3192,0.5993927297435027,0.9098318077568439,High,Medium
3193,0.14165278180237612,0.9270453639072885,Low,Low
3194,0.3836822660098523,0.8790405472151189,Medium,Low
3195,0.27097994370161854,0.9631930206148703,High,Medium
3196,0.23136288998357965,0.9417062781714696,High,High
3197,0.14321633825944172,0.9663350675312216,High,Medium
3199,0.5521551724137931,0.9075654785693639,Medium,Low
3200,0.43232272491573764,0.7842568824251689,Low,High
3201,0.344910054539057,0.9558519665035766,Medium,Medium
3202,0.3404659277504105,0.9433102208856996,High,Medium
3203,0.10014624384236454,0.9157689223063279,Medium,Medium
3204,0.6797604892135214,0.8841514711527652,High,High
3205,0.27461343732895455,0.9175742546502635,High,High
3206,0.5842980295566502,0.9321124672791691,Medium,Low
3208,0.4357296798029557,0.7777993356463854,Low,Medium
3209,0.39788587848932677,0.9107197415443695,Medium,Low
3210,0.16083835747371514,0.9727170832872712,Low,Low
3211,0.36403598795840175,0.9710580563508702,High,Medium
3212,0.2964712012125805,0.9654683325699424,High,High
3213,0.08105893219356708,0.975639337144775,Medium,Low
3214,0.3201646357272491,0.9421416566541597,High,Medium
3216,0.22058189655172414,0.8292773406876579,Low,High
3217,1.307789408866995,0.8078885329918876,Medium,Medium
3218,0.10996931276750385,0.9690388604244715,Medium,Medium
3219,0.3724716375578444,0.9356038026971887,Low,Low
3220,0.25000481065270935,0.9616209092932114,Low,Low
3221,0.2204433497536946,0.9554456508853133,High,High
3222,0.09697328533535432,0.9610300767415877,Medium,Medium
3223,0.14226190476190478,0.8798569637763984,Low,High
3224,0.2973399014778325,0.8941203863503401,High,High
3225,0.42980295566502463,0.9685239525126478,Medium,Low
3226,0.15271528040924592,0.9056378138148993,Medium,High
3227,0.9713772577996715,0.9390348632647076,High,Low
3228,0.593560534293293,0.8925039540714319,Low,Low
3229,0.11879243775795499,0.7446047747513048,Low,High
3230,0.7361590038314175,0.8462075134926842,Medium,High
3231,0.17906823779668607,0.9190764860544667,Medium,Medium
3232,0.14137694202349377,0.8958853845242741,Medium,Medium
3233,0.5401819923371648,0.8635001287292224,Low,High
3234,0.1106085006947076,0.8709232868847712,Medium,High
3235,0.6261398176291794,0.9661240639646952,Medium,Low
3236,0.2424708911777877,0.9370240657530293,High,Medium
3237,0.3355017479739393,0.9688118691874253,Low,Low
3238,0.5109078114004221,0.9168025892980854,Medium,Low
3239,0.30471059113300497,0.9338454003558986,Low,Low
3240,0.05454473224217384,0.7750400904890343,Low,High
3241,0.3428145130731338,0.9619725664709474,High,High
3242,0.32826061459066375,0.8963252616910811,Medium,Medium
3243,0.0956856173786643,0.9562534257032484,Low,Medium
3244,0.11785976312755476,0.9407936191520847,High,Medium
3245,0.33506089217296114,0.892730472172173,High,Medium
3246,0.06559747723540828,0.9587204049511625,Low,Medium
3247,0.2588131157635468,0.8489773863850735,Medium,High
3248,0.21514976958525345,0.9060781246085448,High,Medium
3249,0.6825146835922697,0.8908771388377646,Medium,Low
3250,0.1305353212451525,0.9367726038737882,Medium,Medium
3251,0.25112412647496846,0.9793776147789839,High,Low
3252,0.21984957776213934,0.9624068864768204,High,Low
3253,0.3546041828709705,0.9025681648636548,Low,High
3254,0.12757081280788177,0.9122599225101885,Low,Medium
3255,0.6224636406286653,0.9888113776741888,High,High
3256,0.3733497536945813,0.8413912653894854,Medium,Medium
3258,0.4141709583519928,0.9275411075203603,Low,High
3259,0.28417487684729065,0.9572806227263598,High,High
3260,0.27363996573141997,0.9520402175800006,Low,Medium
3261,0.10566976127320955,0.9601057793860699,Low,Medium
3262,0.9302476737821566,0.8908635393253979,Medium,Low
3263,0.41329279556650245,0.8789815133747237,High,High
3264,0.1381197362148419,0.9250481672648734,Medium,High
3265,0.29632221227048816,0.7975663934822428,Low,High
3266,0.5220501993901009,0.9395505457654413,High,High
3267,0.22344164456233423,0.9714277840612652,Low,Low
3268,0.11329560559856128,0.9733817949423128,Medium,Low
3269,0.5916935076417835,0.8392043306955067,Low,High
3270,0.5057266009852217,0.9426805346723686,Medium,Low
3271,0.22803381962864722,0.817213018910355,High,High
3272,0.3774630541871921,0.9150402707073568,Low,Low
3273,-0.05257936507936508,0.9217796448850392,Low,Low
3274,0.5813834154351396,0.898725014457934,Medium,Low
3275,0.1232496351030834,0.9290109027412224,Low,Medium
3276,1.0962387110016418,0.9429132519095749,High,High
3277,0.24886320575975748,0.9707127796635564,Low,Low
3278,0.731755805770584,0.934502658873444,Medium,Low
3279,0.1454997947454844,0.8687083989730903,Low,High
3280,0.29089054802955666,0.8900451314981322,Medium,Low
3281,0.40176647167487683,0.8850224140960931,High,Medium
3282,0.7422536945812809,0.6016191996398267,High,High
3283,0.08970514742628684,0.975121114339442,Low,Low
3284,0.10891662377766341,0.9610708762948366,Low,Medium
3285,0.2656225170824726,0.966220037023218,High,Low
3286,0.34459214720370906,0.8087696537420395,Low,High
3287,0.2521362258431224,0.9695387800719516,Low,Low
3288,0.10997416207862455,0.9307501595104545,Medium,Medium
3289,0.3307391443167305,0.95057870056081,Medium,Low
3290,0.877142344006568,0.8919069223860314,Medium,Low
3291,0.20554187192118228,0.8522713721222374,High,High
3292,0.1276323891625616,0.9639886857979962,Medium,Medium
3293,1.2555033866995073,0.84603809927619,Medium,Medium
3294,0.5318465209359606,0.8882117640205098,High,Medium
3296,0.5640394088669951,0.8848105853232813,Low,Medium
3297,0.2765313771685586,0.9401331095106289,Low,Low
3298,0.24000346366995073,0.9447853954199845,Medium,High
3299,0.4496856365050558,0.6850063931961344,Medium,High
3300,1.7142857142857142,0.8890925878052156,Medium,Low
3301,0.12108412869458128,0.9039147907445453,Low,Low
3302,0.2743092739344613,0.9620274213039848,High,High
3303,0.6608474237784583,0.9232700604766987,Medium,Low
3304,0.19127489826515312,0.8894165957282105,Low,Low
3305,0.11308668582375479,0.8831795886437354,Low,Medium
3306,0.13125384852216748,0.9591968113184097,Low,Medium
3307,0.2700933367902515,0.6657910392871091,Medium,High
3308,0.46919258004926107,0.8399987240704538,Medium,High
3309,0.15818057013647743,0.9499995734467281,Low,Medium
3310,0.08159355696301508,0.962306114806247,Low,Medium
3311,0.8518978712174525,0.7829866365291023,Medium,High
3312,0.3195812807881773,0.9249275026257451,High,High
3314,0.6238395225464191,0.3563498970405551,High,High
3315,0.7821505541871921,0.9466884954030954,High,Medium
3316,0.17899419160355856,0.9739902644692882,Low,Low
3317,0.1368777547316567,0.9374658678205601,High,Medium
3318,0.13861863711001643,0.9153171038287775,High,Medium
3319,0.22729371921182265,0.9599957214063453,High,High
3320,0.18077791461412152,0.931922015643159,High,Medium
3321,0.28290836318853557,0.6281121371934523,Medium,High
3322,0.8506586804000597,0.7248275844114305,Medium,High
3323,0.37774650089921025,0.9713283347666608,Low,Low
3324,1.2587746305418719,0.9437477804894525,High,High
3325,2.132365479348238,0.796660024294627,High,High
3326,0.018028749091496404,0.8727262258312152,Low,High
3327,0.31344628368588817,0.9745197703679572,Medium,Low
3328,0.3554128547970912,0.93343693751715,High,Medium
3329,0.4408630162940507,0.8974561629699868,Medium,Low
3330,0.37521777003484325,0.8928755008248277,Low,Medium
3331,0.23352832512315272,0.899142770515185,Low,Low
3332,0.8942059582453672,0.8696803648711467,High,High
3333,0.8034056460780599,0.7538492373784139,High,High
3334,0.46595707248416596,0.45194885939050783,High,High
3335,0.24352542741234423,0.9509637616614781,High,Medium
3336,0.09528639041823626,0.9162037739068503,Low,Medium
3337,1.4606471115091804,0.8548029651320115,Medium,Low
3338,0.4214046250684182,0.923394564801363,Medium,Low
3339,0.3659916073709177,0.8943379190383796,High,Medium
3342,0.8406711822660099,0.9324302981698965,High,Medium
3343,1.196582512315271,0.8888678176839693,High,Medium
3344,1.398512444905367,0.7916109626996101,Medium,High
3345,0.038900862068965515,0.8996844429690138,Low,High
3346,0.6328057084902927,0.8980613451428364,Medium,Low
3347,0.18758796622097118,0.8705845791271244,Medium,High
3348,0.45184857348111657,0.9489949701918038,Medium,Low
3349,0.35150768771458424,0.9277300356042804,Medium,Low
3350,0.35457363682690674,0.8642939504674666,High,Medium
3351,0.23743282579489475,0.9337430081848689,High,Medium
3352,0.08893745457482033,0.9284995294681166,Low,High
3353,0.44682441942294154,0.8581288405801543,Low,Medium
3354,0.15473835096503272,0.9508861571620364,Low,Medium
3355,0.37321640903686093,0.9678176156042138,High,Medium
3357,0.2801724137931034,0.9417551915916507,High,Medium
3358,0.20109207476093888,0.943271312229713,High,Medium
3359,0.3345400883302191,0.9300705240397046,High,High
3360,1.373839522546419,0.9073407650535285,High,Medium
3361,0.3540351754926108,0.9484057610753636,Medium,High
3362,0.19192170632009223,0.9362054112821422,Low,Low
3363,0.1713581984517945,0.8993543196726668,High,High
3364,0.5704471982758621,0.9215311761051411,Low,Medium
3365,0.6252131489200456,0.9559844819458264,High,Medium
3366,0.4697995969547694,0.9191222597591455,Medium,Low
3367,0.2935516879165459,0.957792202679543,Low,Medium
3368,0.7376294682329164,0.9358986262820514,High,Low
3369,0.346251539408867,0.9335041285568274,High,Medium
3370,0.10750121133812485,0.918627742660573,Low,High
3371,0.15620205119922476,0.8923202122795146,Low,High
3372,0.49194469323779666,0.9671313368648995,Medium,Low
3373,0.3218332160450387,0.8317765824308205,Low,High
3374,0.3195988740323716,0.8969961738249725,Low,High
3375,0.81266063396873,0.8999644769106511,High,High
3376,0.5353325123152709,0.9057136959880063,Medium,Low
3377,0.8380285303776683,0.882132120750183,Medium,Medium
3378,0.12204001382767263,0.9471745795166694,Low,Medium
3379,0.8098495395159562,0.9127086648238802,High,Low
3380,0.1413793103448276,0.9499201504355429,Medium,Medium
3381,0.5640201662561576,0.8818601052665829,Medium,Low
3382,0.0852832512315271,0.7537676387916624,Low,High
3383,1.0018472906403941,0.9287036711132665,High,High
3384,0.39221641592331247,0.9261498850666301,High,Medium
3385,1.1397783251231528,0.9740407768198089,High,High
3386,0.06319452400045825,0.759557093435193,Low,High
3387,0.8803751026272577,0.8560864774742544,Medium,Medium
3389,0.40471498944405343,0.8663808052674188,Low,Medium
3390,0.6586873973727422,0.9130387798775865,Medium,Low
3391,0.3266399232106636,0.9766668987599494,Low,Low
3392,0.2905890804597701,0.9259391148217049,Medium,Medium
3393,0.1833435960591133,0.9005318024323948,Low,Low
3394,0.28831943918150815,0.8819168196984337,High,Medium
3395,2.0332275483137554,0.9290243070315846,High,Medium
3396,0.8904414550966275,0.9244011640670559,High,Medium
3397,0.37605559465165367,0.8970080508721799,Low,Low
3398,0.39236453201970445,0.87836600647392,High,High
3399,0.4543194672505017,0.9157700243853322,Medium,Low
3401,0.5227832512315271,0.7700780369002149,Medium,High
3402,0.7485974274767379,0.8968863294099219,Low,Medium
3403,1.748946720248898,0.7915289187570177,High,High
3404,1.870287040545661,0.9281957425495779,High,Medium
3405,0.3420890588540317,0.9634447453541847,Low,Low
3406,0.5635006157635468,0.9554718434509739,High,Medium
3407,0.3214622459975369,0.8699850601235734,Low,High
3408,0.22714833059660647,0.940485547118024,Low,Medium
3409,0.1468222869084938,0.8921291851381303,Medium,Medium
3410,0.38084224438303493,0.933956199851877,Medium,Low
3411,0.8077406609195402,0.8898139409414764,High,Medium
3412,0.21914768062397372,0.8821270841221098,High,Medium
3413,0.4813376278893521,0.9685146244089896,High,Medium
3415,0.7333230706075532,0.943789764485441,High,High
3417,0.16691928760894278,0.45020445202311105,Medium,High
3418,0.3138797664659734,0.8117009753754064,Low,Medium
3419,0.10073891625615762,0.9542467915243394,Low,Low
3421,0.45083261940458347,0.946181353910334,Medium,Low
3422,0.3359549932825795,0.937203238783567,Low,Low
3423,0.31377889352027283,0.8653445767314519,High,High
3424,0.419049085151302,0.9402774487241824,Low,High
3425,0.37439607805987113,0.9604120571298107,High,Medium
3426,0.6746432818073721,0.8878356997699374,Medium,Low
3427,1.1029094827586208,0.9339508257554313,High,Low
3428,0.7428462764416112,0.7526554015967944,High,High
3429,0.23854679802955664,0.9446617095270864,Medium,High
3430,0.6400220648604269,0.8884200272879276,High,High
3431,0.34466794380587484,0.9082211514734752,Low,Low
3432,0.156855500821018,0.8224294670901875,Medium,High
3433,0.4112032744132135,0.9321867018813367,High,High
3434,0.13471317336723343,0.9246832907165655,High,Medium
3435,0.13205286093217128,0.9568256626797813,Medium,Medium
3436,0.20644205958245365,0.9543847489459865,High,Medium
3437,0.6333374384236453,0.8446356791422139,Low,Medium
3438,0.2449071223316913,0.8908000487264647,High,Medium
3439,0.6419697189220516,0.9390921189460284,Medium,Low
3440,0.6428808260704811,0.9452447665322791,Medium,Low
3442,0.1974841660802252,0.9392268265437029,High,Medium
3443,0.2089561746220486,0.9222932698743903,High,Medium
3444,1.8450944170771757,0.8007672653811954,High,High
3445,0.2465920672668592,0.8782241625858823,Medium,High
3446,1.0909733625250866,0.8405382602998489,Medium,Medium
3448,0.24537151067323484,0.6434950974706035,Low,High
3449,0.3579475481415137,0.6270369783609421,High,High
3450,0.8046875,0.8429827408561155,Medium,Medium
3451,0.3823025708128079,0.9024040232871146,Medium,Low
3452,0.2737838669950739,0.9403266621340705,High,Medium
3453,0.42876935256861365,0.938445636858551,Low,Low
3454,0.2190815649867374,0.842637532867546,Medium,High
3455,0.9339360352291387,0.9184694250538623,Medium,Low
3456,0.25115822190945347,0.8919189712138624,High,High
3457,0.16230295566502462,0.9455836970263578,High,Medium
3458,0.18812327285834435,0.9375234236800954,High,Medium
3459,0.8769191297208538,0.9126332744150695,High,Low
3460,0.15132389162561577,0.6106861228752802,Low,High
3461,0.36603721948549534,0.8719606212837817,High,High
3462,0.3710908344529035,0.9080697825755376,Medium,Medium
3463,0.6304187192118226,0.9175250116666077,High,Low
3464,0.40321772253408183,0.9369372365819437,High,Medium
3465,0.40516294050776813,0.9634904959580148,Medium,Medium
3466,0.7072847504819018,0.943087586455393,Medium,Low
3467,0.7333413969035891,0.8546043776264723,Medium,Medium
3468,0.7621341640104318,0.9058931459459069,High,Medium
3469,0.1295676788471436,0.9472675838953604,Medium,High
3470,0.6629631612765047,0.9601990365523799,High,Medium
3471,1.1205959520239879,0.9270728110491274,High,Low
3472,0.5848585867164939,0.9278110850499882,Medium,Low
3474,0.15309233449477352,0.926194521666715,High,High
3476,0.44313594690749863,0.9242074278422481,Medium,Low
3477,0.07073583743842364,0.9634666420183603,Medium,Medium
3478,0.23421351299140347,0.9317278383988474,Medium,Medium
3479,0.34997605363984674,0.9579905993695957,Medium,Low
3480,0.3460688873250449,0.9709754880243375,Medium,Low
3482,0.10222985012053244,0.916028342062538,Medium,Medium
3483,0.09650603845542666,0.9679121562567332,Medium,Medium
3484,0.36352855318372557,0.942638285919767,Low,Medium
3485,0.4518472906403941,0.9203359389018726,Medium,Low
3486,0.3716051983406793,0.9548156122173499,High,Medium
3487,0.3498577672934156,0.981559695427655,Medium,Low
3489,0.29742662151067323,0.9544954256705679,Low,Low
3490,0.08737185461323393,0.6042219691458796,High,High
3491,0.2557117377271955,0.9083247234295236,Low,Low
3492,0.3200154730327144,0.937685777061411,Low,Low
3493,0.18176392572944297,0.9784140154365494,High,Low
3494,0.3986856633259725,0.9131694712918427,High,Medium
3495,0.8452844430319403,0.6814577992828383,Medium,High
3496,1.2151580459770115,0.7685083062319615,Medium,High
3497,0.4916635089048882,0.9593945346271384,Medium,Low
3498,0.3256896551724138,0.8684468314465577,Medium,High
3499,0.6433930852034301,0.89042852744617,Low,Low
3501,0.7379412972085385,0.9292069004003657,Medium,Low
3502,0.7247443648305717,0.9151290810170186,Medium,Low
3503,0.48917766521052136,0.9499265894067653,Medium,Low
3504,0.17276565798733284,0.8578273595606016,Medium,High
3505,0.4461793338024864,0.9729930543645909,Low,Low
3506,0.8811900440757064,0.9193338449267389,High,Medium
3507,0.7561832922824301,0.8747217625926047,Low,Low
3508,0.6108146323663565,0.9232216108278347,Medium,Low
3509,0.2360329189146923,0.9627766670630571,High,Medium
3510,0.20600326094498023,0.9451857590890803,Low,High
3511,0.28297519959232204,0.8581601497971734,High,High
3512,0.14626436781609198,0.7190207959980071,High,High
3513,0.3534304276433212,0.9777768049970023,Low,Low
3514,0.10842276565798734,0.9720233625140554,Medium,Medium
3515,0.1595956486042693,0.8678565143569192,High,High
3516,1.7620689655172412,0.8685003195110804,Medium,Low
3517,0.4733743842364532,0.852490755896019,Medium,Medium
3518,0.492770086631561,0.9189084404816321,Medium,Low
3519,0.28851238771370613,0.6806191463242245,High,High
3520,0.3181664907342247,0.9123254760072831,Low,Medium
3521,0.20875317211524108,0.9618449758864404,Low,Low
3522,0.2344724958949097,0.8829953834778562,Medium,Medium
3523,0.4218596059113301,0.9376233934943268,High,High
3524,0.19293924466338258,0.8894346820623522,High,High
3525,0.19814757799671592,0.8771798940814101,Medium,High
3526,1.0002229488703924,0.8936691913119232,Low,Low
3527,0.7140983079888626,0.892450980302129,Medium,Low
3528,0.23368226600985223,0.9649769543212561,Low,Low
3529,1.278397565922921,0.8730480733072163,High,Medium
3530,0.1271991555242787,0.8948471380869981,Medium,Medium
3531,0.40366279993643733,0.902679676472862,High,Medium
3532,0.18804067043133485,0.8703444151018813,Low,High
3533,0.1733611216369837,0.9299775801683668,High,High
3534,0.3993226600985222,0.903140770494489,Medium,Medium
3535,0.13290064357222311,0.9632039809612677,High,Medium
3536,0.09817876089427813,0.9426247036446409,Low,Medium
3537,0.2752847906403941,0.8662114519959695,Medium,High
3538,0.23691983528325122,0.9697965773422038,Low,Low
3539,0.22705710636745122,0.6840764062143685,Medium,High
3540,0.5698356179053329,0.9377949101645786,High,High
3541,0.4724225897255453,0.9283344028720427,High,Medium
3542,0.15920286609941783,0.9754058368114336,High,Medium
3543,0.16056565313402413,0.9120757106734207,High,High
3544,0.4126847290640394,0.83052806054594,Medium,Medium
3545,0.24005541871921182,0.9815410772911234,Low,Low
3546,1.2036218092252577,0.9237353180196348,High,Low
3547,0.1270252847906404,0.9691395432847,Medium,Medium
3548,0.18649559880481306,0.953164595969762,Medium,Medium
3549,0.19859473961998594,0.8948222586097762,High,Medium
3550,0.42018430439952437,0.9070002952062144,Medium,Low
3551,0.09075560146194184,0.9182561459389235,Medium,High
3552,0.5792835038524694,0.9454126397261593,High,Low
3553,0.2969134852216749,0.9518046366471743,Medium,Low
3554,0.13753078817733988,0.649520575661339,Medium,High
3555,0.2873683956341157,0.9548777206093809,Low,Low
3556,0.43282404556650245,0.865711772815143,Medium,Medium
3557,0.3175738916256158,0.9471017037923014,High,Medium
3558,0.30621369752224104,0.9719098574529786,Low,Low
3559,0.5197044334975369,0.9384248480404691,Medium,Low
3560,0.18828817733990144,0.8928798774859014,High,Medium
3561,0.5137447220267417,0.9448893862233021,High,High
3562,0.5659397825717684,0.7654077075711726,Low,High
3563,0.4944368948530661,0.9019841118406753,Medium,Low
3564,0.47600985221674874,0.8778950685652754,High,High
3565,0.3588781907747425,0.8862837261614724,High,High
3566,0.14852963128825195,0.9475554140977791,Medium,High
3567,0.22868560139573071,0.8017140670986106,Low,High
3568,0.1543930880541872,0.879176756513059,Medium,High
3569,0.47287219485495346,0.5207607154429796,High,High
3570,0.3805418719211823,0.9464161632192274,High,High
3571,0.1986190745376726,0.9327132297592023,Medium,High
3572,0.3016326055119159,0.8971529070570707,High,High
3573,0.2770320197044335,0.742024308645724,High,High
3574,0.2178923293455313,0.8880659526739902,High,High
3575,0.1379945656423489,0.9553406046674997,Low,Medium
3576,0.19298532220770082,0.9148421286380445,High,High
3577,0.924828234379051,0.8925416916016025,High,Medium
3578,0.7669063314981165,0.8986851670928925,High,Medium
3579,0.4641830870279146,0.9523722505040607,Low,Low
3580,0.4480593826970443,0.9635105444466459,Medium,Medium
3581,0.3436840253342716,0.8627817253694225,Medium,Medium
3582,0.13500615763546797,0.942573450682049,High,Medium
3583,0.17611506746626687,0.9115493343682649,Medium,High
3584,0.6300903119868637,0.8777000009079768,Low,Low
3585,0.3232758620689655,0.8862708109930931,High,High
3586,0.3868289069750839,0.967889526688999,Medium,Medium
3587,0.15229885057471265,0.8327716609223037,High,High
3588,0.3871408045977012,0.8922904887110339,High,High
3589,0.7827216748768473,0.7947398702798318,Medium,High
3590,0.24733169129720853,0.9217993221906644,Low,Low
3591,0.5734605911330048,0.7300035950817579,Medium,High
3592,0.09129778672032193,0.964039981032996,Low,Medium
3593,0.22165288529204785,0.9790036286212136,Low,Low
3594,0.056547619047619034,0.8779339483662434,Low,High
3595,0.1674764890282132,0.9593077056317316,Low,Low
3596,0.47889085591133007,0.9200876795441326,Medium,Low
3597,0.2306487250072443,0.8227826279951096,Low,High
3598,0.829196665403562,0.8842746876724578,High,High
3599,0.17352108720076054,0.9285819727522956,Medium,High
3600,0.2445783943965517,0.9594450728002795,High,Medium
3601,0.29861599812338735,0.9164497123257342,High,High
3602,1.0026426518883413,0.8587903815976802,Medium,Medium
3603,1.5015804597701148,0.9299950245935906,High,Low
3604,0.22948481116584565,0.9557241897772152,Medium,Medium
3605,0.47950253769219287,0.9211394564154515,Medium,Low
3606,0.6714035560344828,0.9202688785706413,High,High
3608,0.2312073702159909,0.8772975099748495,Low,High
3609,0.5137584667487685,0.9731756736543926,Medium,Low
3610,0.4409893267651888,0.9597975084460658,High,Medium
3612,0.4483409909056461,0.961935128477207,Medium,Low
3613,0.07210206280788177,0.9642968297136147,Low,Low
3614,0.9233594299788881,0.8007631201696613,Medium,High
3615,0.3776354679802955,0.8841126917643289,Medium,Medium
3616,0.6131978653530378,0.9393323683182085,High,High
3617,0.46441694258257293,0.9672004648911384,Medium,Low
3618,0.4655221283915865,0.9690124639988584,Medium,Low
3620,0.36860445588893864,0.5287812814372942,High,High
3621,0.13547439449917897,0.9102418026027962,Low,Medium
3622,0.2170628078817734,0.8510865521967098,Low,High
3623,0.09739103662454485,0.8818947008006525,Medium,High
3624,0.11897840531561463,0.7887368047554423,Low,High
3625,0.10560936907919667,0.9066252473397391,Low,High
3626,0.44190886699507387,0.8800169127918968,Medium,Medium
3628,0.48010610079575605,0.93106481123804,Medium,Low
3629,0.12818776051534672,0.9736541098225276,Low,Low
3631,0.4108682266009852,0.9698664427390475,High,Low
3632,0.8631657943349754,0.7778006616069633,High,High
3633,0.7089537617554857,0.877540138206296,High,Medium
3634,1.5087130541871923,0.8872159335085941,Medium,Low
3635,0.25656274306455795,0.8260471738285865,High,High
3636,0.35740035826242716,0.9139314351683518,Medium,High
3637,0.6022005444646098,0.9474787205994057,Medium,Low
3638,0.8078465869106264,0.890558126967311,Medium,Medium
3639,0.23844774041550654,0.9155600306160985,High,Medium
3640,0.12269341032060083,0.8973965264686815,Medium,High
3641,0.18075935436537052,0.953216411486939,High,Medium
3643,0.20397167487684728,0.873431042893428,High,High
3644,0.09643491017096495,0.9709929841872392,Medium,Medium
3645,0.24377052545155992,0.9026627404237488,Low,Low
3646,0.6238413922737879,0.9104401736450412,Low,Low
3647,0.2272167487684729,0.9130193977847557,Medium,Medium
3648,0.3824586842523439,0.920323400515552,High,High
3649,0.20527442835085655,0.9669859041071385,Low,Low
3650,0.22584838533114396,0.9488493356558548,Low,Medium
3651,0.1763062983814215,0.9610540563025871,Medium,High
3652,0.3111951677222613,0.8981079136004951,High,Medium
3653,0.45652149574563367,0.9614590773879191,Medium,Low
3654,0.48757104964001513,0.9707910153707715,Medium,Low
3655,0.3271329365079365,0.9325440891430599,Medium,Low
3656,0.32272744766009853,0.8707693276115307,High,High
3657,0.7275862068965517,0.9656433422251498,High,Medium
3658,0.3198011963406052,0.8665543757942851,High,High
3659,1.238496417375728,0.9158724772038013,High,Low
3660,0.2663328757167084,0.6590290704643004,High,High
3661,0.2522079521463758,0.9250789254553483,High,Medium
3662,1.589561187451387,0.9147895204845107,High,Low
3663,0.28932718407560065,0.9557523558991156,Low,Low
3664,0.7056842672413793,0.8139573946773351,Medium,High
3665,0.5524254241926656,0.846565776197141,Medium,High
3667,0.08626429823829006,0.9382184222943363,Low,Medium
3668,0.20702395107864788,0.8047913574889103,High,High
3669,0.09538177339901478,0.9548929786506581,Low,Low
3670,0.10908344529034185,0.9727422430675281,Medium,Low
3671,0.2618021346469622,0.9421701377275826,High,Medium
3672,0.9081579340200028,0.943319396089087,High,Low
3673,0.13886347642505278,0.8898795608756308,Medium,High
3674,0.3951461769115442,0.9633887854657625,Low,Medium
3675,0.1457128578567859,0.9757848956977714,Low,Low
3676,0.15785098522167487,0.8988249160972132,Medium,Medium
3677,0.12071396162820842,0.9318466879907294,Medium,Medium
3678,-0.025456021989005498,0.9710898397668087,Low,Low
3679,0.33684575123152716,0.9359524901105107,Low,Low
3680,0.27281041727035643,0.8938923435639672,High,High
3681,0.9743119511672735,0.8886155809675518,High,Medium
3682,0.4029472682489924,0.960943885434831,High,High
3683,0.2903950508004926,0.9744186695698139,Low,Low
3684,0.14404545847377065,0.9228697227103125,Medium,High
3686,0.34779094827586204,0.9646417457923548,High,Medium
3687,0.4057679883711541,0.9725153582327202,Medium,Low
3688,0.14998384882500201,0.9663623811081243,Low,Low
3689,0.7114898149380908,0.8039691732352368,Medium,High
3690,0.6898683213338387,0.8488028323646324,Medium,Medium
3691,0.1152137579169599,0.9710874634522795,Low,Medium
3692,0.4298337438423645,0.9375568642810201,High,Medium
3693,0.4312166100048568,0.9571804707247399,Medium,High
3694,0.5966111771700358,0.9056137225775944,High,Medium
3695,0.3399476600985222,0.8786968624438357,Medium,Medium
3696,0.5377463054187192,0.9341285857498318,Medium,Low
3697,0.30681324253839465,0.9654915223764702,Medium,Medium
3698,0.20849193909538735,0.7616330917548998,High,High
3699,0.04613897013546798,0.9558984316191593,Low,Medium
3700,1.2014915161466884,0.8619171370455031,High,Medium
3701,0.2417070554584459,0.9516467524765141,High,High
3702,0.5586584751455442,0.9037521279129179,Medium,Medium
3703,0.21597906403940886,0.954039982755369,High,Low
3704,0.1851670367029765,0.9617298486230756,Medium,High
3705,0.8571648486980998,0.8087490969198922,Low,Medium
3706,0.32996266933497537,0.9009997320117396,High,Medium
3708,0.3946305418719212,0.7105489997920664,High,High
3709,0.486406553216898,0.9333318458223587,Medium,Low
3710,0.11821990790319124,0.9276220636032061,Low,Medium
3711,-0.038598651801918585,0.30614048098836283,Low,High
3712,0.1130348691200618,0.9209737413204266,Medium,Medium
3713,0.511984064785789,0.9434233544663868,Low,Medium
3714,0.44230515482054894,0.8890053640908291,Low,High
3715,0.34123563218390807,0.8194350237969148,High,High
3716,0.2832512315270936,0.7999277294409403,High,High
3717,0.154858934169279,0.9632965059681385,Low,Low
3718,0.2262656140042224,0.9472805658703745,High,High
3719,0.4303331964969896,0.8774297467462968,Medium,Medium
3720,0.3077917771883289,0.9729895746121129,High,Medium
3721,0.17935018835120256,0.9214460210416051,High,Medium
3722,0.6967107963875205,0.9251670038230044,High,High
3723,0.7709872742200329,0.4620140870982729,High,High
3724,0.6276939655172413,0.6956290430222254,High,High
3725,0.5922399132066619,0.9509353551897871,Medium,Low
3726,0.7073424494649226,0.7436764225240658,Medium,High
3727,0.6919422941590431,0.9447987933115112,High,Low
3728,0.17894443918150812,0.9356221231282947,Low,Medium
3729,0.1123628526645768,0.9340205386130346,Medium,Medium
3730,0.36745387810296537,0.9559069781035756,High,Medium
3731,0.2517579056094073,0.9540130118752562,High,Medium
3732,0.4285876328752916,0.9477891669243078,High,Medium
3733,0.2648420248004077,0.7650605241468961,Low,High
3734,-0.024389590918826302,0.8719321466406488,Low,High
3735,0.1075766905508285,0.8655621813250848,Low,High
3736,0.31243047830923254,0.8732418173737342,High,High
3737,0.2782430213464696,0.9261952611328199,High,Medium
3738,0.24988935498768472,0.9788500350396276,Low,Low
3739,0.6836588083509266,0.9321178476898793,Medium,Low
3741,0.2373438599577762,0.8813640257267212,Medium,Medium
3742,0.2908510500388904,0.9345865614825423,High,High
3743,0.5897335423197492,0.8434074613557898,Medium,High
3745,0.2672606219211823,0.9520779895393077,Low,Medium
3746,1.068452380952381,0.9366404188243403,High,Low
3747,0.09550492610837437,0.9465474897439285,Low,Low
3748,0.07849564228874573,0.9646904880456272,Medium,Medium
3749,0.6660472378606614,0.9114907518729132,Medium,Low
3750,0.4104679802955665,0.9337650074512481,Medium,Low
3751,0.25023946360153254,0.9589021712171379,Low,Low
3752,0.5609920076404946,0.9546823202034264,Medium,Low
3753,0.3238514671235811,0.947339842455575,High,Medium
3754,0.7007298609098812,0.9098409747566588,Medium,Low
3755,0.266185784658691,0.8171106528752308,Low,High
3756,0.43079433497536945,0.9340685053633886,Low,Low
3757,0.682799671592775,0.91820180431,Medium,Low
3758,0.32945718075028424,0.8760263192866546,High,High
3759,0.22939244663382596,0.9478636475723295,High,High
3760,0.4818263026434469,0.9503945433164691,Low,High
3763,0.22403017241379308,0.9000549275416202,Medium,Medium
3764,0.2759369591266143,0.9076118506182189,High,High
3765,0.2080295566502463,0.9417884994276123,High,Medium
3766,1.2783488063660478,0.7871646731183347,High,High
3767,0.5176907202769272,0.9034185074395088,High,Medium
3768,1.3059147509578544,0.6915367203547705,Medium,High
3769,0.2275643572223105,0.87669754150238,Medium,High
3770,0.5962643678160919,0.9240728300605437,Medium,Low
3771,0.4386055754590237,0.9387738896187603,Low,High
3772,0.36141159632538944,0.9294569873784698,Low,Low
3773,0.37781954887218044,0.9028493721768721,High,High
3774,0.3564831104855736,0.9024604847337774,Medium,Low
3775,0.091991341991342,0.9547335260421649,Low,Medium
3776,0.8599019514967792,0.9383427442604931,Medium,Low
3777,0.1772285399853265,0.9581348267805005,High,Medium
3778,0.4573465327775673,0.9644214170401647,Medium,Medium
3779,0.444123212783852,0.9119275694394927,Medium,Medium
3780,0.15760218346425242,0.9091751716912307,Medium,Medium
3781,0.4495832440922396,0.982089411901949,Low,Low
3782,1.1097965048088203,0.8895044738312934,Medium,Low
3783,0.19232625482625482,0.9013966470528105,Medium,Medium
3784,0.3431034482758621,0.894900900586662,High,Medium
3785,0.28832458770614694,0.9607311183254372,Low,Medium
3786,0.28287337662337664,0.9359530029017216,Low,High
3787,0.35965869106263193,0.980805492006572,Low,Low
3788,0.401206172124022,0.8499050551886332,High,High
3789,0.5133818613652358,0.7489064264864626,Low,High
3790,0.152352864920923,0.662608856506339,Low,High
3791,0.585313046241856,0.8889650699701617,Medium,Low
3792,0.08163677647783252,0.9669295606765025,Low,Low
3793,0.26646141215106733,0.883102640693434,Medium,Medium
3794,1.05509684281236,0.8908075516484231,High,Low
3795,0.5692920585161965,0.9361420542149816,Medium,Low
3796,0.3421853172560841,0.9733605096747631,Medium,Low
3797,0.19782019704433498,0.8585935017995014,High,High
3798,0.5574007081280788,0.8752268305252027,Medium,Low
3799,0.34960591133004926,0.8956886312690446,Medium,Low
3800,0.1238711001642036,0.8808454834130333,Low,Medium
3801,0.6231937602627257,0.9074290842854827,Medium,Low
3802,0.16067580049261085,0.9003227404117766,Medium,Medium
3803,0.216027445460943,0.9105057336930082,Medium,Medium
3804,0.21922831632653061,0.9509104909836924,Low,Low
3805,0.24319174644483688,0.9529755246234864,Medium,Low
3806,0.5240628848522167,0.9268956917805489,Medium,Low
3807,0.4430102943033977,0.9427927365847671,Medium,Low
3808,0.37187307573891626,0.9645791868955946,Medium,Low
3809,0.7439532019704435,0.9109092305595219,High,Medium
3810,0.38702205019939007,0.9322063786801188,High,Medium
3811,0.5209478021978021,0.9342088349553703,High,High
3812,0.3033618069384761,0.9392699164380058,High,High
3813,0.5902313511611542,0.9176842927223583,High,Medium
3814,0.15114196148678907,0.6551200620923476,High,High
3815,0.17989625317211522,0.7030200847282292,Low,High
3816,0.42911022167487683,0.9263785962586192,High,High
3817,0.18785473334761194,0.9429066425711607,Low,Low
3818,0.2696090335114133,0.9680878462298323,Low,Medium
3819,0.3080295566502463,0.8967297649668781,Medium,Low
3820,0.38986412824032946,0.9505323629339166,Medium,Medium
3821,0.15431611761083744,0.29068512969055443,Low,High
3822,0.08615802642896238,0.9576560191507184,Low,Low
3823,0.2235921406180027,0.232652207955448,High,High
3824,0.18127754731656728,0.946443075422764,Low,Medium
3825,0.10977011494252874,0.6070911466693468,Medium,High
3826,0.3900862068965517,0.9447899883665981,High,Medium
3827,0.26416871921182267,0.9475826072661094,Medium,Low
3828,0.3764624384236453,0.9722329322987217,High,Low
3830,0.3563577586206897,0.8669646531915404,Medium,Medium
3832,0.14311224489795918,0.9004322654294669,Low,Medium
3833,1.5531005505650535,0.7626532045914473,High,High
3834,0.13285315340317772,0.9652015524476664,Low,Medium
3835,0.1698614978225173,0.9816070668801602,Low,Low
3836,1.736555829228243,0.957555439464737,High,Low
3837,0.1736260775862069,0.9281166413923003,Low,High
3838,0.2755541871921182,0.9605321392741928,Medium,Low
3839,0.5159094559862926,0.9359524826447244,Low,Low
3840,0.19001613725157127,0.9343564600783967,Medium,High
3841,0.24179855361073263,0.8601611297854261,High,High
3842,0.7389602392681212,0.9759879361443113,High,Low
3843,0.40184492231906027,0.4581298050791981,High,High
3844,0.0924058892728476,0.9652939518918372,Medium,Medium
3845,0.32000372322144566,0.9192826443095939,Low,Low
3846,0.2166871921182266,0.935952802685659,High,Medium
3847,0.4964960121979827,0.9272440061487283,Medium,Low
3848,0.8584699337523356,0.9279028113116166,High,Low
3849,0.4596428571428572,0.9502408052606938,Medium,Low
3850,0.4391885391009852,0.9688150891911579,Medium,Low
3851,0.36173309449171526,0.7143001284037556,Medium,High
3852,0.3151067323481117,0.9357993478931953,High,Medium
3854,0.2645185498768473,0.8696651579972179,High,High
3855,0.17913982569154985,0.917699672630462,Low,Low
3856,0.17867405582922824,0.8856893422826344,Medium,Medium
3857,0.4314743138634763,0.9763355870373005,High,Low
3858,0.3156557881773399,0.45242579274817696,High,High
3859,0.1963131157635468,0.6041083575381818,Low,High
3860,0.204365763546798,0.9497942582536687,Low,Low
3861,1.2229599485971303,0.9203008309726731,High,Low
3862,0.6920320197044335,0.8559994367804378,Low,Low
3863,0.13868852138556576,0.9615969358650469,Low,Low
3864,0.49354509937149654,0.8817954586054849,Low,Low
3865,0.22199614478475052,0.9580160604573531,Low,Low
3866,0.27381741821396993,0.23709676908966912,High,High
3867,0.5659591422776008,0.9071833365641411,High,Low
3868,0.12895435652709358,0.9409305363168602,Medium,High
3869,0.6981430503235776,0.9449404534447187,Low,Low
3870,0.18072660098522167,0.9099841272594363,Medium,Medium
3871,0.25896759869562197,0.9715614959987178,High,High
3872,0.7246888773658283,0.8994336088814896,High,Low
3874,0.3953935022284776,0.9212279566544858,Medium,Medium
3875,1.2733550316678397,0.8837515406617219,Medium,Low
3876,0.3496528367589604,0.8817650647543466,Low,High
3877,1.0887528419856007,0.9307305271152051,High,Low
3878,0.13929802955665024,0.897348437974596,Medium,High
3880,0.36525394937998984,0.8970142620604266,High,High
3881,0.3097197342886998,0.8804050932349247,Medium,High
3882,0.16006062902614626,0.9462001582682753,High,High
3883,0.20715535089598058,0.6783649543270174,Medium,High
3884,0.2249753694581281,0.8658482677814968,Medium,Medium
3885,0.39464285714285713,0.8921806267642629,High,High
3886,0.18835994564294203,0.8825758047249874,Low,High
3887,0.4451771809947561,0.910977065865179,High,High
3888,0.05113586382828994,0.6109169719506362,High,High
3889,0.28167560127499275,0.9461562386777295,High,Medium
3890,0.458046580701246,0.9021868675115287,High,Medium
3891,0.41597232912561577,0.958356552056665,Medium,Medium
3892,0.056421817892896874,0.9429601535601249,Low,Medium
3893,0.3633004926108374,0.848975733839323,High,High
3894,0.600095785440613,0.9445697361412841,High,Medium
3895,0.2201054307341103,0.8680881697468207,Medium,High
3896,0.5286945812807882,0.9018936306060773,Low,Medium
3897,1.3414716748768474,0.9295711214652744,High,Low
3898,0.4348617717003567,0.9729305463558543,High,Low
3899,0.45454638752052545,0.9377732245841042,Medium,Low
3901,1.1412600061576355,0.9496600864102858,High,Low
3902,0.14532019704433496,0.9095792549167996,Low,Medium
3903,0.3254182060755337,0.9523825613754182,Low,Low
3904,0.2712083175445244,0.9613523455758383,High,Low
3905,0.46426950998185124,0.7609833135942939,Low,High
3906,1.686594465372356,0.8879961868168114,High,Medium
3907,0.4379522013546798,0.6639273897682898,Low,High
3908,0.24192814307132146,0.8926600643148169,High,High
3909,0.24130125581072642,0.9833641809716427,Low,Low
3910,0.21196990790319126,0.8900358997930456,High,High
3911,0.4487120279146141,0.9801471165319254,High,Low
3912,0.2371809225257501,0.9478777152587987,High,Medium
3913,0.6290971959075408,0.9107786970509034,High,Low
3914,0.7774409498547429,0.9324136649525956,Medium,Low
3915,0.25303354100260794,0.9788052885116557,Low,Low
3916,0.30587027914614123,0.8586066009772793,Low,Low
3917,0.6016476339752201,0.9228990528631056,Medium,Low
3918,0.19277504105090312,0.9456593640108638,Medium,Medium
3919,1.2728492258972552,0.9345247585867843,High,Low
3920,0.3391537649542577,0.9023144864684121,Low,High
3921,0.18824356352820895,0.8754684709556193,Low,High
3922,0.2574551372273047,0.9044870292546178,High,High
3923,0.5097451274362819,0.9759315282196993,Medium,Low
3924,0.22076934221964647,0.9056776931646997,High,Medium
3925,0.22301692560313252,0.8302889470401515,Low,High
3926,0.2865715251617888,0.9241824344449584,High,High
3927,0.21364512156364213,0.9463511148750802,Medium,High
3928,0.40130899412045135,0.6235201826240349,High,High
3930,0.35299345051500225,0.9413627843666574,Low,Low
3931,0.5784645754853666,0.9169287457601241,Medium,Low
3932,0.1812998980805164,0.8776536425558324,Medium,Medium
3933,0.1269740654882643,0.6224283089034468,Low,High
3934,0.5344571018062397,0.9588075712955878,High,Medium
3935,0.19527736131934031,0.9765854018489504,Low,Low
3936,0.12441287661816931,0.8879397576594963,Medium,High
3937,0.24638458831808585,0.8715287475273189,High,High
3938,0.35104578858111923,0.9704541932192773,Low,Low
3939,0.13204812428950358,0.9628383374640561,Low,Medium
3940,0.37020993240921063,0.9051908850421873,Medium,Medium
3941,0.2599676724137931,0.9380203480233894,High,Medium
3942,0.5409780708723979,0.8489684834650467,Low,Medium
3943,0.17186333781161367,0.9301139644964145,High,Medium
3944,0.4741622374902774,0.9279769934441613,Medium,Low
3945,0.2885279830322934,0.9245958116114302,High,High
3946,0.3894279768982504,0.9264758723706262,Medium,Low
3947,0.2479064039408867,0.9324738967952292,Low,Low
3948,0.38049139949931354,0.9665069027835286,Medium,Low
3949,0.2401301900070373,0.36607308396856464,High,High
3950,1.4937602627257802,0.9046616585563582,High,Low
3951,0.2981834975369458,0.7856594787228776,High,High
3952,0.1876959247648903,0.6671922416602816,Medium,High
3953,1.2049466338259442,0.8110546967479986,Medium,Medium
3954,0.09229922376474102,0.942815143801102,Low,High
3955,0.3065223569533914,0.9676455807063861,Medium,Medium
3956,0.8154367184539597,0.9321739504340274,High,Low
3957,0.7058805418719212,0.8708899946645858,Medium,Medium
3958,1.3441605090311988,0.8744155483476055,High,Medium
3959,0.45572100313479624,0.8200835645614329,Medium,Medium
3960,0.11173909218859956,0.9684601238043763,Medium,Medium
3961,0.1547976011994003,0.920376477161436,High,Medium
3962,0.025656814449917898,0.35103545279744625,Low,High
3963,1.0607846586910628,0.9046240833331238,High,Medium
3964,0.17648318697793963,0.9137667949373142,High,High
3965,0.3550198514815087,0.9271965278854913,Medium,High
3966,0.23029556650246305,0.8932152937773249,High,High
3967,0.9733055099434409,0.7779935313852412,Medium,High
3968,0.9263106966924701,0.9426242770793822,High,Low
3969,0.10661572622779521,0.9690735896496501,Low,Low
3970,0.4629460125149781,0.9175013199381423,Low,Low
3971,0.7684582453671124,0.6194764543640329,Medium,High
3972,0.3611552518671539,0.9723814025106392,Medium,Low
3973,0.26786546398615363,0.9242287817923136,Medium,Low
3974,0.31769667114494704,0.9080135645420213,Medium,Low
3975,0.14060344827586208,0.9531982220219157,High,Medium
3976,0.3046682573891626,0.9129042833240413,High,Medium
3977,0.08476034091797639,0.9579091399793562,Medium,Medium
3978,0.28428196615977724,0.9328220914889823,Low,Low
3979,0.2651224282816575,0.8941124050890211,Medium,Medium
3980,0.3056949072732541,0.9595969180169412,Medium,Medium
3981,0.09015695419767321,0.9326486731858215,Medium,Medium
3982,0.22641625615763544,0.9875780955371981,High,Low
3983,0.20789496833216045,0.9736687029671859,Low,Low
3984,0.20982142857142858,0.8690701236822618,High,High
3985,0.30598015068096207,0.9102413861802146,High,Medium
3986,0.6110426929392446,0.8833096349085121,High,Medium
3987,0.3680623973727422,0.923773772910045,Medium,Medium
3988,0.612149987036557,0.83630147476655,High,High
3989,0.15514504652435687,0.8835187151882441,High,High
3990,0.2468232198835647,0.6208739093702997,Low,High
3991,0.385314039408867,0.8886070316697279,High,Medium
3992,0.9960488505747126,0.8715936050130455,High,Low
3993,0.7224841660802251,0.955040829119239,Medium,Low
3994,0.4409333482609345,0.8304196836046259,Low,Medium
3995,0.4676724137931034,0.938755631069887,High,Low
3996,0.614685960591133,0.9027142936250977,High,Medium
3997,0.22196188528012023,0.8992379604630498,Medium,High
3998,0.5170489532019704,0.9158920342389743,Medium,Low
3999,0.4831492169693405,0.951191752230686,Medium,High
4000,0.510381388546798,0.8871136887442138,High,High
4001,0.09223736346112657,0.6340960777959599,High,High
4003,1.14685960591133,0.7705910402303555,Medium,High
4008,0.6297581728616211,0.955189050547505,High,High
4009,0.47269937998980804,0.966237098277323,Low,Low
4010,0.7583787825475018,0.927831746607413,High,Low
4013,0.2896174320673765,0.9520705830680534,Medium,Medium
4014,0.48996162217894373,0.8636050837866434,Low,High
4026,0.8892045454545454,0.8757786653556628,Medium,Medium
4033,0.47128078817733987,0.903645093192623,Medium,Low
4034,0.32465482550475266,0.8874659200402946,High,High
4035,0.37007389162561577,0.9485760512051314,Low,Medium
4047,0.5183387015283566,0.7744570225666995,Low,High
4052,0.4927045405868495,0.7965725202302568,Medium,High
4055,0.11699507389162561,0.9752384246994076,Low,Low
4059,-0.07660793739075163,0.18043235151591608,Low,High
4066,0.20911889834303626,0.9545577293330896,Low,Low
4069,0.9327955665024631,0.9001964720344799,High,High
4071,0.3811576354679803,0.8736448114265909,Low,Low
4078,0.5097221258585999,0.9816820193560867,Medium,Low
4079,0.14804066058305743,0.9195565257601965,Low,High
4081,0.05289559053226,0.9007203646877148,Low,Medium
4082,0.5347089574746156,0.847839657073601,Medium,High
4086,0.8770702395107866,0.904420559386271,Medium,Low
4088,0.13915323182564562,0.7795263826127378,Low,High
4090,0.29560344827586205,0.7822543998872965,High,High
4091,0.8949545874384236,0.8895322231336815,High,Medium
4092,0.7726526347216001,0.9240198004350914,High,Medium
4093,0.08402495180980939,0.5266658400368277,Low,High
4099,0.5117491657397109,0.9225442617595278,Medium,Low
4102,0.641539408866995,0.38270397448748666,High,High
4103,0.5859514201865633,0.8527247011263863,Low,High
4105,0.34781332340474286,0.696868746732697,High,High
4109,0.2205370529021204,0.5250199459873032,Medium,High
4116,2.0534394792399717,0.7890482585160015,High,Medium
4119,0.24223343397425712,0.8400110314837778,High,High
4121,0.12837203847056064,0.5927805883992763,Low,High
4127,0.0037243762911171145,0.6683211933363019,Low,High
4128,1.373747947454844,0.727875097922907,High,High
4130,0.7822762725779966,0.3859268763045548,Medium,High
4131,0.4804613489958317,0.9271264610378638,Low,Medium
4132,0.939171358198452,0.9264627993059618,High,High
4134,0.13295584350681802,0.9299496361865386,Low,High
4140,1.2577227011494252,0.7995157411034258,High,High
4143,1.723192294159043,0.9494624208737814,High,Low
4144,0.36337746305418717,0.8326759006995517,Low,Medium
4150,1.1769776876267748,0.8895298210216869,High,Medium
4156,0.4453851943076081,0.7659503338197292,Low,High
4158,1.1470443349753696,0.8527126030141718,High,Medium
4159,0.2520509662751042,0.7678655432878939,Medium,High
4161,0.5039556114799743,0.9396340273468148,High,Medium
4171,0.14990110464248396,0.9335400748304841,Low,High
4173,0.24399378179762576,0.5984838806738846,High,High
4186,0.42695504926108374,0.9157088407915535,Medium,Low
4190,0.17875777806585427,0.9133862607406591,Low,Low
4195,0.27697044334975374,0.9207878616844897,Low,Medium
4204,0.13284192987539842,0.15715895925954243,High,High
4208,0.4075892857142857,0.8290619049135295,High,High
4214,0.25926444245409763,0.7857192260626462,Low,High
4225,0.3619678700095581,0.9795612908602416,Low,Low
4237,0.14917898193760262,0.9001887510939374,Low,High
4240,0.19815270935960594,0.9591821848551146,Low,Medium
4245,0.3095107478728168,0.9567169048425981,Medium,Low
4253,0.5246657283603097,0.9104083240976136,Low,Low
4254,0.10455573119623557,0.6665644349667158,Low,High
4255,0.5305206735039975,0.9572986808340056,Low,Low
4258,0.15235411140583555,0.8329596717715707,Low,High
4259,0.32659658691062626,0.959707358290216,Low,Low
4260,0.25786091689178453,0.9666452626931352,Low,Low
4263,0.29787937041931994,0.35061087772053906,High,High
4264,0.4589234400656814,0.9618670894447557,Medium,Low
4266,0.41305138826690546,0.8850353697177076,Medium,Low
4268,0.8669530900134349,0.8979768241939662,High,Medium
4269,0.42834051724137934,0.818380296757929,Low,High
4273,0.005980370204508137,0.4683444164180713,Low,High
4276,0.5455548842829259,0.8955213085476113,Low,High
4283,0.6195874384236453,0.9395245249639811,Medium,Medium
4286,1.162475369458128,0.6698433154647178,High,High
4287,0.07830128714444622,0.9380601127528221,Low,High
4293,0.46122500724427706,0.9029540867753153,Low,Low
4296,0.2036052522028724,0.9716629464015165,Low,Low
4301,0.6313457854406133,0.8518223964936092,High,Medium
4309,0.816468253968254,0.9419330354106175,High,High
4318,0.2628223703274413,0.9772760360879761,Low,Low
4320,0.4248768472906404,0.7869841262717178,Low,High
4321,0.5133385250651985,0.957976977510822,Low,Medium
4328,0.06858351578179164,0.8849470847630799,Low,High
4329,0.12650225072192967,0.7775951198096398,Low,High
4330,0.5820467379550642,0.8107304451649052,Low,High
4332,0.9684164614121511,0.7099957756570907,Medium,High
4336,1.0370906983483048,0.747902303828833,Medium,High
4337,0.2690785754663652,0.9415328599514221,Low,Medium
4342,0.6010718134236454,0.8858908132666506,Low,Medium
4343,0.5114168618266979,0.9636193320187361,Medium,Medium
4346,0.6483990147783252,0.8500018970487117,Low,Medium
4347,0.11428660669665167,0.7503317639903303,Low,High
4349,0.9721994161649334,0.902039689468921,Medium,Low
4350,0.4931451028687337,0.9621305959339822,Medium,Medium
4352,0.3052150435771126,0.9748728576912536,Low,Low
4354,0.7235489398158064,0.7543357426578087,Medium,High
4355,0.07979855735397608,0.6975053402176166,Low,High
4356,-0.1348261250730567,0.9188902300824907,Low,Medium
4358,1.2662477608598297,0.7325027717445695,Medium,High
4361,0.9586971936109867,0.9110460230613052,Medium,Low
4368,0.32162509170946446,0.8779057803657134,Medium,High
4375,0.7549497915877226,0.9193882042900706,Low,Low
4377,0.2580275644740655,0.9499862082645036,Low,Medium
4379,0.12728858784893265,0.7933098126456333,Medium,High
4383,0.915960591133005,0.8118360494298841,Medium,Medium
4385,0.14067673423241542,0.6587973908357603,Medium,High
4386,0.5164835164835164,0.874794723517099,Medium,Low
4389,0.5324974520129098,0.8604260416221162,Medium,Medium
4405,0.07840722495894908,0.5716240709739806,Low,High
4408,0.16617918719211822,0.8824126312546894,Low,High
4413,0.12618456207731488,0.9651922288927025,Low,Low
4414,0.15398975682226915,0.9684530328966038,Low,Low
4415,0.3490328006728343,0.9293603181083705,Low,Low
4416,0.38867419738406667,0.8140919086941641,High,High
4418,0.15449295056905046,0.969652341549183,Low,Low
4423,0.48166703985669507,0.8526875430331781,Low,High
4424,0.7037473610133709,0.9416297285392156,High,Medium
4427,0.06625522466039707,0.9721613227428908,Low,Low
4434,0.45898758210180624,0.9274454418217306,Low,Low
4437,0.17271190085229496,0.6140700957146542,Medium,High
4438,0.5573759676284307,0.7699249093051026,High,High
4439,0.28573994252873564,0.7980515629915081,High,High
4442,0.33077498240675585,0.897399702642531,Medium,Low
4445,0.6341787253694581,0.8523115571078093,High,High
4447,0.7117713464696223,0.7653914661899625,Medium,High
4448,0.35974119271533067,0.9500518273532982,Low,Medium
4454,0.7600702996715927,0.8963584301557258,High,High
4456,0.637326673964605,0.8300281382099963,Low,Medium
4458,0.21053340517241378,0.7483698532660439,High,High
4462,0.20344143404488232,0.6524948017933185,Low,High
4463,0.14792497458753617,0.9415447231653383,Low,High
4467,0.480618842364532,0.8503776920318591,Medium,Medium
4470,0.49530101752402483,0.9642874602357367,Low,Low
4471,0.9800732074438971,0.8288892461960542,Medium,Medium
4473,0.4916385792066373,0.9309722625588377,Medium,Low
4475,0.4938269704433498,0.8925008499473487,Medium,Low
4476,0.1564353573941892,0.9468774706837435,Low,Low
4478,0.4313423645320197,0.9748389979234526,Low,Low
4480,0.3705467100633356,0.7682355787368206,High,High
4484,0.36056914144968333,0.9486715116418821,Low,High
4488,0.3529768318965517,0.8570061449555557,Medium,High
4493,0.38320623342175064,0.6165856331261037,Low,High
4503,0.4874554554029976,0.8838311612198729,Low,High
4511,0.12322112753147237,0.9421202346306419,Low,Medium
4514,0.5086206896551724,0.9556267568744079,Low,Low
4519,0.3344932149828051,0.9376180750682404,High,High
4526,0.4190169991116854,0.8999781888453162,Medium,High
4527,0.40445402298850575,0.7981887301300978,Low,High
4533,1.6959667487684729,0.85360223379041,Medium,Low
4534,0.44291592028660987,0.5819991655622079,High,High
4537,0.5511933072872431,0.6712810420773881,Low,High
4538,0.17859342012667134,0.8458075394856496,High,High
4543,0.3229779119656761,0.9027358395679367,High,High
4550,0.3802899686520376,0.8839886602862688,High,Medium
4576,0.24985072398865504,0.9703372877512985,Low,Low
4580,0.2515216464569913,0.9084046622338883,Low,Medium
4585,0.5348009031198686,0.8983971275505714,Medium,Medium
4588,-0.03110705489092188,0.726669409030056,Low,High
4589,0.12133405888417917,0.7352909801113939,Medium,High
4596,0.20416131220104236,0.9077102816764975,Low,High
4616,1.3020525451559934,0.870800996494286,Medium,Low
4618,-0.062181501613725154,0.5754617569701224,Low,High
4626,0.6120073891625616,0.7714109008216928,Low,High
4631,0.9903915229885057,0.8255811181500573,High,High
4650,0.34062256935442053,0.9145910811131321,Medium,Medium
4659,0.46400762752264424,0.8974614028431623,Low,High
4660,0.47060398372242446,0.863119101580185,Low,Low
4681,0.41762623152709366,0.9211158087147278,Medium,Low
4715,0.39704907161803704,0.8997149224200535,Low,Low
4725,0.5149322660098522,0.8845084083694414,Low,Low
4727,0.4956628828442921,0.9416049453291737,Low,Low
4729,0.22042714544983147,0.7367762751579195,Medium,High
4743,0.4202264539372105,0.9495203543677673,Low,Medium
4746,0.849543775190327,0.843035828799827,Low,Medium
4753,0.09588669950738916,0.7123099440042929,Low,High
4768,0.388105500821018,0.8062442584355897,Low,High
4774,0.4261866494113718,0.968150380121979,Low,Low
4784,1.464709051724138,0.9281733666242521,High,Low
4794,0.07757337848932677,0.8659664344620734,Low,Low
4803,0.3668308702791462,0.8269482353645251,High,High
4825,0.12308999270206168,0.9261022905082777,Low,Medium
4851,0.8897692697768763,0.8937138882587603,Medium,Low
4852,0.15993058665472462,0.9276375234321504,Low,Low
4858,0.5663485221674877,0.8787374048911142,Low,Low
4863,0.5678366174055829,0.8801674490386326,Low,Medium
4894,0.3806491640543364,0.9673827468245828,Low,Low
4907,0.36524864107355187,0.9295039099476282,Medium,Medium
4937,0.2928351513019001,0.9295365909356985,Low,High
4948,0.4678601465817614,0.797178026639531,Medium,High
4949,0.7643401856763925,0.8748223351410399,Medium,Low
4969,1.1162803483462354,0.7925025276832457,Medium,High
4981,0.13867874736101338,0.9280716478116917,Low,Low
4994,0.28789584799437024,0.8184659315940485,Low,High
4995,0.2510183781735506,0.8326738654427991,Low,High
4999,0.6576807447116777,0.8872932599134226,Medium,Medium
5001,0.13680213464696223,0.8284267652690301,Low,High
5011,7.69704433497537e-05,0.9020862046978725,Low,High
5024,0.04969981527093596,0.8926037674958303,Low,Medium
5033,0.3161945812807882,0.9309695410676609,High,Medium
5063,0.0385095281306715,0.45903017478017427,Low,High
5065,0.03762228543675849,0.9166502210041072,Low,High
5066,0.4592672413793104,0.834011268903208,Low,High
5072,0.5276131465517241,0.9044652090129423,Medium,Low
5092,-0.10334051724137931,0.8619090634486126,Low,High
5118,0.24466594827586205,0.9004805169611096,Medium,Medium
5120,0.30392129422301833,0.9290036997742099,Low,High
5125,-0.10614026777819881,0.7101842610269807,Low,High
5126,0.14937863860277656,0.9145166396082134,Low,Medium
5129,0.19974529780564262,0.9560672647627831,Low,Medium
5133,1.0452201354679802,0.808272811787834,Medium,Medium
5164,0.29465906144672027,0.8550340372394716,High,High
5180,0.47744066278549036,0.6715573213831393,Medium,High
5181,0.21806179368299045,0.706331438620953,Low,High
5194,0.22438137243670525,0.847469270381758,Low,High
5196,0.28993910782703886,0.8390442057580888,Low,Medium
5213,0.6856527093596059,0.9147660462695733,Low,Low
5215,0.32808829101932546,0.9771007234084874,Medium,Low
5228,0.16940028362442155,0.9728944033358403,Low,Low
5250,0.22696195005945305,0.7322355169203867,Low,High
5256,0.22686914031463531,0.8991792703590111,Low,High
5263,0.49983479514598106,0.9252454733378339,High,Medium
5267,0.4030612244897959,0.8046966111599427,Low,High
5269,0.6328244436894853,0.883019390906918,Medium,Low
5270,0.4133247762436689,0.9712122526139921,Low,Low
5283,1.1868226600985223,0.8917596792878237,Medium,Low
5290,0.32217110982323965,0.621775189030321,Low,High
5305,0.6339855865717935,0.9078843525939438,Medium,Low
5313,0.10211261228629384,0.9439350910282462,Low,Medium
5317,0.23595585449033724,0.8878724119233777,Low,Low
5343,0.04640151515151515,0.962510651616761,Low,Low
5357,0.5551364942528736,0.893675121018843,High,High
5358,0.48858689426051094,0.9484787904444643,Medium,Low
5362,0.3160919540229885,0.8281033342173354,Low,Medium
5366,0.07352601600985222,0.9152154466780337,Low,High
5369,-0.014589197748064744,0.9031309705491396,Low,High
5372,0.41882030733034337,0.9570333387623509,Low,Medium
5385,0.16647672965223143,0.9709366265376286,Low,Low
5387,0.04010904973780391,0.9584684941589496,Low,Low
5395,0.3652247536945813,0.7600057984156398,Low,High
5422,0.22667487684729062,0.8764239667476792,Low,High
5423,0.06425998088375855,0.8911831083100823,Low,High
5428,0.42741234424804403,0.897631258681117,Low,High
5429,-0.1360442718201339,0.8416747847833469,Low,Medium
5442,0.371907796101949,0.9296074650198923,Low,High
5445,0.3094351768920734,0.8554956775190524,Medium,Medium
5472,0.028541099919123597,0.892509939474677,Low,High
5477,0.8133723316912971,0.8801805502243188,Low,Medium
5481,0.4628184652093596,0.957711569676089,Low,Medium
5483,0.20769079745841365,0.9313912815677678,Low,High
5505,0.8064481988916257,0.8630672428020235,Medium,Medium
5541,0.4458333333333333,0.8784459720707979,High,High
5546,0.28086629659583856,0.9558250343035619,Low,Medium
5572,0.9604179495073891,0.65958470569083,Medium,High
5574,0.33240775164978165,0.9552539218180918,Low,Low
5591,0.5964789520824004,0.9125773818613625,Medium,Low
5593,0.5673898869892786,0.865858833086552,Low,Medium
5602,0.7384278919653474,0.8255326642778509,Medium,Medium
5622,0.2991995073891625,0.9669867144434542,Low,Low
5628,0.23113368910782703,0.9320099398449295,Low,Medium
5632,0.3041683422137328,0.8776767887620127,Low,High
5648,0.8494287082649151,0.8424505446538185,Low,Medium
5650,0.28027067393355,0.939367342729287,Low,Low
5661,0.10725403667214012,0.7266645434560519,Low,High
5692,0.3143020139090119,0.6100375080897951,Medium,High
5698,0.5479269293924466,0.7877488874092446,Low,High
5700,-0.02320481242895036,0.9392721133200755,Low,Medium
5708,1.6558541520056296,0.5898885814101655,High,High
5724,0.43605155620241826,0.9130440217818299,Low,Medium
5726,0.15136237684729065,0.6948440935368301,Low,High
5735,0.5830822240855258,0.8463642890350341,Low,High
5740,0.06350514343668502,0.9075094108526196,Low,High
5742,0.19643608074011773,0.8820837304741999,Low,Medium
5758,0.9887170385395538,0.8730044547731239,Medium,Low
5767,0.058054373787132414,0.9395303986684347,Low,High
5774,0.39007887637813743,0.945722331662731,Medium,Low
5794,0.5031614201609996,0.8916971548572579,Medium,Medium
5817,0.8319222085385877,0.8244604908611222,Low,Medium
5837,0.348999915067097,0.7548363939030256,Low,High
5868,0.44841660802251937,0.9262029180997318,Low,High
5870,1.3356527093596058,0.7450732183118831,Medium,High
5878,1.0069334975369457,0.8276765941743548,High,High
5891,0.46324498716436546,0.9732601564077612,Low,Low
5912,0.41367468738158386,0.9025451298366313,Medium,Low
5927,0.15205321812161837,0.9268233473614513,Low,High
5944,1.0678879310344827,0.899975357692238,High,Medium
5952,0.35341406677613574,0.9604448355447287,Low,Low
5984,0.05604962448518129,0.9582573378854202,Low,Low
5991,0.16173382863603325,0.9492619137166804,Low,Medium
6030,0.3643203509852217,0.9710757187346334,Low,Low
6034,0.28505836367530524,0.8991874808404561,Low,High
6040,0.10228013619240801,0.9732779990440427,Low,Low
6051,0.0525082743226601,0.9676642301312135,Low,Low
6061,0.749721440300258,0.8456933775383956,Medium,Medium
6062,0.4583479943701619,0.9073910039786035,Low,Low
6064,0.048190190618976225,0.7195925087233835,Low,High
6075,0.2055623973727422,0.809158125900372,Medium,High
6083,0.05763090676883781,0.8168635433432705,Low,Medium
6097,0.5062773672687466,0.8693819205646395,High,High
6118,0.2053679457263849,0.8897721646630881,Low,High
6138,0.512355429428143,0.8837957744569294,Medium,Low
6148,0.6045771756978654,0.971823305445616,Medium,Low
6157,0.754039408866995,0.8063671183859407,Low,Medium
6158,0.6087319243604005,0.4886688378972854,Medium,High
6226,0.44933213338385747,0.9582588506355099,Low,Medium
6265,0.4235344827586207,0.7992328911346048,Low,Medium
6273,0.31077112542629787,0.916445167111906,Low,High
6281,-0.008280153754291687,0.9292758309721423,Low,High
6289,0.5130499888042991,0.9226950549066261,Low,Low
6306,-0.0028589021815622804,0.6826061348901066,Low,High
6321,0.11622838790688689,0.8538958351487422,Low,High
6353,0.3340365824113704,0.967739609306961,Low,Low
6358,0.2635825982357658,0.9529194913200679,Low,Low
6363,0.33925685036945813,0.9634396888749717,Medium,Medium
6397,0.4797550629447181,0.931378667852444,Medium,Low
6400,0.10847161005963184,0.7742205327724766,Low,High
6425,0.12133219104733348,0.9700034087446345,Low,Low
6434,0.27712223622408066,0.8950979857308767,Low,Medium
6440,0.24486453201970443,0.777915698070327,Low,High
6453,0.2164727365381349,0.8623259516064574,Medium,High
6461,0.2709253439782572,0.7243760071662424,Low,High
6463,0.9126799924213718,0.8601113364843942,Medium,High
6472,0.3130467555631052,0.9585120658935685,Low,Low
6473,0.12931034482758622,0.9400574682505051,Low,High
6495,0.2573148462714455,0.9204383712686227,Low,Low
6505,0.8195812807881774,0.7631708716891638,High,High
6510,0.5605885673234812,0.7197322617705207,Low,High
6511,0.054289819376026276,0.8349116705070561,Low,High
6512,0.1262858591712547,0.7793205954472785,Low,High
6555,0.2749830441921896,0.9388024693570379,Low,High
6592,1.0414100985221675,0.8595399165021785,Low,Low
6602,0.6808805418719212,0.8644682755922298,Medium,Medium
6609,0.6840038314176247,0.7166167544292487,Medium,High
6636,0.4264354987684729,0.898027587759088,Low,High
6649,0.44734470743722216,0.8450698450038823,Medium,High
6678,0.22499120337790288,0.8786870247477819,Low,Medium
6686,0.19671834250941758,0.9145349410501582,Low,Low
6688,0.5126949917898194,0.9202010747830627,High,Medium
6699,0.3851293103448276,0.9172157317191809,Low,Low
6701,0.1886288998357964,0.9402421412864849,Low,High
6706,0.5919411945812808,0.9136509901649985,High,Low
6715,0.16144733755571195,0.9257773476131126,Low,High
6738,0.2722371967654986,0.9608385467248748,Low,Low
6792,0.40599674241220407,0.8750645414952327,Medium,Medium
6806,0.296692037470726,0.93933761655309,Low,Medium
6856,0.22583128078817735,0.7850617758203557,Low,High
6866,0.11912825475017592,0.7765230932793542,Low,High
6872,0.41750347353795625,0.8448686430315363,Low,High
6897,0.4247546001159084,0.9079383990532777,Low,High
6902,0.213409435392194,0.9052702476163533,Medium,Low
6910,0.4828985669502911,0.8508353121491168,Low,High
6922,1.2953396422089705,0.8239493959540375,Medium,Medium
6924,0.23509054004743657,0.9548747825281936,Low,Low
6927,0.4341902709359606,0.5852300435551683,Medium,High
6930,0.3311683868949879,0.9705334578276665,Low,Low
6950,0.6996968548692687,0.8813647641232122,Medium,Low
6985,0.4875720893908447,0.8688726293003376,Low,Medium
7011,0.31432246146511994,0.8941234327180471,Low,High
7033,-0.027592576864277223,0.74130978167433,Low,High
7045,0.6064886083743842,0.9065404113859029,Low,Low
7049,0.8548557353976073,0.8757052140297458,Low,Low
7052,0.5576825557809331,0.7394621379810872,Medium,High
7082,0.2547094508301405,0.895607641520817,Medium,Low
7099,0.2111409218859958,0.9027492715039822,Low,Low
7101,0.15022507219296757,0.5404747761422094,Low,High
7123,0.34049913068675747,0.950659918680823,Low,Medium
7133,0.08243412307451717,0.9317961780446555,Low,High
7136,0.21248040752351097,0.8583342380807939,Low,High
7156,1.226518883415435,0.8550142315702648,High,High
7176,0.7360170361247946,0.8837751587354039,Medium,Low
7180,1.4083880678708265,0.881086047214037,High,Low
7181,0.8876231527093597,0.7664173113311765,Medium,High
7184,0.38732260145437486,0.9273194701941238,Low,Low
7190,0.11100848385331144,0.9633238768516693,Low,Low
7203,-0.04406331498116488,0.8451836795032907,Low,High
7231,0.39988934104376384,0.9149137760297185,Low,High
7240,0.13445774322660098,0.9198237121772296,Low,Low
7262,0.4491885116115412,0.929805155948206,Medium,Low
7274,0.6164408866995074,0.7982174182871159,Medium,High
7401,0.15717364532019704,0.9649568383855757,Low,Medium
7418,0.11744290192566054,0.8989899271807278,Low,Medium
7424,0.27630796670630203,0.8534792102040376,Low,Medium
7437,0.8015509544334976,0.8699694133540947,High,Medium
7445,0.07343649603769545,0.9176229100815091,Low,High
7449,0.24192441250100943,0.8717565467061209,Medium,High
7454,0.07876792958562737,0.9565635301095813,Low,Medium
7465,1.0901067323481117,0.4918374835461185,High,High
7485,0.22401951496779085,0.9674197837478197,Low,Low
7487,0.28170372050816694,0.7839264564952335,Low,High
7520,-0.10286983131810717,0.9142157913744012,Low,Low
7523,0.1983113868889731,0.9528245776426276,Low,Low
7542,0.6427280311457175,0.9199033260187879,Medium,Low
7546,0.1031947261663286,0.9384666632255017,Low,Low
7559,0.8251231527093597,0.9304363181458268,High,Medium
7562,0.5196127240331202,0.9476800403363677,Low,Low
7565,0.22865994458128078,0.8947210711529384,Low,Low
7594,0.3043864097363083,0.7535888958663959,Low,High
7606,0.24269978106185003,0.8398671987078121,Low,High
7607,0.26002814919071077,0.9649668354306306,Low,Low
7614,0.37595711073034915,0.9450080670690592,Low,Low
7618,0.09782576823832982,0.8762647452234597,Low,Medium
7632,0.6356162196679438,0.9290224942220789,Medium,Low
7636,0.3579362447896931,0.5773052828162561,Low,High
7637,0.8845223434201269,0.9268380862109016,Medium,Low
7674,0.26844105656531336,0.8043821532332922,Low,High
7713,0.8573116955347211,0.7094064353637467,High,High
7721,1.1758367139959431,0.859680716898333,High,Medium
7733,0.7974881093935791,0.8889546188321119,Low,Low
7745,0.6232142857142857,0.8429679568712255,Low,Medium
7753,0.26421534130893737,0.951520131642023,Low,Medium
7765,0.31613649038014685,0.9130636885312752,Low,Medium
7769,0.21802995391705068,0.9282499270720973,Low,High
7774,0.23286124794745483,0.886263104009001,Low,High
7795,0.4792802117178493,0.9087458276383685,Low,Medium
7815,0.16596926780116436,0.824568177844023,Low,High
7819,0.11566733374384236,0.9580135288820553,Low,Medium
7824,0.16100537393640843,0.8774679650134537,Low,High
7828,0.4716484869809993,0.821728622476335,High,High
7844,0.34613986917548256,0.9665576293098664,Low,Low
7857,0.3805611145320197,0.9705850270511703,Low,Low
7859,0.8520320197044335,0.9242817181123477,Medium,Medium
7861,0.632263210927004,0.9437804673945868,Medium,Low
7890,0.5358262427227944,0.8930987595663209,High,Medium
7894,0.4289947660098522,0.8285432814304059,Low,Medium
7907,0.6244585527433328,0.8644357474686939,Low,Medium
7926,0.7094930213464696,0.7690053748125423,Medium,High
7944,0.5847906403940888,0.9718253066665998,Medium,Low
7957,0.5397167487684729,0.8699445871369141,Low,Medium
7965,0.31044577242994426,0.9387578697068988,Low,Medium
7966,0.35408969622331693,0.5381264381688007,Low,High
7990,0.6589109781843773,0.8879841679523718,Low,Low
7997,0.37350869766009853,0.8349255111320718,Low,Medium
8026,1.0629838142153412,0.9343880279641441,High,Low
8027,0.22316218264494125,0.9669520210049904,Low,Low
8038,0.8496877199155524,0.9346389515777244,Medium,Low
8039,0.5535372194854954,0.6396542044639664,Medium,High
8041,0.5053829651994279,0.9501778225549946,Low,Medium
8051,0.10465341308937368,0.9719658854645205,Low,Low
8073,0.44018296973962,0.905852889114034,Low,High
8085,0.4918892395320197,0.7154412170798816,Low,High
8092,0.09039932921077454,0.9292836100382741,Low,Low
8094,0.3644334975369458,0.911427844940498,Low,Low
8114,0.3868129375162043,0.9260049471385879,Medium,Low
8127,0.6533066502463054,0.9278742423393314,Low,Medium
8129,0.27257799671592775,0.9756820048362469,Low,Low
8132,0.564161656041727,0.9621632997635822,Medium,Medium
8149,0.52399857402126,0.7469790009810348,Low,High
8153,1.3213380179658072,0.793287700425536,Medium,Medium
8158,0.8137725779967159,0.8966472500392056,Medium,Low
8159,0.39390126365388733,0.9546754363509434,Medium,Low
8169,0.252313273864998,0.9204496721628448,Medium,Low
8173,0.3354064039408867,0.9691949165849967,Low,Low
8212,0.4828981296182266,0.9404156684348759,Low,Medium
8225,0.4819376026272578,0.7777482584399504,Medium,High
8260,0.3047494110087813,0.968651250025035,Low,Low
8261,0.2901487023013014,0.9661035387273281,Low,Low
8268,0.830779054916986,0.922975777117293,High,Low
8316,0.6945299671592774,0.9259736596532085,Low,Medium
8320,0.4900942385949882,0.9118504720871177,Low,Low
8321,0.2938550420168068,0.9638379256064499,Medium,Medium
8327,0.2291487068965517,0.8391626747070057,Low,High
8330,0.32932640822445924,0.9719491303376603,Low,Low
8341,0.34857348111658454,0.6953267920217029,Low,High
8377,0.28015727206654284,0.920032436461244,Low,High
8381,0.12588943623426382,0.7991151690981394,Low,Medium
8405,0.23660434393193017,0.9655426440184985,Low,Low
8411,0.2095648604269294,0.9501833867635402,Low,Low
8475,0.17535088748142935,0.9599925391576735,Medium,Medium
8489,0.32261611541168195,0.9685476475941297,Low,Low
8492,0.45351555373107094,0.9430463909527362,Medium,Medium
8505,0.33509265775275626,0.9113442698318778,Medium,Low
8519,0.3737594175601274,0.972347185157341,Low,Low
8523,0.7240024630541873,0.8667824137662461,Low,Low
8533,0.335267046927664,0.8706878525944907,Low,Medium
8547,0.2357398173735432,0.8247990801076619,Low,High
8558,0.1482716154238152,0.8804253621345468,Low,High
8564,0.23595472671827353,0.9697996384357391,Low,Low
8566,0.09265255045288416,0.8913247225561131,Low,High
8625,0.14158523782605187,0.9320881908156435,Low,Medium
8628,0.6653088291019327,0.5890748961345702,Medium,High
8639,0.45339439655172414,0.8727284368738082,Medium,Low
8645,0.6433360700602081,0.8955209303504933,Medium,Low
8680,0.21027419588525065,0.9126746049853758,Low,Low
8688,0.6949261083743842,0.8984954430014824,Medium,Low
8713,0.24047186932849365,0.7667040450405228,Low,High
8742,0.2945089955022489,0.8880148512215089,Low,Low
8759,0.1720374931581828,0.9135992570171634,Low,High
8772,0.16484586047989827,0.8853210574153346,Low,Low
8776,0.507554945054945,0.953779124771495,Medium,Low
8784,0.7889233611216371,0.9188347365510755,Medium,Low
8856,0.8871292590311985,0.8916815100983987,Medium,High
8896,0.4404298426823454,0.8246539455401514,Low,Medium
8899,0.3908227083937023,0.9213323082368174,Low,Medium
8919,0.30507461605331787,0.8944447824825451,High,High
8926,0.5906931738212526,0.906247657110423,Medium,Low
8931,0.5405964109781844,0.8653083131659511,Low,Medium
8934,0.20504926108374386,0.9289489826902875,Low,High
8957,0.3143725268513285,0.8775253445127467,Low,High
8972,0.2939774352455109,0.9220505112873039,Low,Low
8982,0.4497273047149895,0.920273032805337,Low,High
8998,-0.07558139534883722,0.7047156890756258,Low,High
9006,0.4664771080846131,0.8819125643656892,Low,High
9017,0.17809712421781387,0.8452858248836241,Low,High
9024,0.3268296973961999,0.9100718767809758,Medium,Low
9030,0.38134760507284354,0.9464795272672522,Medium,Low
9031,0.2420352323838081,0.512015162779314,Low,High
9034,0.18101582325720258,0.9727757672368086,Low,Low
9037,0.6896670140204622,0.9166813208586182,High,Low
9041,0.010780672721674878,0.8983274790398162,Low,High
9051,0.20397607318789585,0.5775147609726078,Low,High
9052,0.21372383004926107,0.8296152512153199,Low,High
9093,0.27554485744140916,0.9737101842165526,Low,Low
9104,0.2039586290389914,0.8709514472625625,Low,High
9138,0.2632070664175301,0.722297664729369,Low,High
9140,0.26035252463054187,0.8718644861265765,Low,Low
9153,0.6938115763546798,0.9409174272582327,High,Low
9156,0.6502668308702791,0.679749890028768,Medium,High
9159,0.6906557881773399,0.908198048879341,Medium,Low
9167,1.1016163793103448,0.8516195214797605,Medium,Low
9179,0.4676991861212252,0.88649454056649,Medium,Low
9188,0.15153940886699507,0.9785393233604798,Low,Low
9192,0.2118167392951876,0.9529823958002224,Low,Low
9199,0.08326712219926903,0.789225518371886,Low,High
9201,0.5648801629405077,0.9099284787166544,Low,Low
9203,0.3974929627023223,0.9624941435706815,Low,Medium
9208,0.4391042260824475,0.861371290379169,Medium,Low
9225,0.7815534834623505,0.8980473709293182,Medium,Low
9227,0.35981906025009475,0.8694720071698839,High,High
9235,0.5504046446164673,0.9384222520908977,Medium,Low
9236,0.5251452817118226,0.9726783729337278,Medium,Low
9241,0.31015097609925196,0.9191168499281783,Low,Low
9242,0.41466077026421855,0.8016776393519734,High,High
9263,0.33076765188834156,0.8964489500008779,Low,Low
9265,0.3777797325826883,0.9433728797680823,Low,High
9307,0.4840291750503018,0.9576341748497496,Low,Medium
9333,0.8749630541871922,0.7536940331189566,Medium,High
9337,0.1475633356790992,0.8424078851928385,Low,High
9353,0.26341365996538413,0.8223630017178053,Low,High
9377,0.3410303776683087,0.7845915223924166,Low,High
9403,0.11701292211037341,0.84590349006253,Low,High
9422,0.3693368413195999,0.9061154279279722,Low,Low
9424,0.5169848111658456,0.8737608724594785,Medium,Low
9433,0.6863646859605911,0.9027013442022843,High,Medium
9455,0.7683497536945813,0.8803968830966091,Medium,Low
9472,0.2553239863584691,0.9038640512396466,Low,High
9484,0.1749692118226601,0.8468971241228557,Medium,Medium
9491,0.5555946516537651,0.8941537582591358,Low,Low
9493,0.6275330273175102,0.9268639885860873,Medium,Low
9494,0.37427498808199594,0.9171978937609717,Medium,Low
9504,0.1560960591133005,0.9348287571755568,Low,Low
9510,0.3729166666666666,0.9023290113588183,Medium,Low
9513,0.3982699030668997,0.8781957338714541,Low,Medium
9528,0.35337438423645323,0.6239427977638471,Low,High
9548,0.9423440065681444,0.93491697235315,High,Low
9549,0.7109525594345686,0.6742738873767962,Low,High
9560,1.0145066647348595,0.6637790603014477,Medium,High
9583,0.3722346618898343,0.9270516234532094,Low,Medium
9591,0.025820085087326465,0.9280213998288489,Low,High
9627,0.4475787712612696,0.9299495183896832,Low,Medium
9631,0.13497536945812807,0.8227718986487623,Low,Medium
9633,0.060520760028149184,0.7987157552610643,Low,High
9635,0.029894886560743773,0.8977494209329832,Low,High
9640,0.4985453701720568,0.9752653129462031,Medium,Low
9645,0.2332688247712878,0.9327102321078211,Low,Low
9646,0.6289706132155598,0.7607263299361036,Medium,High
9656,0.19617620931922797,0.9175413844257322,Low,High
9673,0.6645285987958401,0.855022686769311,High,High
9677,0.44235505873436903,0.907530492503477,Medium,Low
9703,0.3519467601364153,0.9505326428916608,Low,Medium
9707,0.45209721819762394,0.9396407773804724,Low,High
9730,0.5221139430284857,0.8890934046835196,High,Medium
9731,0.12080511083743842,0.9547520816315886,Low,Low
9750,0.6106806986117331,0.9148610060172242,Low,Medium
9790,0.5351983757156171,0.8488519011609583,Low,Medium
9814,0.5345875694371659,0.8101441132117811,Low,High
9826,0.5020342188599578,0.8088289519132009,Low,Medium
9828,0.17482170428644953,0.9742596137382128,Low,Low
9833,0.17874194770746496,0.9720654863352846,Low,Low
9859,0.5208404110752505,0.8489847517336852,Low,Medium
9869,0.41218634544334976,0.9784066867323314,Low,Low
9883,0.20500910259156133,0.9094347157589372,Low,High
9897,0.312212643678161,0.9426762790280225,Low,Low
9928,0.5508670616429238,0.8901753150672289,High,High
10001,0.564970214228434,0.9520663078727596,Medium,Low
10005,1.2744173929518758,0.8684820921435861,Medium,Low
10018,0.21230325603748648,0.9318683409595935,Low,Low
10019,0.15869839315036358,0.8157452128893263,Low,High
10022,1.0721901737101374,0.8720594159380446,Medium,Low
10036,-0.07169672652153186,0.8828929163185336,Low,High
10049,0.1347309299895507,0.9113849513015888,Low,Low
10063,0.5953841417203486,0.8753650401607019,Low,Low
10065,0.8715293327362292,0.8954649500262611,Low,Low
10068,0.3589285714285714,0.7156974258235894,Low,High
10079,0.1026762738033968,0.9362332119543203,Low,High
10093,0.3205397806487592,0.9650900129616594,Low,Low
10105,0.32795294842074757,0.9488227907157499,Low,Medium
10131,0.061959945086005004,0.8700964516878347,Low,High
10134,0.8402247536945813,0.8646237412102898,Medium,Low
10148,0.8684140072820733,0.9368022237889921,High,Low
10152,0.9590311986863711,0.7480076520822642,Medium,High
10202,0.358140818753185,0.7291825600178509,Low,High
10215,0.7905538023399015,0.9347554250458556,High,Low
10220,0.41667399718508097,0.8837678695529572,Medium,Low
10227,0.17752560794432717,0.8873014231355986,Low,High
10233,0.24457584758041148,0.8936248069629238,Low,Low
10243,0.941256157635468,0.8357093831979576,Low,Medium
10257,1.3481008555872438,0.8349159637487571,Medium,Low
10266,0.08104869268662372,0.9113677144676957,Low,High
10280,1.2085129310344827,0.872276724319167,Medium,Low
10297,0.6832864180154821,0.9240487274249523,Medium,Low
10320,0.19806744979158772,0.9649780126748794,Low,Low
10343,-0.11315465387606949,0.7247479468827679,Low,High
10345,0.20172991071428573,0.890276005778878,Low,Medium
10351,0.10702113644174589,0.9082415555195565,Low,Medium
10361,0.13758210180623975,0.9246688262307965,Low,Low
10364,0.22104176784847013,0.9576540586525603,Low,Medium
10365,0.43629215611974237,0.8581446933914405,Low,Medium
10404,0.6456922208538587,0.9210994675660124,Medium,Low
10411,0.5159682465716948,0.7802124232464964,Low,High
10436,0.7938871473354232,0.9255595293617096,High,High
10439,0.488164217071792,0.9703355196112298,Low,Low
10440,0.2393023301274533,0.9676117967754734,Medium,Low
10445,0.7704393770856507,0.9399747084113224,Medium,Low
10451,0.06581935036945813,0.9741084051184711,Low,Low
10478,0.28173898869892783,0.8318829856168056,Low,High
10493,1.2274844720496896,0.667540502199165,Medium,High
10520,0.22878856624319419,0.7012637792130626,Low,High
10558,0.7012731816864676,0.7730400327696365,Medium,High
10562,0.2922237860661506,0.7999790550304829,Low,High
10607,0.9763996779082985,0.7719124045792749,Medium,High
10613,0.9664408866995073,0.8688241697738761,Medium,Medium
10630,0.24051462110889843,0.9502364411960905,Low,Low
10644,1.4714213271515504,0.8824386905584478,Medium,Low
10645,0.5442323481116584,0.9072308426696808,Low,Low
10650,0.8585796387520526,0.8876676625578609,Low,Medium
10652,0.648311048557354,0.8850811879469561,Medium,Low
10656,0.08965792956400263,0.9720022223890692,Low,Low
10663,0.19476600985221676,0.9612755711305073,Low,Low
10670,0.5548988532665751,0.9359863732538424,Low,Medium
10679,0.8420404459424423,0.8989489815880001,Low,Low
10694,0.469926902907993,0.5419101027241771,Medium,High
10710,0.49207609541094116,0.6729376686061139,Medium,High
10711,0.8707108883981655,0.9280546479120259,High,Low
10728,0.17230475164203612,0.9116545898626184,Low,Medium
10738,0.2489088307736888,0.9416584969284021,Low,High
10762,0.4123833290121856,0.9364644923806711,Medium,Low
10774,0.6818675746160533,0.9108472832311483,High,Medium
10788,0.30221876766534767,0.8270581579367281,Low,High
10789,0.8582717569786535,0.8310193048611307,Low,Medium
10799,1.0908828509852218,0.9350947337196162,High,High
10807,0.9218260188087773,0.9172005050879876,Medium,Low
10812,0.11704125615763547,0.6066205846278527,Low,High
10857,-0.06279604016672982,0.6492715965933972,Low,High
10884,0.5576274362818591,0.88683022534395,Medium,High
10904,0.07825749010740532,0.8453158017286425,Low,High
10905,0.7947167487684728,0.8922337929086315,High,High
10906,0.5124868771703142,0.9002271498961003,Low,High
10911,0.22067311227115652,0.9639139480266568,Low,Low
10915,0.2964341692789969,0.9116658523927615,Low,Low
10940,0.2848443975291266,0.9712660294092307,Low,Low
10942,0.27605021893814996,0.9303190213930328,Low,Medium
10954,0.45810684559198234,0.8998332556947984,Medium,Medium
10963,0.5659224997135984,0.8646519192269598,Low,High
10973,0.26091621993625036,0.9493900363251548,Low,Medium
11013,0.37445900774102747,0.974058785572332,Low,Low
11021,0.5214988069581281,0.932340682781572,Low,High
11027,0.5284525225072193,0.8814664178795641,Medium,Medium
11042,0.29971308038989625,0.9565036446062922,Low,Low
11053,0.7899760176302826,0.7629655348529486,Low,High
11054,0.4804223413503333,0.9139648923086952,Medium,Low
11065,0.16500678232312416,0.9627753061504233,Low,Medium
11069,0.859100105559465,0.795134405885632,Medium,High
11079,0.8465916655571828,0.8905820220522992,Low,Medium
11096,0.8336797003284072,0.8753118745741846,Medium,Low
11111,0.501498051613852,0.9511644823570448,Low,Medium
11123,-0.016413283506030236,0.5423046907008997,Low,High
11135,0.26659582075321786,0.9639246744748229,Low,Low
11138,0.43114224137931034,0.9043056638418523,Low,Low
11141,1.300912449619346,0.7583515113217207,Medium,High
11186,0.5326354679802956,0.9449813899818083,Low,Low
11231,0.9851517017465294,0.8496273335930705,Medium,Medium
11244,0.25483240522595846,0.7811693962345022,Low,Medium
11265,0.11867324637480053,0.9774615264208352,Low,Low
11271,0.15533819628647216,0.9311017475784027,Low,Low
11295,0.44984996184000553,0.9707866578546611,Medium,Medium
11317,1.6389995653433787,0.8781485771653953,Medium,Low
11320,0.16207907506800973,0.966834121507781,Low,Low
11325,-0.0011330049261083746,0.4875792194605905,Low,High
11327,1.7010028149190712,0.9468037649278951,High,Low
11328,0.7829926108374384,0.7278257137620997,Medium,High
11333,0.32638826690550826,0.8498051762806353,Low,High
11349,0.24332684156260742,0.9378600033734203,Low,Low
11359,0.4629741379310345,0.9598703381772893,Low,Low
11362,0.3120948924034224,0.9299126184207016,Low,Low
11382,0.6285714285714284,0.8993740242967502,Medium,Medium
