account_id,IN,OUT,B,Months_Count,IN/M,OUT/M,B/M
1,194322,180870,13452,45,4318.266666666666,4019.3333333333335,298.93333333333334
2,1597055,1554459,42596,70,22815.071428571428,22206.557142857142,608.5142857142857
3,173062,121968,51094,17,10180.117647058823,7174.588235294118,3005.529411764706
4,192349,158637,33712,34,5657.323529411765,4665.794117647059,991.5294117647059
5,97489,69402,28087,19,5131.0,3652.7368421052633,1478.2631578947369
6,347616,299968,47648,51,6816.0,5881.725490196079,934.2745098039215
7,630267,561780,68487,25,25210.68,22471.2,2739.48
8,892765,820158,72607,39,22891.410256410258,21029.69230769231,1861.7179487179487
9,360153,336305,23848,71,5072.577464788732,4736.69014084507,335.88732394366195
10,549951,490664,59287,28,19641.10714285714,17523.714285714286,2117.3928571428573
11,140646,117470,23176,38,3701.2105263157896,3091.315789473684,609.8947368421053
12,121433,95325,26108,20,6071.65,4766.25,1305.4
13,110720,97499,13221,16,6920.0,6093.6875,826.3125
14,412588,373280,39308,25,16503.52,14931.2,1572.32
15,1188501,1141098,47403,62,19169.370967741936,18404.8064516129,764.5645161290323
16,347217,314190,33027,15,23147.8,20946.0,2201.8
17,255462,157586,97876,23,11107.04347826087,6851.565217391304,4255.478260869565
18,1905134,1823570,81564,67,28434.83582089552,27217.462686567163,1217.3731343283582
19,793196,782336,10860,44,18027.18181818182,17780.363636363636,246.8181818181818
20,86224,68537,17687,28,3079.4285714285716,2447.75,631.6785714285714
21,175834,122604,53230,12,14652.833333333334,10217.0,4435.833333333333
22,1067606,1031884,35722,57,18729.929824561405,18103.22807017544,626.7017543859649
23,1639485,1556404,83081,67,24469.925373134327,23229.910447761195,1240.0149253731342
24,354861,333282,21579,24,14785.875,13886.75,899.125
25,1494375,1464181,30194,29,51530.1724137931,50489.0,1041.1724137931035
26,1761407,1709657,51750,64,27521.984375,26713.390625,808.59375
27,618580,586402,32178,63,9818.730158730159,9307.968253968254,510.76190476190476
29,961742,924209,37533,49,19627.38775510204,18861.408163265307,765.9795918367347
30,2302980,2258841,44139,45,51177.333333333336,50196.46666666667,980.8666666666667
31,2910489,2897211,13278,55,52917.98181818182,52676.56363636364,241.4181818181818
32,734334,644625,89709,40,18358.35,16115.625,2242.725
33,1672201,1559813,112388,64,26128.140625,24372.078125,1756.0625
34,2196376,2146258,50118,63,34863.11111111111,34067.5873015873,795.5238095238095
35,359359,338634,20725,65,5528.6,5209.753846153846,318.84615384615387
36,1436080,1356953,79127,65,22093.53846153846,20876.2,1217.3384615384616
37,497029,451130,45899,16,31064.3125,28195.625,2868.6875
38,308266,263686,44580,16,19266.625,16480.375,2786.25
39,414931,398635,16296,63,6586.206349206349,6327.539682539683,258.6666666666667
40,464911,441227,23684,62,7498.564516129032,7116.564516129032,382.0
41,327943,227180,100763,16,20496.4375,14198.75,6297.6875
42,310492,284514,25978,28,11089.0,10161.214285714286,927.7857142857143
43,1451227,1390480,60747,54,26874.574074074073,25749.62962962963,1124.9444444444443
44,286629,262812,23817,67,4278.044776119403,3922.5671641791046,355.4776119402985
45,79639,53765,25874,15,5309.266666666666,3584.3333333333335,1724.9333333333334
47,2506331,2427593,78738,64,39161.421875,37931.140625,1230.28125
48,634071,563160,70911,25,25362.84,22526.4,2836.44
49,99237,83932,15305,20,4961.85,4196.6,765.25
50,1001520,915408,86112,55,18209.454545454544,16643.78181818182,1565.6727272727273
51,710284,612070,98214,31,22912.387096774193,19744.1935483871,3168.1935483870966
52,642934,621779,21155,23,27953.652173913044,27033.869565217392,919.7826086956521
53,187627,172509,15118,42,4467.309523809524,4107.357142857143,359.95238095238096
54,154800,127995,26805,43,3600.0,2976.6279069767443,623.3720930232558
55,159868,138889,20979,34,4702.0,4084.970588235294,617.0294117647059
56,909741,852190,57551,55,16540.745454545453,15494.363636363636,1046.3818181818183
57,1009437,946443,62994,43,23475.279069767443,22010.302325581397,1464.9767441860465
58,164373,153122,11251,28,5870.464285714285,5468.642857142857,401.82142857142856
59,941102,861305,79797,57,16510.56140350877,15110.61403508772,1399.9473684210527
61,246503,228095,18408,60,4108.383333333333,3801.5833333333335,306.8
62,357755,341095,16660,69,5184.855072463768,4943.405797101449,241.44927536231884
63,128535,96207,32328,25,5141.4,3848.28,1293.12
64,119828,98100,21728,21,5706.0952380952385,4671.428571428572,1034.6666666666667
65,706799,650659,56140,26,27184.576923076922,25025.346153846152,2159.230769230769
66,2989788,2889532,100256,60,49829.8,48158.86666666667,1670.9333333333334
67,2278938,2239245,39693,50,45578.76,44784.9,793.86
68,1871323,1774206,97117,48,38985.895833333336,36962.625,2023.2708333333333
69,282307,218845,63462,35,8065.914285714286,6252.714285714285,1813.2
70,478824,436415,42409,46,10409.217391304348,9487.282608695652,921.9347826086956
71,1382686,1313133,69553,57,24257.64912280702,23037.42105263158,1220.2280701754387
72,1654842,1632504,22338,30,55161.4,54416.8,744.6
73,1313258,1251353,61905,61,21528.819672131147,20513.983606557376,1014.8360655737705
75,555592,530309,25283,40,13889.8,13257.725,632.075
76,299931,280306,19625,31,9675.193548387097,9042.129032258064,633.0645161290323
77,473646,454312,19334,25,18945.84,18172.48,773.36
78,1273708,1195794,77914,65,19595.507692307692,18396.830769230768,1198.676923076923
79,106824,84928,21896,25,4272.96,3397.12,875.84
80,135526,108188,27338,39,3475.025641025641,2774.051282051282,700.974358974359
81,135754,99319,36435,29,4681.172413793103,3424.793103448276,1256.3793103448277
82,2462379,2378467,83912,55,44770.527272727275,43244.854545454546,1525.6727272727273
83,725600,692385,33215,68,10670.588235294117,10182.132352941177,488.45588235294116
84,1239522,1135396,104126,36,34431.166666666664,31538.777777777777,2892.3888888888887
85,181596,129587,52009,21,8647.42857142857,6170.809523809524,2476.6190476190477
86,233442,211485,21957,69,3383.217391304348,3065.0,318.2173913043478
88,104549,80133,24416,29,3605.137931034483,2763.206896551724,841.9310344827586
89,98566,60650,37916,15,6571.066666666667,4043.3333333333335,2527.733333333333
90,1431984,1407873,24111,53,27018.56603773585,26563.64150943396,454.92452830188677
91,266450,270638,-4188,24,11102.083333333334,11276.583333333334,-174.5
93,261393,227390,34003,30,8713.1,7579.666666666667,1133.4333333333334
95,1182232,1101800,80432,45,26271.82222222222,24484.444444444445,1787.3777777777777
96,3417355,3332515,84840,70,48819.357142857145,47607.357142857145,1212.0
97,640923,588347,52576,31,20674.935483870966,18978.935483870966,1696.0
98,93422,78984,14438,19,4916.9473684210525,4157.0526315789475,759.8947368421053
99,1258142,1255846,2296,41,30686.39024390244,30630.39024390244,56.0
100,883222,808397,74825,60,14720.366666666667,13473.283333333333,1247.0833333333333
101,676125,602446,73679,32,21128.90625,18826.4375,2302.46875
102,909036,859056,49980,62,14661.870967741936,13855.741935483871,806.1290322580645
103,876388,838370,38018,33,26557.21212121212,25405.151515151516,1152.060606060606
104,214126,188513,25613,68,3148.9117647058824,2772.25,376.6617647058824
105,255490,238272,17218,17,15028.823529411764,14016.0,1012.8235294117648
106,959860,894935,64925,49,19588.979591836734,18263.979591836734,1325.0
107,551136,506887,44249,61,9035.016393442624,8309.622950819672,725.3934426229508
108,794909,737940,56969,45,17664.644444444446,16398.666666666668,1265.9777777777779
109,122673,80855,41818,20,6133.65,4042.75,2090.9
110,751638,677768,73870,29,25918.55172413793,23371.310344827587,2547.2413793103447
112,468252,416470,51782,69,6786.260869565217,6035.797101449275,750.463768115942
113,188754,162410,26344,29,6508.758620689655,5600.3448275862065,908.4137931034483
114,90907,64811,26096,21,4328.9047619047615,3086.2380952380954,1242.6666666666667
115,634593,601010,33583,69,9197.0,8710.289855072464,486.71014492753625
116,840024,767821,72203,33,25455.272727272728,23267.303030303032,2187.969696969697
117,320042,303385,16657,63,5080.0317460317465,4815.6349206349205,264.3968253968254
118,82020,52540,29480,15,5468.0,3502.6666666666665,1965.3333333333333
119,1583828,1526454,57374,67,23639.223880597016,22782.89552238806,856.3283582089553
120,1076827,1050990,25837,42,25638.738095238095,25023.571428571428,615.1666666666666
121,76043,41090,34953,14,5431.642857142857,2935.0,2496.6428571428573
122,650394,593615,56779,26,25015.153846153848,22831.346153846152,2183.8076923076924
123,338914,315550,23364,69,4911.797101449275,4573.188405797101,338.60869565217394
124,51535,37971,13564,12,4294.583333333333,3164.25,1130.3333333333333
125,983803,918944,64859,27,36437.148148148146,34034.96296296296,2402.185185185185
126,1608417,1558079,50338,62,25942.209677419356,25130.3064516129,811.9032258064516
127,202598,185070,17528,58,3493.0689655172414,3190.862068965517,302.2068965517241
128,444797,370105,74692,70,6354.242857142857,5287.214285714285,1067.0285714285715
129,106870,87010,19860,14,7633.571428571428,6215.0,1418.5714285714287
130,152314,123148,29166,22,6923.363636363636,5597.636363636364,1325.7272727272727
131,496066,459722,36344,42,11811.095238095239,10945.761904761905,865.3333333333334
132,1285258,1250697,34561,31,41459.93548387097,40345.06451612903,1114.8709677419354
133,694286,647705,46581,14,49591.857142857145,46264.642857142855,3327.214285714286
134,140633,95105,45528,12,11719.416666666666,7925.416666666667,3794.0
135,408097,334415,73682,66,6183.287878787879,5066.893939393939,1116.3939393939395
136,200858,173772,27086,31,6479.290322580645,5605.548387096775,873.741935483871
137,736255,686691,49564,29,25388.103448275862,23679.0,1709.103448275862
138,37600,16400,21200,39,964.1025641025641,420.5128205128205,543.5897435897435
139,694254,640023,54231,19,36539.68421052631,33685.42105263158,2854.2631578947367
140,190393,142830,47563,30,6346.433333333333,4761.0,1585.4333333333334
141,1122655,1067789,54866,33,34019.84848484849,32357.242424242424,1662.6060606060605
142,325682,303465,22217,70,4652.6,4335.214285714285,317.3857142857143
143,125079,102312,22767,25,5003.16,4092.48,910.68
144,808869,724392,84477,20,40443.45,36219.6,4223.85
145,360550,298145,62405,35,10301.42857142857,8518.42857142857,1783.0
146,409540,370752,38788,63,6500.6349206349205,5884.952380952381,615.6825396825396
148,233999,206817,27182,66,3545.439393939394,3133.590909090909,411.8484848484849
149,88418,34500,53918,13,6801.384615384615,2653.846153846154,4147.538461538462
150,282083,262330,19753,45,6268.511111111111,5829.555555555556,438.9555555555556
151,373461,349145,24316,63,5927.952380952381,5541.984126984127,385.968253968254
152,210063,191437,18626,32,6564.46875,5982.40625,582.0625
153,954958,932291,22667,63,15158.063492063493,14798.269841269841,359.7936507936508
154,843237,750894,92343,54,15615.5,13905.444444444445,1710.0555555555557
155,241998,222139,19859,37,6540.486486486487,6003.756756756757,536.7297297297297
156,50367,34055,16312,14,3597.6428571428573,2432.5,1165.142857142857
157,147190,113237,33953,21,7009.047619047619,5392.238095238095,1616.8095238095239
158,1211333,1194080,17253,45,26918.51111111111,26535.11111111111,383.4
159,537472,442747,94725,22,24430.545454545456,20124.863636363636,4305.681818181818
160,948351,899431,48920,63,15053.190476190477,14276.682539682539,776.5079365079365
161,243896,229076,14820,53,4601.811320754717,4322.188679245283,279.62264150943395
162,338544,316935,21609,64,5289.75,4952.109375,337.640625
163,484028,446516,37512,71,6817.295774647887,6288.957746478874,528.3380281690141
164,157159,124300,32859,27,5820.7037037037035,4603.7037037037035,1217.0
165,469929,408366,61563,66,7120.136363636364,6187.363636363636,932.7727272727273
166,131007,109351,21656,28,4678.821428571428,3905.3928571428573,773.4285714285714
167,1402465,1353124,49341,34,41248.970588235294,39797.76470588235,1451.2058823529412
168,210340,194577,15763,68,3093.235294117647,2861.426470588235,231.80882352941177
169,560936,493760,67176,39,14382.97435897436,12660.51282051282,1722.4615384615386
170,568677,512575,56102,29,19609.55172413793,17675.0,1934.551724137931
171,188845,173262,15583,30,6294.833333333333,5775.4,519.4333333333333
172,1573896,1509205,64691,64,24592.125,23581.328125,1010.796875
173,1322731,1258744,63987,61,21684.114754098362,20635.147540983606,1048.967213114754
174,97174,76202,20972,27,3599.037037037037,2822.296296296296,776.7407407407408
176,1481274,1409445,71829,28,52902.642857142855,50337.32142857143,2565.3214285714284
177,325516,263150,62366,15,21701.066666666666,17543.333333333332,4157.733333333334
178,49462,31382,18080,15,3297.4666666666667,2092.133333333333,1205.3333333333333
179,643319,599071,44248,15,42887.933333333334,39938.066666666666,2949.866666666667
180,1637065,1572753,64312,60,27284.416666666668,26212.55,1071.8666666666666
181,371136,338655,32481,30,12371.2,11288.5,1082.7
182,19700,9700,10000,17,1158.8235294117646,570.5882352941177,588.2352941176471
183,970746,925149,45597,60,16179.1,15419.15,759.95
184,736773,669735,67038,34,21669.79411764706,19698.08823529412,1971.7058823529412
185,379963,314359,65604,17,22350.764705882353,18491.70588235294,3859.0588235294117
186,2603777,2529334,74443,65,40058.10769230769,38912.83076923077,1145.2769230769231
187,294667,269462,25205,69,4270.536231884058,3905.246376811594,365.28985507246375
188,1458591,1358603,99988,68,21449.867647058825,19979.45588235294,1470.4117647058824
189,467112,395849,71263,20,23355.6,19792.45,3563.15
190,897885,828425,69460,45,19953.0,18409.444444444445,1543.5555555555557
191,1022400,929162,93238,21,48685.71428571428,44245.80952380953,4439.9047619047615
192,423258,393331,29927,71,5961.380281690141,5539.87323943662,421.50704225352115
193,290760,265565,25195,24,12115.0,11065.208333333334,1049.7916666666667
194,156086,133060,23026,28,5574.5,4752.142857142857,822.3571428571429
195,357990,308575,49415,22,16272.272727272728,14026.136363636364,2246.1363636363635
196,917862,843951,73911,61,15046.918032786885,13835.262295081968,1211.655737704918
197,1666331,1614279,52052,70,23804.72857142857,23061.128571428573,743.6
198,272681,250197,22484,62,4398.080645161291,4035.435483870968,362.64516129032256
199,80034,53173,26861,26,3078.230769230769,2045.1153846153845,1033.1153846153845
200,570727,471835,98892,53,10768.433962264151,8902.547169811322,1865.8867924528302
201,879620,835639,43981,49,17951.428571428572,17053.85714285714,897.5714285714286
204,105249,80130,25119,35,3007.114285714286,2289.4285714285716,717.6857142857143
205,133663,88400,45263,14,9547.357142857143,6314.285714285715,3233.0714285714284
206,295758,260360,35398,44,6721.772727272727,5917.272727272727,804.5
207,422631,396550,26081,65,6502.015384615384,6100.7692307692305,401.24615384615385
208,551438,531709,19729,33,16710.242424242424,16112.39393939394,597.8484848484849
209,131479,85803,45676,25,5259.16,3432.12,1827.04
210,613838,583652,30186,33,18601.151515151516,17686.424242424244,914.7272727272727
211,742148,673615,68533,17,43655.76470588235,39624.41176470588,4031.3529411764707
212,3857258,3761845,95413,71,54327.57746478873,52983.7323943662,1343.8450704225352
213,1064408,1027825,36583,40,26610.2,25695.625,914.575
214,67497,52469,15028,21,3214.1428571428573,2498.5238095238096,715.6190476190476
215,42900,27819,15081,13,3300.0,2139.923076923077,1160.076923076923
216,361452,340783,20669,55,6571.854545454546,6196.054545454545,375.8
217,575779,551508,24271,47,12250.617021276596,11734.212765957447,516.4042553191489
218,1822784,1797325,25459,34,53611.294117647056,52862.5,748.7941176470588
219,767866,720230,47636,39,19688.871794871793,18467.4358974359,1221.4358974358975
220,363915,335415,28500,68,5351.691176470588,4932.573529411765,419.11764705882354
221,617634,559127,58507,26,23755.153846153848,21504.884615384617,2250.269230769231
222,2597773,2537840,59933,69,37648.884057971016,36780.289855072464,868.5942028985507
223,326758,301785,24973,42,7779.952380952381,7185.357142857143,594.5952380952381
224,152938,133591,19347,26,5882.2307692307695,5138.115384615385,744.1153846153846
225,563499,470582,92917,65,8669.215384615385,7239.723076923077,1429.4923076923078
226,488799,444331,44468,22,22218.136363636364,20196.863636363636,2021.2727272727273
227,2200116,2114935,85181,45,48891.46666666667,46998.555555555555,1892.911111111111
228,1491924,1425960,65964,63,23681.333333333332,22634.285714285714,1047.047619047619
229,106843,82635,24208,18,5935.722222222223,4590.833333333333,1344.888888888889
230,655359,643555,11804,34,19275.264705882353,18928.08823529412,347.1764705882353
231,143699,126563,17136,44,3265.8863636363635,2876.431818181818,389.45454545454544
232,330633,248884,81749,13,25433.30769230769,19144.923076923078,6288.384615384615
234,382609,366680,15929,65,5886.292307692308,5641.2307692307695,245.06153846153848
235,215455,199144,16311,62,3475.0806451612902,3212.0,263.0806451612903
236,39700,26700,13000,33,1203.030303030303,809.0909090909091,393.93939393939394
237,169969,155320,14649,57,2981.9122807017543,2724.9122807017543,257.0
238,219253,200281,18972,64,3425.828125,3129.390625,296.4375
239,2530560,2495582,34978,69,36674.782608695656,36167.85507246377,506.92753623188406
240,500448,482821,17627,20,25022.4,24141.05,881.35
241,147735,107834,39901,27,5471.666666666667,3993.8518518518517,1477.8148148148148
242,717802,664699,53103,28,25635.785714285714,23739.25,1896.5357142857142
243,2470285,2455128,15157,61,40496.475409836065,40248.0,248.47540983606558
244,371807,319733,52074,70,5311.528571428571,4567.614285714286,743.9142857142857
245,1617433,1572779,44654,61,26515.29508196721,25783.262295081968,732.0327868852459
246,55065,37855,17210,12,4588.75,3154.5833333333335,1434.1666666666667
248,1225195,1189874,35321,44,27845.340909090908,27042.590909090908,802.75
249,489387,469454,19933,24,20391.125,19560.583333333332,830.5416666666666
250,149541,100900,48641,19,7870.578947368421,5310.526315789473,2560.0526315789475
251,363542,328091,35451,32,11360.6875,10252.84375,1107.84375
252,143338,92875,50463,24,5972.416666666667,3869.7916666666665,2102.625
253,913984,807182,106802,36,25388.444444444445,22421.722222222223,2966.722222222222
255,1095431,993903,101528,25,43817.24,39756.12,4061.12
256,900499,883470,17029,43,20941.837209302324,20545.81395348837,396.0232558139535
257,819589,810753,8836,37,22151.054054054053,21912.243243243243,238.8108108108108
258,113891,89243,24648,17,6699.470588235294,5249.588235294118,1449.8823529411766
259,410203,394277,15926,62,6616.177419354839,6359.306451612903,256.8709677419355
260,424061,383253,40808,38,11159.5,10085.605263157895,1073.8947368421052
261,117453,95977,21476,26,4517.423076923077,3691.423076923077,826.0
262,40900,18300,22600,34,1202.9411764705883,538.2352941176471,664.7058823529412
263,860924,810015,50909,23,37431.47826086957,35218.04347826087,2213.4347826086955
264,265872,230480,35392,34,7819.764705882353,6778.823529411765,1040.9411764705883
265,186704,165955,20749,29,6438.068965517241,5722.586206896552,715.4827586206897
266,3053193,2978191,75002,55,55512.6,54148.92727272727,1363.6727272727273
267,216883,199955,16928,44,4929.159090909091,4544.431818181818,384.72727272727275
268,901153,863294,37859,31,29069.451612903227,27848.1935483871,1221.258064516129
269,142700,100073,42627,28,5096.428571428572,3574.035714285714,1522.392857142857
270,1228045,1138834,89211,47,26128.617021276597,24230.510638297874,1898.1063829787233
271,205638,146660,58978,28,7344.214285714285,5237.857142857143,2106.3571428571427
272,569452,532749,36703,26,21902.0,20490.346153846152,1411.6538461538462
273,1035310,994815,40495,65,15927.846153846154,15304.846153846154,623.0
274,1434948,1392239,42709,64,22421.0625,21753.734375,667.328125
275,125304,107215,18089,35,3580.114285714286,3063.285714285714,516.8285714285714
276,392654,333280,59374,12,32721.166666666668,27773.333333333332,4947.833333333333
277,1668482,1578181,90301,55,30336.036363636365,28694.2,1641.8363636363636
278,756290,659456,96834,32,23634.0625,20608.0,3026.0625
279,210265,179521,30744,68,3092.1323529411766,2640.014705882353,452.11764705882354
280,979313,913812,65501,71,13793.140845070422,12870.591549295774,922.5492957746479
281,356680,296231,60449,26,13718.461538461539,11393.5,2324.9615384615386
282,437516,384592,52924,19,23027.157894736843,20241.684210526317,2785.4736842105262
283,158324,130259,28065,32,4947.625,4070.59375,877.03125
284,386552,355834,30718,17,22738.352941176472,20931.41176470588,1806.9411764705883
285,963324,862185,101139,43,22402.883720930233,20050.81395348837,2352.0697674418607
286,848681,814392,34289,33,25717.60606060606,24678.545454545456,1039.060606060606
287,287815,272487,15328,62,4642.177419354839,4394.951612903225,247.2258064516129
288,244050,218644,25406,45,5423.333333333333,4858.7555555555555,564.5777777777778
289,1093990,1046957,47033,57,19192.80701754386,18367.666666666668,825.140350877193
290,2104787,2067592,37195,60,35079.78333333333,34459.86666666667,619.9166666666666
291,1343022,1261396,81626,18,74612.33333333333,70077.55555555556,4534.777777777777
292,104997,84687,20310,22,4772.590909090909,3849.409090909091,923.1818181818181
293,253410,240397,13013,19,13337.368421052632,12652.473684210527,684.8947368421053
294,405351,337857,67494,23,17623.956521739132,14689.434782608696,2934.521739130435
295,306064,275796,30268,13,23543.384615384617,21215.076923076922,2328.3076923076924
296,152933,138895,14038,34,4498.029411764706,4085.1470588235293,412.88235294117646
297,219693,158225,61468,27,8136.777777777777,5860.185185185185,2276.5925925925926
298,185338,154940,30398,12,15444.833333333334,12911.666666666666,2533.1666666666665
299,2737631,2653283,84348,68,40259.279411764706,39018.867647058825,1240.4117647058824
300,464733,391501,73232,66,7041.409090909091,5931.833333333333,1109.5757575757575
301,116840,94710,22130,39,2995.897435897436,2428.4615384615386,567.4358974358975
302,209864,191953,17911,31,6769.806451612903,6192.032258064516,577.7741935483871
303,509709,467259,42450,29,17576.172413793105,16112.379310344828,1463.7931034482758
304,766761,743421,23340,21,36512.42857142857,35401.0,1111.4285714285713
305,116809,100531,16278,26,4492.653846153846,3866.576923076923,626.0769230769231
306,444943,412224,32719,66,6741.560606060606,6245.818181818182,495.74242424242425
307,413143,340980,72163,16,25821.4375,21311.25,4510.1875
308,68181,27600,40581,37,1842.7297297297298,745.9459459459459,1096.7837837837837
309,428314,404106,24208,20,21415.7,20205.3,1210.4
311,310302,244962,65340,16,19393.875,15310.125,4083.75
312,488180,427913,60267,35,13948.0,12226.085714285715,1721.9142857142858
313,105937,80489,25448,29,3653.0,2775.4827586206898,877.5172413793103
314,1415124,1389759,25365,35,40432.114285714284,39707.4,724.7142857142857
315,26200,11200,15000,12,2183.3333333333335,933.3333333333334,1250.0
316,153014,132355,20659,19,8053.368421052632,6966.0526315789475,1087.3157894736842
317,422564,383895,38669,69,6124.115942028986,5563.695652173913,560.4202898550725
318,358092,321516,36576,51,7021.411764705882,6304.235294117647,717.1764705882352
319,1722664,1643898,78766,38,45333.26315789474,43260.47368421053,2072.7894736842104
320,170724,126500,44224,23,7422.782608695652,5500.0,1922.7826086956522
321,321989,304046,17943,61,5278.508196721312,4984.360655737705,294.1475409836066
322,1281999,1246685,35314,70,18314.27142857143,17809.785714285714,504.48571428571427
323,152195,132445,19750,22,6917.954545454545,6020.227272727273,897.7272727272727
324,150644,112541,38103,28,5380.142857142857,4019.3214285714284,1360.8214285714287
325,159947,140203,19744,26,6151.807692307692,5392.423076923077,759.3846153846154
326,93454,75134,18320,16,5840.875,4695.875,1145.0
327,1176797,1112221,64576,66,17830.257575757576,16851.833333333332,978.4242424242424
328,106123,93042,13081,15,7074.866666666667,6202.8,872.0666666666667
329,685648,610519,75129,26,26371.076923076922,23481.5,2889.576923076923
330,620208,593488,26720,25,24808.32,23739.52,1068.8
331,265085,249622,15463,38,6975.921052631579,6569.0,406.92105263157896
332,175249,149420,25829,35,5007.114285714286,4269.142857142857,737.9714285714285
333,74090,53573,20517,24,3087.0833333333335,2232.2083333333335,854.875
334,1370574,1273794,96780,67,20456.328358208953,19011.850746268658,1444.4776119402984
335,204161,175127,29034,35,5833.171428571429,5003.628571428571,829.5428571428571
336,772985,716973,56012,38,20341.71052631579,18867.71052631579,1474.0
337,1096384,1039078,57306,37,29632.0,28083.18918918919,1548.8108108108108
338,145625,128104,17521,37,3935.810810810811,3462.2702702702704,473.5405405405405
339,1439997,1342008,97989,27,53333.22222222222,49704.0,3629.222222222222
340,365928,326551,39377,61,5998.819672131148,5353.295081967213,645.5245901639345
341,424297,410000,14297,25,16971.88,16400.0,571.88
342,93620,73699,19921,26,3600.769230769231,2834.576923076923,766.1923076923077
343,256286,237850,18436,56,4576.535714285715,4247.321428571428,329.2142857142857
344,949033,892447,56586,60,15817.216666666667,14874.116666666667,943.1
345,1129971,1047104,82867,61,18524.114754098362,17165.639344262294,1358.4754098360656
346,1556669,1504935,51734,71,21924.915492957745,21196.267605633802,728.6478873239437
347,2000735,1944989,55746,60,33345.583333333336,32416.483333333334,929.1
348,748369,675280,73089,37,20226.18918918919,18250.81081081081,1975.3783783783783
349,179141,162462,16679,18,9952.277777777777,9025.666666666666,926.6111111111111
350,166506,144356,22150,26,6404.076923076923,5552.153846153846,851.9230769230769
351,179748,161600,18148,22,8170.363636363636,7345.454545454545,824.9090909090909
352,239635,219653,19982,53,4521.415094339623,4144.396226415094,377.0188679245283
353,274747,204471,70276,40,6868.675,5111.775,1756.9
354,810808,728173,82635,62,13077.548387096775,11744.725806451614,1332.8225806451612
355,561667,539900,21767,34,16519.617647058825,15879.411764705883,640.2058823529412
356,674155,599072,75083,33,20428.939393939392,18153.696969696968,2275.242424242424
357,105793,83132,22661,33,3205.848484848485,2519.151515151515,686.6969696969697
358,212162,191635,20527,60,3536.0333333333333,3193.9166666666665,342.1166666666667
359,258770,234281,24489,48,5391.041666666667,4880.854166666667,510.1875
360,830807,775470,55337,31,26800.225806451614,25015.16129032258,1785.0645161290322
361,1812940,1777989,34951,70,25899.14285714286,25399.842857142856,499.3
362,826556,765004,61552,68,12155.235294117647,11250.058823529413,905.1764705882352
363,2385026,2281550,103476,55,43364.10909090909,41482.72727272727,1881.3818181818183
364,79480,52608,26872,23,3455.6521739130435,2287.304347826087,1168.3478260869565
365,1176667,1154087,22580,60,19611.116666666665,19234.783333333333,376.3333333333333
366,624073,584955,39118,26,24002.80769230769,22498.26923076923,1504.5384615384614
367,312461,262629,49832,19,16445.315789473683,13822.578947368422,2622.7368421052633
368,623121,592264,30857,65,9586.476923076923,9111.753846153846,474.7230769230769
370,185679,164860,20819,58,3201.362068965517,2842.4137931034484,358.94827586206895
371,178641,119410,59231,28,6380.035714285715,4264.642857142857,2115.3928571428573
372,987043,946228,40815,39,25308.79487179487,24262.25641025641,1046.5384615384614
373,379820,327487,52333,30,12660.666666666666,10916.233333333334,1744.4333333333334
374,1811592,1765938,45654,71,25515.38028169014,24872.3661971831,643.0140845070423
375,181385,163004,18381,30,6046.166666666667,5433.466666666666,612.7
376,1234947,1166312,68635,45,27443.266666666666,25918.044444444444,1525.2222222222222
377,2217265,2112749,104516,52,42639.71153846154,40629.78846153846,2009.923076923077
378,1982932,1943976,38956,29,68376.96551724138,67033.6551724138,1343.3103448275863
379,137405,123518,13887,31,4432.419354838709,3984.451612903226,447.96774193548384
381,612768,563635,49133,65,9427.2,8671.307692307691,755.8923076923077
382,98601,70510,28091,28,3521.464285714286,2518.214285714286,1003.25
383,60185,42018,18167,19,3167.6315789473683,2211.4736842105262,956.1578947368421
384,849591,775922,73669,15,56639.4,51728.13333333333,4911.266666666666
385,246703,217509,29194,68,3627.985294117647,3198.6617647058824,429.3235294117647
386,337813,257152,80661,16,21113.3125,16072.0,5041.3125
387,363180,320027,43153,15,24212.0,21335.133333333335,2876.866666666667
388,616940,517023,99917,46,13411.739130434782,11239.630434782608,2172.108695652174
389,484866,463801,21065,64,7576.03125,7246.890625,329.140625
390,2317029,2207420,109609,34,68147.91176470589,64924.117647058825,3223.794117647059
391,414722,396070,18652,60,6912.033333333334,6601.166666666667,310.8666666666667
392,473056,417420,55636,29,16312.275862068966,14393.793103448275,1918.4827586206898
393,1273065,1240554,32511,46,27675.32608695652,26968.565217391304,706.7608695652174
395,1666769,1643495,23274,69,24156.072463768116,23818.768115942028,337.30434782608694
396,1761085,1707050,54035,69,25522.971014492752,24739.855072463768,783.1159420289855
397,2122120,2016666,105454,62,34227.74193548387,32526.870967741936,1700.8709677419354
398,68821,54665,14156,14,4915.785714285715,3904.6428571428573,1011.1428571428571
399,903847,875836,28011,28,32280.25,31279.85714285714,1000.3928571428571
400,1000170,948428,51742,65,15387.23076923077,14591.2,796.0307692307692
401,1003994,966253,37741,71,14140.760563380281,13609.197183098591,531.5633802816901
402,336068,301473,34595,15,22404.533333333333,20098.2,2306.3333333333335
403,374109,295080,79029,65,5755.523076923077,4539.692307692308,1215.8307692307692
404,1588467,1514464,74003,44,36101.52272727273,34419.63636363636,1681.8863636363637
405,796753,782929,13824,21,37940.619047619046,37282.333333333336,658.2857142857143
406,89131,73971,15160,27,3301.1481481481483,2739.6666666666665,561.4814814814815
407,397031,349693,47338,20,19851.55,17484.65,2366.9
408,978408,893580,84828,65,15052.430769230768,13747.384615384615,1305.0461538461539
409,354317,313135,41182,30,11810.566666666668,10437.833333333334,1372.7333333333333
410,151233,133390,17843,26,5816.653846153846,5130.384615384615,686.2692307692307
411,1455910,1386724,69186,70,20798.714285714286,19810.342857142856,988.3714285714286
412,1147994,1084427,63567,35,32799.828571428574,30983.628571428573,1816.2
413,148279,130785,17494,29,5113.068965517241,4509.827586206897,603.2413793103449
414,696503,631050,65453,35,19900.085714285713,18030.0,1870.0857142857142
415,1032152,994295,37857,69,14958.72463768116,14410.072463768116,548.6521739130435
416,146724,121961,24763,28,5240.142857142857,4355.75,884.3928571428571
417,1241509,1229277,12232,35,35471.68571428571,35122.2,349.48571428571427
418,919303,885841,33462,40,22982.575,22146.025,836.55
419,366785,340255,26530,62,5915.887096774193,5487.9838709677415,427.9032258064516
420,538031,459345,78686,40,13450.775,11483.625,1967.15
421,126200,105459,20741,13,9707.692307692309,8112.2307692307695,1595.4615384615386
422,1432766,1356093,76673,52,27553.19230769231,26078.71153846154,1474.4807692307693
423,206436,184940,21496,69,2991.8260869565215,2680.289855072464,311.536231884058
424,568922,515733,53189,22,25860.090909090908,23442.409090909092,2417.681818181818
425,534771,502766,32005,69,7750.304347826087,7286.463768115942,463.84057971014494
426,1568235,1539220,29015,61,25708.77049180328,25233.114754098362,475.655737704918
427,1348333,1261474,86859,53,25440.245283018867,23801.396226415094,1638.8490566037735
428,472907,417130,55777,70,6755.814285714286,5959.0,796.8142857142857
429,809104,742735,66369,39,20746.25641025641,19044.48717948718,1701.7692307692307
430,79751,15300,64451,39,2044.8974358974358,392.3076923076923,1652.5897435897436
431,528963,491292,37671,25,21158.52,19651.68,1506.84
432,528156,502015,26141,66,8002.363636363636,7606.287878787879,396.07575757575756
433,356473,339000,17473,66,5401.106060606061,5136.363636363636,264.74242424242425
434,290954,259842,31112,24,12123.083333333334,10826.75,1296.3333333333333
435,364890,337784,27106,71,5139.295774647887,4757.521126760564,381.77464788732397
436,260491,245353,15138,28,9303.25,8762.607142857143,540.6428571428571
437,1596025,1512492,83533,60,26600.416666666668,25208.2,1392.2166666666667
438,122022,102500,19522,18,6779.0,5694.444444444444,1084.5555555555557
439,218426,189670,28756,32,6825.8125,5927.1875,898.625
440,438835,378864,59971,24,18284.791666666668,15786.0,2498.7916666666665
441,2984004,2876451,107553,60,49733.4,47940.85,1792.55
442,429483,375109,54374,21,20451.571428571428,17862.333333333332,2589.2380952380954
443,223795,201588,22207,71,3152.042253521127,2839.2676056338028,312.77464788732397
444,276143,229368,46775,31,8907.838709677419,7398.967741935484,1508.8709677419354
445,1358212,1330633,27579,65,20895.56923076923,20471.276923076923,424.2923076923077
446,1740772,1691297,49475,66,26375.333333333332,25625.71212121212,749.6212121212121
447,636811,553507,83304,28,22743.25,19768.10714285714,2975.1428571428573
449,222604,207741,14863,49,4542.938775510204,4239.6122448979595,303.3265306122449
450,138803,122698,16105,31,4477.5161290322585,3958.0,519.516129032258
451,70488,53700,16788,55,1281.6,976.3636363636364,305.23636363636365
452,1297869,1221657,76212,37,35077.54054054054,33017.75675675676,2059.7837837837837
453,538822,452217,86605,20,26941.1,22610.85,4330.25
454,472791,441123,31668,43,10995.139534883721,10258.67441860465,736.4651162790698
455,624352,593666,30686,44,14189.818181818182,13492.40909090909,697.4090909090909
456,3702245,3636397,65848,71,52144.295774647886,51216.859154929574,927.4366197183099
458,779372,716423,62949,42,18556.47619047619,17057.690476190477,1498.7857142857142
459,45800,37700,8100,50,916.0,754.0,162.0
460,337744,294383,43361,56,6031.142857142857,5256.839285714285,774.3035714285714
461,458786,384545,74241,70,6554.085714285714,5493.5,1060.5857142857142
462,1401891,1356940,44951,61,22981.819672131147,22244.918032786885,736.9016393442623
463,1119750,1014420,105330,43,26040.697674418603,23591.162790697676,2449.5348837209303
464,101640,84855,16785,19,5349.473684210527,4466.0526315789475,883.421052631579
465,1064046,1043486,20560,70,15200.657142857142,14906.942857142858,293.7142857142857
466,77200,16500,60700,34,2270.5882352941176,485.29411764705884,1785.2941176470588
467,764962,728726,36236,63,12142.253968253968,11567.079365079366,575.1746031746031
468,830433,743952,86481,33,25164.636363636364,22544.0,2620.6363636363635
469,95623,81004,14619,17,5624.882352941177,4764.941176470588,859.9411764705883
470,552549,517908,34641,57,9693.842105263158,9086.105263157895,607.7368421052631
471,500144,450292,49852,42,11908.190476190477,10721.238095238095,1186.952380952381
472,1410877,1380131,30746,26,54264.5,53081.96153846154,1182.5384615384614
473,341120,312085,29035,26,13120.0,12003.26923076923,1116.7307692307693
474,183119,147960,35159,36,5086.638888888889,4110.0,976.6388888888889
475,83246,70850,12396,19,4381.368421052632,3728.9473684210525,652.421052631579
476,36700,12700,24000,20,1835.0,635.0,1200.0
477,1275218,1231486,43732,71,17960.816901408452,17344.87323943662,615.943661971831
478,1374843,1282576,92267,53,25940.43396226415,24199.54716981132,1740.8867924528302
479,117403,106512,10891,37,3173.054054054054,2878.7027027027025,294.35135135135135
480,611948,581303,30645,23,26606.434782608696,25274.043478260868,1332.391304347826
481,217913,159888,58025,32,6809.78125,4996.5,1813.28125
483,51255,38350,12905,17,3015.0,2255.8823529411766,759.1176470588235
484,498552,474111,24441,47,10607.489361702128,10087.468085106382,520.0212765957447
485,2813247,2734191,79056,71,39623.19718309859,38509.7323943662,1113.4647887323943
486,321527,216245,105282,37,8689.918918918918,5844.459459459459,2845.4594594594596
487,996151,893011,103140,37,26923.0,24135.432432432433,2787.5675675675675
488,63700,13200,50500,30,2123.3333333333335,440.0,1683.3333333333333
489,1205298,1162006,43292,67,17989.5223880597,17343.373134328358,646.1492537313433
490,134590,119518,15072,43,3130.0,2779.4883720930234,350.51162790697674
491,687636,635630,52006,31,22181.8064516129,20504.1935483871,1677.6129032258063
492,412577,395930,16647,62,6654.467741935484,6385.967741935484,268.5
493,1078480,1043440,35040,56,19258.571428571428,18632.85714285714,625.7142857142857
494,2186187,2122039,64148,69,31683.869565217392,30754.1884057971,929.6811594202899
496,523119,486327,36792,70,7473.128571428571,6947.528571428571,525.6
497,1610183,1563625,46558,68,23679.16176470588,22994.485294117647,684.6764705882352
498,1476148,1376140,100008,61,24199.147540983606,22559.67213114754,1639.4754098360656
500,1027708,1006717,20991,32,32115.875,31459.90625,655.96875
501,1341361,1259608,81753,38,35298.97368421053,33147.57894736842,2151.3947368421054
502,81547,48607,32940,14,5824.785714285715,3471.9285714285716,2352.8571428571427
503,469402,417860,51542,28,16764.35714285714,14923.57142857143,1840.7857142857142
504,243380,216077,27303,68,3579.1176470588234,3177.6029411764707,401.5147058823529
505,81471,64097,17374,24,3394.625,2670.7083333333335,723.9166666666666
506,550493,495510,54983,29,18982.51724137931,17086.55172413793,1895.9655172413793
507,203553,212715,-9162,30,6785.1,7090.5,-305.4
508,128690,106080,22610,25,5147.6,4243.2,904.4
509,279565,235965,43600,16,17472.8125,14747.8125,2725.0
510,1681017,1612469,68548,66,25469.954545454544,24431.348484848484,1038.6060606060605
511,472518,446660,25858,25,18900.72,17866.4,1034.32
512,551284,482052,69232,23,23968.869565217392,20958.782608695652,3010.086956521739
513,390199,322268,67931,25,15607.96,12890.72,2717.24
514,447111,413040,34071,33,13548.818181818182,12516.363636363636,1032.4545454545455
515,197119,176300,20819,46,4285.195652173913,3832.608695652174,452.5869565217391
516,240680,210536,30144,34,7078.823529411765,6192.235294117647,886.5882352941177
517,1655632,1567275,88357,63,26279.873015873014,24877.380952380954,1402.4920634920634
518,302111,283876,18235,51,5923.745098039216,5566.196078431372,357.54901960784315
519,432770,406340,26430,61,7094.5901639344265,6661.311475409836,433.27868852459017
520,223459,189569,33890,61,3663.2622950819673,3107.688524590164,555.5737704918033
521,2635060,2552458,82602,38,69343.68421052632,67169.94736842105,2173.7368421052633
522,436406,409829,26577,36,12122.388888888889,11384.138888888889,738.25
523,847269,776585,70684,64,13238.578125,12134.140625,1104.4375
524,1195050,1102833,92217,55,21728.18181818182,20051.50909090909,1676.6727272727273
525,954626,855914,98712,33,28928.060606060608,25936.78787878788,2991.2727272727275
526,518948,485056,33892,29,17894.758620689656,16726.068965517243,1168.6896551724137
528,111337,90725,20612,24,4639.041666666667,3780.2083333333335,858.8333333333334
529,128886,95773,33113,16,8055.375,5985.8125,2069.5625
530,688711,655732,32979,25,27548.44,26229.28,1319.16
531,132992,99339,33653,40,3324.8,2483.475,841.325
532,1703324,1628974,74350,39,43674.97435897436,41768.5641025641,1906.4102564102564
533,388637,359299,29338,43,9038.06976744186,8355.790697674418,682.2790697674419
534,305979,258104,47875,19,16104.157894736842,13584.421052631578,2519.7368421052633
535,1249742,1209371,40371,55,22722.581818181818,21988.563636363637,734.0181818181818
536,133177,106816,26361,26,5122.192307692308,4108.307692307692,1013.8846153846154
537,150006,82867,67139,23,6522.0,3602.913043478261,2919.086956521739
538,226734,202710,24024,54,4198.777777777777,3753.8888888888887,444.8888888888889
539,2053698,2045796,7902,70,29338.542857142857,29225.657142857144,112.88571428571429
540,588138,564850,23288,62,9486.09677419355,9110.483870967742,375.61290322580646
541,1407453,1387289,20164,64,21991.453125,21676.390625,315.0625
542,261258,242945,18313,61,4282.918032786885,3982.7049180327867,300.21311475409834
543,245833,229459,16374,55,4469.690909090909,4171.981818181818,297.7090909090909
544,1151507,1040279,111228,43,26779.232558139534,24192.53488372093,2586.6976744186045
545,787623,702182,85441,61,12911.852459016394,11511.180327868853,1400.672131147541
546,112844,98930,13914,25,4513.76,3957.2,556.56
547,59648,42209,17439,17,3508.705882352941,2482.8823529411766,1025.8235294117646
548,359876,343208,16668,54,6664.37037037037,6355.7037037037035,308.6666666666667
549,391222,357704,33518,25,15648.88,14308.16,1340.72
550,83415,65136,18279,14,5958.214285714285,4652.571428571428,1305.642857142857
551,383935,342445,41490,67,5730.373134328358,5111.119402985075,619.2537313432836
552,335248,318965,16283,64,5238.25,4983.828125,254.421875
553,274275,232665,41610,42,6530.357142857143,5539.642857142857,990.7142857142857
554,235349,210695,24654,35,6724.257142857143,6019.857142857143,704.4
555,1664904,1641417,23487,67,24849.31343283582,24498.761194029852,350.55223880597015
556,367700,311735,55965,18,20427.777777777777,17318.61111111111,3109.1666666666665
557,116835,97350,19485,37,3157.7027027027025,2631.0810810810813,526.6216216216217
558,323510,276456,47054,30,10783.666666666666,9215.2,1568.4666666666667
559,403293,376530,26763,69,5844.826086956522,5456.95652173913,387.8695652173913
560,454593,425013,29580,40,11364.825,10625.325,739.5
561,148488,123557,24931,24,6187.0,5148.208333333333,1038.7916666666667
562,672138,606955,65183,70,9601.971428571429,8670.785714285714,931.1857142857143
563,687767,668845,18922,65,10581.030769230769,10289.923076923076,291.10769230769233
564,249369,216961,32408,12,20780.75,18080.083333333332,2700.6666666666665
565,199720,157317,42403,37,5397.8378378378375,4251.810810810811,1146.027027027027
566,728244,658733,69511,13,56018.769230769234,50671.769230769234,5347.0
567,230294,177125,53169,30,7676.466666666666,5904.166666666667,1772.3
568,614291,548900,65391,45,13650.91111111111,12197.777777777777,1453.1333333333334
569,130534,109138,21396,26,5020.538461538462,4197.615384615385,822.9230769230769
570,267494,250433,17061,25,10699.76,10017.32,682.44
571,143661,118095,25566,29,4953.827586206897,4072.2413793103447,881.5862068965517
572,1248670,1170392,78278,57,21906.491228070176,20533.19298245614,1373.298245614035
573,446825,402117,44708,29,15407.758620689656,13866.103448275862,1541.655172413793
574,2938731,2835525,103206,65,45211.24615384615,43623.46153846154,1587.7846153846153
575,575861,546985,28876,56,10283.232142857143,9767.589285714286,515.6428571428571
576,455592,420061,35531,71,6416.788732394366,5916.352112676056,500.4366197183099
577,675158,594690,80468,51,13238.392156862745,11660.588235294117,1577.8039215686274
578,442674,406202,36472,21,21079.714285714286,19342.95238095238,1736.7619047619048
579,95709,67422,28287,12,7975.75,5618.5,2357.25
580,304912,275057,29855,31,9835.870967741936,8872.806451612903,963.0645161290323
581,130833,79147,51686,26,5032.038461538462,3044.1153846153848,1987.923076923077
582,228057,206818,21239,52,4385.711538461538,3977.269230769231,408.4423076923077
584,115738,100680,15058,29,3990.9655172413795,3471.7241379310344,519.2413793103449
585,35964,19800,16164,14,2568.8571428571427,1414.2857142857142,1154.5714285714287
586,329377,306780,22597,45,7319.488888888889,6817.333333333333,502.15555555555557
587,52300,18400,33900,30,1743.3333333333333,613.3333333333334,1130.0
588,609709,588657,21052,69,8836.36231884058,8531.260869565218,305.1014492753623
589,456093,405221,50872,20,22804.65,20261.05,2543.6
590,459749,400735,59014,34,13522.029411764706,11786.323529411764,1735.7058823529412
591,68469,45721,22748,16,4279.3125,2857.5625,1421.75
592,140000,120657,19343,24,5833.333333333333,5027.375,805.9583333333334
593,454217,385060,69157,29,15662.655172413793,13277.931034482759,2384.7241379310344
594,155078,131370,23708,48,3230.7916666666665,2736.875,493.9166666666667
595,1013965,926391,87574,24,42248.541666666664,38599.625,3648.9166666666665
596,1072319,984415,87904,50,21446.38,19688.3,1758.08
597,1305998,1287685,18313,60,21766.633333333335,21461.416666666668,305.21666666666664
598,316436,256053,60383,22,14383.454545454546,11638.772727272728,2744.681818181818
599,330536,304665,25871,24,13772.333333333334,12694.375,1077.9583333333333
600,403270,355912,47358,21,19203.333333333332,16948.190476190477,2255.1428571428573
601,222156,205720,16436,64,3471.1875,3214.375,256.8125
602,214753,196189,18564,38,5651.394736842105,5162.868421052632,488.5263157894737
603,439573,375416,64157,30,14652.433333333332,12513.866666666667,2138.5666666666666
604,578731,531240,47491,61,9487.393442622952,8708.852459016394,778.5409836065573
605,266276,240834,25442,22,12103.454545454546,10947.0,1156.4545454545455
606,362022,290645,71377,13,27847.846153846152,22357.30769230769,5490.538461538462
607,147181,132437,14744,46,3199.586956521739,2879.0652173913045,320.5217391304348
608,212191,188430,23761,45,4715.355555555556,4187.333333333333,528.0222222222222
609,167661,141540,26121,55,3048.3818181818183,2573.4545454545455,474.92727272727274
610,1506360,1407868,98492,52,28968.46153846154,27074.384615384617,1894.076923076923
611,59910,45968,13942,17,3524.1176470588234,2704.0,820.1176470588235
612,91926,73772,18154,31,2965.3548387096776,2379.7419354838707,585.6129032258065
613,395640,357903,37737,28,14130.0,12782.25,1347.75
614,111727,72446,39281,18,6207.055555555556,4024.777777777778,2182.277777777778
615,107016,81744,25272,32,3344.25,2554.5,789.75
616,431541,402668,28873,62,6960.3387096774195,6494.645161290323,465.69354838709677
617,804852,789682,15170,28,28744.714285714286,28202.928571428572,541.7857142857143
618,741575,707956,33619,26,28522.115384615383,27229.076923076922,1293.0384615384614
619,1102766,1064386,38380,39,28276.05128205128,27291.94871794872,984.1025641025641
620,47700,35600,12100,34,1402.9411764705883,1047.0588235294117,355.88235294117646
621,841108,789753,51355,30,28036.933333333334,26325.1,1711.8333333333333
622,479624,419859,59765,18,26645.777777777777,23325.5,3320.277777777778
623,219966,203320,16646,69,3187.913043478261,2946.6666666666665,241.2463768115942
624,2840573,2803145,37428,62,45815.6935483871,45212.01612903226,603.6774193548387
625,1630841,1551339,79502,41,39776.60975609756,37837.53658536585,1939.0731707317073
626,538875,504283,34592,61,8834.016393442624,8266.934426229509,567.0819672131148
627,1744600,1644538,100062,70,24922.85714285714,23493.4,1429.4571428571428
628,361735,333033,28702,59,6131.1016949152545,5644.627118644068,486.47457627118644
629,254132,226986,27146,53,4794.943396226415,4282.754716981132,512.188679245283
630,272667,240236,32431,66,4131.318181818182,3639.939393939394,491.3787878787879
631,172696,130342,42354,33,5233.212121212121,3949.757575757576,1283.4545454545455
632,101648,80610,21038,31,3278.967741935484,2600.3225806451615,678.6451612903226
633,189527,170444,19083,36,5264.638888888889,4734.555555555556,530.0833333333334
635,1776122,1768655,7467,52,34156.192307692305,34012.596153846156,143.59615384615384
636,93676,79531,14145,20,4683.8,3976.55,707.25
637,109121,93507,15614,28,3897.1785714285716,3339.535714285714,557.6428571428571
638,795932,769671,26261,42,18950.761904761905,18325.5,625.2619047619048
639,62676,38485,24191,13,4821.2307692307695,2960.3846153846152,1860.8461538461538
640,298667,262523,36144,66,4525.257575757576,3977.621212121212,547.6363636363636
641,485105,438595,46510,18,26950.277777777777,24366.38888888889,2583.8888888888887
643,121966,86015,35951,14,8711.857142857143,6143.928571428572,2567.9285714285716
644,42341,26559,15782,13,3257.0,2043.0,1214.0
645,926562,836027,90535,16,57910.125,52251.6875,5658.4375
646,379152,359721,19431,35,10832.914285714285,10277.742857142857,555.1714285714286
647,298022,257585,40437,20,14901.1,12879.25,2021.85
648,1343948,1234920,109028,61,22031.93442622951,20244.590163934427,1787.344262295082
649,2016788,1964653,52135,55,36668.87272727273,35720.96363636364,947.9090909090909
650,330778,303334,27444,47,7037.829787234043,6453.914893617021,583.9148936170212
651,1355017,1310816,44201,61,22213.39344262295,21488.786885245903,724.6065573770492
652,1143577,1075153,68424,71,16106.718309859154,15143.0,963.7183098591549
653,270981,240372,30609,16,16936.3125,15023.25,1913.0625
654,311057,266670,44387,50,6221.14,5333.4,887.74
655,1789806,1730311,59495,69,25939.217391304348,25076.971014492752,862.2463768115942
656,423724,373256,50468,28,15133.0,13330.57142857143,1802.4285714285713
657,461071,398786,62285,64,7204.234375,6231.03125,973.203125
658,171101,142318,28783,35,4888.6,4066.2285714285713,822.3714285714286
659,110518,88195,22323,24,4604.916666666667,3674.7916666666665,930.125
660,651385,572064,79321,35,18611.0,16344.685714285713,2266.3142857142857
662,315361,297290,18071,53,5950.207547169812,5609.245283018868,340.9622641509434
664,159503,136955,22548,24,6645.958333333333,5706.458333333333,939.5
665,453125,366389,86736,39,11618.589743589744,9394.589743589744,2224.0
666,577030,495904,81126,33,17485.757575757576,15027.39393939394,2458.3636363636365
669,93074,73779,19295,30,3102.4666666666667,2459.3,643.1666666666666
671,88466,76235,12231,14,6319.0,5445.357142857143,873.6428571428571
672,47500,10500,37000,17,2794.1176470588234,617.6470588235294,2176.470588235294
673,225872,185828,40044,12,18822.666666666668,15485.666666666666,3337.0
674,190975,173973,17002,39,4896.794871794872,4460.846153846154,435.94871794871796
675,527457,460512,66945,40,13186.425,11512.8,1673.625
676,272755,230285,42470,39,6993.717948717948,5904.74358974359,1088.974358974359
677,367079,320150,46929,15,24471.933333333334,21343.333333333332,3128.6
678,532231,519759,12472,62,8584.370967741936,8383.209677419354,201.16129032258064
679,317840,257520,60320,17,18696.470588235294,15148.235294117647,3548.235294117647
680,279249,246969,32280,17,16426.41176470588,14527.588235294117,1898.8235294117646
682,59222,38296,20926,18,3290.1111111111113,2127.5555555555557,1162.5555555555557
683,737855,693750,44105,29,25443.275862068964,23922.41379310345,1520.8620689655172
684,91838,75522,16316,31,2962.516129032258,2436.1935483870966,526.3225806451613
685,1447165,1365595,81570,47,30790.744680851065,29055.212765957447,1735.531914893617
686,817260,791978,25282,68,12018.529411764706,11646.735294117647,371.79411764705884
687,437424,417442,19982,30,14580.8,13914.733333333334,666.0666666666667
688,278583,261783,16800,61,4566.934426229508,4291.524590163935,275.40983606557376
689,1242502,1195267,47235,32,38828.1875,37352.09375,1476.09375
690,605248,560200,45048,29,20870.620689655174,19317.241379310344,1553.3793103448277
691,199359,176913,22446,34,5863.5,5203.323529411765,660.1764705882352
692,534162,521079,13083,26,20544.69230769231,20041.5,503.1923076923077
693,1056214,1038025,18189,54,19559.51851851852,19222.685185185186,336.8333333333333
694,180663,138503,42160,27,6691.222222222223,5129.740740740741,1561.4814814814815
695,814396,797653,16743,32,25449.875,24926.65625,523.21875
696,92232,36131,56101,13,7094.7692307692305,2779.3076923076924,4315.461538461538
697,1699843,1600055,99788,70,24283.47142857143,22857.928571428572,1425.5428571428572
698,465721,413524,52197,27,17248.925925925927,15315.703703703704,1933.2222222222222
699,2499977,2386657,113320,63,39682.1746031746,37883.444444444445,1798.7301587301588
700,337059,285996,51063,54,6241.833333333333,5296.222222222223,945.6111111111111
701,452782,408795,43987,66,6860.333333333333,6193.863636363636,666.469696969697
702,283100,266001,17099,66,4289.393939393939,4030.318181818182,259.07575757575756
703,69544,34257,35287,12,5795.333333333333,2854.75,2940.5833333333335
704,1378290,1296631,81659,71,19412.535211267605,18262.408450704224,1150.1267605633802
705,134248,115312,18936,17,7896.941176470588,6783.058823529412,1113.8823529411766
706,641990,591225,50765,31,20709.354838709678,19071.774193548386,1637.5806451612902
708,39800,31000,8800,32,1243.75,968.75,275.0
709,1463644,1405254,58390,53,27615.924528301886,26514.22641509434,1101.698113207547
710,253617,228385,25232,51,4972.882352941177,4478.137254901961,494.7450980392157
711,656360,620182,36178,53,12384.150943396226,11701.547169811322,682.6037735849056
712,1166285,1084441,81844,24,48595.208333333336,45185.041666666664,3410.1666666666665
713,148990,136417,12573,26,5730.384615384615,5246.807692307692,483.5769230769231
714,149769,135399,14370,25,5990.76,5415.96,574.8
715,497594,463757,33837,28,17771.214285714286,16562.75,1208.4642857142858
716,1100917,1033790,67127,51,21586.607843137255,20270.392156862745,1316.2156862745098
717,1522641,1498288,24353,68,22391.779411764706,22033.647058823528,358.13235294117646
718,1413016,1369372,43644,33,42818.666666666664,41496.121212121216,1322.5454545454545
719,277127,216330,60797,60,4618.783333333334,3605.5,1013.2833333333333
720,291657,276752,14905,41,7113.585365853659,6750.048780487805,363.5365853658537
721,216479,192841,23638,64,3382.484375,3013.140625,369.34375
722,467442,454138,13304,19,24602.21052631579,23902.0,700.2105263157895
725,155284,119097,36187,29,5354.620689655172,4106.793103448276,1247.8275862068965
726,388347,368000,20347,58,6695.637931034483,6344.827586206897,350.8103448275862
727,34000,1400,32600,11,3090.909090909091,127.27272727272727,2963.6363636363635
728,339971,318464,21507,37,9188.405405405405,8607.135135135135,581.2702702702703
729,70126,46783,23343,22,3187.5454545454545,2126.5,1061.0454545454545
730,2880759,2798085,82674,64,45011.859375,43720.078125,1291.78125
731,173577,156457,17120,41,4233.585365853659,3816.0243902439024,417.5609756097561
732,580458,542693,37765,30,19348.6,18089.766666666666,1258.8333333333333
733,2010456,1926057,84399,43,46754.79069767442,44792.023255813954,1962.7674418604652
734,114958,97424,17534,32,3592.4375,3044.5,547.9375
735,92308,62130,30178,15,6153.866666666667,4142.0,2011.8666666666666
736,53663,30592,23071,12,4471.916666666667,2549.3333333333335,1922.5833333333333
737,280608,258122,22486,60,4676.8,4302.033333333334,374.76666666666665
738,1689859,1625941,63918,66,25603.924242424244,24635.469696969696,968.4545454545455
739,858459,801392,57067,33,26013.909090909092,24284.60606060606,1729.3030303030303
740,71019,48300,22719,55,1291.2545454545455,878.1818181818181,413.07272727272726
741,522038,465465,56573,53,9849.77358490566,8782.358490566037,1067.4150943396226
742,256852,230042,26810,59,4353.423728813559,3899.0169491525426,454.40677966101697
743,281328,256963,24365,61,4611.934426229508,4212.508196721312,399.42622950819674
744,409020,368760,40260,69,5927.826086956522,5344.347826086957,583.4782608695652
745,73375,47955,25420,14,5241.071428571428,3425.3571428571427,1815.7142857142858
746,227049,192158,34891,43,5280.209302325581,4468.790697674419,811.4186046511628
747,375359,357180,18179,64,5864.984375,5580.9375,284.046875
748,884912,789153,95759,68,13013.411764705883,11605.191176470587,1408.2205882352941
749,225167,194971,30196,21,10722.238095238095,9284.333333333334,1437.904761904762
750,1175319,1136455,38864,63,18655.85714285714,18038.968253968254,616.8888888888889
751,297905,278619,19286,67,4446.3432835820895,4158.492537313433,287.85074626865674
752,296475,271763,24712,23,12890.217391304348,11815.782608695652,1074.4347826086957
753,189856,171293,18563,28,6780.571428571428,6117.607142857143,662.9642857142857
754,267421,245349,22072,42,6367.166666666667,5841.642857142857,525.5238095238095
755,413365,345450,67915,15,27557.666666666668,23030.0,4527.666666666667
756,98518,11100,87418,46,2141.695652173913,241.30434782608697,1900.391304347826
757,575944,497950,77994,65,8860.676923076922,7660.7692307692305,1199.9076923076923
758,34800,8000,26800,11,3163.6363636363635,727.2727272727273,2436.3636363636365
759,332442,224832,107610,64,5194.40625,3513.0,1681.40625
760,231886,200140,31746,19,12204.526315789473,10533.684210526315,1670.842105263158
761,102419,33200,69219,55,1862.1636363636364,603.6363636363636,1258.5272727272727
762,230867,216580,14287,38,6075.4473684210525,5699.473684210527,375.9736842105263
763,612670,571932,40738,46,13318.91304347826,12433.304347826086,885.6086956521739
764,450685,429210,21475,71,6347.6760563380285,6045.211267605634,302.46478873239437
765,152800,99450,53350,24,6366.666666666667,4143.75,2222.9166666666665
766,724527,632989,91538,32,22641.46875,19780.90625,2860.5625
767,927313,906919,20394,45,20606.955555555556,20153.755555555555,453.2
768,121304,82577,38727,17,7135.529411764706,4857.470588235294,2278.0588235294117
770,292897,245930,46967,27,10848.037037037036,9108.518518518518,1739.5185185185185
771,766833,731580,35253,35,21909.514285714286,20902.285714285714,1007.2285714285714
772,1867279,1794580,72699,71,26299.704225352114,25275.774647887323,1023.9295774647887
773,974547,908924,65623,66,14765.863636363636,13771.575757575758,994.2878787878788
774,530676,465860,64816,66,8040.545454545455,7058.484848484848,982.060606060606
775,1068565,983453,85112,48,22261.770833333332,20488.604166666668,1773.1666666666667
776,669873,579854,90019,31,21608.8064516129,18704.967741935485,2903.8387096774195
777,662916,592371,70545,12,55243.0,49364.25,5878.75
778,57400,20400,37000,26,2207.6923076923076,784.6153846153846,1423.076923076923
779,487360,453765,33595,28,17405.714285714286,16205.892857142857,1199.8214285714287
780,718302,667005,51297,32,22446.9375,20843.90625,1603.03125
781,145055,131543,13512,46,3153.3695652173915,2859.6304347826085,293.7391304347826
782,386550,333321,53229,14,27610.714285714286,23808.64285714286,3802.0714285714284
783,74998,48110,26888,15,4999.866666666667,3207.3333333333335,1792.5333333333333
784,1418574,1396935,21639,56,25331.678571428572,24945.26785714286,386.4107142857143
785,494843,449197,45646,16,30927.6875,28074.8125,2852.875
786,773364,707133,66231,40,19334.1,17678.325,1655.775
787,479960,452587,27373,61,7868.196721311476,7419.459016393443,448.73770491803276
788,167841,137285,30556,30,5594.7,4576.166666666667,1018.5333333333333
789,307612,286872,20740,46,6687.217391304348,6236.347826086957,450.8695652173913
790,1899272,1870254,29018,67,28347.34328358209,27914.238805970148,433.1044776119403
791,177835,153213,24622,36,4939.861111111111,4255.916666666667,683.9444444444445
792,79352,60409,18943,16,4959.5,3775.5625,1183.9375
793,252055,232681,19374,71,3550.0704225352115,3277.1971830985917,272.8732394366197
794,62392,44355,18037,20,3119.6,2217.75,901.85
795,363905,288222,75683,47,7742.659574468085,6132.382978723404,1610.276595744681
796,198586,175514,23072,22,9026.636363636364,7977.909090909091,1048.7272727272727
797,947930,908924,39006,25,37917.2,36356.96,1560.24
798,162824,113239,49585,32,5088.25,3538.71875,1549.53125
799,40450,31100,9350,34,1189.7058823529412,914.7058823529412,275.0
800,85148,53008,32140,12,7095.666666666667,4417.333333333333,2678.3333333333335
801,125045,109209,15836,17,7355.588235294118,6424.058823529412,931.5294117647059
802,264814,219913,44901,48,5516.958333333333,4581.520833333333,935.4375
803,1298613,1285824,12789,39,33297.769230769234,32969.846153846156,327.9230769230769
804,344293,272795,71498,34,10126.264705882353,8023.382352941177,2102.8823529411766
805,435130,425805,9325,24,18130.416666666668,17741.875,388.5416666666667
806,91555,72351,19204,26,3521.346153846154,2782.730769230769,738.6153846153846
807,1057818,1026479,31339,42,25186.14285714286,24439.97619047619,746.1666666666666
808,709001,678905,30096,42,16880.97619047619,16164.404761904761,716.5714285714286
809,769579,729883,39696,36,21377.194444444445,20274.527777777777,1102.6666666666667
810,185468,155013,30455,37,5012.648648648648,4189.540540540541,823.1081081081081
811,578441,522360,56081,16,36152.5625,32647.5,3505.0625
812,609698,574849,34849,28,21774.928571428572,20530.321428571428,1244.607142857143
813,978828,943554,35274,70,13983.257142857143,13479.342857142858,503.9142857142857
814,185255,167458,17797,26,7125.192307692308,6440.692307692308,684.5
815,191626,175436,16190,64,2994.15625,2741.1875,252.96875
816,2825852,2724924,100928,64,44153.9375,42576.9375,1577.0
817,1332934,1289795,43139,57,23384.80701754386,22627.98245614035,756.8245614035088
819,935495,873805,61690,44,21261.25,19859.204545454544,1402.0454545454545
820,535099,469896,65203,37,14462.135135135135,12699.891891891892,1762.2432432432433
821,159582,138423,21159,33,4835.818181818182,4194.636363636364,641.1818181818181
822,189282,158518,30764,26,7280.076923076923,6096.846153846154,1183.2307692307693
823,51245,26240,25005,15,3416.3333333333335,1749.3333333333333,1667.0
824,336047,281988,54059,33,10183.242424242424,8545.09090909091,1638.1515151515152
825,624045,582306,41739,33,18910.454545454544,17645.636363636364,1264.8181818181818
826,265327,240915,24412,26,10204.884615384615,9265.961538461539,938.9230769230769
827,118845,89895,28950,34,3495.4411764705883,2643.970588235294,851.4705882352941
828,338435,318146,20289,22,15383.40909090909,14461.181818181818,922.2272727272727
829,85646,54335,31311,25,3425.84,2173.4,1252.44
830,1281534,1223935,57599,70,18307.628571428573,17484.785714285714,822.8428571428572
831,95319,77983,17336,27,3530.3333333333335,2888.259259259259,642.074074074074
832,101548,82325,19223,31,3275.7419354838707,2655.6451612903224,620.0967741935484
833,159994,131673,28321,28,5714.071428571428,4702.607142857143,1011.4642857142857
834,86943,67975,18968,19,4575.9473684210525,3577.6315789473683,998.3157894736842
836,242617,194215,48402,29,8366.103448275862,6697.068965517241,1669.0344827586207
837,1483371,1432520,50851,63,23545.571428571428,22738.4126984127,807.1587301587301
838,64128,59900,4228,61,1051.27868852459,981.9672131147541,69.31147540983606
839,1266666,1199452,67214,47,26950.340425531915,25520.255319148935,1430.0851063829787
840,911181,848429,62752,33,27611.545454545456,25709.969696969696,1901.5757575757575
841,366402,323587,42815,61,6006.5901639344265,5304.704918032787,701.8852459016393
842,224798,206928,17870,44,5109.045454545455,4702.909090909091,406.1363636363636
843,81950,65328,16622,20,4097.5,3266.4,831.1
844,2864785,2803053,61732,56,51156.875,50054.517857142855,1102.357142857143
845,326269,253013,73256,12,27189.083333333332,21084.416666666668,6104.666666666667
846,1481405,1367420,113985,33,44891.06060606061,41436.969696969696,3454.090909090909
847,242188,186410,55778,29,8351.310344827587,6427.931034482759,1923.3793103448277
848,331298,276235,55063,30,11043.266666666666,9207.833333333334,1835.4333333333334
849,522839,523254,-415,35,14938.257142857143,14950.114285714286,-11.857142857142858
850,695839,647062,48777,21,33135.19047619047,30812.47619047619,2322.714285714286
851,1687883,1683425,4458,51,33095.74509803922,33008.333333333336,87.41176470588235
852,45486,27393,18093,14,3249.0,1956.642857142857,1292.357142857143
853,604121,577579,26542,33,18306.696969696968,17502.39393939394,804.3030303030303
854,729531,684966,44565,63,11579.857142857143,10872.47619047619,707.3809523809524
855,923076,851336,71740,57,16194.315789473685,14935.719298245614,1258.5964912280701
856,487282,444664,42618,33,14766.121212121212,13474.666666666666,1291.4545454545455
857,291034,269311,21723,63,4619.587301587301,4274.777777777777,344.8095238095238
858,737599,678800,58799,29,25434.44827586207,23406.896551724138,2027.551724137931
859,204331,163710,40621,16,12770.6875,10231.875,2538.8125
860,1011346,981864,29482,69,14657.188405797102,14229.91304347826,427.27536231884056
861,1262711,1243687,19024,63,20043.031746031746,19741.06349206349,301.968253968254
862,3438705,3335646,103059,70,49124.357142857145,47652.08571428571,1472.2714285714285
863,2976646,2920934,55712,67,44427.55223880597,43596.02985074627,831.5223880597015
864,129026,98867,30159,17,7589.764705882353,5815.705882352941,1774.0588235294117
865,116958,95886,21072,33,3544.181818181818,2905.6363636363635,638.5454545454545
866,1019250,958722,60528,71,14355.633802816901,13503.12676056338,852.5070422535211
867,384906,362296,22610,13,29608.153846153848,27868.923076923078,1739.2307692307693
868,208548,185840,22708,19,10976.21052631579,9781.052631578947,1195.157894736842
869,25800,15500,10300,15,1720.0,1033.3333333333333,686.6666666666666
870,365536,344222,21314,45,8123.022222222222,7649.377777777778,473.64444444444445
871,767534,748917,18617,27,28427.185185185186,27737.666666666668,689.5185185185185
872,174377,128046,46331,23,7581.608695652174,5567.217391304348,2014.391304347826
873,184475,171128,13347,20,9223.75,8556.4,667.35
874,623299,581274,42025,33,18887.848484848484,17614.363636363636,1273.4848484848485
875,289765,246753,43012,43,6738.720930232558,5738.441860465116,1000.2790697674419
876,88476,77109,11367,14,6319.714285714285,5507.785714285715,811.9285714285714
877,241789,198926,42863,31,7799.645161290323,6416.967741935484,1382.6774193548388
878,778731,717716,61015,30,25957.7,23923.866666666665,2033.8333333333333
879,61136,45156,15980,18,3396.4444444444443,2508.6666666666665,887.7777777777778
880,471874,436669,35205,24,19661.416666666668,18194.541666666668,1466.875
882,904444,819685,84759,69,13107.884057971014,11879.492753623188,1228.391304347826
883,1087445,1056230,31215,60,18124.083333333332,17603.833333333332,520.25
884,212381,191654,20727,60,3539.6833333333334,3194.233333333333,345.45
885,1524061,1435719,88342,66,23091.833333333332,21753.31818181818,1338.5151515151515
886,1359713,1265823,93890,66,20601.71212121212,19179.136363636364,1422.5757575757575
887,312121,295001,17120,67,4658.522388059701,4403.0,255.52238805970148
888,161771,142349,19422,26,6221.961538461538,5474.961538461538,747.0
889,60795,35641,25154,12,5066.25,2970.0833333333335,2096.1666666666665
890,581181,546542,34639,70,8302.585714285715,7807.742857142857,494.84285714285716
891,190069,145524,44545,31,6131.258064516129,4694.322580645161,1436.9354838709678
892,434286,380506,53780,69,6294.0,5514.579710144928,779.4202898550725
893,1078119,986905,91214,44,24502.704545454544,22429.659090909092,2073.0454545454545
894,270657,254705,15952,40,6766.425,6367.625,398.8
895,103598,85841,17757,33,3139.3333333333335,2601.242424242424,538.0909090909091
896,458641,443415,15226,42,10920.02380952381,10557.5,362.5238095238095
897,2426915,2355253,71662,68,35689.92647058824,34636.07352941176,1053.8529411764705
898,653446,609294,44152,33,19801.39393939394,18463.454545454544,1337.939393939394
899,1178926,1124931,53995,66,17862.515151515152,17044.409090909092,818.1060606060606
900,565339,542505,22834,56,10095.339285714286,9687.589285714286,407.75
901,256181,212635,43546,53,4833.603773584906,4011.9811320754716,821.622641509434
902,601886,580785,21101,66,9119.484848484848,8799.772727272728,319.7121212121212
903,266322,246010,20312,60,4438.7,4100.166666666667,338.53333333333336
904,1169815,1063780,106035,57,20523.070175438595,18662.80701754386,1860.2631578947369
905,249970,228148,21822,24,10415.416666666666,9506.166666666666,909.25
906,41612,24265,17347,12,3467.6666666666665,2022.0833333333333,1445.5833333333333
907,263497,247161,16336,65,4053.8,3802.476923076923,251.3230769230769
908,312473,292630,19843,56,5579.875,5225.535714285715,354.3392857142857
909,48583,27165,21418,15,3238.866666666667,1811.0,1427.8666666666666
910,121191,86526,34665,22,5508.681818181818,3933.0,1575.6818181818182
911,625538,598618,26920,28,22340.64285714286,21379.214285714286,961.4285714285714
912,71632,52935,18697,20,3581.6,2646.75,934.85
913,502427,460738,41689,31,16207.322580645161,14862.516129032258,1344.8064516129032
914,215437,188708,26729,61,3531.754098360656,3093.5737704918033,438.1803278688525
915,2011536,1930223,81313,47,42798.63829787234,41068.574468085106,1730.063829787234
916,486144,452101,34043,28,17362.285714285714,16146.464285714286,1215.8214285714287
917,369224,312396,56828,38,9716.421052631578,8220.947368421053,1495.4736842105262
918,466746,427583,39163,28,16669.5,15270.82142857143,1398.6785714285713
919,270567,232195,38372,21,12884.142857142857,11056.904761904761,1827.2380952380952
920,151514,135993,15521,27,5611.62962962963,5036.777777777777,574.8518518518518
921,182208,156958,25250,26,7008.0,6036.846153846154,971.1538461538462
922,337979,275178,62801,44,7681.340909090909,6254.045454545455,1427.2954545454545
923,202913,173270,29643,34,5968.029411764706,5096.176470588235,871.8529411764706
924,142194,122318,19876,36,3949.8333333333335,3397.722222222222,552.1111111111111
925,1423453,1365845,57608,70,20335.042857142857,19512.071428571428,822.9714285714285
926,125585,100581,25004,25,5023.4,4023.24,1000.16
927,269232,244483,24749,20,13461.6,12224.15,1237.45
928,668948,604789,64159,68,9837.470588235294,8893.95588235294,943.5147058823529
929,668728,638723,30005,65,10288.123076923077,9826.507692307692,461.61538461538464
930,1064512,1010916,53596,64,16633.0,15795.5625,837.4375
931,403361,384653,18708,62,6505.822580645161,6204.080645161291,301.741935483871
932,146233,117980,28253,29,5042.517241379311,4068.2758620689656,974.2413793103449
933,248570,217368,31202,37,6718.108108108108,5874.810810810811,843.2972972972973
934,79639,45228,34411,13,6126.076923076923,3479.076923076923,2647.0
935,78063,61435,16628,24,3252.625,2559.7916666666665,692.8333333333334
936,156302,133425,22877,33,4736.424242424242,4043.181818181818,693.2424242424242
937,181720,150591,31129,40,4543.0,3764.775,778.225
938,85799,56076,29723,12,7149.916666666667,4673.0,2476.9166666666665
939,166103,144946,21157,50,3322.06,2898.92,423.14
940,2070538,1961413,109125,49,42255.87755102041,40028.836734693876,2227.0408163265306
941,381462,355900,25562,54,7064.111111111111,6590.740740740741,473.3703703703704
942,429164,355080,74084,64,6705.6875,5548.125,1157.5625
943,234901,207788,27113,70,3355.7285714285713,2968.4,387.3285714285714
944,1305917,1253120,52797,69,18926.333333333332,18161.159420289856,765.1739130434783
945,303320,276340,26980,28,10832.857142857143,9869.285714285714,963.5714285714286
946,691126,657565,33561,35,19746.457142857143,18787.571428571428,958.8857142857142
947,443575,392134,51441,67,6620.522388059701,5852.746268656716,767.776119402985
949,526259,474404,51855,34,15478.20588235294,13953.058823529413,1525.1470588235295
950,1512616,1426715,85901,64,23634.625,22292.421875,1342.203125
951,146724,126433,20291,32,4585.125,3951.03125,634.09375
952,173199,118034,55165,13,13323.0,9079.538461538461,4243.461538461538
953,169372,143088,26284,41,4131.024390243902,3489.951219512195,641.0731707317074
954,264679,233660,31019,35,7562.257142857143,6676.0,886.2571428571429
955,465294,410024,55270,29,16044.620689655172,14138.758620689656,1905.8620689655172
956,468649,396840,71809,60,7810.816666666667,6614.0,1196.8166666666666
957,157214,144187,13027,36,4367.055555555556,4005.1944444444443,361.8611111111111
958,204424,187050,17374,30,6814.133333333333,6235.0,579.1333333333333
959,163211,139076,24135,34,4800.323529411765,4090.470588235294,709.8529411764706
960,2232901,2154411,78490,49,45569.4081632653,43967.57142857143,1601.8367346938776
961,213682,188445,25237,14,15263.0,13460.357142857143,1802.642857142857
962,390998,375609,15389,30,13033.266666666666,12520.3,512.9666666666667
963,578036,494822,83214,28,20644.14285714286,17672.214285714286,2971.9285714285716
964,332876,284500,48376,53,6280.679245283019,5367.924528301887,912.7547169811321
965,366733,348365,18368,64,5730.203125,5443.203125,287.0
966,46579,23855,22724,14,3327.0714285714284,1703.9285714285713,1623.142857142857
967,571870,513298,58572,28,20423.928571428572,18332.071428571428,2091.8571428571427
968,461389,433106,28283,37,12469.972972972973,11705.567567567568,764.4054054054054
969,482718,417270,65448,59,8181.661016949152,7072.372881355932,1109.2881355932204
970,332154,256200,75954,17,19538.470588235294,15070.588235294117,4467.882352941177
971,326058,297720,28338,29,11243.379310344828,10266.206896551725,977.1724137931035
972,84654,64887,19767,27,3135.3333333333335,2403.222222222222,732.1111111111111
973,294677,270589,24088,49,6013.816326530612,5522.224489795918,491.59183673469386
974,1571497,1515095,56402,58,27094.775862068964,26122.327586206895,972.448275862069
975,141012,120365,20647,26,5423.538461538462,4629.423076923077,794.1153846153846
976,806411,751750,54661,35,23040.314285714285,21478.571428571428,1561.7428571428572
977,1122418,1022763,99655,68,16506.147058823528,15040.632352941177,1465.514705882353
978,432280,350063,82217,64,6754.375,5469.734375,1284.640625
979,1373442,1329139,44303,70,19620.6,18987.7,632.9
980,316388,259084,57304,24,13182.833333333334,10795.166666666666,2387.6666666666665
981,1146107,1041689,104418,45,25469.044444444444,23148.644444444446,2320.4
982,462138,441001,21137,70,6601.971428571429,6300.0142857142855,301.95714285714286
984,376437,349950,26487,29,12980.586206896553,12067.241379310344,913.3448275862069
985,188603,167727,20876,55,3429.1454545454544,3049.581818181818,379.56363636363636
986,197501,173953,23548,31,6371.0,5611.387096774193,759.6129032258065
987,389007,340217,48790,28,13893.107142857143,12150.607142857143,1742.5
988,348593,315415,33178,50,6971.86,6308.3,663.56
989,296543,278417,18126,57,5202.508771929824,4884.508771929824,318.0
990,821106,734620,86486,38,21608.052631578947,19332.105263157893,2275.9473684210525
991,1566400,1511754,54646,67,23379.10447761194,22563.492537313432,815.6119402985074
992,464907,439155,25752,38,12234.394736842105,11556.71052631579,677.6842105263158
993,646330,541921,104409,25,25853.2,21676.84,4176.36
994,383185,337455,45730,39,9825.25641025641,8652.692307692309,1172.5641025641025
995,141935,113675,28260,40,3548.375,2841.875,706.5
996,104584,85023,19561,16,6536.5,5313.9375,1222.5625
997,97676,75140,22536,19,5140.8421052631575,3954.7368421052633,1186.1052631578948
998,1672865,1650512,22353,61,27424.016393442624,27057.573770491803,366.44262295081967
1000,2435539,2344233,91306,71,34303.366197183095,33017.366197183095,1286.0
1002,143873,120540,23333,27,5328.62962962963,4464.444444444444,864.1851851851852
1003,626295,555872,70423,26,24088.26923076923,21379.69230769231,2708.576923076923
1004,1573401,1496861,76540,29,54255.206896551725,51615.89655172414,2639.310344827586
1005,2723141,2616013,107128,70,38902.014285714286,37371.614285714284,1530.4
1006,348662,298481,50181,70,4980.885714285714,4264.0142857142855,716.8714285714286
1007,349128,269805,79323,30,11637.6,8993.5,2644.1
1008,162596,143193,19403,26,6253.692307692308,5507.423076923077,746.2692307692307
1009,1981282,1891541,89741,40,49532.05,47288.525,2243.525
1010,1800230,1751667,48563,43,41865.813953488374,40736.441860465115,1129.3720930232557
1011,1114346,1057789,56557,48,23215.541666666668,22037.270833333332,1178.2708333333333
1012,1567773,1524439,43334,53,29580.622641509435,28763.0,817.622641509434
1013,98898,75627,23271,31,3190.2580645161293,2439.5806451612902,750.6774193548387
1014,208082,184585,23497,33,6305.515151515152,5593.484848484848,712.030303030303
1015,135026,120845,14181,18,7501.444444444444,6713.611111111111,787.8333333333334
1016,1475127,1355762,119365,63,23414.714285714286,21520.031746031746,1894.6825396825398
1017,1207448,1160340,47108,52,23220.153846153848,22314.23076923077,905.9230769230769
1018,308355,285986,22369,66,4672.045454545455,4333.121212121212,338.92424242424244
1019,1553365,1496629,56736,71,21878.38028169014,21079.281690140844,799.0985915492957
1020,119071,99657,19414,32,3720.96875,3114.28125,606.6875
1021,87272,62869,24403,25,3490.88,2514.76,976.12
1022,1728614,1641776,86838,52,33242.57692307692,31572.615384615383,1669.9615384615386
1023,1282894,1241625,41269,64,20045.21875,19400.390625,644.828125
1024,64035,43605,20430,19,3370.2631578947367,2295.0,1075.2631578947369
1026,311551,255453,56098,15,20770.066666666666,17030.2,3739.866666666667
1027,77003,55594,21409,17,4529.588235294118,3270.235294117647,1259.3529411764705
1028,36300,26700,9600,31,1170.967741935484,861.2903225806451,309.6774193548387
1029,1777008,1719127,57881,30,59233.6,57304.23333333333,1929.3666666666666
1030,240888,193712,47176,37,6510.486486486487,5235.459459459459,1275.027027027027
1031,804348,751625,52723,42,19151.14285714286,17895.833333333332,1255.3095238095239
1032,3713713,3613811,99902,68,54613.42647058824,53144.279411764706,1469.1470588235295
1033,56533,38400,18133,15,3768.866666666667,2560.0,1208.8666666666666
1034,175185,150344,24841,20,8759.25,7517.2,1242.05
1035,424031,367601,56430,20,21201.55,18380.05,2821.5
1036,926245,847995,78250,35,26464.14285714286,24228.428571428572,2235.714285714286
1037,441385,379733,61652,22,20062.954545454544,17260.590909090908,2802.3636363636365
1038,144986,123035,21951,44,3295.1363636363635,2796.25,498.8863636363636
1039,3030537,2925058,105479,67,45231.89552238806,43657.58208955224,1574.313432835821
1040,1087898,1045767,42131,31,35093.48387096774,33734.41935483871,1359.0645161290322
1042,764065,714580,49485,56,13644.017857142857,12760.357142857143,883.6607142857143
1043,430213,353981,76232,16,26888.3125,22123.8125,4764.5
1044,626343,592124,34219,37,16928.18918918919,16003.351351351352,924.8378378378378
1045,205982,188425,17557,31,6644.580645161291,6078.225806451613,566.3548387096774
1046,582439,543745,38694,44,13237.25,12357.84090909091,879.4090909090909
1047,418831,385760,33071,54,7756.12962962963,7143.7037037037035,612.425925925926
1048,413920,396981,16939,67,6177.910447761194,5925.089552238806,252.82089552238807
1049,68749,33452,35297,12,5729.083333333333,2787.6666666666665,2941.4166666666665
1050,1955138,1851410,103728,70,27930.542857142857,26448.714285714286,1481.8285714285714
1051,890525,870155,20370,62,14363.306451612903,14034.758064516129,328.5483870967742
1052,472244,448285,23959,63,7495.936507936508,7115.6349206349205,380.3015873015873
1053,617416,581570,35846,55,11225.745454545455,10574.0,651.7454545454545
1054,763626,739231,24395,70,10908.942857142858,10560.442857142858,348.5
1055,75748,56195,19553,24,3156.1666666666665,2341.4583333333335,814.7083333333334
1056,338159,335896,2263,23,14702.565217391304,14604.173913043478,98.3913043478261
1057,302362,276675,25687,64,4724.40625,4323.046875,401.359375
1058,797817,715560,82257,30,26593.9,23852.0,2741.9
1059,142004,127944,14060,43,3302.4186046511627,2975.4418604651164,326.9767441860465
1060,146152,130300,15852,24,6089.666666666667,5429.166666666667,660.5
1061,99417,86035,13382,14,7101.214285714285,6145.357142857143,955.8571428571429
1062,1647887,1617884,30003,65,25352.10769230769,24890.523076923077,461.5846153846154
1063,253422,164130,89292,27,9386.0,6078.888888888889,3307.1111111111113
1064,90914,66450,24464,15,6060.933333333333,4430.0,1630.9333333333334
1065,430481,410260,20221,69,6238.855072463768,5945.797101449275,293.05797101449275
1066,1375041,1295693,79348,27,50927.444444444445,47988.62962962963,2938.814814814815
1067,1458794,1386835,71959,27,54029.40740740741,51364.25925925926,2665.1481481481483
1068,448709,418600,30109,22,20395.863636363636,19027.272727272728,1368.590909090909
1069,305691,280490,25201,65,4702.9384615384615,4315.2307692307695,387.7076923076923
1070,580482,543953,36529,32,18140.0625,16998.53125,1141.53125
1071,1892925,1865314,27611,67,28252.611940298506,27840.507462686568,412.1044776119403
1072,181702,137185,44517,12,15141.833333333334,11432.083333333334,3709.75
1073,566753,470837,95916,58,9771.603448275862,8117.879310344828,1653.7241379310344
1074,758379,652790,105589,31,24463.83870967742,21057.74193548387,3406.0967741935483
1075,355185,301544,53641,41,8663.048780487805,7354.731707317073,1308.3170731707316
1076,699752,616130,83622,50,13995.04,12322.6,1672.44
1077,558879,460890,97989,69,8099.695652173913,6679.565217391304,1420.1304347826087
1078,205148,176010,29138,29,7074.068965517241,6069.310344827586,1004.7586206896551
1079,1899839,1825035,74804,63,30156.174603174604,28968.809523809523,1187.3650793650793
1080,1602938,1499045,103893,60,26715.633333333335,24984.083333333332,1731.55
1081,110883,82161,28722,24,4620.125,3423.375,1196.75
1082,157848,140589,17259,30,5261.6,4686.3,575.3
1083,347131,325354,21777,24,14463.791666666666,13556.416666666666,907.375
1085,239957,180872,59085,15,15997.133333333333,12058.133333333333,3939.0
1086,89785,64575,25210,30,2992.8333333333335,2152.5,840.3333333333334
1087,591228,513675,77553,30,19707.6,17122.5,2585.1
1088,341671,314815,26856,60,5694.516666666666,5246.916666666667,447.6
1089,561962,547851,14111,38,14788.473684210527,14417.131578947368,371.3421052631579
1090,217475,169689,47786,26,8364.423076923076,6526.5,1837.923076923077
1091,117703,26200,91503,63,1868.3015873015872,415.87301587301585,1452.4285714285713
1092,558142,538087,20055,42,13289.095238095239,12811.595238095239,477.5
1093,1836554,1796853,39701,35,52472.97142857143,51338.65714285714,1134.3142857142857
1094,178102,160447,17655,29,6141.448275862069,5532.6551724137935,608.7931034482758
1095,414825,371725,43100,18,23045.833333333332,20651.38888888889,2394.4444444444443
1096,143910,118411,25499,21,6852.857142857143,5638.619047619048,1214.2380952380952
1097,657364,561970,95394,30,21912.133333333335,18732.333333333332,3179.8
1098,353840,293501,60339,60,5897.333333333333,4891.683333333333,1005.65
1100,89434,75175,14259,27,3312.3703703703704,2784.259259259259,528.1111111111111
1101,358405,315360,43045,15,23893.666666666668,21024.0,2869.6666666666665
1102,296257,243666,52591,34,8713.441176470587,7166.64705882353,1546.7941176470588
1103,964415,933155,31260,41,23522.317073170732,22759.878048780487,762.439024390244
1104,641054,590145,50909,36,17807.055555555555,16392.916666666668,1414.138888888889
1105,507201,463597,43604,51,9945.117647058823,9090.137254901962,854.9803921568628
1106,1772925,1772007,918,64,27701.953125,27687.609375,14.34375
1107,416809,383335,33474,63,6616.015873015873,6084.68253968254,531.3333333333334
1108,220546,164131,56415,45,4901.022222222222,3647.3555555555554,1253.6666666666667
1109,987772,924215,63557,50,19755.44,18484.3,1271.14
1110,282633,216431,66202,17,16625.470588235294,12731.235294117647,3894.235294117647
1111,772652,727813,44839,34,22725.058823529413,21406.264705882353,1318.7941176470588
1112,972895,888430,84465,46,21149.891304347828,19313.695652173912,1836.195652173913
1113,308402,244031,64371,27,11422.296296296296,9038.185185185184,2384.1111111111113
1114,1565290,1481939,83351,61,25660.491803278688,24294.081967213115,1366.4098360655737
1115,242558,218772,23786,69,3515.3333333333335,3170.608695652174,344.72463768115944
1116,910534,859046,51488,65,14008.215384615385,13216.092307692308,792.123076923077
1117,152779,132175,20604,28,5456.392857142857,4720.535714285715,735.8571428571429
1118,568530,528105,40425,65,8746.615384615385,8124.692307692308,621.9230769230769
1120,342186,312739,29447,62,5519.129032258064,5044.177419354839,474.9516129032258
1121,634882,552505,82377,32,19840.0625,17265.78125,2574.28125
1122,429318,416125,13193,40,10732.95,10403.125,329.825
1123,1110657,1078591,32066,61,18207.491803278688,17681.819672131147,525.672131147541
1124,1680068,1603435,76633,30,56002.26666666667,53447.833333333336,2554.4333333333334
1125,732420,686209,46211,13,56340.0,52785.307692307695,3554.6923076923076
1126,463257,409575,53682,69,6713.869565217391,5935.869565217391,778.0
1127,1816152,1763710,52442,71,25579.605633802817,24840.985915492958,738.6197183098592
1128,386512,325240,61272,61,6336.262295081967,5331.803278688524,1004.4590163934427
1129,1238897,1177948,60949,45,27531.044444444444,26176.62222222222,1354.4222222222222
1130,127528,89125,38403,19,6712.0,4690.789473684211,2021.2105263157894
1132,3728418,3658026,70392,70,53263.114285714284,52257.514285714286,1005.6
1133,283834,263934,19900,61,4653.016393442623,4326.786885245901,326.2295081967213
1134,944069,904648,39421,70,13486.7,12923.542857142857,563.1571428571428
1135,214387,167495,46892,41,5228.951219512195,4085.243902439024,1143.7073170731708
1136,2185202,2110029,75173,64,34143.78125,32969.203125,1174.578125
1137,117619,97096,20523,36,3267.1944444444443,2697.1111111111113,570.0833333333334
1138,51618,33600,18018,19,2716.7368421052633,1768.421052631579,948.3157894736842
1139,1505198,1415749,89449,35,43005.65714285714,40449.97142857143,2555.6857142857143
1140,93201,50725,42476,13,7169.307692307692,3901.923076923077,3267.3846153846152
1141,94195,79109,15086,22,4281.590909090909,3595.8636363636365,685.7272727272727
1142,164056,138366,25690,38,4317.263157894737,3641.2105263157896,676.0526315789474
1144,244826,220550,24276,71,3448.2535211267605,3106.3380281690143,341.9154929577465
1145,198575,171512,27063,65,3055.0,2638.646153846154,416.3538461538462
1146,1554389,1486369,68020,63,24672.84126984127,23593.15873015873,1079.6825396825398
1147,1696677,1641565,55112,68,24951.132352941175,24140.66176470588,810.4705882352941
1149,182427,155405,27022,39,4677.615384615385,3984.74358974359,692.8717948717949
1150,85741,38650,47091,14,6124.357142857143,2760.714285714286,3363.6428571428573
1151,1105868,1007986,97882,42,26330.190476190477,23999.666666666668,2330.5238095238096
1152,228189,207489,20700,68,3355.720588235294,3051.3088235294117,304.4117647058824
1153,794495,738330,56165,60,13241.583333333334,12305.5,936.0833333333334
1154,923169,870440,52729,16,57698.0625,54402.5,3295.5625
1155,164496,146610,17886,26,6326.7692307692305,5638.846153846154,687.9230769230769
1156,291574,205120,86454,12,24297.833333333332,17093.333333333332,7204.5
1157,450327,418760,31567,69,6526.478260869565,6068.985507246377,457.4927536231884
1158,369297,327662,41635,56,6594.589285714285,5851.107142857143,743.4821428571429
1159,736308,703915,32393,58,12694.965517241379,12136.465517241379,558.5
1160,920205,857254,62951,29,31731.206896551725,29560.48275862069,2170.7241379310344
1161,409578,367753,41825,67,6113.104477611941,5488.850746268657,624.2537313432836
1164,447614,425555,22059,59,7586.677966101695,7212.796610169492,373.8813559322034
1165,312504,284820,27684,21,14881.142857142857,13562.857142857143,1318.2857142857142
1166,1397760,1355135,42625,68,20555.29411764706,19928.45588235294,626.8382352941177
1168,544117,526203,17914,49,11104.42857142857,10738.836734693878,365.59183673469386
1169,2092923,1994657,98266,57,36717.94736842105,34993.98245614035,1723.9649122807018
1170,886137,857549,28588,33,26852.636363636364,25986.333333333332,866.3030303030303
1171,224834,172209,52625,12,18736.166666666668,14350.75,4385.416666666667
1172,94348,82500,11848,12,7862.333333333333,6875.0,987.3333333333334
1173,95010,85396,9614,27,3518.8888888888887,3162.814814814815,356.0740740740741
1174,1085645,1004360,81285,45,24125.444444444445,22319.11111111111,1806.3333333333333
1176,120971,108062,12909,26,4652.7307692307695,4156.2307692307695,496.5
1177,270471,230986,39485,12,22539.25,19248.833333333332,3290.4166666666665
1178,458856,406110,52746,19,24150.315789473683,21374.21052631579,2776.1052631578946
1179,304834,287278,17556,71,4293.43661971831,4046.169014084507,247.26760563380282
1180,1130304,1045950,84354,67,16870.20895522388,15611.194029850747,1259.0149253731342
1181,131422,118505,12917,16,8213.875,7406.5625,807.3125
1182,413902,367653,46249,22,18813.727272727272,16711.5,2102.2272727272725
1183,260400,246022,14378,43,6055.813953488372,5721.441860465116,334.3720930232558
1184,2281308,2186526,94782,55,41478.32727272727,39755.01818181818,1723.3090909090909
1185,78082,57365,20717,18,4337.888888888889,3186.9444444444443,1150.9444444444443
1186,119661,84500,35161,12,9971.75,7041.666666666667,2930.0833333333335
1187,184577,165040,19537,29,6364.724137931034,5691.0344827586205,673.6896551724138
1188,250094,214825,35269,29,8623.931034482759,7407.758620689655,1216.1724137931035
1189,243825,212462,31363,69,3533.695652173913,3079.159420289855,454.536231884058
1190,392133,368357,23776,27,14523.444444444445,13642.851851851852,880.5925925925926
1192,419431,374905,44526,31,13530.032258064517,12093.709677419354,1436.3225806451612
1193,959270,927989,31281,59,16258.813559322034,15728.627118644068,530.1864406779661
1194,1364822,1284166,80656,56,24371.821428571428,22931.535714285714,1440.2857142857142
1195,152588,119292,33296,24,6357.833333333333,4970.5,1387.3333333333333
1196,1272537,1203932,68605,35,36358.2,34398.05714285714,1960.142857142857
1197,317674,271283,46391,63,5042.444444444444,4306.079365079365,736.3650793650794
1198,440985,384458,56527,20,22049.25,19222.9,2826.35
1199,151675,108730,42945,21,7222.619047619048,5177.619047619048,2045.0
1200,1743685,1686138,57547,67,26025.149253731342,25166.238805970148,858.9104477611941
1201,1094945,1015640,79305,65,16845.30769230769,15625.23076923077,1220.076923076923
1203,929606,838801,90805,40,23240.15,20970.025,2270.125
1204,1587026,1504242,82784,60,26450.433333333334,25070.7,1379.7333333333333
1205,273244,239874,33370,50,5464.88,4797.48,667.4
1206,208020,190881,17139,38,5474.210526315789,5023.184210526316,451.0263157894737
1207,1406262,1375706,30556,66,21307.0,20844.030303030304,462.969696969697
1208,269267,203483,65784,13,20712.846153846152,15652.538461538461,5060.307692307692
1209,76650,58205,18445,14,5475.0,4157.5,1317.5
1210,694575,649890,44685,31,22405.645161290322,20964.1935483871,1441.4516129032259
1211,249120,224672,24448,28,8897.142857142857,8024.0,873.1428571428571
1212,251456,234765,16691,36,6984.888888888889,6521.25,463.6388888888889
1213,159709,132523,27186,31,5151.903225806452,4274.935483870968,876.9677419354839
1214,419220,366881,52339,23,18226.956521739132,15951.347826086956,2275.608695652174
1215,118623,86469,32154,21,5648.714285714285,4117.571428571428,1531.142857142857
1216,154324,133225,21099,33,4676.484848484848,4037.121212121212,639.3636363636364
1217,200486,173811,26675,62,3233.6451612903224,2803.4032258064517,430.241935483871
1218,892522,817809,74713,24,37188.416666666664,34075.375,3113.0416666666665
1219,250325,224931,25394,30,8344.166666666666,7497.7,846.4666666666667
1220,243091,177920,65171,41,5929.048780487805,4339.512195121952,1589.5365853658536
1221,776925,758418,18507,23,33779.34782608696,32974.69565217391,804.6521739130435
1222,457959,437902,20057,71,6450.12676056338,6167.633802816901,282.49295774647885
1223,412480,354722,57758,28,14731.42857142857,12668.642857142857,2062.785714285714
1225,1243147,1176225,66922,60,20719.116666666665,19603.75,1115.3666666666666
1226,177549,160607,16942,26,6828.807692307692,6177.192307692308,651.6153846153846
1227,549908,526275,23633,35,15711.657142857142,15036.42857142857,675.2285714285714
1228,235521,197340,38181,44,5352.75,4485.0,867.75
1229,226939,184305,42634,12,18911.583333333332,15358.75,3552.8333333333335
1230,812190,712863,99327,19,42746.84210526316,37519.10526315789,5227.736842105263
1231,1128381,1064660,63721,59,19125.101694915254,18045.084745762713,1080.0169491525423
1232,128901,94830,34071,29,4444.862068965517,3270.0,1174.8620689655172
1233,120996,107870,13126,34,3558.705882352941,3172.6470588235293,386.05882352941177
1234,415345,389775,25570,63,6592.777777777777,6186.9047619047615,405.87301587301585
1235,269661,252541,17120,61,4420.672131147541,4140.016393442623,280.655737704918
1236,395994,380195,15799,67,5910.358208955224,5674.55223880597,235.80597014925374
1237,2312492,2252639,59853,57,40570.0350877193,39519.98245614035,1050.0526315789473
1238,237318,194573,42745,38,6245.210526315789,5120.3421052631575,1124.8684210526317
1239,460004,442961,17043,68,6764.764705882353,6514.132352941177,250.63235294117646
1240,187715,164533,23182,15,12514.333333333334,10968.866666666667,1545.4666666666667
1241,208838,194831,14007,29,7201.310344827586,6718.310344827586,483.0
1242,892755,860487,32268,25,35710.2,34419.48,1290.72
1243,234212,123660,110552,35,6691.771428571428,3533.1428571428573,3158.6285714285714
1244,202748,183913,18835,31,6540.258064516129,5932.677419354839,607.5806451612904
1245,167182,116419,50763,13,12860.153846153846,8955.307692307691,3904.846153846154
1246,325184,286167,39017,52,6253.538461538462,5503.211538461538,750.3269230769231
1247,2487516,2386133,101383,66,37689.63636363636,36153.530303030304,1536.1060606060605
1248,284902,258779,26123,44,6475.045454545455,5881.340909090909,593.7045454545455
1249,240144,182651,57493,45,5336.533333333334,4058.911111111111,1277.6222222222223
1250,826981,809339,17642,33,25060.030303030304,24525.424242424244,534.6060606060606
1251,947128,845222,101906,41,23100.682926829268,20615.170731707316,2485.512195121951
1252,1111456,1048849,62607,41,27108.682926829268,25581.682926829268,1527.0
1253,412076,341545,70531,20,20603.8,17077.25,3526.55
1254,1784098,1688056,96042,45,39646.62222222222,37512.35555555556,2134.266666666667
1255,684791,633496,51295,17,40281.82352941176,37264.470588235294,3017.3529411764707
1256,949838,910945,38893,56,16961.39285714286,16266.875,694.5178571428571
1257,781366,721366,60000,38,20562.263157894737,18983.315789473683,1578.9473684210527
1258,83595,65424,18171,27,3096.1111111111113,2423.1111111111113,673.0
1259,343218,298176,45042,20,17160.9,14908.8,2252.1
1260,393301,346674,46627,25,15732.04,13866.96,1865.08
1261,1134116,1041862,92254,45,25202.577777777777,23152.48888888889,2050.088888888889
1262,157767,122588,35179,23,6859.434782608696,5329.913043478261,1529.5217391304348
1263,1197151,1123563,73588,35,34204.31428571429,32101.8,2102.5142857142855
1264,414339,362685,51654,22,18833.590909090908,16485.68181818182,2347.909090909091
1265,234380,190945,43435,34,6893.529411764706,5616.029411764706,1277.5
1266,686486,634630,51856,29,23671.931034482757,21883.793103448275,1788.1379310344828
1267,613059,573615,39444,28,21894.964285714286,20486.25,1408.7142857142858
1268,295134,260040,35094,65,4540.523076923077,4000.6153846153848,539.9076923076923
1269,789207,738168,51039,57,13845.736842105263,12950.315789473685,895.421052631579
1270,435405,407436,27969,30,14513.5,13581.2,932.3
1271,247906,228043,19863,30,8263.533333333333,7601.433333333333,662.1
1272,873639,780039,93600,67,13039.388059701492,11642.373134328358,1397.0149253731342
1273,1283905,1204419,79486,57,22524.64912280702,21130.157894736843,1394.4912280701753
1274,1185622,1106394,79228,28,42343.642857142855,39514.07142857143,2829.5714285714284
1275,166435,147473,18962,30,5547.833333333333,4915.766666666666,632.0666666666667
1276,610558,587784,22774,71,8599.408450704226,8278.647887323943,320.76056338028167
1277,419283,403170,16113,66,6352.772727272727,6108.636363636364,244.13636363636363
1279,77210,62085,15125,14,5515.0,4434.642857142857,1080.357142857143
1280,231158,175504,55654,43,5375.767441860465,4081.4883720930234,1294.2790697674418
1281,325298,223925,101373,20,16264.9,11196.25,5068.65
1284,564062,533712,30350,17,33180.117647058825,31394.823529411766,1785.2941176470588
1285,1400753,1357049,43704,66,21223.530303030304,20561.348484848484,662.1818181818181
1286,3333105,3277564,55541,61,54641.065573770495,53730.55737704918,910.5081967213115
1287,1113376,1061846,51530,45,24741.68888888889,23596.577777777777,1145.111111111111
1288,374428,350106,24322,61,6138.163934426229,5739.44262295082,398.72131147540983
1289,771078,685145,85933,29,26588.896551724138,23625.689655172413,2963.206896551724
1291,265211,242342,22869,53,5003.981132075472,4572.490566037736,431.49056603773585
1292,709439,632482,76957,51,13910.56862745098,12401.607843137255,1508.9607843137255
1293,709399,660777,48622,27,26274.037037037036,24473.222222222223,1800.8148148148148
1294,780607,720544,60063,49,15930.755102040815,14704.979591836734,1225.7755102040817
1295,328078,310265,17813,50,6561.56,6205.3,356.26
1296,128182,93130,35052,24,5340.916666666667,3880.4166666666665,1460.5
1297,1463868,1359749,104119,65,22521.046153846153,20919.215384615385,1601.8307692307692
1298,487774,446810,40964,35,13936.4,12766.0,1170.4
1299,285628,260211,25417,66,4327.69696969697,3942.590909090909,385.1060606060606
1301,246443,229485,16958,51,4832.21568627451,4499.705882352941,332.5098039215686
1302,377908,342474,35434,61,6195.213114754099,5614.327868852459,580.8852459016393
1303,113630,73761,39869,15,7575.333333333333,4917.4,2657.9333333333334
1304,771404,748027,23377,32,24106.375,23375.84375,730.53125
1305,755436,647585,107851,64,11803.6875,10118.515625,1685.171875
1306,851296,811973,39323,45,18917.68888888889,18043.844444444443,873.8444444444444
1307,339242,326528,12714,48,7067.541666666667,6802.666666666667,264.875
1308,141160,109002,32158,27,5228.148148148148,4037.1111111111113,1191.037037037037
1309,1908234,1878185,30049,44,43368.954545454544,42686.02272727273,682.9318181818181
1310,265166,247935,17231,34,7799.0,7292.205882352941,506.79411764705884
1311,571756,554029,17727,35,16335.885714285714,15829.4,506.48571428571427
1312,291973,260415,31558,50,5839.46,5208.3,631.16
1313,900178,858357,41821,14,64298.42857142857,61311.21428571428,2987.214285714286
1314,1120196,1069873,50323,60,18669.933333333334,17831.216666666667,838.7166666666667
1315,499010,478985,20025,44,11341.136363636364,10886.022727272728,455.1136363636364
1316,72959,54595,18364,24,3039.9583333333335,2274.7916666666665,765.1666666666666
1317,398002,377444,20558,58,6862.103448275862,6507.6551724137935,354.44827586206895
1318,206162,171966,34196,12,17180.166666666668,14330.5,2849.6666666666665
1319,419266,380088,39178,16,26204.125,23755.5,2448.625
1320,380179,341660,38519,25,15207.16,13666.4,1540.76
1321,133006,107991,25015,21,6333.619047619048,5142.428571428572,1191.1904761904761
1322,297754,275117,22637,65,4580.830769230769,4232.569230769231,348.26153846153846
1323,722783,646890,75893,31,23315.58064516129,20867.41935483871,2448.1612903225805
1324,530307,467276,63031,25,21212.28,18691.04,2521.24
1325,94817,73030,21787,28,3386.3214285714284,2608.214285714286,778.1071428571429
1326,159213,141277,17936,25,6368.52,5651.08,717.44
1327,335227,315920,19307,52,6446.673076923077,6075.384615384615,371.28846153846155
1328,1153994,1091675,62319,31,37225.6129032258,35215.32258064516,2010.2903225806451
1329,368724,342649,26075,27,13656.444444444445,12690.703703703704,965.7407407407408
1330,1060861,1034710,26151,26,40802.346153846156,39796.53846153846,1005.8076923076923
1331,575910,556901,19009,47,12253.404255319148,11848.95744680851,404.4468085106383
1332,1701339,1605820,95519,69,24657.08695652174,23272.753623188404,1384.3333333333333
1333,562016,536858,25158,51,11019.921568627451,10526.627450980392,493.29411764705884
1334,438776,419230,19546,67,6548.895522388059,6257.164179104478,291.7313432835821
1335,646144,598371,47773,39,16567.79487179487,15342.846153846154,1224.948717948718
1336,418961,395623,23338,22,19043.68181818182,17982.863636363636,1060.8181818181818
1337,501209,432925,68284,63,7955.6984126984125,6871.825396825397,1083.873015873016
1338,2450385,2341431,108954,71,34512.464788732395,32977.90140845071,1534.5633802816901
1339,404100,369956,34144,17,23770.58823529412,21762.117647058825,2008.4705882352941
1340,77799,54283,23516,14,5557.071428571428,3877.3571428571427,1679.7142857142858
1341,119929,102356,17573,37,3241.324324324324,2766.3783783783783,474.94594594594594
1342,382911,345754,37157,14,27350.785714285714,24696.714285714286,2654.0714285714284
1344,1734412,1708902,25510,41,42302.73170731707,41680.53658536585,622.1951219512196
1345,1555599,1501689,53910,62,25090.3064516129,24220.790322580644,869.516129032258
1346,75081,62158,12923,17,4416.529411764706,3656.3529411764707,760.1764705882352
1347,79129,66076,13053,25,3165.16,2643.04,522.12
1348,154648,102329,52319,13,11896.0,7871.461538461538,4024.5384615384614
1349,224963,208725,16238,33,6817.060606060606,6325.0,492.06060606060606
1350,685903,631325,54578,28,24496.535714285714,22547.321428571428,1949.2142857142858
1351,113155,83973,29182,33,3428.939393939394,2544.6363636363635,884.3030303030303
1352,1388910,1325508,63402,51,27233.529411764706,25990.352941176472,1243.1764705882354
1353,995271,954612,40659,56,17772.696428571428,17046.64285714286,726.0535714285714
1354,85116,71975,13141,18,4728.666666666667,3998.6111111111113,730.0555555555555
1355,335809,277517,58292,16,20988.0625,17344.8125,3643.25
1356,140385,126070,14315,22,6381.136363636364,5730.454545454545,650.6818181818181
1357,193847,131070,62777,37,5239.108108108108,3542.4324324324325,1696.6756756756756
1358,230006,191045,38961,32,7187.6875,5970.15625,1217.53125
1359,102217,30500,71717,60,1703.6166666666666,508.3333333333333,1195.2833333333333
1360,406174,343470,62704,52,7811.038461538462,6605.192307692308,1205.8461538461538
1361,551428,501085,50343,24,22976.166666666668,20878.541666666668,2097.625
1362,402505,341465,61040,24,16771.041666666668,14227.708333333334,2543.3333333333335
1363,544644,512856,31788,21,25935.428571428572,24421.714285714286,1513.7142857142858
1365,182615,110702,71913,33,5533.787878787879,3354.6060606060605,2179.181818181818
1366,647162,623599,23563,70,9245.171428571428,8908.557142857142,336.6142857142857
1367,375952,351440,24512,28,13426.857142857143,12551.42857142857,875.4285714285714
1368,424337,411754,12583,24,17680.708333333332,17156.416666666668,524.2916666666666
1369,478532,424124,54408,33,14500.969696969696,12852.242424242424,1648.7272727272727
1370,160475,120774,39701,27,5943.518518518518,4473.111111111111,1470.4074074074074
1371,263072,237393,25679,56,4697.714285714285,4239.160714285715,458.55357142857144
1372,593901,570975,22926,69,8607.260869565218,8275.0,332.2608695652174
1373,200650,184769,15881,66,3040.151515151515,2799.530303030303,240.62121212121212
1374,1444611,1407368,37243,27,53504.11111111111,52124.74074074074,1379.3703703703704
1375,1256673,1171861,84812,56,22440.589285714286,20926.089285714286,1514.5
1376,163423,140175,23248,39,4190.333333333333,3594.230769230769,596.1025641025641
1377,94386,79366,15020,27,3495.777777777778,2939.4814814814813,556.2962962962963
1378,1877463,1778066,99397,69,27209.608695652172,25769.072463768116,1440.536231884058
1379,182303,134480,47823,14,13021.642857142857,9605.714285714286,3415.9285714285716
1380,891808,822905,68903,34,26229.647058823528,24203.08823529412,2026.5588235294117
1381,257266,237050,20216,61,4217.475409836065,3886.065573770492,331.40983606557376
1382,206676,181710,24966,64,3229.3125,2839.21875,390.09375
1383,226516,193959,32557,32,7078.625,6061.21875,1017.40625
1384,1141454,1087690,53764,33,34589.51515151515,32960.30303030303,1629.2121212121212
1385,390929,321469,69460,19,20575.21052631579,16919.42105263158,3655.7894736842104
1387,55392,6500,48892,23,2408.3478260869565,282.60869565217394,2125.7391304347825
1388,1305250,1241865,63385,55,23731.81818181818,22579.363636363636,1152.4545454545455
1389,699565,636438,63127,16,43722.8125,39777.375,3945.4375
1390,311446,278305,33141,24,12976.916666666666,11596.041666666666,1380.875
1391,424909,382025,42884,24,17704.541666666668,15917.708333333334,1786.8333333333333
1392,1746904,1681956,64948,68,25689.764705882353,24734.647058823528,955.1176470588235
1393,243246,211100,32146,25,9729.84,8444.0,1285.84
1394,312283,246111,66172,48,6505.895833333333,5127.3125,1378.5833333333333
1395,289281,237604,51677,37,7818.405405405405,6421.72972972973,1396.6756756756756
1396,1296448,1262916,33532,30,43214.933333333334,42097.2,1117.7333333333333
1397,1325334,1281876,43458,69,19207.739130434784,18577.91304347826,629.8260869565217
1398,67804,35800,32004,52,1303.923076923077,688.4615384615385,615.4615384615385
1399,335902,298723,37179,31,10835.548387096775,9636.225806451614,1199.3225806451612
1401,447450,405815,41635,64,6991.40625,6340.859375,650.546875
1402,712729,689141,23588,69,10329.40579710145,9987.550724637682,341.8550724637681
1403,653656,628455,25201,37,17666.37837837838,16985.27027027027,681.1081081081081
1404,1867098,1808454,58644,63,29636.47619047619,28705.619047619046,930.8571428571429
1405,160362,121131,39231,30,5345.4,4037.7,1307.7
1406,245012,228795,16217,57,4298.456140350877,4013.9473684210525,284.50877192982455
1407,1331689,1257517,74172,20,66584.45,62875.85,3708.6
1408,1133583,1041644,91939,27,41984.555555555555,38579.40740740741,3405.1481481481483
1410,1465961,1379745,86216,63,23269.222222222223,21900.714285714286,1368.5079365079366
1411,997382,899214,98168,65,15344.338461538462,13834.061538461538,1510.2769230769231
1412,1054105,1022251,31854,67,15732.910447761195,15257.477611940298,475.43283582089555
1413,656314,623149,33165,42,15626.52380952381,14836.880952380952,789.6428571428571
1414,821866,784292,37574,47,17486.510638297874,16687.063829787236,799.4468085106383
1416,2083769,2090512,-6743,65,32057.984615384616,32161.723076923077,-103.73846153846154
1417,1281920,1179581,102339,48,26706.666666666668,24574.604166666668,2132.0625
1418,275568,244212,31356,22,12525.818181818182,11100.545454545454,1425.2727272727273
1419,368772,336800,31972,60,6146.2,5613.333333333333,532.8666666666667
1420,229002,186712,42290,42,5452.428571428572,4445.523809523809,1006.9047619047619
1421,395289,329820,65469,50,7905.78,6596.4,1309.38
1422,404224,366095,38129,68,5944.470588235294,5383.75,560.7205882352941
1423,246030,231702,14328,39,6308.461538461538,5941.076923076923,367.38461538461536
1424,370944,349490,21454,19,19523.36842105263,18394.21052631579,1129.157894736842
1425,616160,563993,52167,65,9479.384615384615,8676.815384615385,802.5692307692308
1426,155687,132499,23188,38,4097.026315789473,3486.815789473684,610.2105263157895
1427,532922,479279,53643,38,14024.263157894737,12612.605263157895,1411.657894736842
1429,218356,188896,29460,65,3359.3230769230768,2906.0923076923077,453.2307692307692
1430,23900,12900,11000,12,1991.6666666666667,1075.0,916.6666666666666
1431,225968,205720,20248,30,7532.266666666666,6857.333333333333,674.9333333333333
1432,607780,585279,22501,17,35751.76470588235,34428.17647058824,1323.5882352941176
1434,83571,61488,22083,16,5223.1875,3843.0,1380.1875
1435,616743,562329,54414,24,25697.625,23430.375,2267.25
1436,326730,276336,50394,48,6806.875,5757.0,1049.875
1437,183027,160573,22454,47,3894.191489361702,3416.446808510638,477.74468085106383
1438,336892,294251,42641,15,22459.466666666667,19616.733333333334,2842.733333333333
1439,114085,94602,19483,35,3259.5714285714284,2702.9142857142856,556.6571428571428
1440,258186,237442,20744,63,4098.190476190476,3768.9206349206347,329.26984126984127
1441,323207,280755,42452,50,6464.14,5615.1,849.04
1442,1346406,1291800,54606,67,20095.611940298506,19280.597014925374,815.0149253731344
1443,332532,290500,42032,15,22168.8,19366.666666666668,2802.133333333333
1444,151411,93309,58102,30,5047.033333333334,3110.3,1936.7333333333333
1445,274769,259335,15434,33,8326.333333333334,7858.636363636364,467.6969696969697
1446,923896,830141,93755,47,19657.36170212766,17662.574468085106,1994.787234042553
1447,313819,294319,19500,22,14264.5,13378.136363636364,886.3636363636364
1448,56705,31900,24805,37,1532.5675675675675,862.1621621621622,670.4054054054054
1449,495631,436765,58866,64,7744.234375,6824.453125,919.78125
1450,219584,166094,53490,32,6862.0,5190.4375,1671.5625
1451,435318,413519,21799,66,6595.727272727273,6265.439393939394,330.2878787878788
1452,860467,757610,102857,39,22063.25641025641,19425.897435897437,2637.358974358974
1453,3007717,2967788,39929,63,47741.53968253968,47107.74603174603,633.7936507936508
1454,40100,4900,35200,16,2506.25,306.25,2200.0
1455,289922,280850,9072,35,8283.485714285714,8024.285714285715,259.2
1456,2025490,1939964,85526,32,63296.5625,60623.875,2672.6875
1458,1093462,1060070,33392,59,18533.254237288136,17967.28813559322,565.9661016949152
1459,68777,53478,15299,21,3275.095238095238,2546.5714285714284,728.5238095238095
1460,134581,106647,27934,25,5383.24,4265.88,1117.36
1461,1543325,1444108,99217,32,48228.90625,45128.375,3100.53125
1463,139102,102088,37014,27,5151.925925925926,3781.037037037037,1370.888888888889
1464,1443791,1401480,42311,26,55530.42307692308,53903.07692307692,1627.3461538461538
1465,201065,167006,34059,42,4787.261904761905,3976.3333333333335,810.9285714285714
1466,73245,55100,18145,20,3662.25,2755.0,907.25
1467,1210035,1132293,77742,56,21607.76785714286,20219.51785714286,1388.25
1468,204761,177547,27214,62,3302.5967741935483,2863.6612903225805,438.93548387096774
1469,228797,196273,32524,36,6355.472222222223,5452.027777777777,903.4444444444445
1470,806995,748935,58060,58,13913.706896551725,12912.672413793103,1001.0344827586207
1471,590224,530835,59389,29,20352.55172413793,18304.655172413793,2047.896551724138
1472,421493,391834,29659,41,10280.317073170732,9556.926829268292,723.390243902439
1473,97778,77583,20195,32,3055.5625,2424.46875,631.09375
1474,111919,91065,20854,27,4145.148148148148,3372.777777777778,772.3703703703703
1475,1662984,1626288,36696,66,25196.727272727272,24640.727272727272,556.0
1476,441103,423923,17180,68,6486.808823529412,6234.161764705882,252.64705882352942
1477,229477,207780,21697,70,3278.2428571428572,2968.285714285714,309.95714285714286
1478,839584,757229,82355,26,32291.69230769231,29124.19230769231,3167.5
1479,186662,171662,15000,44,4242.318181818182,3901.409090909091,340.90909090909093
1480,1056573,1026895,29678,29,36433.55172413793,35410.1724137931,1023.3793103448276
1481,226072,206730,19342,71,3184.112676056338,2911.6901408450703,272.4225352112676
1482,607306,528945,78361,24,25304.416666666668,22039.375,3265.0416666666665
1483,358630,300338,58292,35,10246.57142857143,8581.085714285715,1665.4857142857143
1484,181346,147194,34152,27,6716.518518518518,5451.62962962963,1264.888888888889
1485,1765019,1655685,109334,62,28468.048387096773,26704.59677419355,1763.4516129032259
1486,897074,831725,65349,35,25630.685714285715,23763.571428571428,1867.1142857142856
1487,218444,189881,28563,63,3467.3650793650795,3013.9841269841268,453.3809523809524
1488,249824,218175,31649,20,12491.2,10908.75,1582.45
1490,1080056,1005999,74057,29,37243.31034482759,34689.620689655174,2553.689655172414
1491,310020,258614,51406,18,17223.333333333332,14367.444444444445,2855.8888888888887
1492,125617,96397,29220,26,4831.423076923077,3707.576923076923,1123.8461538461538
1493,366373,348860,17513,71,5160.183098591549,4913.521126760564,246.66197183098592
1494,396648,316950,79698,14,28332.0,22639.285714285714,5692.714285714285
1495,1655988,1634737,21251,61,27147.344262295082,26798.967213114753,348.37704918032784
1496,761896,727374,34522,46,16562.956521739132,15812.478260869566,750.4782608695652
1497,629338,595440,33898,65,9682.123076923077,9160.615384615385,521.5076923076923
1498,663608,594767,68841,22,30164.0,27034.863636363636,3129.1363636363635
1499,533429,467982,65447,61,8744.737704918032,7671.836065573771,1072.9016393442623
1500,659621,601767,57854,26,25370.03846153846,23144.884615384617,2225.153846153846
1501,165242,138883,26359,28,5901.5,4960.107142857143,941.3928571428571
1502,560836,525085,35751,26,21570.615384615383,20195.576923076922,1375.0384615384614
1503,154681,133253,21428,32,4833.78125,4164.15625,669.625
1504,739800,719689,20111,28,26421.428571428572,25703.178571428572,718.25
1505,703020,711595,-8575,68,10338.529411764706,10464.632352941177,-126.1029411764706
1506,109426,91835,17591,14,7816.142857142857,6559.642857142857,1256.5
1507,1529075,1452239,76836,64,23891.796875,22691.234375,1200.5625
1508,1063311,1031254,32057,35,30380.314285714285,29464.4,915.9142857142857
1509,860357,843283,17074,55,15642.854545454546,15332.418181818182,310.43636363636364
1510,776836,738720,38116,33,23540.484848484848,22385.454545454544,1155.030303030303
1511,2513131,2418067,95064,57,44090.01754385965,42422.228070175435,1667.7894736842106
1512,940254,892780,47474,59,15936.50847457627,15131.864406779661,804.6440677966102
1513,1082148,999313,82835,64,16908.5625,15614.265625,1294.296875
1514,109192,88438,20754,17,6423.058823529412,5202.235294117647,1220.8235294117646
1515,1991549,1959082,32467,66,30174.984848484848,29683.060606060608,491.92424242424244
1516,218751,180171,38580,62,3528.2419354838707,2905.983870967742,622.258064516129
1517,130548,114538,16010,28,4662.428571428572,4090.6428571428573,571.7857142857143
1518,1300866,1186345,114521,68,19130.382352941175,17446.25,1684.1323529411766
1519,969318,893466,75852,42,23079.0,21273.0,1806.0
1520,245007,204593,40414,40,6125.175,5114.825,1010.35
1521,152678,134646,18032,32,4771.1875,4207.6875,563.5
1522,134887,73930,60957,16,8430.4375,4620.625,3809.8125
1523,512532,491464,21068,13,39425.53846153846,37804.92307692308,1620.6153846153845
1524,95245,76380,18865,22,4329.318181818182,3471.818181818182,857.5
1525,132163,113725,18438,27,4894.925925925926,4212.037037037037,682.8888888888889
1526,412370,331656,80714,47,8773.829787234043,7056.510638297872,1717.3191489361702
1527,1854830,1823931,30899,61,30407.049180327867,29900.508196721312,506.5409836065574
1528,632568,569247,63321,30,21085.6,18974.9,2110.7
1529,157881,140697,17184,32,4933.78125,4396.78125,537.0
1530,242485,224380,18105,43,5639.186046511628,5218.139534883721,421.04651162790697
1532,457809,366136,91673,27,16955.88888888889,13560.592592592593,3395.296296296296
1534,1132442,1075962,56480,67,16902.119402985074,16059.134328358208,842.9850746268656
1535,497932,439928,58004,69,7216.405797101449,6375.768115942029,840.6376811594203
1536,2194214,2124527,69687,71,30904.422535211266,29922.915492957745,981.5070422535211
1537,241747,170935,70812,18,13430.388888888889,9496.388888888889,3934.0
1538,1790828,1754976,35852,27,66326.96296296296,64999.11111111111,1327.851851851852
1539,1821745,1812781,8964,71,25658.38028169014,25532.12676056338,126.25352112676056
1540,1154440,1055020,99420,45,25654.222222222223,23444.88888888889,2209.3333333333335
1541,216282,199280,17002,26,8318.538461538461,7664.615384615385,653.9230769230769
1542,227006,205110,21896,32,7093.9375,6409.6875,684.25
1543,263411,240050,23361,32,8231.59375,7501.5625,730.03125
1544,1362816,1315055,47761,65,20966.4,20231.615384615383,734.7846153846153
1545,1670134,1608608,61526,69,24204.840579710144,23313.159420289856,891.6811594202899
1546,224888,214133,10755,25,8995.52,8565.32,430.2
1547,1581748,1531950,49798,63,25107.11111111111,24316.666666666668,790.4444444444445
1548,152175,130078,22097,47,3237.7659574468084,2767.6170212765956,470.1489361702128
1549,397768,347792,49976,25,15910.72,13911.68,1999.04
1550,302754,266389,36365,32,9461.0625,8324.65625,1136.40625
1551,121996,97127,24869,18,6777.555555555556,5395.944444444444,1381.611111111111
1552,1612438,1540690,71748,59,27329.457627118645,26113.389830508473,1216.0677966101696
1553,194711,173135,21576,24,8112.958333333333,7213.958333333333,899.0
1554,962365,905664,56701,49,19640.102040816328,18482.938775510203,1157.1632653061224
1555,161229,114040,47189,25,6449.16,4561.6,1887.56
1556,165348,109621,55727,27,6124.0,4060.037037037037,2063.962962962963
1557,147702,99685,48017,24,6154.25,4153.541666666667,2000.7083333333333
1558,199933,175749,24184,26,7689.7307692307695,6759.576923076923,930.1538461538462
1559,1287163,1232878,54285,50,25743.26,24657.56,1085.7
1560,191302,148689,42613,20,9565.1,7434.45,2130.65
1561,247181,201441,45740,44,5617.75,4578.204545454545,1039.5454545454545
1562,119433,100353,19080,40,2985.825,2508.825,477.0
1563,21700,11700,10000,12,1808.3333333333333,975.0,833.3333333333334
1564,262608,223215,39393,33,7957.818181818182,6764.090909090909,1193.7272727272727
1565,465744,433366,32378,62,7512.0,6989.774193548387,522.2258064516129
1566,1104247,1057304,46943,65,16988.415384615386,16266.215384615385,722.2
1567,387144,312225,74919,16,24196.5,19514.0625,4682.4375
1568,634802,573595,61207,41,15482.975609756097,13990.121951219513,1492.8536585365853
1570,249279,228835,20444,57,4373.315789473684,4014.6491228070176,358.6666666666667
1571,455764,402320,53444,29,15716.0,13873.103448275862,1842.896551724138
1572,223278,197499,25779,14,15948.42857142857,14107.07142857143,1841.357142857143
1573,67499,54539,12960,12,5624.916666666667,4544.916666666667,1080.0
1574,79318,50400,28918,19,4174.631578947368,2652.6315789473683,1522.0
1575,387781,353213,34568,70,5539.728571428572,5045.9,493.8285714285714
1576,675008,661393,13615,28,24107.428571428572,23621.178571428572,486.25
1577,143235,95895,47340,26,5509.038461538462,3688.269230769231,1820.7692307692307
1578,209124,157980,51144,48,4356.75,3291.25,1065.5
1579,714066,634416,79650,52,13732.038461538461,12200.307692307691,1531.7307692307693
1580,1195415,1163051,32364,35,34154.71428571428,33230.02857142857,924.6857142857143
1581,468777,387462,81315,38,12336.236842105263,10196.368421052632,2139.8684210526317
1582,194596,175301,19295,31,6277.290322580645,5654.870967741936,622.4193548387096
1583,1945937,1878835,67102,49,39713.0,38343.57142857143,1369.4285714285713
1584,205869,174619,31250,67,3072.6716417910447,2606.2537313432836,466.4179104477612
1585,170031,139715,30316,34,5000.911764705882,4109.264705882353,891.6470588235294
1586,517379,444658,72721,26,19899.19230769231,17102.23076923077,2796.9615384615386
1587,405212,363134,42078,24,16883.833333333332,15130.583333333334,1753.25
1588,278990,263673,15317,60,4649.833333333333,4394.55,255.28333333333333
1589,59814,48800,11014,61,980.5573770491803,800.0,180.55737704918033
1590,605402,572338,33064,44,13759.136363636364,13007.681818181818,751.4545454545455
1591,888427,820323,68104,35,25383.628571428573,23437.8,1945.8285714285714
1592,249761,163604,86157,52,4803.096153846154,3146.230769230769,1656.8653846153845
1593,89763,65723,24040,28,3205.8214285714284,2347.25,858.5714285714286
1594,426827,377503,49324,20,21341.35,18875.15,2466.2
1596,76588,49380,27208,14,5470.571428571428,3527.1428571428573,1943.4285714285713
1597,286662,254803,31859,41,6991.756097560976,6214.707317073171,777.0487804878048
1598,877572,823686,53886,20,43878.6,41184.3,2694.3
1599,1018778,935609,83169,37,27534.54054054054,25286.72972972973,2247.810810810811
1600,184887,155862,29025,27,6847.666666666667,5772.666666666667,1075.0
1601,289121,271169,17952,70,4130.3,3873.842857142857,256.45714285714286
1602,317836,285437,32399,63,5045.015873015873,4530.746031746032,514.2698412698413
1603,845172,781439,63733,67,12614.507462686568,11663.268656716418,951.2388059701492
1604,1167876,1106045,61831,60,19464.6,18434.083333333332,1030.5166666666667
1605,3038761,2989069,49692,60,50646.01666666667,49817.816666666666,828.2
1606,276636,197550,79086,33,8382.90909090909,5986.363636363636,2396.5454545454545
1607,820523,798589,21934,32,25641.34375,24955.90625,685.4375
1608,78611,56770,21841,14,5615.071428571428,4055.0,1560.0714285714287
1609,93762,68390,25372,29,3233.1724137931033,2358.2758620689656,874.8965517241379
1610,1986584,1885264,101320,67,29650.507462686568,28138.268656716416,1512.2388059701493
1611,453773,391912,61861,34,13346.264705882353,11526.823529411764,1819.4411764705883
1612,791200,745635,45565,34,23270.58823529412,21930.441176470587,1340.1470588235295
1613,251228,217030,34198,39,6441.74358974359,5564.871794871795,876.8717948717949
1614,906515,802457,104058,31,29242.41935483871,25885.709677419356,3356.7096774193546
1615,94371,82135,12236,14,6740.785714285715,5866.785714285715,874.0
1616,116734,89218,27516,22,5306.090909090909,4055.3636363636365,1250.7272727272727
1617,405319,387278,18041,66,6141.19696969697,5867.848484848485,273.3484848484849
1618,139126,94420,44706,24,5796.916666666667,3934.1666666666665,1862.75
1619,170301,126555,43746,22,7740.954545454545,5752.5,1988.4545454545455
1620,260613,217583,43030,42,6205.071428571428,5180.547619047619,1024.5238095238096
1621,1074286,1016112,58174,60,17904.766666666666,16935.2,969.5666666666667
1622,256836,223245,33591,32,8026.125,6976.40625,1049.71875
1623,945112,902210,42902,34,27797.41176470588,26535.58823529412,1261.8235294117646
1624,197812,182831,14981,32,6181.625,5713.46875,468.15625
1625,636421,610141,26280,47,13540.872340425532,12981.72340425532,559.1489361702128
1626,1245597,1199250,46347,57,21852.57894736842,21039.473684210527,813.1052631578947
1627,503710,471430,32280,59,8537.457627118643,7990.338983050848,547.1186440677966
1628,313910,294095,19815,71,4421.267605633803,4142.183098591549,279.0845070422535
1629,203784,173693,30091,37,5507.675675675676,4694.405405405405,813.2702702702703
1630,386861,359590,27271,65,5951.707692307692,5532.153846153846,419.55384615384617
1631,113093,90609,22484,27,4188.62962962963,3355.8888888888887,832.7407407407408
1632,1774411,1732094,42317,35,50697.45714285714,49488.4,1209.057142857143
1633,242473,224900,17573,46,5271.152173913043,4889.130434782609,382.0217391304348
1634,908047,807550,100497,54,16815.685185185186,14954.62962962963,1861.0555555555557
1635,1200324,1150670,49654,60,20005.4,19177.833333333332,827.5666666666667
1636,519423,442749,76674,20,25971.15,22137.45,3833.7
1637,418643,384296,34347,71,5896.380281690141,5412.619718309859,483.76056338028167
1638,389294,362273,27021,25,15571.76,14490.92,1080.84
1640,887857,828773,59084,39,22765.5641025641,21250.589743589742,1514.974358974359
1641,1838807,1782454,56353,32,57462.71875,55701.6875,1761.03125
1642,280658,265736,14922,43,6526.930232558139,6179.906976744186,347.0232558139535
1644,1134653,1089489,45164,67,16935.119402985074,16261.029850746268,674.0895522388059
1645,420737,374551,46186,26,16182.192307692309,14405.807692307691,1776.3846153846155
1646,1680068,1593131,86937,31,54195.74193548387,51391.32258064516,2804.4193548387098
1647,138451,99479,38972,17,8144.176470588235,5851.705882352941,2292.470588235294
1648,115192,94210,20982,16,7199.5,5888.125,1311.375
1649,405795,386090,19705,71,5715.422535211268,5437.887323943662,277.53521126760563
1650,256780,223393,33387,12,21398.333333333332,18616.083333333332,2782.25
1651,527782,449403,78379,23,22947.043478260868,19539.260869565216,3407.782608695652
1652,422978,400184,22794,67,6313.104477611941,5972.895522388059,340.2089552238806
1653,1357400,1283146,74254,51,26615.686274509804,25159.725490196077,1455.9607843137255
1654,640378,599513,40865,28,22870.64285714286,21411.178571428572,1459.4642857142858
1655,601320,546637,54683,32,18791.25,17082.40625,1708.84375
1656,613290,567581,45709,22,27876.81818181818,25799.136363636364,2077.681818181818
1657,46397,23405,22992,13,3569.0,1800.3846153846155,1768.6153846153845
1658,219033,194534,24499,67,3269.1492537313434,2903.492537313433,365.65671641791045
1659,144038,110999,33039,24,6001.583333333333,4624.958333333333,1376.625
1660,1329272,1222366,106906,39,34083.89743589744,31342.71794871795,2741.1794871794873
1662,409475,352792,56683,16,25592.1875,22049.5,3542.6875
1663,169528,115245,54283,25,6781.12,4609.8,2171.32
1664,1476112,1455864,20248,61,24198.55737704918,23866.622950819674,331.9344262295082
1665,133114,99985,33129,20,6655.7,4999.25,1656.45
1666,390273,339393,50880,62,6294.725806451613,5474.080645161291,820.6451612903226
1667,162900,145125,17775,28,5817.857142857143,5183.035714285715,634.8214285714286
1668,109632,95370,14262,21,5220.571428571428,4541.428571428572,679.1428571428571
1669,256669,245596,11073,27,9506.25925925926,9096.148148148148,410.1111111111111
1670,150183,125871,24312,35,4290.942857142857,3596.3142857142857,694.6285714285714
1671,455027,434321,20706,67,6791.44776119403,6482.4029850746265,309.04477611940297
1672,670274,623949,46325,31,21621.74193548387,20127.387096774193,1494.3548387096773
1673,269108,255990,13118,60,4485.133333333333,4266.5,218.63333333333333
1674,354851,307750,47101,39,9098.74358974359,7891.025641025641,1207.7179487179487
1675,314787,291310,23477,70,4496.957142857143,4161.571428571428,335.3857142857143
1677,254802,230285,24517,23,11078.347826086956,10012.391304347826,1065.9565217391305
1678,1770964,1704525,66439,70,25299.485714285714,24350.35714285714,949.1285714285714
1679,418266,367853,50413,27,15491.333333333334,13624.185185185184,1867.148148148148
1680,1303871,1231620,72251,60,21731.183333333334,20527.0,1204.1833333333334
1681,447167,391695,55472,17,26303.941176470587,23040.882352941175,3263.0588235294117
1682,234900,196115,38785,36,6525.0,5447.638888888889,1077.361111111111
1683,321424,282908,38516,25,12856.96,11316.32,1540.64
1684,1638734,1599508,39226,65,25211.292307692307,24607.815384615384,603.4769230769231
1685,635917,629964,5953,36,17664.36111111111,17499.0,165.36111111111111
1686,406424,359464,46960,61,6662.688524590164,5892.852459016393,769.8360655737705
1687,86199,70555,15644,20,4309.95,3527.75,782.2
1688,387706,353540,34166,70,5538.657142857143,5050.571428571428,488.0857142857143
1689,323792,310442,13350,63,5139.555555555556,4927.650793650793,211.9047619047619
1690,266830,234685,32145,38,7021.8421052631575,6175.921052631579,845.921052631579
1691,113236,89157,24079,37,3060.4324324324325,2409.6486486486488,650.7837837837837
1692,840044,821425,18619,45,18667.644444444446,18253.88888888889,413.75555555555553
1693,596928,553505,43423,20,29846.4,27675.25,2171.15
1694,2589815,2579981,9834,64,40465.859375,40312.203125,153.65625
1695,3197935,3091061,106874,71,45041.33802816901,43536.07042253521,1505.2676056338028
1696,142843,119052,23791,42,3401.0238095238096,2834.5714285714284,566.452380952381
1697,65174,48234,16940,19,3430.2105263157896,2538.6315789473683,891.578947368421
1698,704750,650085,54665,33,21356.060606060608,19699.545454545456,1656.5151515151515
1699,376954,350694,26260,71,5309.211267605634,4939.352112676056,369.85915492957747
1700,938399,844420,93979,37,25362.135135135137,22822.162162162163,2539.972972972973
1701,2153446,2135151,18295,64,33647.59375,33361.734375,285.859375
1702,453302,425864,27438,46,9854.391304347826,9257.91304347826,596.4782608695652
1703,80748,56961,23787,13,6211.384615384615,4381.615384615385,1829.7692307692307
1704,273119,254155,18964,39,7003.051282051282,6516.794871794872,486.2564102564103
1705,1053455,999348,54107,63,16721.507936507936,15862.666666666666,858.8412698412699
1706,220799,166889,53910,47,4697.851063829788,3550.8297872340427,1147.0212765957447
1707,307207,284140,23067,23,13356.826086956522,12353.91304347826,1002.9130434782609
1708,778779,748970,29809,49,15893.448979591836,15285.102040816326,608.3469387755102
1709,644083,568614,75469,32,20127.59375,17769.1875,2358.40625
1710,134055,84114,49941,19,7055.526315789473,4427.0526315789475,2628.4736842105262
1711,175748,150025,25723,35,5021.371428571429,4286.428571428572,734.9428571428572
1712,155344,115346,39998,25,6213.76,4613.84,1599.92
1713,462536,445225,17311,69,6703.420289855072,6452.536231884058,250.8840579710145
1714,257627,227136,30491,51,5051.509803921569,4453.64705882353,597.8627450980392
1715,975434,973624,1810,31,31465.612903225807,31407.225806451614,58.38709677419355
1716,524833,492466,32367,31,16930.09677419355,15886.0,1044.0967741935483
1717,86984,63070,23914,12,7248.666666666667,5255.833333333333,1992.8333333333333
1718,729029,616622,112407,15,48601.933333333334,41108.13333333333,7493.8
1719,271675,247515,24160,63,4312.3015873015875,3928.809523809524,383.4920634920635
1720,22400,11000,11400,16,1400.0,687.5,712.5
1721,81400,42700,38700,68,1197.0588235294117,627.9411764705883,569.1176470588235
1722,789445,723863,65582,33,23922.575757575756,21935.242424242424,1987.3333333333333
1723,353385,286695,66690,13,27183.46153846154,22053.46153846154,5130.0
1724,128113,107926,20187,18,7117.388888888889,5995.888888888889,1121.5
1725,2189767,2162484,27283,41,53408.95121951219,52743.51219512195,665.439024390244
1726,1132628,1098408,34220,71,15952.507042253521,15470.535211267606,481.9718309859155
1727,387738,345715,42023,14,27695.571428571428,24693.928571428572,3001.6428571428573
1728,420474,376547,43927,42,10011.285714285714,8965.404761904761,1045.8809523809523
1729,190382,149799,40583,15,12692.133333333333,9986.6,2705.5333333333333
1730,487128,419986,67142,71,6860.957746478874,5915.295774647887,945.6619718309859
1731,343827,314457,29370,71,4842.633802816901,4428.971830985915,413.6619718309859
1732,829313,764485,64828,34,24391.558823529413,22484.852941176472,1906.7058823529412
1733,993020,971591,21429,32,31031.875,30362.21875,669.65625
1734,553439,481747,71692,20,27671.95,24087.35,3584.6
1735,26034,16500,9534,15,1735.6,1100.0,635.6
1736,136778,113443,23335,22,6217.181818181818,5156.5,1060.6818181818182
1737,468790,424283,44507,34,13787.941176470587,12478.911764705883,1309.0294117647059
1738,88693,75580,13113,28,3167.6071428571427,2699.285714285714,468.32142857142856
1739,701362,655050,46312,29,24184.896551724138,22587.931034482757,1596.9655172413793
1740,87128,72468,14660,21,4148.952380952381,3450.8571428571427,698.0952380952381
1741,210565,176974,33591,43,4896.860465116279,4115.674418604651,781.1860465116279
1742,984349,953873,30476,38,25903.92105263158,25101.92105263158,802.0
1743,294777,245588,49189,66,4466.318181818182,3721.030303030303,745.2878787878788
1744,201173,177020,24153,34,5916.85294117647,5206.470588235294,710.3823529411765
1745,997238,934960,62278,26,38355.307692307695,35960.0,2395.3076923076924
1746,453468,399440,54028,21,21593.714285714286,19020.95238095238,2572.7619047619046
1747,49124,27964,21160,16,3070.25,1747.75,1322.5
1749,1908998,1838287,70711,38,50236.78947368421,48375.97368421053,1860.8157894736842
1750,1997211,1909088,88123,71,28129.732394366198,26888.563380281692,1241.1690140845071
1751,169208,131445,37763,26,6508.0,5055.576923076923,1452.423076923077
1752,610631,540545,70086,31,19697.774193548386,17436.935483870966,2260.8387096774195
1753,174486,125600,48886,18,9693.666666666666,6977.777777777777,2715.8888888888887
1754,1203229,1144107,59122,24,50134.541666666664,47671.125,2463.4166666666665
1756,777065,697526,79539,38,20449.07894736842,18355.947368421053,2093.1315789473683
1757,2171373,2126504,44869,45,48252.73333333333,47255.64444444444,997.0888888888888
1758,826941,743642,83299,29,28515.206896551725,25642.827586206895,2872.3793103448274
1759,389549,326850,62699,35,11129.971428571429,9338.57142857143,1791.4
1760,186205,134407,51798,37,5032.5675675675675,3632.6216216216217,1399.945945945946
1761,874042,837869,36173,64,13656.90625,13091.703125,565.203125
1762,1272879,1243568,29311,60,21214.65,20726.133333333335,488.51666666666665
1763,853500,789880,63620,33,25863.636363636364,23935.757575757576,1927.878787878788
1764,214827,154905,59922,15,14321.8,10327.0,3994.8
1765,154185,134225,19960,29,5316.724137931034,4628.448275862069,688.2758620689655
1766,1119015,1073300,45715,51,21941.470588235294,21045.098039215685,896.3725490196078
1767,1318489,1270397,48092,62,21265.951612903227,20490.274193548386,775.6774193548387
1768,777941,726385,51556,60,12965.683333333332,12106.416666666666,859.2666666666667
1769,289539,271090,18449,47,6160.404255319149,5767.872340425532,392.531914893617
1770,1360148,1309764,50384,58,23450.827586206895,22582.137931034482,868.6896551724138
1771,471888,449740,22148,69,6838.95652173913,6517.971014492754,320.9855072463768
1772,2457271,2380720,76551,46,53418.934782608696,51754.782608695656,1664.1521739130435
1773,298114,280856,17258,68,4384.029411764706,4130.235294117647,253.7941176470588
1774,93127,75135,17992,27,3449.1481481481483,2782.777777777778,666.3703703703703
1775,492551,470530,22021,70,7036.442857142857,6721.857142857143,314.5857142857143
1776,260663,220900,39763,17,15333.117647058823,12994.117647058823,2339.0
1777,642961,565945,77016,26,24729.26923076923,21767.115384615383,2962.153846153846
1778,805505,730867,74638,46,17510.978260869564,15888.41304347826,1622.5652173913043
1779,1704561,1625895,78666,64,26633.765625,25404.609375,1229.15625
1780,1927486,1830925,96561,68,28345.382352941175,26925.367647058825,1420.014705882353
1781,218046,187575,30471,30,7268.2,6252.5,1015.7
1782,449948,368733,81215,67,6715.641791044776,5503.477611940299,1212.1641791044776
1783,167498,127203,40295,15,11166.533333333333,8480.2,2686.3333333333335
1784,462113,430100,32013,67,6897.20895522388,6419.4029850746265,477.8059701492537
1785,130570,92407,38163,26,5021.923076923077,3554.1153846153848,1467.8076923076924
1786,1354214,1274486,79728,67,20212.149253731342,19022.17910447761,1189.9701492537313
1787,2057399,2051494,5905,69,29817.376811594204,29731.797101449276,85.57971014492753
1788,297505,237975,59530,59,5042.457627118644,4033.4745762711864,1008.9830508474577
1789,94445,41300,53145,62,1523.3064516129032,666.1290322580645,857.1774193548387
1790,210322,158957,51365,15,14021.466666666667,10597.133333333333,3424.3333333333335
1791,510833,486566,24267,34,15024.5,14310.764705882353,713.7352941176471
1792,375113,342777,32336,60,6251.883333333333,5712.95,538.9333333333333
1793,593182,542486,50696,42,14123.380952380952,12916.333333333334,1207.047619047619
1794,153578,133016,20562,17,9034.0,7824.470588235294,1209.5294117647059
1795,345745,288365,57380,16,21609.0625,18022.8125,3586.25
1796,838227,784673,53554,38,22058.605263157893,20649.28947368421,1409.3157894736842
1797,908611,850490,58121,52,17473.28846153846,16355.576923076924,1117.7115384615386
1798,317142,256480,60662,13,24395.53846153846,19729.23076923077,4666.307692307692
1799,145527,120057,25470,27,5389.888888888889,4446.555555555556,943.3333333333334
1800,703171,642294,60877,33,21308.21212121212,19463.454545454544,1844.7575757575758
1801,2422729,2329122,93607,70,34610.41428571429,33273.171428571426,1337.2428571428572
1802,227918,212653,15265,45,5064.844444444445,4725.622222222222,339.22222222222223
1803,228287,153471,74816,41,5567.975609756098,3743.1951219512193,1824.780487804878
1804,1988171,1930997,57174,63,31558.26984126984,30650.74603174603,907.5238095238095
1805,1881184,1796062,85122,70,26874.057142857142,25658.02857142857,1216.0285714285715
1806,363571,346134,17437,71,5120.718309859155,4875.12676056338,245.59154929577466
1807,317135,258634,58501,14,22652.5,18473.85714285714,4178.642857142857
1808,637227,589344,47883,19,33538.26315789474,31018.105263157893,2520.157894736842
1809,1466721,1403787,62934,61,24044.60655737705,23012.90163934426,1031.704918032787
1810,781114,757025,24089,39,20028.5641025641,19410.897435897437,617.6666666666666
1811,1715923,1656014,59909,63,27236.873015873014,26285.93650793651,950.936507936508
1812,92293,76839,15454,26,3549.730769230769,2955.346153846154,594.3846153846154
1813,3087348,2996358,90990,58,53230.137931034486,51661.34482758621,1568.7931034482758
1814,91368,53885,37483,15,6091.2,3592.3333333333335,2498.866666666667
1815,1342460,1299789,42671,68,19742.058823529413,19114.54411764706,627.5147058823529
1816,272463,253292,19171,62,4394.564516129032,4085.3548387096776,309.2096774193548
1817,529623,469605,60018,24,22067.625,19566.875,2500.75
1818,407884,369275,38609,22,18540.18181818182,16785.227272727272,1754.9545454545455
1819,841299,735953,105346,26,32357.653846153848,28305.884615384617,4051.769230769231
1820,1035714,1006039,29675,56,18494.89285714286,17964.98214285714,529.9107142857143
1821,1005129,974505,30624,44,22843.840909090908,22147.840909090908,696.0
1822,362858,320899,41959,67,5415.79104477612,4789.537313432836,626.2537313432836
1823,136134,115961,20173,27,5042.0,4294.851851851852,747.1481481481482
1824,1553049,1480985,72064,59,26322.86440677966,25101.4406779661,1221.4237288135594
1825,378058,319809,58249,36,10501.611111111111,8883.583333333334,1618.0277777777778
1826,1189296,1143401,45895,55,21623.563636363637,20789.109090909093,834.4545454545455
1827,310539,278598,31941,63,4929.190476190476,4422.190476190476,507.0
1828,2333326,2268959,64367,51,45751.490196078434,44489.39215686275,1262.0980392156862
1829,598169,571739,26430,70,8545.271428571428,8167.7,377.57142857142856
1830,909829,869907,39922,70,12997.557142857142,12427.242857142857,570.3142857142857
1831,414979,390613,24366,63,6586.9682539682535,6200.206349206349,386.76190476190476
1832,777179,725089,52090,32,24286.84375,22659.03125,1627.8125
1833,88686,52706,35980,13,6822.0,4054.3076923076924,2767.6923076923076
1834,1317094,1236840,80254,64,20579.59375,19325.625,1253.96875
1835,862645,771281,91364,48,17971.770833333332,16068.354166666666,1903.4166666666667
1836,667723,617665,50058,34,19638.91176470588,18166.617647058825,1472.2941176470588
1837,1620501,1542469,78032,66,24553.045454545456,23370.742424242424,1182.3030303030303
1838,1327042,1268611,58431,55,24128.036363636365,23065.654545454545,1062.3818181818183
1839,270278,197904,72374,18,15015.444444444445,10994.666666666666,4020.777777777778
1840,229641,204070,25571,23,9984.391304347826,8872.608695652174,1111.7826086956522
1841,131798,86142,45656,18,7322.111111111111,4785.666666666667,2536.4444444444443
1843,1398009,1366468,31541,71,19690.267605633802,19246.028169014084,444.23943661971833
1844,242483,198983,43500,71,3415.2535211267605,2802.5774647887324,612.6760563380282
1845,518157,491465,26692,16,32384.8125,30716.5625,1668.25
1846,133795,108221,25574,42,3185.595238095238,2576.690476190476,608.9047619047619
1847,193592,140525,53067,32,6049.75,4391.40625,1658.34375
1848,324322,296137,28185,52,6236.961538461538,5694.942307692308,542.0192307692307
1851,574333,528268,46065,67,8572.134328358208,7884.5970149253735,687.5373134328358
1852,244229,212394,31835,65,3757.369230769231,3267.6,489.7692307692308
1853,162813,129600,33213,23,7078.826086956522,5634.782608695652,1444.0434782608695
1854,454531,413482,41049,22,20660.5,18794.636363636364,1865.8636363636363
1855,137130,109942,27188,26,5274.2307692307695,4228.538461538462,1045.6923076923076
1856,181870,151010,30860,54,3367.962962962963,2796.4814814814813,571.4814814814815
1857,154851,97333,57518,16,9678.1875,6083.3125,3594.875
1858,310886,286213,24673,46,6758.391304347826,6222.021739130435,536.3695652173913
1859,243420,223280,20140,34,7159.411764705882,6567.058823529412,592.3529411764706
1860,80268,59725,20543,23,3489.913043478261,2596.7391304347825,893.1739130434783
1861,1126975,1037221,89754,65,17338.076923076922,15957.246153846154,1380.8307692307692
1862,1937054,1861509,75545,44,44023.954545454544,42307.02272727273,1716.9318181818182
1863,217408,161364,56044,20,10870.4,8068.2,2802.2
1865,357574,335755,21819,55,6501.345454545454,6104.636363636364,396.7090909090909
1866,212500,165388,47112,13,16346.153846153846,12722.153846153846,3624.0
1867,1019955,932080,87875,37,27566.35135135135,25191.35135135135,2375.0
1868,79095,49700,29395,12,6591.25,4141.666666666667,2449.5833333333335
1869,810629,717469,93160,30,27020.966666666667,23915.633333333335,3105.3333333333335
1870,1268254,1210815,57439,54,23486.185185185186,22422.5,1063.6851851851852
1871,1415366,1386984,28382,55,25733.927272727273,25217.890909090907,516.0363636363636
1872,229311,168146,61165,15,15287.4,11209.733333333334,4077.6666666666665
1874,225287,196410,28877,69,3265.0289855072465,2846.521739130435,418.5072463768116
1875,302539,278941,23598,64,4727.171875,4358.453125,368.71875
1876,319700,270799,48901,15,21313.333333333332,18053.266666666666,3260.0666666666666
1877,397811,349268,48543,60,6630.183333333333,5821.133333333333,809.05
1878,1129651,1127006,2645,51,22150.019607843136,22098.156862745098,51.86274509803921
1879,174427,157711,16716,55,3171.4,2867.4727272727273,303.92727272727274
1880,397848,366125,31723,58,6859.448275862069,6312.5,546.948275862069
1881,156507,129751,26756,16,9781.6875,8109.4375,1672.25
1882,403676,389190,14486,60,6727.933333333333,6486.5,241.43333333333334
1884,258474,241785,16689,24,10769.75,10074.375,695.375
1885,255863,238940,16923,28,9137.964285714286,8533.57142857143,604.3928571428571
1886,1007720,958470,49250,33,30536.969696969696,29044.545454545456,1492.4242424242425
1887,662922,638157,24765,67,9894.358208955224,9524.731343283582,369.6268656716418
1888,835764,839157,-3393,26,32144.76923076923,32275.26923076923,-130.5
1889,274643,233081,41562,46,5970.5,5066.978260869565,903.5217391304348
1890,626167,621241,4926,17,36833.35294117647,36543.58823529412,289.7647058823529
1891,375806,286316,89490,68,5526.558823529412,4210.529411764706,1316.0294117647059
1892,306161,282498,23663,65,4710.169230769231,4346.123076923077,364.04615384615386
1893,1321075,1284650,36425,29,45554.31034482759,44298.275862068964,1256.0344827586207
1894,735926,681745,54181,28,26283.071428571428,24348.035714285714,1935.0357142857142
1895,587677,537468,50209,29,20264.724137931036,18533.379310344826,1731.344827586207
1896,2005006,1979634,25372,62,32338.8064516129,31929.58064516129,409.2258064516129
1897,1773621,1749032,24589,33,53746.09090909091,53000.969696969696,745.1212121212121
1898,791830,768460,23370,68,11644.558823529413,11300.882352941177,343.6764705882353
1899,122767,104107,18660,25,4910.68,4164.28,746.4
1900,773275,724550,48725,29,26664.655172413793,24984.48275862069,1680.1724137931035
1901,737223,716555,20668,36,20478.416666666668,19904.305555555555,574.1111111111111
1902,817331,750817,66514,65,12574.323076923078,11551.030769230769,1023.2923076923076
1903,165082,102995,62087,29,5692.482758620689,3551.551724137931,2140.9310344827586
1904,322303,280680,41623,31,10396.870967741936,9054.193548387097,1342.6774193548388
1905,520596,500268,20328,31,16793.41935483871,16137.677419354839,655.741935483871
1906,901373,862595,38778,28,32191.89285714286,30806.964285714286,1384.9285714285713
1907,428280,360934,67346,21,20394.285714285714,17187.333333333332,3206.9523809523807
1908,337302,318133,19169,51,6613.764705882353,6237.901960784314,375.8627450980392
1909,232354,217409,14945,71,3272.5915492957747,3062.0985915492956,210.49295774647888
1910,614936,518691,96245,27,22775.40740740741,19210.777777777777,3564.6296296296296
1911,938740,905073,33667,52,18052.69230769231,17405.25,647.4423076923077
1912,412494,371005,41489,64,6445.21875,5796.953125,648.265625
1913,181993,112878,69115,30,6066.433333333333,3762.6,2303.8333333333335
1914,420827,341420,79407,47,8953.765957446809,7264.255319148936,1689.5106382978724
1915,222499,199267,23232,20,11124.95,9963.35,1161.6
1916,290423,227336,63087,34,8541.85294117647,6686.35294117647,1855.5
1917,162159,140661,21498,36,4504.416666666667,3907.25,597.1666666666666
1918,424447,403543,20904,56,7579.410714285715,7206.125,373.2857142857143
1919,1381810,1274170,107640,48,28787.708333333332,26545.208333333332,2242.5
1920,300917,235400,65517,32,9403.65625,7356.25,2047.40625
1921,77299,59027,18272,18,4294.388888888889,3279.277777777778,1015.1111111111111
1922,692766,638875,53891,34,20375.470588235294,18790.441176470587,1585.0294117647059
1924,168251,98352,69899,31,5427.451612903225,3172.6451612903224,2254.8064516129034
1925,386756,356780,29976,64,6043.0625,5574.6875,468.375
1926,418098,395913,22185,71,5888.704225352113,5576.239436619719,312.46478873239437
1927,144414,120468,23946,40,3610.35,3011.7,598.65
1928,384554,350695,33859,21,18312.095238095237,16699.761904761905,1612.3333333333333
1929,112627,57646,54981,17,6625.117647058823,3390.9411764705883,3234.176470588235
1930,437363,402158,35205,66,6626.712121212121,6093.30303030303,533.4090909090909
1931,666292,648791,17501,61,10922.819672131147,10635.918032786885,286.9016393442623
1932,506473,506462,11,32,15827.28125,15826.9375,0.34375
1933,122516,106848,15668,20,6125.8,5342.4,783.4
1934,735455,659944,75511,50,14709.1,13198.88,1510.22
1935,1528297,1483667,44630,28,54582.03571428572,52988.107142857145,1593.9285714285713
1936,134945,111007,23938,41,3291.3414634146343,2707.487804878049,583.8536585365854
1937,334096,317009,17087,67,4986.507462686567,4731.477611940299,255.02985074626866
1938,1424487,1357215,67272,54,26379.38888888889,25133.61111111111,1245.7777777777778
1939,1747587,1664170,83417,32,54612.09375,52005.3125,2606.78125
1940,284118,265621,18497,60,4735.3,4427.016666666666,308.28333333333336
1941,1108135,1063100,45035,61,18166.147540983606,17427.868852459018,738.2786885245902
1943,470805,425517,45288,25,18832.2,17020.68,1811.52
1944,1386430,1330760,55670,70,19806.14285714286,19010.85714285714,795.2857142857143
1945,686015,634040,51975,37,18540.945945945947,17136.216216216217,1404.7297297297298
1946,316752,271953,44799,15,21116.8,18130.2,2986.6
1947,427562,368336,59226,61,7009.213114754099,6038.295081967213,970.9180327868852
1948,1477199,1400713,76486,32,46162.46875,43772.28125,2390.1875
1949,769884,730035,39849,55,13997.89090909091,13273.363636363636,724.5272727272727
1950,242534,209319,33215,16,15158.375,13082.4375,2075.9375
1951,388344,317977,70367,16,24271.5,19873.5625,4397.9375
1952,1032878,985420,47458,61,16932.426229508197,16154.426229508197,778.0
1953,945653,891727,53926,19,49771.21052631579,46933.0,2838.2105263157896
1954,102341,82570,19771,30,3411.366666666667,2752.3333333333335,659.0333333333333
1955,141666,123392,18274,47,3014.1702127659573,2625.3617021276596,388.8085106382979
1956,192617,146860,45757,19,10137.736842105263,7729.473684210527,2408.2631578947367
1957,133808,107801,26007,27,4955.851851851852,3992.6296296296296,963.2222222222222
1958,273753,227805,45948,50,5475.06,4556.1,918.96
1959,416068,384727,31341,60,6934.466666666666,6412.116666666667,522.35
1960,43277,23320,19957,12,3606.4166666666665,1943.3333333333333,1663.0833333333333
1961,234533,211490,23043,40,5863.325,5287.25,576.075
1962,1727708,1623377,104331,34,50814.94117647059,47746.382352941175,3068.5588235294117
1963,885500,804095,81405,34,26044.117647058825,23649.852941176472,2394.264705882353
1964,226350,210647,15703,34,6657.35294117647,6195.5,461.8529411764706
1965,2388110,2336244,51866,70,34115.857142857145,33374.91428571429,740.9428571428572
1966,1600549,1537704,62845,70,22864.985714285714,21967.2,897.7857142857143
1967,1854519,1826701,27818,46,40315.63043478261,39710.891304347824,604.7391304347826
1968,196530,176470,20060,14,14037.857142857143,12605.0,1432.857142857143
1969,677050,643456,33594,56,12090.17857142857,11490.285714285714,599.8928571428571
1970,1510390,1414160,96230,60,25173.166666666668,23569.333333333332,1603.8333333333333
1971,501608,450804,50804,40,12540.2,11270.1,1270.1
1972,388155,364433,23722,71,5466.971830985915,5132.859154929577,334.11267605633805
1973,95576,71919,23657,30,3185.866666666667,2397.3,788.5666666666667
1974,43613,27300,16313,41,1063.7317073170732,665.8536585365854,397.8780487804878
1975,821231,796317,24914,51,16102.56862745098,15614.058823529413,488.5098039215686
1976,343811,294180,49631,21,16371.952380952382,14008.57142857143,2363.3809523809523
1977,347047,308350,38697,34,10207.264705882353,9069.117647058823,1138.1470588235295
1978,2465582,2397533,68049,66,37357.30303030303,36326.257575757576,1031.0454545454545
1979,220993,201234,19759,71,3112.5774647887324,2834.281690140845,278.2957746478873
1980,412802,369331,43471,33,12509.151515151516,11191.848484848484,1317.3030303030303
1981,209529,178390,31139,62,3379.5,2877.2580645161293,502.241935483871
1982,326077,267698,58379,19,17161.947368421053,14089.368421052632,3072.5789473684213
1983,300265,221905,78360,12,25022.083333333332,18492.083333333332,6530.0
1984,911136,838695,72441,61,14936.655737704918,13749.098360655738,1187.5573770491803
1985,166680,150575,16105,29,5747.586206896552,5192.241379310345,555.3448275862069
1986,617855,571260,46595,44,14042.15909090909,12983.181818181818,1058.9772727272727
1987,1191697,1148260,43437,57,20906.964912280702,20144.912280701756,762.0526315789474
1988,142227,114465,27762,24,5926.125,4769.375,1156.75
1989,219467,190744,28723,51,4303.274509803921,3740.078431372549,563.1960784313726
1990,224898,191756,33142,66,3407.5454545454545,2905.3939393939395,502.1515151515151
1991,611372,523798,87574,25,24454.88,20951.92,3502.96
1992,118778,98230,20548,15,7918.533333333334,6548.666666666667,1369.8666666666666
1993,1111061,1059158,51903,50,22221.22,21183.16,1038.06
1994,1476621,1445296,31325,41,36015.14634146341,35251.12195121951,764.0243902439024
1995,95258,71452,23806,17,5603.411764705882,4203.058823529412,1400.3529411764705
1996,849271,822385,26886,31,27395.83870967742,26528.548387096773,867.2903225806451
1997,198794,174632,24162,27,7362.740740740741,6467.851851851852,894.8888888888889
1998,1696072,1618415,77657,66,25698.060606060608,24521.439393939392,1176.621212121212
1999,1711626,1670565,41061,66,25933.727272727272,25311.590909090908,622.1363636363636
2000,362738,294421,68317,16,22671.125,18401.3125,4269.8125
2001,2366819,2280341,86478,55,43033.07272727273,41460.74545454545,1572.3272727272727
2002,419375,380277,39098,68,6167.279411764706,5592.308823529412,574.9705882352941
2003,1912845,1844522,68323,37,51698.51351351351,49851.94594594595,1846.5675675675675
2004,777472,681020,96452,28,27766.85714285714,24322.14285714286,3444.714285714286
2005,96711,75030,21681,19,5090.0526315789475,3948.9473684210525,1141.1052631578948
2006,96459,71790,24669,18,5358.833333333333,3988.3333333333335,1370.5
2007,793205,723690,69515,15,52880.333333333336,48246.0,4634.333333333333
2008,973463,882762,90701,68,14315.632352941177,12981.79411764706,1333.8382352941176
2009,1426556,1367678,58878,56,25474.214285714286,24422.821428571428,1051.392857142857
2010,354956,328825,26131,60,5915.933333333333,5480.416666666667,435.51666666666665
2011,213392,190180,23212,69,3092.6376811594205,2756.231884057971,336.40579710144925
2012,220760,200777,19983,32,6898.75,6274.28125,624.46875
2013,637762,608551,29211,28,22777.214285714286,21733.964285714286,1043.25
2015,325291,300335,24956,37,8791.648648648648,8117.1621621621625,674.4864864864865
2016,95465,77721,17744,22,4339.318181818182,3532.7727272727275,806.5454545454545
2017,204360,190394,13966,34,6010.588235294118,5599.823529411765,410.7647058823529
2018,293082,274975,18107,42,6978.142857142857,6547.023809523809,431.1190476190476
2019,61644,43895,17749,18,3424.6666666666665,2438.6111111111113,986.0555555555555
2020,345177,321765,23412,63,5479.0,5107.380952380952,371.6190476190476
2021,28700,18400,10300,20,1435.0,920.0,515.0
2022,319834,273386,46448,66,4845.969696969697,4142.212121212121,703.7575757575758
2023,1831901,1736087,95814,71,25801.422535211266,24451.929577464787,1349.4929577464789
2024,263426,240287,23139,21,12544.095238095239,11442.238095238095,1101.857142857143
2025,853040,808714,44326,50,17060.8,16174.28,886.52
2026,422608,351090,71518,27,15652.148148148148,13003.333333333334,2648.814814814815
2027,260639,227864,32775,49,5319.163265306122,4650.285714285715,668.8775510204082
2028,1236773,1186914,49859,49,25240.26530612245,24222.73469387755,1017.530612244898
2029,39000,30100,8900,43,906.9767441860465,700.0,206.97674418604652
2030,1265878,1188965,76913,51,24821.13725490196,23313.039215686276,1508.0980392156862
2032,224312,209291,15021,25,8972.48,8371.64,600.84
2033,421383,371766,49617,33,12769.181818181818,11265.636363636364,1503.5454545454545
2034,700783,640181,60602,28,25027.964285714286,22863.60714285714,2164.3571428571427
2035,1017540,942154,75386,31,32823.87096774193,30392.064516129034,2431.8064516129034
2036,116973,77965,39008,14,8355.214285714286,5568.928571428572,2786.285714285714
2037,1254784,1188818,65966,67,18728.119402985074,17743.55223880597,984.5671641791045
2038,467917,426865,41052,64,7311.203125,6669.765625,641.4375
2039,464885,432140,32745,69,6737.463768115942,6262.898550724638,474.5652173913044
2040,318027,250725,67302,30,10600.9,8357.5,2243.4
2041,268182,210275,57907,41,6541.024390243902,5128.658536585366,1412.3658536585365
2042,76779,58403,18376,22,3489.9545454545455,2654.681818181818,835.2727272727273
2043,295423,279658,15765,37,7984.405405405405,7558.324324324324,426.0810810810811
2044,1005461,937108,68353,49,20519.61224489796,19124.65306122449,1394.9591836734694
2045,173633,156738,16895,27,6430.851851851852,5805.111111111111,625.7407407407408
2046,120174,88628,31546,26,4622.076923076923,3408.769230769231,1213.3076923076924
2047,224153,180845,43308,46,4872.891304347826,3931.413043478261,941.4782608695652
2048,342405,294827,47578,21,16305.0,14039.380952380952,2265.6190476190477
2049,124404,102402,22002,12,10367.0,8533.5,1833.5
2050,1137384,1072087,65297,62,18344.90322580645,17291.725806451614,1053.1774193548388
2051,1492897,1400361,92536,37,40348.56756756757,37847.59459459459,2500.972972972973
2052,704598,652959,51639,62,11364.483870967742,10531.59677419355,832.8870967741935
2053,118099,95336,22763,14,8435.642857142857,6809.714285714285,1625.9285714285713
2054,1033594,979916,53678,47,21991.36170212766,20849.27659574468,1142.0851063829787
2055,235978,224570,11408,20,11798.9,11228.5,570.4
2056,1511609,1479727,31882,68,22229.54411764706,21760.691176470587,468.8529411764706
2057,415760,363521,52239,18,23097.777777777777,20195.61111111111,2902.1666666666665
2058,161276,147631,13645,27,5973.185185185185,5467.814814814815,505.3703703703704
2059,630802,593875,36927,50,12616.04,11877.5,738.54
2060,425672,391300,34372,24,17736.333333333332,16304.166666666666,1432.1666666666667
2061,353486,332228,21258,67,5275.910447761194,4958.626865671642,317.2835820895522
2062,1604927,1569138,35789,33,48634.15151515151,47549.63636363636,1084.5151515151515
2063,367658,327544,40114,60,6127.633333333333,5459.066666666667,668.5666666666667
2064,371345,330412,40933,24,15472.708333333334,13767.166666666666,1705.5416666666667
2065,577372,560950,16422,28,20620.428571428572,20033.928571428572,586.5
2066,133442,119196,14246,28,4765.785714285715,4257.0,508.7857142857143
2067,424387,337480,86907,56,7578.339285714285,6026.428571428572,1551.9107142857142
2068,305145,290832,14313,66,4623.409090909091,4406.545454545455,216.86363636363637
2069,275077,222984,52093,14,19648.35714285714,15927.42857142857,3720.9285714285716
2070,1011726,942162,69564,71,14249.661971830987,13269.887323943662,979.7746478873239
2071,346643,295815,50828,19,18244.36842105263,15569.21052631579,2675.157894736842
2072,1683111,1568477,114634,62,27146.951612903227,25298.016129032258,1848.9354838709678
2073,306713,269825,36888,16,19169.5625,16864.0625,2305.5
2074,866528,802335,64193,34,25486.117647058825,23598.08823529412,1888.0294117647059
2075,122060,102245,19815,35,3487.4285714285716,2921.285714285714,566.1428571428571
2076,169656,153916,15740,27,6283.555555555556,5700.592592592592,582.9629629629629
2077,279477,211845,67632,47,5946.31914893617,4507.340425531915,1438.9787234042553
2078,1057259,1012660,44599,65,16265.523076923077,15579.384615384615,686.1384615384616
2079,313590,234465,79125,15,20906.0,15631.0,5275.0
2080,1090084,1003400,86684,20,54504.2,50170.0,4334.2
2081,83252,67239,16013,17,4897.176470588235,3955.235294117647,941.9411764705883
2082,1476568,1457044,19524,63,23437.5873015873,23127.68253968254,309.9047619047619
2083,711166,693254,17912,27,26339.48148148148,25676.074074074073,663.4074074074074
2084,635917,550967,84950,27,23552.48148148148,20406.185185185186,3146.296296296296
2085,248571,224918,23653,22,11298.681818181818,10223.545454545454,1075.1363636363637
2086,1418099,1348612,69487,28,50646.392857142855,48164.71428571428,2481.6785714285716
2087,2006962,1945001,61961,71,28267.070422535213,27394.38028169014,872.6901408450705
2088,401693,381460,20233,65,6179.892307692307,5868.615384615385,311.2769230769231
2089,650679,652500,-1821,21,30984.714285714286,31071.428571428572,-86.71428571428571
2090,135749,106372,29377,25,5429.96,4254.88,1175.08
2091,178834,127430,51404,27,6623.481481481482,4719.62962962963,1903.851851851852
2092,1526129,1418733,107396,56,27252.303571428572,25334.51785714286,1917.7857142857142
2093,320284,249795,70489,17,18840.235294117647,14693.823529411764,4146.411764705882
2094,98696,80539,18157,28,3524.8571428571427,2876.3928571428573,648.4642857142857
2095,789948,735065,54883,36,21943.0,20418.472222222223,1524.5277777777778
2096,701372,653210,48162,42,16699.333333333332,15552.619047619048,1146.7142857142858
2097,100522,59430,41092,14,7180.142857142857,4245.0,2935.1428571428573
2099,2483218,2386737,96481,71,34974.90140845071,33616.01408450704,1358.887323943662
2101,138914,111296,27618,28,4961.214285714285,3974.8571428571427,986.3571428571429
2102,383347,345930,37417,28,13690.964285714286,12354.642857142857,1336.3214285714287
2103,151469,131186,20283,22,6884.954545454545,5963.0,921.9545454545455
2104,423585,369550,54035,30,14119.5,12318.333333333334,1801.1666666666667
2105,163789,147509,16280,33,4963.30303030303,4469.969696969697,493.3333333333333
2106,476669,449798,26871,34,14019.676470588236,13229.35294117647,790.3235294117648
2107,318287,272775,45512,25,12731.48,10911.0,1820.48
2108,468224,452079,16145,29,16145.655172413793,15588.931034482759,556.7241379310345
2109,232617,128635,103982,34,6841.676470588235,3783.3823529411766,3058.294117647059
2110,221829,202635,19194,70,3168.9857142857145,2894.785714285714,274.2
2111,2019379,1912105,107274,47,42965.51063829787,40683.085106382976,2282.425531914894
2112,358464,306220,52244,29,12360.827586206897,10559.310344827587,1801.5172413793102
2113,317724,303625,14099,28,11347.285714285714,10843.75,503.5357142857143
2114,344269,330816,13453,28,12295.32142857143,11814.857142857143,480.4642857142857
2115,74562,61310,13252,24,3106.75,2554.5833333333335,552.1666666666666
2116,835813,806015,29798,31,26961.709677419356,26000.483870967742,961.2258064516129
2117,383823,359724,24099,28,13707.964285714286,12847.285714285714,860.6785714285714
2118,484848,434901,49947,19,25518.315789473683,22889.526315789473,2628.7894736842104
2119,424106,370630,53476,39,10874.51282051282,9503.333333333334,1371.179487179487
2121,1194306,1169950,24356,48,24881.375,24373.958333333332,507.4166666666667
2122,2796291,2754511,41780,71,39384.380281690144,38795.92957746479,588.4507042253521
2123,213815,199310,14505,65,3289.4615384615386,3066.3076923076924,223.15384615384616
2124,1645890,1564912,80978,70,23512.714285714286,22355.885714285716,1156.8285714285714
2125,470689,412385,58304,13,36206.846153846156,31721.923076923078,4484.923076923077
2126,1039501,977811,61690,22,47250.045454545456,44445.954545454544,2804.090909090909
2127,78453,63375,15078,19,4129.105263157895,3335.5263157894738,793.578947368421
2128,336028,317526,18502,60,5600.466666666666,5292.1,308.3666666666667
2130,676261,651804,24457,24,28177.541666666668,27158.5,1019.0416666666666
2131,187271,137940,49331,29,6457.620689655172,4756.551724137931,1701.0689655172414
2132,1489307,1427710,61597,62,24021.08064516129,23027.58064516129,993.5
2133,65822,48583,17239,14,4701.571428571428,3470.214285714286,1231.357142857143
2134,409991,352212,57779,28,14642.535714285714,12579.0,2063.535714285714
2135,217721,190209,27512,18,12095.611111111111,10567.166666666666,1528.4444444444443
2136,173447,116550,56897,14,12389.07142857143,8325.0,4064.0714285714284
2137,1423573,1354789,68784,64,22243.328125,21168.578125,1074.75
2138,457993,399036,58957,16,28624.5625,24939.75,3684.8125
2139,1346310,1303082,43228,42,32055.0,31025.761904761905,1029.2380952380952
2140,294712,249291,45421,62,4753.419354838709,4020.8225806451615,732.5967741935484
2141,531442,449285,82157,19,27970.63157894737,23646.57894736842,4324.0526315789475
2142,339526,307953,31573,15,22635.066666666666,20530.2,2104.866666666667
2143,870513,840934,29579,35,24871.8,24026.685714285715,845.1142857142858
2144,1240903,1229346,11557,41,30265.926829268294,29984.048780487807,281.8780487804878
2146,1459325,1406420,52905,66,22110.984848484848,21309.39393939394,801.5909090909091
2147,153144,130265,22879,29,5280.827586206897,4491.896551724138,788.9310344827586
2148,159179,136630,22549,39,4081.5128205128203,3503.3333333333335,578.1794871794872
2149,157332,139699,17633,28,5619.0,4989.25,629.75
2150,221419,203326,18093,63,3514.5873015873017,3227.3968253968255,287.1904761904762
2151,540579,502628,37951,46,11751.717391304348,10926.695652173914,825.0217391304348
2152,70309,46354,23955,14,5022.071428571428,3311.0,1711.0714285714287
2153,1205581,1141552,64029,35,34445.171428571426,32615.77142857143,1829.4
2154,182650,166751,15899,56,3261.6071428571427,2977.6964285714284,283.9107142857143
2155,223874,208534,15340,54,4145.814814814815,3861.740740740741,284.0740740740741
2156,720858,671293,49565,27,26698.444444444445,24862.703703703704,1835.7407407407406
2157,578999,555637,23362,37,15648.621621621622,15017.216216216217,631.4054054054054
2158,191934,161305,30629,21,9139.714285714286,7681.190476190476,1458.5238095238096
2159,900745,846133,54612,35,25735.571428571428,24175.22857142857,1560.3428571428572
2160,280030,241564,38466,25,11201.2,9662.56,1538.64
2161,919518,912223,7295,60,15325.3,15203.716666666667,121.58333333333333
2162,500181,449373,50808,13,38475.46153846154,34567.153846153844,3908.3076923076924
2163,995362,941070,54292,47,21177.91489361702,20022.76595744681,1155.1489361702127
2164,644518,566366,78152,27,23871.037037037036,20976.51851851852,2894.5185185185187
2165,482056,443360,38696,20,24102.8,22168.0,1934.8
2166,284218,257268,26950,20,14210.9,12863.4,1347.5
2167,1712426,1639721,72705,64,26756.65625,25620.640625,1136.015625
2169,456422,403635,52787,17,26848.352941176472,23743.235294117647,3105.1176470588234
2170,3133093,3055044,78049,55,56965.32727272727,55546.25454545455,1419.0727272727272
2172,84199,55418,28781,15,5613.266666666666,3694.5333333333333,1918.7333333333333
2173,121093,87730,33363,19,6373.315789473684,4617.368421052632,1755.9473684210527
2174,224321,197473,26848,14,16022.92857142857,14105.214285714286,1917.7142857142858
2175,2473950,2379398,94552,68,36381.617647058825,34991.14705882353,1390.4705882352941
2176,2037345,2038955,-1610,66,30868.863636363636,30893.257575757576,-24.393939393939394
2177,375848,343409,32439,71,5293.633802816901,4836.7464788732395,456.88732394366195
2178,1079433,1020231,59202,43,25103.093023255813,23726.302325581397,1376.7906976744187
2179,1523646,1462513,61133,59,25824.508474576272,24788.35593220339,1036.1525423728813
2180,44900,33600,11300,41,1095.121951219512,819.5121951219512,275.609756097561
2182,190417,145146,45271,17,11201.0,8538.0,2663.0
2183,309566,264880,44686,17,18209.764705882353,15581.176470588236,2628.5882352941176
2184,542776,496060,46716,19,28567.157894736843,26108.42105263158,2458.7368421052633
2185,253377,223168,30209,47,5391.0,4748.255319148936,642.7446808510638
2186,369386,340121,29265,65,5682.861538461539,5232.630769230769,450.2307692307692
2187,1562486,1453928,108558,34,45955.470588235294,42762.58823529412,3192.8823529411766
2189,1555588,1493737,61851,68,22876.29411764706,21966.720588235294,909.5735294117648
2190,1265029,1178108,86921,30,42167.63333333333,39270.26666666667,2897.366666666667
2191,421331,398370,22961,28,15047.535714285714,14227.5,820.0357142857143
2192,784558,731784,52774,33,23774.484848484848,22175.272727272728,1599.2121212121212
2193,185277,161679,23598,25,7411.08,6467.16,943.92
2194,474811,432023,42788,22,21582.31818181818,19637.409090909092,1944.909090909091
2195,945021,859490,85531,50,18900.42,17189.8,1710.62
2196,95605,79900,15705,17,5623.823529411765,4700.0,923.8235294117648
2197,264836,205692,59144,17,15578.588235294117,12099.529411764706,3479.0588235294117
2199,308764,292230,16534,64,4824.4375,4566.09375,258.34375
2200,228824,175995,52829,18,12712.444444444445,9777.5,2934.9444444444443
2201,202597,185666,16931,62,3267.6935483870966,2994.6129032258063,273.0806451612903
2203,305757,286160,19597,44,6949.022727272727,6503.636363636364,445.3863636363636
2204,148640,119002,29638,17,8743.529411764706,7000.117647058823,1743.4117647058824
2205,184787,156989,27798,32,5774.59375,4905.90625,868.6875
2206,374319,317500,56819,40,9357.975,7937.5,1420.475
2207,849705,812830,36875,35,24277.285714285714,23223.714285714286,1053.5714285714287
2208,59429,41633,17796,17,3495.823529411765,2449.0,1046.8235294117646
2209,1740230,1714576,25654,28,62151.07142857143,61234.857142857145,916.2142857142857
2210,171654,120982,50672,28,6130.5,4320.785714285715,1809.7142857142858
2211,685106,669667,15439,13,52700.46153846154,51512.846153846156,1187.6153846153845
2212,188247,159516,28731,34,5536.676470588235,4691.64705882353,845.0294117647059
2213,758055,727133,30922,65,11662.384615384615,11186.661538461538,475.7230769230769
2214,525085,481150,43935,35,15002.42857142857,13747.142857142857,1255.2857142857142
2215,95930,54287,41643,14,6852.142857142857,3877.6428571428573,2974.5
2216,2717181,2657184,59997,68,39958.544117647056,39076.23529411765,882.3088235294117
2217,59500,35800,23700,35,1700.0,1022.8571428571429,677.1428571428571
2218,2231138,2149497,81641,49,45533.42857142857,43867.28571428572,1666.142857142857
2219,3688608,3644449,44159,69,53458.086956521736,52818.10144927536,639.9855072463768
2220,437456,421143,16313,70,6249.371428571429,6016.328571428571,233.04285714285714
2221,43163,27037,16126,13,3320.230769230769,2079.769230769231,1240.4615384615386
2222,1916707,1816477,100230,67,28607.567164179105,27111.597014925374,1495.9701492537313
2223,161135,147355,13780,35,4603.857142857143,4210.142857142857,393.7142857142857
2224,545900,456740,89160,21,25995.238095238095,21749.52380952381,4245.714285714285
2225,152813,135410,17403,35,4366.085714285714,3868.8571428571427,497.22857142857146
2226,734261,695373,38888,34,21595.91176470588,20452.147058823528,1143.764705882353
2227,2758557,2703593,54964,55,50155.58181818182,49156.236363636366,999.3454545454546
2228,1617608,1597296,20312,57,28379.087719298244,28022.736842105263,356.35087719298247
2229,391139,364365,26774,23,17006.043478260868,15841.95652173913,1164.0869565217392
2230,183443,151645,31798,34,5395.382352941177,4460.14705882353,935.2352941176471
2231,102736,80143,22593,14,7338.285714285715,5724.5,1613.7857142857142
2232,356918,297753,59165,31,11513.483870967742,9604.935483870968,1908.5483870967741
2233,215786,171693,44093,35,6165.314285714286,4905.5142857142855,1259.8
2234,81834,51417,30417,25,3273.36,2056.68,1216.68
2235,399406,348795,50611,38,10510.684210526315,9178.815789473685,1331.8684210526317
2236,652839,654306,-1467,39,16739.46153846154,16777.076923076922,-37.61538461538461
2237,724614,662709,61905,36,20128.166666666668,18408.583333333332,1719.5833333333333
2239,794104,732385,61719,47,16895.82978723404,15582.659574468085,1313.1702127659576
2240,1072317,1031801,40516,26,41242.96153846154,39684.653846153844,1558.3076923076924
2241,943382,879415,63967,70,13476.885714285714,12563.07142857143,913.8142857142857
2242,3323153,3222978,100175,70,47473.614285714284,46042.54285714286,1431.0714285714287
2243,558034,525590,32444,35,15943.828571428572,15016.857142857143,926.9714285714285
2244,287016,265630,21386,41,7000.390243902439,6478.780487804878,521.609756097561
2245,2506171,2380918,125253,69,36321.31884057971,34506.057971014496,1815.2608695652175
2246,1261568,1186726,74842,32,39424.0,37085.1875,2338.8125
2247,821450,793023,28427,32,25670.3125,24781.96875,888.34375
2250,1476985,1384969,92016,61,24212.868852459018,22704.409836065573,1508.4590163934427
2252,90475,67368,23107,26,3479.8076923076924,2591.076923076923,888.7307692307693
2253,399264,375574,23690,65,6142.523076923077,5778.0615384615385,364.46153846153845
2254,1419714,1328958,90756,32,44366.0625,41529.9375,2836.125
2255,122326,99687,22639,38,3219.1052631578946,2623.342105263158,595.7631578947369
2256,342028,325372,16656,70,4886.114285714286,4648.171428571429,237.94285714285715
2257,207427,190605,16822,60,3457.116666666667,3176.75,280.3666666666667
2258,170098,128912,41186,25,6803.92,5156.48,1647.44
2259,248501,231770,16731,55,4518.2,4214.0,304.2
2260,535764,538602,-2838,54,9921.555555555555,9974.111111111111,-52.55555555555556
2261,519509,471907,47602,24,21646.208333333332,19662.791666666668,1983.4166666666667
2262,1331834,1220629,111205,22,60537.90909090909,55483.13636363636,5054.772727272727
2263,659451,568536,90915,33,19983.363636363636,17228.363636363636,2755.0
2264,122350,86300,36050,25,4894.0,3452.0,1442.0
2265,1783387,1734522,48865,40,44584.675,43363.05,1221.625
2266,544263,473480,70783,29,18767.689655172413,16326.896551724138,2440.793103448276
2267,1372250,1310173,62077,51,26906.86274509804,25689.666666666668,1217.1960784313726
2268,1192769,1118448,74321,46,25929.760869565216,24314.08695652174,1615.6739130434783
2269,693938,667432,26506,61,11376.032786885246,10941.508196721312,434.5245901639344
2270,115906,94628,21278,21,5519.333333333333,4506.0952380952385,1013.2380952380952
2271,191157,164882,26275,61,3133.72131147541,2702.9836065573772,430.73770491803276
2272,109090,93315,15775,14,7792.142857142857,6665.357142857143,1126.7857142857142
2274,210200,161595,48605,35,6005.714285714285,4617.0,1388.7142857142858
2275,396191,351843,44348,27,14673.74074074074,13031.222222222223,1642.5185185185185
2276,305595,254845,50750,62,4928.951612903225,4110.403225806452,818.5483870967741
2278,467325,419810,47515,28,16690.178571428572,14993.214285714286,1696.9642857142858
2279,1132452,1040263,92189,26,43555.846153846156,40010.11538461538,3545.730769230769
2280,784130,719160,64970,40,19603.25,17979.0,1624.25
2281,654833,625180,29653,41,15971.536585365853,15248.292682926829,723.2439024390244
2282,3247885,3143832,104053,63,51553.730158730155,49902.09523809524,1651.6349206349207
2285,213992,163800,50192,25,8559.68,6552.0,2007.68
2286,289206,269588,19618,24,12050.25,11232.833333333334,817.4166666666666
2287,830686,788905,41781,32,25958.9375,24653.28125,1305.65625
2288,837619,757006,80613,35,23931.97142857143,21628.742857142857,2303.2285714285713
2289,580906,542201,38705,33,17603.21212121212,16430.333333333332,1172.878787878788
2290,166030,152500,13530,26,6385.7692307692305,5865.384615384615,520.3846153846154
2291,193016,176670,16346,29,6655.724137931034,6092.068965517241,563.6551724137931
2292,182054,162294,19760,42,4334.619047619048,3864.1428571428573,470.4761904761905
2293,480367,436645,43722,70,6862.385714285714,6237.785714285715,624.6
2294,418109,392768,25341,27,15485.518518518518,14546.962962962964,938.5555555555555
2295,1191384,1103885,87499,30,39712.8,36796.166666666664,2916.633333333333
2296,344591,302245,42346,13,26507.0,23249.615384615383,3257.3846153846152
2297,229060,208067,20993,42,5453.809523809524,4953.976190476191,499.8333333333333
2298,1572223,1511965,60258,65,24188.046153846153,23261.0,927.0461538461539
2299,213156,193970,19186,23,9267.652173913044,8433.478260869566,834.1739130434783
2300,23800,13900,9900,17,1400.0,817.6470588235294,582.3529411764706
2301,860531,790653,69878,38,22645.552631578947,20806.657894736843,1838.8947368421052
2302,884717,856778,27939,63,14043.126984126984,13599.650793650793,443.4761904761905
2303,548581,510712,37869,25,21943.24,20428.48,1514.76
2304,805181,779331,25850,34,23681.79411764706,22921.5,760.2941176470588
2305,250524,268639,-18115,60,4175.4,4477.316666666667,-301.9166666666667
2306,875658,825765,49893,60,14594.3,13762.75,831.55
2307,221501,198598,22903,41,5402.463414634146,4843.8536585365855,558.609756097561
2309,686035,652452,33583,36,19056.527777777777,18123.666666666668,932.8611111111111
2310,402165,339363,62802,41,9808.90243902439,8277.146341463415,1531.7560975609756
2311,317043,285915,31128,14,22645.928571428572,20422.5,2223.4285714285716
2312,81935,71742,10193,15,5462.333333333333,4782.8,679.5333333333333
2313,977784,941588,36196,68,14379.176470588236,13846.882352941177,532.2941176470588
2314,382953,336230,46723,27,14183.444444444445,12452.962962962964,1730.4814814814815
2315,266010,227257,38753,58,4586.379310344828,3918.2241379310344,668.1551724137931
2316,84358,56760,27598,17,4962.235294117647,3338.823529411765,1623.4117647058824
2317,85913,63837,22076,16,5369.5625,3989.8125,1379.75
2318,1563127,1540821,22306,61,25625.032786885247,25259.360655737706,365.672131147541
2319,893819,838797,55022,29,30821.344827586207,28924.03448275862,1897.3103448275863
2321,2987952,2923141,64811,67,44596.298507462685,43628.97014925373,967.3283582089553
2322,1574884,1557913,16971,47,33508.17021276596,33147.085106382976,361.0851063829787
2323,1087691,1010579,77112,43,25295.13953488372,23501.837209302324,1793.3023255813953
2324,300231,273575,26656,19,15801.631578947368,14398.684210526315,1402.9473684210527
2325,416245,380382,35863,22,18920.227272727272,17290.090909090908,1630.1363636363637
2326,1163462,1122112,41350,59,19719.694915254237,19018.84745762712,700.8474576271186
2327,1165323,1139739,25584,66,17656.409090909092,17268.772727272728,387.6363636363636
2328,293210,228087,65123,42,6981.190476190476,5430.642857142857,1550.547619047619
2329,212554,176645,35909,28,7591.214285714285,6308.75,1282.4642857142858
2330,246510,224071,22439,71,3471.9718309859154,3155.9295774647885,316.0422535211268
2331,140100,126255,13845,44,3184.090909090909,2869.431818181818,314.65909090909093
2332,293562,226867,66695,27,10872.666666666666,8402.481481481482,2470.185185185185
2333,429019,404485,24534,50,8580.38,8089.7,490.68
2334,604741,558917,45824,33,18325.484848484848,16936.878787878788,1388.6060606060605
2335,515538,518385,-2847,32,16110.5625,16199.53125,-88.96875
2336,450576,412253,38323,65,6931.9384615384615,6342.3538461538465,589.5846153846154
2337,406361,350870,55491,17,23903.58823529412,20639.41176470588,3264.176470588235
2338,625710,571171,54539,16,39106.875,35698.1875,3408.6875
2339,161267,141829,19438,27,5972.851851851852,5252.925925925926,719.925925925926
2340,181038,137595,43443,18,10057.666666666666,7644.166666666667,2413.5
2341,116037,95594,20443,37,3136.135135135135,2583.6216216216217,552.5135135135135
2342,233665,205069,28596,70,3338.0714285714284,2929.557142857143,408.51428571428573
2343,652813,608293,44520,48,13600.270833333334,12672.770833333334,927.5
2344,151043,123581,27462,29,5208.379310344828,4261.413793103448,946.9655172413793
2345,1358392,1326613,31779,62,21909.548387096773,21396.983870967742,512.5645161290323
2346,533569,535812,-2243,31,17211.90322580645,17284.25806451613,-72.35483870967742
2347,184916,172733,12183,28,6604.142857142857,6169.035714285715,435.10714285714283
2348,567819,540650,27169,34,16700.558823529413,15901.470588235294,799.0882352941177
2349,169768,156146,13622,27,6287.7037037037035,5783.185185185185,504.51851851851853
2350,1133237,1057345,75892,28,40472.75,37762.32142857143,2710.4285714285716
2351,348406,286368,62038,15,23227.066666666666,19091.2,4135.866666666667
2352,1050495,986531,63964,47,22350.957446808512,20990.021276595744,1360.936170212766
2353,680055,605010,75045,39,17437.30769230769,15513.076923076924,1924.2307692307693
2354,436422,376376,60046,21,20782.0,17922.666666666668,2859.3333333333335
2355,2226852,2124618,102234,47,47379.82978723404,45204.63829787234,2175.191489361702
2356,436029,409417,26612,24,18167.875,17059.041666666668,1108.8333333333333
2357,471141,432868,38273,71,6635.788732394366,6096.732394366197,539.056338028169
2358,414408,392220,22188,39,10625.846153846154,10056.923076923076,568.9230769230769
2359,197680,182435,15245,29,6816.551724137931,6290.862068965517,525.6896551724138
2360,622781,553545,69236,28,22242.178571428572,19769.464285714286,2472.714285714286
2361,604239,588996,15243,58,10417.913793103447,10155.103448275862,262.8103448275862
2362,83686,57946,25740,24,3486.9166666666665,2414.4166666666665,1072.5
2363,355300,326124,29176,50,7106.0,6522.48,583.52
2364,264559,243472,21087,43,6152.53488372093,5662.139534883721,490.3953488372093
2365,260603,229911,30692,49,5318.428571428572,4692.061224489796,626.3673469387755
2366,101142,87267,13875,19,5323.263157894737,4593.0,730.2631578947369
2367,999705,942632,57073,45,22215.666666666668,20947.37777777778,1268.2888888888888
2369,305482,224828,80654,17,17969.529411764706,13225.176470588236,4744.35294117647
2370,296551,234320,62231,14,21182.214285714286,16737.14285714286,4445.071428571428
2371,252448,219725,32723,14,18032.0,15694.642857142857,2337.3571428571427
2372,82873,69179,13694,18,4604.055555555556,3843.277777777778,760.7777777777778
2373,132386,115964,16422,27,4903.185185185185,4294.962962962963,608.2222222222222
2374,132343,103273,29070,36,3676.1944444444443,2868.6944444444443,807.5
2375,1422958,1328679,94279,55,25871.963636363635,24157.8,1714.1636363636364
2376,592425,537945,54480,24,24684.375,22414.375,2270.0
2377,219180,196508,22672,49,4473.061224489796,4010.3673469387754,462.6938775510204
2378,2704664,2611338,93326,71,38093.859154929574,36779.40845070423,1314.4507042253522
2379,432776,402442,30334,71,6095.43661971831,5668.197183098591,427.23943661971833
2380,201184,166263,34921,22,9144.727272727272,7557.409090909091,1587.3181818181818
2381,435614,374541,61073,22,19800.636363636364,17024.590909090908,2776.0454545454545
2382,354312,338899,15413,57,6216.0,5945.596491228071,270.4035087719298
2383,393844,348019,45825,28,14065.857142857143,12429.25,1636.607142857143
2384,2502889,2434749,68140,48,52143.520833333336,50723.9375,1419.5833333333333
2385,530656,463600,67056,25,21226.24,18544.0,2682.24
2386,473423,390168,83255,24,19725.958333333332,16257.0,3468.9583333333335
2387,156314,131855,24459,30,5210.466666666666,4395.166666666667,815.3
2388,236944,204611,32333,66,3590.060606060606,3100.1666666666665,489.8939393939394
2389,737954,692614,45340,30,24598.466666666667,23087.133333333335,1511.3333333333333
2390,1344021,1323602,20419,34,39530.029411764706,38929.470588235294,600.5588235294117
2391,142889,102066,40823,13,10991.461538461539,7851.2307692307695,3140.230769230769
2392,154246,112400,41846,18,8569.222222222223,6244.444444444444,2324.777777777778
2393,874633,826589,48044,71,12318.774647887323,11642.098591549297,676.6760563380282
2394,262870,231730,31140,16,16429.375,14483.125,1946.25
2395,278416,236415,42001,30,9280.533333333333,7880.5,1400.0333333333333
2396,300753,277613,23140,70,4296.471428571429,3965.9,330.57142857142856
2397,206908,169900,37008,30,6896.933333333333,5663.333333333333,1233.6
2398,171078,124130,46948,25,6843.12,4965.2,1877.92
2399,410017,372360,37657,56,7321.732142857143,6649.285714285715,672.4464285714286
2400,134164,91795,42369,30,4472.133333333333,3059.8333333333335,1412.3
2401,364124,321871,42253,52,7002.384615384615,6189.826923076923,812.5576923076923
2402,99811,53641,46170,13,7677.7692307692305,4126.2307692307695,3551.5384615384614
2403,222385,202665,19720,34,6540.735294117647,5960.735294117647,580.0
2404,272942,258222,14720,18,15163.444444444445,14345.666666666666,817.7777777777778
2405,325807,295074,30733,22,14809.40909090909,13412.454545454546,1396.9545454545455
2406,160428,131454,28974,33,4861.454545454545,3983.4545454545455,878.0
2407,357156,327968,29188,29,12315.724137931034,11309.241379310344,1006.4827586206897
2408,421046,375805,45241,24,17543.583333333332,15658.541666666666,1885.0416666666667
2409,409010,338615,70395,34,12029.70588235294,9959.264705882353,2070.4411764705883
2410,421519,341050,80469,67,6291.328358208955,5090.298507462687,1201.0298507462687
2411,1603099,1561035,42064,66,24289.378787878788,23652.045454545456,637.3333333333334
2413,253663,209683,43980,14,18118.785714285714,14977.357142857143,3141.4285714285716
2414,141708,123102,18606,47,3015.063829787234,2619.191489361702,395.8723404255319
2415,377598,334051,43547,22,17163.545454545456,15184.136363636364,1979.409090909091
2416,656223,649425,6798,35,18749.22857142857,18555.0,194.22857142857143
2417,361081,341505,19576,64,5641.890625,5336.015625,305.875
2418,1459263,1383430,75833,26,56125.5,53208.846153846156,2916.653846153846
2419,3052534,2973449,79085,61,50041.54098360656,48745.065573770495,1296.4754098360656
2420,124028,108311,15717,30,4134.266666666666,3610.366666666667,523.9
2421,169774,117944,51830,47,3612.2127659574467,2509.446808510638,1102.7659574468084
2422,99301,66153,33148,16,6206.3125,4134.5625,2071.75
2423,402619,380000,22619,70,5751.7,5428.571428571428,323.12857142857143
2424,2276811,2244387,32424,38,59916.07894736842,59062.81578947369,853.2631578947369
2425,742802,719666,23136,71,10462.0,10136.140845070422,325.85915492957747
2427,1039176,1007078,32098,62,16760.90322580645,16243.193548387097,517.7096774193549
2428,1106367,1062005,44362,63,17561.380952380954,16857.222222222223,704.1587301587301
2429,1161206,1109085,52121,70,16588.657142857144,15844.07142857143,744.5857142857143
2430,534438,472195,62243,50,10688.76,9443.9,1244.86
2431,401967,345400,56567,46,8738.41304347826,7508.695652173913,1229.7173913043478
2432,192560,151783,40777,32,6017.5,4743.21875,1274.28125
2433,338984,287297,51687,70,4842.628571428571,4104.242857142857,738.3857142857142
2434,407624,388099,19525,70,5823.2,5544.271428571428,278.92857142857144
2435,2378010,2324030,53980,61,38983.770491803276,38098.852459016394,884.9180327868852
2436,677055,599570,77485,67,10105.298507462687,8948.805970149253,1156.4925373134329
2437,113484,96318,17166,36,3152.3333333333335,2675.5,476.8333333333333
2438,147315,124896,22419,13,11331.923076923076,9607.384615384615,1724.5384615384614
2439,183691,162723,20968,28,6560.392857142857,5811.535714285715,748.8571428571429
2440,310789,251275,59514,12,25899.083333333332,20939.583333333332,4959.5
2441,479187,443165,36022,24,19966.125,18465.208333333332,1500.9166666666667
2442,51994,34653,17341,16,3249.625,2165.8125,1083.8125
2443,478368,445971,32397,18,26576.0,24776.166666666668,1799.8333333333333
2444,519066,440317,78749,15,34604.4,29354.466666666667,5249.933333333333
2445,1331794,1260533,71261,29,45923.93103448276,43466.65517241379,2457.2758620689656
2446,635479,579566,55913,47,13520.829787234043,12331.191489361701,1189.6382978723404
2447,243603,196558,47045,17,14329.588235294117,11562.235294117647,2767.3529411764707
2448,66428,49540,16888,19,3496.2105263157896,2607.3684210526317,888.8421052631579
2449,107818,52100,55718,15,7187.866666666667,3473.3333333333335,3714.5333333333333
2450,903415,813180,90235,32,28231.71875,25411.875,2819.84375
2451,350385,309869,40516,20,17519.25,15493.45,2025.8
2452,96261,73482,22779,17,5662.411764705882,4322.470588235294,1339.9411764705883
2453,236677,207705,28972,69,3430.1014492753625,3010.217391304348,419.8840579710145
2454,519847,483910,35937,55,9451.763636363636,8798.363636363636,653.4
2455,145572,114756,30816,22,6616.909090909091,5216.181818181818,1400.7272727272727
2456,1176253,1132362,43891,39,30160.333333333332,29034.923076923078,1125.4102564102564
2457,414118,394578,19540,61,6788.819672131148,6468.491803278688,320.327868852459
2458,1960538,1926578,33960,69,28413.594202898552,27921.420289855072,492.17391304347825
2459,82263,57656,24607,15,5484.2,3843.733333333333,1640.4666666666667
2460,509456,438840,70616,61,8351.737704918032,7194.098360655737,1157.639344262295
2461,74897,52415,22482,15,4993.133333333333,3494.3333333333335,1498.8
2463,855182,804697,50485,50,17103.64,16093.94,1009.7
2464,2252650,2166927,85723,65,34656.153846153844,33337.338461538464,1318.8153846153846
2465,165163,148590,16573,26,6352.423076923077,5715.0,637.4230769230769
2466,486137,409610,76527,20,24306.85,20480.5,3826.35
2467,1676973,1588334,88639,67,25029.44776119403,23706.4776119403,1322.9701492537313
2468,93706,63840,29866,29,3231.2413793103447,2201.3793103448274,1029.8620689655172
2469,115683,95415,20268,34,3402.4411764705883,2806.323529411765,596.1176470588235
2470,1092725,1048280,44445,53,20617.45283018868,19778.867924528302,838.5849056603773
2471,2575773,2520163,55610,53,48599.49056603773,47550.24528301887,1049.245283018868
2472,1056905,972145,84760,58,18222.5,16761.120689655174,1461.3793103448277
2473,104187,81649,22538,34,3064.323529411765,2401.4411764705883,662.8823529411765
2474,133938,118681,15257,32,4185.5625,3708.78125,476.78125
2475,379494,355598,23896,26,14595.923076923076,13676.846153846154,919.0769230769231
2476,261943,247515,14428,60,4365.716666666666,4125.25,240.46666666666667
2477,130810,112418,18392,22,5945.909090909091,5109.909090909091,836.0
2479,442990,427170,15820,62,7145.0,6889.8387096774195,255.16129032258064
2480,757534,749369,8165,15,50502.26666666667,49957.933333333334,544.3333333333334
2481,50000,35100,14900,38,1315.7894736842106,923.6842105263158,392.10526315789474
2482,760141,725787,34354,58,13105.879310344828,12513.568965517241,592.3103448275862
2483,702560,641014,61546,27,26020.74074074074,23741.25925925926,2279.4814814814813
2484,1172776,1129154,43622,71,16517.971830985916,15903.577464788732,614.3943661971831
2485,66373,40783,25590,16,4148.3125,2548.9375,1599.375
2486,3493041,3417393,75648,70,49900.58571428571,48819.9,1080.6857142857143
2487,257776,217935,39841,38,6783.578947368421,5735.131578947368,1048.4473684210527
2488,216978,180730,36248,68,3190.8529411764707,2657.794117647059,533.0588235294117
2489,411907,383265,28642,69,5969.666666666667,5554.565217391304,415.1014492753623
2490,739486,671265,68221,46,16075.782608695652,14592.717391304348,1483.0652173913043
2491,279031,252725,26306,33,8455.484848484848,7658.333333333333,797.1515151515151
2492,112273,96082,16191,15,7484.866666666667,6405.466666666666,1079.4
2493,750181,669640,80541,69,10872.188405797102,9704.927536231884,1167.2608695652175
2494,2462036,2406974,55062,56,43964.92857142857,42981.67857142857,983.25
2495,57900,8500,49400,21,2757.1428571428573,404.76190476190476,2352.3809523809523
2496,512983,492224,20759,55,9326.963636363636,8949.527272727273,377.43636363636364
2497,489119,451090,38029,69,7088.68115942029,6537.536231884058,551.1449275362319
2498,374700,331225,43475,33,11354.545454545454,10037.121212121212,1317.4242424242425
2499,305754,265273,40481,34,8992.764705882353,7802.14705882353,1190.6176470588234
2500,125859,100515,25344,38,3312.0789473684213,2645.1315789473683,666.9473684210526
2501,1182468,1084878,97590,58,20387.379310344826,18704.793103448275,1682.5862068965516
2502,177877,151505,26372,26,6841.423076923077,5827.115384615385,1014.3076923076923
2503,771978,707855,64123,69,11188.08695652174,10258.768115942028,929.3188405797101
2504,1565655,1503968,61687,60,26094.25,25066.133333333335,1028.1166666666666
2505,140140,112956,27184,31,4520.645161290323,3643.7419354838707,876.9032258064516
2506,1159331,1066306,93025,29,39976.93103448276,36769.1724137931,3207.7586206896553
2507,209473,180705,28768,24,8728.041666666666,7529.375,1198.6666666666667
2508,300381,283525,16856,69,4353.347826086957,4109.057971014493,244.28985507246378
2509,949872,936817,13055,18,52770.666666666664,52045.38888888889,725.2777777777778
2510,1405932,1329447,76485,64,21967.6875,20772.609375,1195.078125
2511,837383,793825,43558,55,15225.145454545454,14433.181818181818,791.9636363636364
2513,301858,285325,16533,65,4643.969230769231,4389.615384615385,254.35384615384615
2514,726884,644561,82323,40,18172.1,16114.025,2058.075
2515,646161,603186,42975,38,17004.236842105263,15873.315789473685,1130.921052631579
2516,712247,665198,47049,37,19249.91891891892,17978.324324324323,1271.5945945945946
2517,861515,797797,63718,25,34460.6,31911.88,2548.72
2519,402209,351973,50236,71,5664.915492957746,4957.366197183099,707.5492957746479
2520,164390,143550,20840,41,4009.512195121951,3501.2195121951218,508.2926829268293
2521,1140489,1060146,80343,43,26523.0,24654.558139534885,1868.4418604651162
2522,894558,877134,17424,35,25558.8,25060.97142857143,497.8285714285714
2523,236195,208512,27683,67,3525.2985074626868,3112.1194029850744,413.17910447761193
2524,304613,278865,25748,48,6346.104166666667,5809.6875,536.4166666666666
2525,425667,406828,18839,43,9899.232558139534,9461.116279069767,438.1162790697674
2526,184694,167685,17009,29,6368.758620689655,5782.241379310345,586.5172413793103
2527,2846864,2780201,66663,69,41258.89855072464,40292.76811594203,966.1304347826087
2528,298589,273570,25019,69,4327.376811594203,3964.782608695652,362.59420289855075
2530,808163,774532,33631,29,27867.689655172413,26708.0,1159.6896551724137
2531,153923,115651,38272,24,6413.458333333333,4818.791666666667,1594.6666666666667
2532,1278477,1252447,26030,24,53269.875,52185.291666666664,1084.5833333333333
2533,297053,248655,48398,42,7072.690476190476,5920.357142857143,1152.3333333333333
2534,430837,412210,18627,66,6527.833333333333,6245.606060606061,282.22727272727275
2535,381744,357014,24730,23,16597.565217391304,15522.347826086956,1075.2173913043478
2536,317202,288701,28501,50,6344.04,5774.02,570.02
2537,1254140,1229511,24629,22,57006.36363636364,55886.86363636364,1119.5
2538,382454,345846,36608,59,6482.271186440678,5861.796610169492,620.4745762711865
2539,125375,96413,28962,20,6268.75,4820.65,1448.1
2540,354907,311130,43777,44,8066.068181818182,7071.136363636364,994.9318181818181
2541,776278,708578,67700,49,15842.408163265307,14460.775510204081,1381.6326530612246
2542,452146,436080,16066,64,7064.78125,6813.75,251.03125
2543,449922,365640,84282,70,6427.457142857143,5223.428571428572,1204.0285714285715
2544,258352,188714,69638,24,10764.666666666666,7863.083333333333,2901.5833333333335
2545,359918,339751,20167,24,14996.583333333334,14156.291666666666,840.2916666666666
2546,916236,904124,12112,48,19088.25,18835.916666666668,252.33333333333334
2547,1196166,1106873,89293,44,27185.590909090908,25156.204545454544,2029.3863636363637
2548,254338,222545,31793,35,7266.8,6358.428571428572,908.3714285714286
2549,403314,346800,56514,61,6611.704918032787,5685.245901639344,926.4590163934427
2550,652486,556303,96183,37,17634.756756756757,15035.216216216217,2599.5405405405404
2551,1448137,1368374,79763,34,42592.26470588235,40246.294117647056,2345.970588235294
2552,1297603,1222385,75218,65,19963.123076923075,18805.923076923078,1157.2
2553,788630,747179,41451,41,19234.878048780487,18223.878048780487,1011.0
2554,1779331,1721109,58222,66,26959.560606060608,26077.409090909092,882.1515151515151
2555,1482702,1398840,83862,69,21488.434782608696,20273.043478260868,1215.391304347826
2556,43451,30185,13266,14,3103.6428571428573,2156.0714285714284,947.5714285714286
2557,369580,347282,22298,61,6058.688524590164,5693.147540983607,365.5409836065574
2558,51753,33866,17887,16,3234.5625,2116.625,1117.9375
2559,570131,513887,56244,42,13574.547619047618,12235.404761904761,1339.142857142857
2560,184040,159918,24122,18,10224.444444444445,8884.333333333334,1340.111111111111
2561,621301,541338,79963,27,23011.14814814815,20049.555555555555,2961.5925925925926
2562,137575,116250,21325,40,3439.375,2906.25,533.125
2563,371458,326882,44576,47,7903.36170212766,6954.936170212766,948.4255319148937
2564,406450,363180,43270,18,22580.555555555555,20176.666666666668,2403.8888888888887
2565,251991,237460,14531,38,6631.3421052631575,6248.9473684210525,382.39473684210526
2566,74704,68700,6004,70,1067.2,981.4285714285714,85.77142857142857
2567,154408,130439,23969,35,4411.657142857143,3726.8285714285716,684.8285714285714
2568,1458686,1390961,67725,57,25590.98245614035,24402.824561403508,1188.157894736842
2569,372323,349771,22552,54,6894.87037037037,6477.240740740741,417.6296296296296
2570,113372,95096,18276,36,3149.222222222222,2641.5555555555557,507.6666666666667
2571,1196597,1093866,102731,23,52025.95652173913,47559.391304347824,4466.565217391304
2572,2670084,2578231,91853,49,54491.510204081635,52616.95918367347,1874.5510204081634
2573,137879,124330,13549,28,4924.25,4440.357142857143,483.89285714285717
2574,1250429,1141726,108703,70,17863.27142857143,16310.371428571429,1552.9
2575,134889,110645,24244,20,6744.45,5532.25,1212.2
2576,2128678,2065044,63634,63,33788.53968253968,32778.47619047619,1010.063492063492
2577,248139,224629,23510,41,6052.170731707317,5478.756097560976,573.4146341463414
2578,143895,123928,19967,33,4360.454545454545,3755.3939393939395,605.060606060606
2579,85775,67275,18500,14,6126.785714285715,4805.357142857143,1321.4285714285713
2580,545874,480460,65414,37,14753.351351351352,12985.405405405405,1767.945945945946
2581,1515370,1419980,95390,69,21961.884057971016,20579.420289855072,1382.463768115942
2582,1495238,1423649,71589,61,24512.09836065574,23338.508196721312,1173.5901639344263
2583,112572,34500,78072,67,1680.1791044776119,514.9253731343283,1165.2537313432836
2584,281167,254991,26176,65,4325.6461538461535,3922.9384615384615,402.7076923076923
2585,1165378,1136290,29088,70,16648.257142857143,16232.714285714286,415.54285714285714
2586,788921,705914,83007,20,39446.05,35295.7,4150.35
2587,171656,157180,14476,17,10097.411764705883,9245.882352941177,851.5294117647059
2588,1181450,1123673,57777,60,19690.833333333332,18727.883333333335,962.95
2589,140621,126748,13873,24,5859.208333333333,5281.166666666667,578.0416666666666
2590,77803,65310,12493,24,3241.7916666666665,2721.25,520.5416666666666
2591,186424,160572,25852,31,6013.677419354839,5179.741935483871,833.9354838709677
2592,892647,803525,89122,63,14169.0,12754.36507936508,1414.6349206349207
2593,636329,591255,45074,29,21942.379310344826,20388.103448275862,1554.2758620689656
2594,758736,695649,63087,19,39933.47368421053,36613.10526315789,3320.3684210526317
2595,110957,76786,34171,16,6934.8125,4799.125,2135.6875
2596,183114,155660,27454,51,3590.470588235294,3052.156862745098,538.3137254901961
2597,459579,436415,23164,21,21884.714285714286,20781.666666666668,1103.047619047619
2598,1421496,1312942,108554,33,43075.63636363636,39786.121212121216,3289.5151515151515
2599,1471159,1346533,124626,68,21634.691176470587,19801.95588235294,1832.735294117647
2600,2077346,1993189,84157,34,61098.41176470588,58623.205882352944,2475.205882352941
2601,40000,19900,20100,24,1666.6666666666667,829.1666666666666,837.5
2602,412570,356540,56030,30,13752.333333333334,11884.666666666666,1867.6666666666667
2603,165249,134225,31024,30,5508.3,4474.166666666667,1034.1333333333334
2604,188388,162315,26073,29,6496.137931034483,5597.068965517241,899.0689655172414
2605,281888,243045,38843,35,8053.942857142857,6944.142857142857,1109.8
2606,244050,213396,30654,53,4604.7169811320755,4026.3396226415093,578.377358490566
2607,191789,171185,20604,16,11986.8125,10699.0625,1287.75
2608,404550,376876,27674,40,10113.75,9421.9,691.85
2609,2294138,2238594,55544,67,34240.86567164179,33411.850746268654,829.0149253731344
2610,167085,124315,42770,24,6961.875,5179.791666666667,1782.0833333333333
2611,588591,520835,67756,33,17836.090909090908,15782.878787878788,2053.212121212121
2612,501516,463204,38312,20,25075.8,23160.2,1915.6
2613,319419,300215,19204,62,5151.919354838709,4842.177419354839,309.741935483871
2614,92826,77691,15135,27,3438.0,2877.4444444444443,560.5555555555555
2615,612257,549520,62737,53,11552.018867924528,10368.301886792453,1183.7169811320755
2616,1423135,1403045,20090,64,22236.484375,21922.578125,313.90625
2617,197702,178364,19338,63,3138.126984126984,2831.1746031746034,306.95238095238096
2618,458975,428842,30133,69,6651.811594202899,6215.101449275362,436.71014492753625
2619,394835,354974,39861,31,12736.612903225807,11450.774193548386,1285.8387096774193
2620,509947,457300,52647,64,7967.921875,7145.3125,822.609375
2621,198146,182502,15644,38,5214.368421052632,4802.684210526316,411.6842105263158
2622,446151,416060,30091,28,15933.964285714286,14859.285714285714,1074.6785714285713
2623,474846,404208,70638,62,7658.806451612903,6519.4838709677415,1139.3225806451612
2624,1031962,966679,65283,33,31271.575757575756,29293.303030303032,1978.2727272727273
2625,1626972,1575549,51423,29,56102.48275862069,54329.275862068964,1773.2068965517242
2627,251080,228461,22619,50,5021.6,4569.22,452.38
2628,2374119,2365459,8660,58,40933.08620689655,40783.775862068964,149.31034482758622
2629,561458,514725,46733,27,20794.74074074074,19063.88888888889,1730.851851851852
2630,776367,744665,31702,36,21565.75,20685.13888888889,880.6111111111111
2631,117155,82235,34920,33,3550.151515151515,2491.969696969697,1058.1818181818182
2632,1129547,1066608,62939,71,15909.112676056338,15022.647887323943,886.4647887323944
2633,2319974,2271118,48856,33,70302.24242424243,68821.75757575757,1480.4848484848485
2634,315435,221335,94100,14,22531.071428571428,15809.642857142857,6721.428571428572
2635,1152442,1102727,49715,34,33895.35294117647,32433.147058823528,1462.2058823529412
2636,124290,103930,20360,25,4971.6,4157.2,814.4
2637,469442,427151,42291,23,20410.521739130436,18571.782608695652,1838.7391304347825
2638,1221101,1134590,86511,54,22612.98148148148,21010.925925925927,1602.0555555555557
2639,1808051,1746124,61927,68,26588.985294117647,25678.29411764706,910.6911764705883
2640,494286,424086,70200,27,18306.88888888889,15706.888888888889,2600.0
2641,1605222,1492909,112313,67,23958.537313432837,22282.223880597016,1676.313432835821
2642,623170,619209,3961,42,14837.380952380952,14743.07142857143,94.30952380952381
2644,86559,59077,27482,16,5409.9375,3692.3125,1717.625
2645,884909,850334,34575,67,13207.597014925374,12691.55223880597,516.044776119403
2646,878772,816165,62607,17,51692.470588235294,48009.705882352944,3682.764705882353
2647,1081864,977088,104776,70,15455.2,13958.4,1496.8
2648,380614,340965,39649,68,5597.264705882353,5014.191176470588,583.0735294117648
2649,821181,752788,68393,63,13034.619047619048,11949.015873015873,1085.6031746031747
2650,635491,558024,77467,33,19257.303030303032,16909.81818181818,2347.4848484848485
2651,2715241,2690463,24778,69,39351.31884057971,38992.217391304344,359.1014492753623
2652,669956,619035,50921,29,23101.931034482757,21346.03448275862,1755.896551724138
2653,605458,531505,73953,23,26324.260869565216,23108.91304347826,3215.3478260869565
2654,332822,314669,18153,53,6279.66037735849,5937.1509433962265,342.50943396226415
2655,609718,580428,29290,27,22582.14814814815,21497.333333333332,1084.8148148148148
2656,113626,81734,31892,22,5164.818181818182,3715.181818181818,1449.6363636363637
2657,118369,90128,28241,26,4552.653846153846,3466.4615384615386,1086.1923076923076
2658,45946,24780,21166,13,3534.3076923076924,1906.1538461538462,1628.1538461538462
2659,286192,240620,45572,33,8672.484848484848,7291.515151515152,1380.969696969697
2660,2822030,2794227,27803,62,45516.6129032258,45068.17741935484,448.43548387096774
2661,221797,200543,21254,22,10081.681818181818,9115.59090909091,966.0909090909091
2662,307690,278310,29380,55,5594.363636363636,5060.181818181818,534.1818181818181
2663,303814,270624,33190,47,6464.127659574468,5757.95744680851,706.1702127659574
2664,994363,911250,83113,59,16853.610169491527,15444.915254237289,1408.6949152542372
2665,508043,488100,19943,61,8328.573770491803,8001.639344262295,326.9344262295082
2666,208565,190705,17860,69,3022.68115942029,2763.840579710145,258.84057971014494
2667,207619,182295,25324,62,3348.6935483870966,2940.2419354838707,408.4516129032258
2668,316359,290170,26189,19,16650.473684210527,15272.105263157895,1378.3684210526317
2670,1889824,1850214,39610,71,26617.23943661972,26059.352112676057,557.887323943662
2671,259463,220566,38897,63,4118.460317460317,3501.0476190476193,617.4126984126984
2672,74541,57093,17448,21,3549.5714285714284,2718.714285714286,830.8571428571429
2673,823085,790845,32240,59,13950.593220338984,13404.152542372882,546.4406779661017
2674,284892,266575,18317,38,7497.1578947368425,7015.131578947368,482.0263157894737
2675,336252,321180,15072,57,5899.1578947368425,5634.736842105263,264.42105263157896
2676,1200217,1142111,58106,71,16904.464788732395,16086.070422535211,818.3943661971831
2677,615069,573615,41454,28,21966.75,20486.25,1480.5
2678,704963,643365,61598,17,41468.41176470588,37845.0,3623.4117647058824
2679,115530,85654,29876,17,6795.882352941177,5038.470588235294,1757.4117647058824
2680,964324,915720,48604,45,21429.422222222223,20349.333333333332,1080.088888888889
2681,1233334,1138096,95238,47,26241.14893617021,24214.808510638297,2026.340425531915
2684,133127,92030,41097,15,8875.133333333333,6135.333333333333,2739.8
2685,124484,97867,26617,25,4979.36,3914.68,1064.68
2686,215625,199207,16418,35,6160.714285714285,5691.628571428571,469.0857142857143
2687,425081,395045,30036,65,6539.707692307692,6077.615384615385,462.0923076923077
2688,196034,181079,14955,46,4261.608695652174,3936.5,325.10869565217394
2689,526606,480345,46261,23,22895.91304347826,20884.565217391304,2011.3478260869565
2690,141696,118959,22737,21,6747.428571428572,5664.714285714285,1082.7142857142858
2691,59597,47400,12197,60,993.2833333333333,790.0,203.28333333333333
2692,216637,180718,35919,36,6017.694444444444,5019.944444444444,997.75
2693,231691,173416,58275,13,17822.384615384617,13339.692307692309,4482.692307692308
2694,1414151,1331919,82232,69,20494.942028985508,19303.17391304348,1191.768115942029
2695,1442999,1356724,86275,63,22904.74603174603,21535.301587301587,1369.4444444444443
2696,109567,88480,21087,23,4763.782608695652,3846.9565217391305,916.8260869565217
2697,596283,521144,75139,66,9034.59090909091,7896.121212121212,1138.469696969697
2698,133976,114500,19476,18,7443.111111111111,6361.111111111111,1082.0
2699,1173070,1120630,52440,24,48877.916666666664,46692.916666666664,2185.0
2700,2032287,2011146,21141,61,33316.18032786885,32969.60655737705,346.57377049180326
2701,762432,712129,50303,65,11729.723076923077,10955.83076923077,773.8923076923077
2702,937660,894967,42693,34,27578.235294117647,26322.558823529413,1255.6764705882354
2703,45409,25033,20376,14,3243.5,1788.0714285714287,1455.4285714285713
2705,1398702,1335349,63353,65,21518.492307692308,20543.830769230768,974.6615384615385
2706,63000,26600,36400,30,2100.0,886.6666666666666,1213.3333333333333
2707,1785344,1736907,48437,49,36435.5918367347,35447.08163265306,988.5102040816327
2708,788369,711280,77089,33,23889.969696969696,21553.939393939392,2336.030303030303
2709,80998,63547,17451,26,3115.3076923076924,2444.1153846153848,671.1923076923077
2710,1273028,1249079,23949,30,42434.26666666667,41635.96666666667,798.3
2711,1468600,1414730,53870,67,21919.402985074626,21115.373134328358,804.0298507462686
2712,463380,444974,18406,69,6715.652173913043,6448.898550724638,266.7536231884058
2713,373942,319581,54361,56,6677.535714285715,5706.803571428572,970.7321428571429
2714,516705,498805,17900,71,7277.5352112676055,7025.422535211268,252.11267605633802
2715,51763,27530,24233,14,3697.3571428571427,1966.4285714285713,1730.9285714285713
2716,811621,771545,40076,35,23189.17142857143,22044.14285714286,1145.0285714285715
2717,101614,80425,21189,29,3503.9310344827586,2773.2758620689656,730.6551724137931
2718,298654,279030,19624,46,6492.478260869565,6065.869565217391,426.60869565217394
2719,211696,193640,18056,34,6226.35294117647,5695.294117647059,531.0588235294117
2720,1074717,999205,75512,18,59706.5,55511.38888888889,4195.111111111111
2721,245536,223944,21592,13,18887.384615384617,17226.46153846154,1660.923076923077
2722,100782,71483,29299,17,5928.35294117647,4204.882352941177,1723.4705882352941
2723,468486,437341,31145,45,10410.8,9718.68888888889,692.1111111111111
2724,490550,430121,60429,28,17519.64285714286,15361.464285714286,2158.1785714285716
2725,478616,400935,77681,20,23930.8,20046.75,3884.05
2726,1104342,1027125,77217,44,25098.68181818182,23343.75,1754.9318181818182
2727,598613,580855,17758,38,15752.973684210527,15285.657894736842,467.3157894736842
2728,553072,500150,52922,17,32533.647058823528,29420.58823529412,3113.0588235294117
2729,717874,636096,81778,47,15273.91489361702,13533.95744680851,1739.9574468085107
2730,113036,89107,23929,31,3646.3225806451615,2874.4193548387098,771.9032258064516
2731,979053,910850,68203,39,25103.923076923078,23355.128205128207,1748.7948717948718
2732,2547356,2512489,34867,65,39190.092307692306,38653.67692307692,536.4153846153846
2733,216570,181760,34810,60,3609.5,3029.3333333333335,580.1666666666666
2734,249000,201042,47958,24,10375.0,8376.75,1998.25
2736,690715,661403,29312,65,10626.384615384615,10175.430769230768,450.95384615384614
2737,632868,572051,60817,29,21823.03448275862,19725.896551724138,2097.137931034483
2738,976840,930238,46602,61,16013.77049180328,15249.803278688525,763.9672131147541
2739,475633,440159,35474,61,7797.262295081967,7215.7213114754095,581.5409836065573
2740,1358617,1334965,23652,55,24702.127272727274,24272.090909090908,430.03636363636366
2741,1717794,1685258,32536,66,26027.18181818182,25534.21212121212,492.969696969697
2742,865502,832931,32571,50,17310.04,16658.62,651.42
2743,428188,404794,23394,19,22536.21052631579,21304.947368421053,1231.2631578947369
2744,354132,323474,30658,20,17706.6,16173.7,1532.9
2745,334633,271861,62772,15,22308.866666666665,18124.066666666666,4184.8
2746,187459,159681,27778,28,6694.964285714285,5702.892857142857,992.0714285714286
2747,348193,313853,34340,52,6696.0192307692305,6035.634615384615,660.3846153846154
2749,2390336,2291847,98489,55,43460.65454545455,41669.94545454546,1790.709090909091
2750,368754,325045,43709,44,8380.772727272728,7387.386363636364,993.3863636363636
2751,368337,317825,50512,44,8371.295454545454,7223.295454545455,1148.0
2752,296627,256970,39657,31,9568.612903225807,8289.354838709678,1279.258064516129
2753,821323,789076,32247,34,24156.558823529413,23208.117647058825,948.4411764705883
2754,1598841,1523347,75494,35,45681.171428571426,43524.2,2156.9714285714285
2755,269846,253141,16705,47,5741.404255319149,5385.978723404255,355.4255319148936
2756,321635,297053,24582,14,22973.928571428572,21218.071428571428,1755.857142857143
2757,98777,80169,18608,31,3186.3548387096776,2586.0967741935483,600.258064516129
2758,674028,606714,67314,67,10060.119402985074,9055.432835820895,1004.6865671641791
2759,865818,833917,31901,26,33300.692307692305,32073.73076923077,1226.9615384615386
2760,377707,316789,60918,21,17986.04761904762,15085.190476190477,2900.8571428571427
2761,474098,436807,37291,24,19754.083333333332,18200.291666666668,1553.7916666666667
2762,3724568,3674821,49747,69,53979.24637681159,53258.27536231884,720.9710144927536
2763,3170229,3103691,66538,70,45288.985714285714,44338.44285714286,950.5428571428571
2764,517972,427089,90883,28,18499.0,15253.17857142857,3245.8214285714284
2765,143886,133024,10862,15,9592.4,8868.266666666666,724.1333333333333
2766,179639,114281,65358,22,8165.409090909091,5194.590909090909,2970.818181818182
2767,710553,629769,80784,33,21531.909090909092,19083.909090909092,2448.0
2768,302396,258180,44216,60,5039.933333333333,4303.0,736.9333333333333
2770,309904,269695,40209,60,5165.066666666667,4494.916666666667,670.15
2771,1373293,1336765,36528,64,21457.703125,20886.953125,570.75
2772,477159,403661,73498,34,14034.088235294117,11872.382352941177,2161.705882352941
2773,564723,497190,67533,30,18824.1,16573.0,2251.1
2774,234094,210038,24056,34,6885.117647058823,6177.588235294118,707.5294117647059
2775,456853,373709,83144,12,38071.083333333336,31142.416666666668,6928.666666666667
2776,77560,61782,15778,16,4847.5,3861.375,986.125
2777,44100,17500,26600,23,1917.391304347826,760.8695652173913,1156.5217391304348
2778,857849,830133,27716,60,14297.483333333334,13835.55,461.93333333333334
2779,1259831,1181686,78145,66,19088.348484848484,17904.333333333332,1184.0151515151515
2780,556545,511765,44780,36,15459.583333333334,14215.694444444445,1243.888888888889
2781,374496,316350,58146,42,8916.57142857143,7532.142857142857,1384.4285714285713
2782,644632,588612,56020,22,29301.454545454544,26755.090909090908,2546.3636363636365
2783,297051,243725,53326,37,8028.405405405405,6587.1621621621625,1441.2432432432433
2784,96456,59408,37048,14,6889.714285714285,4243.428571428572,2646.285714285714
2787,290308,250624,39684,12,24192.333333333332,20885.333333333332,3307.0
2788,779057,762448,16609,50,15581.14,15248.96,332.18
2789,867014,778061,88953,59,14695.152542372882,13187.474576271186,1507.677966101695
2790,939693,877327,62366,50,18793.86,17546.54,1247.32
2791,66231,47640,18591,12,5519.25,3970.0,1549.25
2792,147119,102993,44126,28,5254.25,3678.3214285714284,1575.9285714285713
2793,219498,195843,23655,62,3540.2903225806454,3158.7580645161293,381.53225806451616
2794,386379,379648,6731,28,13799.25,13558.857142857143,240.39285714285714
2795,612065,552616,59449,28,21859.464285714286,19736.285714285714,2123.1785714285716
2796,594255,545653,48602,12,49521.25,45471.083333333336,4050.1666666666665
2797,450437,413215,37222,22,20474.409090909092,18782.5,1691.909090909091
2798,1143652,1112531,31121,52,21993.30769230769,21394.826923076922,598.4807692307693
2799,2288415,2215478,72937,56,40864.55357142857,39562.107142857145,1302.4464285714287
2800,431882,392465,39417,19,22730.63157894737,20656.052631578947,2074.5789473684213
2801,165172,118788,46384,27,6117.481481481482,4399.555555555556,1717.9259259259259
2802,306923,268236,38687,63,4871.793650793651,4257.714285714285,614.0793650793651
2803,1445450,1364045,81405,36,40151.38888888889,37890.13888888889,2261.25
2804,273727,218235,55492,34,8050.794117647059,6418.676470588235,1632.1176470588234
2805,96625,80429,16196,31,3116.935483870968,2594.483870967742,522.4516129032259
2806,196877,165067,31810,18,10937.611111111111,9170.388888888889,1767.2222222222222
2807,448911,422106,26805,26,17265.80769230769,16234.846153846154,1030.9615384615386
2808,305784,245065,60719,48,6370.5,5105.520833333333,1264.9791666666667
2809,792552,765856,26696,48,16511.5,15955.333333333334,556.1666666666666
2810,587039,555212,31827,45,13045.31111111111,12338.044444444444,707.2666666666667
2811,1666905,1633992,32913,35,47625.857142857145,46685.485714285714,940.3714285714286
2812,800830,745510,55320,29,27614.827586206895,25707.241379310344,1907.5862068965516
2813,948605,930530,18075,60,15810.083333333334,15508.833333333334,301.25
2814,315288,286196,29092,68,4636.588235294118,4208.764705882353,427.8235294117647
2816,398589,341217,57372,19,20978.36842105263,17958.78947368421,3019.5789473684213
2817,1040576,964360,76216,68,15302.588235294117,14181.764705882353,1120.8235294117646
2818,2934769,2846256,88513,65,45150.29230769231,43788.553846153845,1361.7384615384615
2819,1062937,1002849,60088,53,20055.415094339623,18921.67924528302,1133.7358490566037
2820,63193,41011,22182,12,5266.083333333333,3417.5833333333335,1848.5
2821,302499,280602,21897,29,10431.0,9675.931034482759,755.0689655172414
2823,230814,213425,17389,68,3394.323529411765,3138.6029411764707,255.72058823529412
2824,1071800,973750,98050,62,17287.09677419355,15705.645161290322,1581.4516129032259
2825,784138,718275,65863,29,27039.241379310344,24768.103448275862,2271.137931034483
2826,409022,373420,35602,25,16360.88,14936.8,1424.08
2827,559731,489085,70646,24,23322.125,20378.541666666668,2943.5833333333335
2829,92885,74380,18505,16,5805.3125,4648.75,1156.5625
2830,637373,602787,34586,40,15934.325,15069.675,864.65
2831,365405,293213,72192,13,28108.076923076922,22554.846153846152,5553.2307692307695
2832,43458,24648,18810,13,3342.923076923077,1896.0,1446.923076923077
2833,181394,160055,21339,40,4534.85,4001.375,533.475
2834,805569,763317,42252,38,21199.184210526317,20087.28947368421,1111.8947368421052
2835,209078,192275,16803,38,5502.0526315789475,5059.868421052632,442.1842105263158
2836,792909,754516,38393,37,21429.972972972973,20392.324324324323,1037.6486486486488
2837,723233,699890,23343,30,24107.766666666666,23329.666666666668,778.1
2838,3732256,3633555,98701,68,54886.117647058825,53434.632352941175,1451.485294117647
2839,994290,956731,37559,44,22597.5,21743.886363636364,853.6136363636364
2840,1561378,1521291,40087,50,31227.56,30425.82,801.74
2841,669198,642456,26742,65,10295.353846153846,9883.938461538462,411.4153846153846
2842,197913,172833,25080,60,3298.55,2880.55,418.0
2843,411948,381622,30326,21,19616.571428571428,18172.47619047619,1444.095238095238
2844,812726,724570,88156,35,23220.742857142857,20702.0,2518.7428571428572
2845,385612,334873,50739,16,24100.75,20929.5625,3171.1875
2846,93846,72600,21246,15,6256.4,4840.0,1416.4
2847,558236,509485,48751,55,10149.745454545455,9263.363636363636,886.3818181818182
2849,427145,395066,32079,63,6780.079365079365,6270.888888888889,509.1904761904762
2850,40757,21614,19143,13,3135.153846153846,1662.6153846153845,1472.5384615384614
2851,340525,325775,14750,36,9459.027777777777,9049.305555555555,409.72222222222223
2852,49500,22900,26600,24,2062.5,954.1666666666666,1108.3333333333333
2853,220633,143195,77438,39,5657.25641025641,3671.6666666666665,1985.5897435897436
2854,512773,442904,69869,23,22294.478260869564,19256.695652173912,3037.782608695652
2855,172988,122280,50708,40,4324.7,3057.0,1267.7
2856,713925,681559,32366,45,15865.0,15145.755555555555,719.2444444444444
2857,924503,899553,24950,20,46225.15,44977.65,1247.5
2858,469343,425509,43834,40,11733.575,10637.725,1095.85
2859,2216517,2145610,70907,62,35750.27419354839,34606.6129032258,1143.6612903225807
2860,695604,661788,33816,19,36610.73684210526,34830.94736842105,1779.7894736842106
2861,420556,399483,21073,70,6007.942857142857,5706.9,301.04285714285714
2862,1767956,1751367,16589,66,26787.21212121212,26535.863636363636,251.34848484848484
2863,416646,365238,51408,35,11904.171428571428,10435.371428571429,1468.8
2864,555135,501599,53536,33,16822.272727272728,15199.969696969696,1622.3030303030303
2865,615982,588401,27581,45,13688.488888888889,13075.577777777778,612.9111111111112
2866,753763,717095,36668,39,19327.25641025641,18387.05128205128,940.2051282051282
2867,1610327,1519666,90661,61,26398.803278688523,24912.55737704918,1486.2459016393443
2868,272740,244755,27985,54,5050.740740740741,4532.5,518.2407407407408
2869,145128,130496,14632,27,5375.111111111111,4833.185185185185,541.925925925926
2870,334252,290141,44111,30,11141.733333333334,9671.366666666667,1470.3666666666666
2871,258136,230302,27834,38,6793.0526315789475,6060.578947368421,732.4736842105264
2872,383359,366329,17030,27,14198.481481481482,13567.74074074074,630.7407407407408
2873,450808,373316,77492,24,18783.666666666668,15554.833333333334,3228.8333333333335
2874,66514,52556,13958,20,3325.7,2627.8,697.9
2875,462076,395785,66291,24,19253.166666666668,16491.041666666668,2762.125
2876,1300667,1258529,42138,68,19127.45588235294,18507.779411764706,619.6764705882352
2877,2100413,2048815,51598,42,50009.833333333336,48781.30952380953,1228.5238095238096
2878,125156,111203,13953,18,6953.111111111111,6177.944444444444,775.1666666666666
2879,175431,158925,16506,14,12530.785714285714,11351.785714285714,1179.0
2880,1262021,1216957,45064,66,19121.530303030304,18438.742424242424,682.7878787878788
2881,722647,670058,52589,71,10178.12676056338,9437.43661971831,740.6901408450705
2882,527152,469869,57283,29,18177.655172413793,16202.379310344828,1975.2758620689656
2883,95769,76706,19063,18,5320.5,4261.444444444444,1059.0555555555557
2884,618800,513754,105046,70,8840.0,7339.342857142857,1500.6571428571428
2885,605441,508665,96776,27,22423.74074074074,18839.444444444445,3584.296296296296
2886,416023,399209,16814,56,7428.982142857143,7128.732142857143,300.25
2887,705139,643285,61854,29,24315.137931034482,22182.241379310344,2132.896551724138
2888,126569,113444,13125,31,4082.8709677419356,3659.483870967742,423.38709677419354
2889,1352533,1279302,73231,33,40985.84848484849,38766.72727272727,2219.121212121212
2890,888939,845593,43346,34,26145.264705882353,24870.382352941175,1274.8823529411766
2891,397712,368700,29012,19,20932.21052631579,19405.263157894737,1526.9473684210527
2892,39300,1400,37900,12,3275.0,116.66666666666667,3158.3333333333335
2893,117992,96265,21727,34,3470.3529411764707,2831.323529411765,639.0294117647059
2894,3034613,2974691,59922,64,47415.828125,46479.546875,936.28125
2895,1390856,1337265,53591,69,20157.333333333332,19380.652173913044,776.6811594202899
2896,227958,205470,22488,69,3303.7391304347825,2977.8260869565215,325.9130434782609
2897,972365,880967,91398,14,69454.64285714286,62926.21428571428,6528.428571428572
2898,465291,426895,38396,25,18611.64,17075.8,1535.84
2899,548447,469091,79356,20,27422.35,23454.55,3967.8
2900,113163,101400,11763,12,9430.25,8450.0,980.25
2901,209476,154021,55455,20,10473.8,7701.05,2772.75
2902,1570942,1529320,41622,71,22125.943661971833,21539.718309859156,586.2253521126761
2903,1340916,1319870,21046,55,24380.29090909091,23997.636363636364,382.6545454545454
2904,653465,584227,69238,33,19801.969696969696,17703.848484848484,2098.121212121212
2905,724612,665250,59362,50,14492.24,13305.0,1187.24
2906,494286,480564,13722,27,18306.88888888889,17798.666666666668,508.22222222222223
2907,440164,416727,23437,63,6986.730158730159,6614.714285714285,372.015873015873
2908,400878,320552,80326,21,19089.428571428572,15264.380952380952,3825.0476190476193
2909,430789,387164,43625,32,13462.15625,12098.875,1363.28125
2910,681544,639295,42249,14,48681.71428571428,45663.92857142857,3017.785714285714
2911,618059,550351,67708,46,13436.065217391304,11964.152173913044,1471.9130434782608
2912,2834492,2775812,58680,53,53480.981132075474,52373.811320754714,1107.1698113207547
2913,273127,255165,17962,60,4552.116666666667,4252.75,299.3666666666667
2914,275926,235614,40312,27,10219.481481481482,8726.444444444445,1493.037037037037
2915,3417616,3351779,65837,65,52578.70769230769,51565.83076923077,1012.876923076923
2916,364004,323523,40481,24,15166.833333333334,13480.125,1686.7083333333333
2917,530729,483776,46953,28,18954.60714285714,17277.714285714286,1676.892857142857
2918,471465,417928,53537,12,39288.75,34827.333333333336,4461.416666666667
2919,680203,649914,30289,43,15818.67441860465,15114.279069767443,704.3953488372093
2920,321445,288377,33068,13,24726.53846153846,22182.846153846152,2543.6923076923076
2921,424070,394364,29706,27,15706.296296296296,14606.074074074075,1100.2222222222222
2922,1667091,1648318,18773,54,30872.055555555555,30524.40740740741,347.64814814814815
2923,200067,184828,15239,47,4256.744680851064,3932.5106382978724,324.2340425531915
2924,592977,558375,34602,50,11859.54,11167.5,692.04
2925,549566,516901,32665,71,7740.366197183099,7280.295774647887,460.07042253521126
2926,872860,828633,44227,71,12293.802816901409,11670.887323943662,622.9154929577464
2927,261124,225677,35447,16,16320.25,14104.8125,2215.4375
2928,338111,311475,26636,60,5635.183333333333,5191.25,443.93333333333334
2929,1299547,1229406,70141,32,40610.84375,38418.9375,2191.90625
2930,1236930,1151080,85850,28,44176.07142857143,41110.0,3066.0714285714284
2931,194120,167771,26349,43,4514.418604651163,3901.6511627906975,612.7674418604652
2932,2821377,2787425,33952,67,42110.10447761194,41603.35820895522,506.74626865671644
2933,2524979,2493953,31026,66,38257.257575757576,37787.166666666664,470.09090909090907
2934,998923,914356,84567,26,38420.11538461538,35167.53846153846,3252.576923076923
2935,138330,118800,19530,43,3216.9767441860463,2762.7906976744184,454.1860465116279
2936,452468,407223,45245,33,13711.151515151516,12340.09090909091,1371.060606060606
2937,108420,96175,12245,22,4928.181818181818,4371.590909090909,556.5909090909091
2938,3138214,3088037,50177,64,49034.59375,48250.578125,784.015625
2939,103679,82901,20778,18,5759.944444444444,4605.611111111111,1154.3333333333333
2940,1530786,1492807,37979,66,23193.727272727272,22618.28787878788,575.439393939394
2942,117810,69900,47910,15,7854.0,4660.0,3194.0
2944,317111,270654,46457,35,9060.314285714287,7732.971428571429,1327.3428571428572
2945,175049,160890,14159,29,6036.172413793103,5547.931034482759,488.2413793103448
2946,131264,116159,15105,31,4234.322580645161,3747.064516129032,487.258064516129
2947,154265,126250,28015,28,5509.464285714285,4508.928571428572,1000.5357142857143
2949,325239,309698,15541,50,6504.78,6193.96,310.82
2950,657178,600253,56925,30,21905.933333333334,20008.433333333334,1897.5
2951,833883,805403,28480,63,13236.238095238095,12784.174603174602,452.06349206349205
2952,98706,83779,14927,20,4935.3,4188.95,746.35
2953,232591,185217,47374,27,8614.481481481482,6859.888888888889,1754.5925925925926
2954,553024,466236,86788,20,27651.2,23311.8,4339.4
2955,140007,116938,23069,27,5185.444444444444,4331.037037037037,854.4074074074074
2956,301655,244441,57214,18,16758.61111111111,13580.055555555555,3178.5555555555557
2957,968168,911400,56768,41,23613.853658536584,22229.268292682926,1384.5853658536585
2958,336522,320278,16244,63,5341.619047619048,5083.777777777777,257.8412698412698
2959,2406820,2359500,47320,58,41496.89655172414,40681.03448275862,815.8620689655172
2960,765490,729554,35936,51,15009.607843137255,14304.980392156862,704.6274509803922
2961,148338,115820,32518,29,5115.103448275862,3993.793103448276,1121.3103448275863
2962,2439592,2406795,32797,67,36411.82089552239,35922.31343283582,489.5074626865672
2963,422727,364720,58007,24,17613.625,15196.666666666666,2416.9583333333335
2964,107737,81929,25808,23,4684.217391304348,3562.1304347826085,1122.0869565217392
2965,217419,191737,25682,38,5721.5526315789475,5045.710526315789,675.8421052631579
2966,911440,833707,77733,21,43401.90476190476,39700.333333333336,3701.5714285714284
2967,388482,364948,23534,25,15539.28,14597.92,941.36
2968,1824595,1784311,40284,46,39665.108695652176,38789.36956521739,875.7391304347826
2969,60900,23200,37700,43,1416.2790697674418,539.5348837209302,876.7441860465116
2970,762406,718250,44156,71,10738.112676056338,10116.197183098591,621.9154929577464
2971,1283631,1193817,89814,60,21393.85,19896.95,1496.9
2972,2315606,2239618,75988,61,37960.75409836065,36715.04918032787,1245.704918032787
2973,507824,449800,58024,28,18136.571428571428,16064.285714285714,2072.285714285714
2974,396728,347964,48764,69,5749.68115942029,5042.95652173913,706.7246376811594
2976,518856,487697,31159,28,18530.571428571428,17417.75,1112.8214285714287
2977,1260659,1180324,80335,30,42021.96666666667,39344.13333333333,2677.8333333333335
2978,305905,293373,12532,47,6508.617021276596,6241.978723404255,266.63829787234044
2979,69538,50912,18626,13,5349.076923076923,3916.3076923076924,1432.7692307692307
2980,303637,286181,17456,60,5060.616666666667,4769.683333333333,290.93333333333334
2981,95048,81903,13145,23,4132.521739130435,3561.0,571.5217391304348
2982,1686907,1616965,69942,30,56230.23333333333,53898.833333333336,2331.4
2983,218815,168860,49955,29,7545.3448275862065,5822.758620689655,1722.5862068965516
2985,319560,298622,20938,68,4699.411764705882,4391.5,307.9117647058824
2986,827321,742022,85299,32,25853.78125,23188.1875,2665.59375
2987,1624917,1551281,73636,63,25792.333333333332,24623.507936507936,1168.8253968253969
2988,1083464,1033754,49710,26,41671.692307692305,39759.769230769234,1911.923076923077
2989,316670,288320,28350,61,5191.311475409836,4726.55737704918,464.75409836065575
2990,185335,142628,42707,27,6864.259259259259,5282.518518518518,1581.7407407407406
2991,1642575,1582215,60360,67,24516.044776119405,23615.149253731342,900.8955223880597
2992,223296,178868,44428,17,13135.058823529413,10521.64705882353,2613.4117647058824
2993,1383048,1368143,14905,34,40677.882352941175,40239.5,438.38235294117646
2994,683295,644879,38416,31,22041.774193548386,20802.548387096773,1239.225806451613
2995,242180,247467,-5287,24,10090.833333333334,10311.125,-220.29166666666666
2996,842204,776951,65253,55,15312.8,14126.381818181819,1186.418181818182
2997,76443,47813,28630,15,5096.2,3187.5333333333333,1908.6666666666667
2998,349751,302397,47354,13,26903.923076923078,23261.30769230769,3642.6153846153848
2999,169923,145967,23956,26,6535.5,5614.115384615385,921.3846153846154
3000,555736,489660,66076,65,8549.784615384615,7533.2307692307695,1016.5538461538462
3001,529736,503140,26596,69,7677.333333333333,7291.884057971014,385.4492753623188
3003,396941,305125,91816,61,6507.229508196721,5002.049180327869,1505.1803278688524
3004,132194,111559,20635,28,4721.214285714285,3984.25,736.9642857142857
3005,581742,538541,43201,23,25293.130434782608,23414.82608695652,1878.304347826087
3006,312643,294674,17969,47,6651.978723404255,6269.659574468085,382.3191489361702
3007,1742065,1696220,45845,70,24886.64285714286,24231.714285714286,654.9285714285714
3008,495198,431855,63343,70,7074.257142857143,6169.357142857143,904.9
3009,147247,124429,22818,35,4207.057142857143,3555.114285714286,651.9428571428572
3010,202510,121455,81055,38,5329.210526315789,3196.184210526316,2133.0263157894738
3011,213525,193305,20220,63,3389.285714285714,3068.3333333333335,320.95238095238096
3012,110473,68571,41902,20,5523.65,3428.55,2095.1
3013,62773,44876,17897,12,5231.083333333333,3739.6666666666665,1491.4166666666667
3014,1687313,1655642,31671,45,37495.84444444445,36792.044444444444,703.8
3015,99623,73443,26180,30,3320.766666666667,2448.1,872.6666666666666
3016,581614,535345,46269,34,17106.29411764706,15745.441176470587,1360.8529411764705
3017,1095206,1062776,32430,52,21061.653846153848,20438.0,623.6538461538462
3018,703569,694694,8875,24,29315.375,28945.583333333332,369.7916666666667
3019,597750,582625,15125,32,18679.6875,18207.03125,472.65625
3020,226399,176555,49844,28,8085.678571428572,6305.535714285715,1780.142857142857
3021,693562,673406,20156,32,21673.8125,21043.9375,629.875
3022,126342,102755,23587,26,4859.307692307692,3952.1153846153848,907.1923076923077
3023,93746,63240,30506,14,6696.142857142857,4517.142857142857,2179.0
3024,163625,144835,18790,24,6817.708333333333,6034.791666666667,782.9166666666666
3025,77965,62033,15932,12,6497.083333333333,5169.416666666667,1327.6666666666667
3026,1591445,1523179,68266,70,22734.928571428572,21759.7,975.2285714285714
3027,146640,122442,24198,32,4582.5,3826.3125,756.1875
3028,270205,255110,15095,63,4288.9682539682535,4049.3650793650795,239.6031746031746
3029,145823,119095,26728,24,6075.958333333333,4962.291666666667,1113.6666666666667
3030,173979,149445,24534,54,3221.8333333333335,2767.5,454.3333333333333
3031,94174,73008,21166,21,4484.476190476191,3476.5714285714284,1007.9047619047619
3032,442624,392251,50373,66,6706.424242424242,5943.19696969697,763.2272727272727
3033,36251,16957,19294,12,3020.9166666666665,1413.0833333333333,1607.8333333333333
3035,3235684,3185367,50317,64,50557.5625,49771.359375,786.203125
3036,1010935,994873,16062,55,18380.636363636364,18088.6,292.03636363636366
3037,1164793,1158788,6005,54,21570.24074074074,21459.037037037036,111.20370370370371
3038,1747364,1683460,63904,32,54605.125,52608.125,1997.0
3039,708876,630653,78223,60,11814.6,10510.883333333333,1303.7166666666667
3040,99068,76320,22748,28,3538.1428571428573,2725.714285714286,812.4285714285714
3041,180993,163620,17373,32,5656.03125,5113.125,542.90625
3042,1060383,1015243,45140,63,16831.47619047619,16114.968253968254,716.5079365079365
3043,101691,85705,15986,24,4237.125,3571.0416666666665,666.0833333333334
3044,114063,95972,18091,27,4224.555555555556,3554.5185185185187,670.0370370370371
3045,259516,242403,17113,42,6178.952380952381,5771.5,407.45238095238096
3046,84665,71540,13125,16,5291.5625,4471.25,820.3125
3047,249166,227201,21965,70,3559.5142857142855,3245.7285714285713,313.7857142857143
3048,175526,100420,75106,12,14627.166666666666,8368.333333333334,6258.833333333333
3049,242471,179522,62949,51,4754.333333333333,3520.0392156862745,1234.2941176470588
3050,3067594,3011717,55877,67,45784.985074626864,44951.0,833.9850746268656
3051,1972997,1919886,53111,35,56371.34285714286,54853.885714285716,1517.4571428571428
3052,116608,90600,26008,20,5830.4,4530.0,1300.4
3053,937885,850920,86965,64,14654.453125,13295.625,1358.828125
3055,215778,175444,40334,31,6960.580645161291,5659.4838709677415,1301.0967741935483
3056,267059,234088,32971,60,4450.983333333334,3901.4666666666667,549.5166666666667
3057,343279,303032,40247,17,20192.882352941175,17825.41176470588,2367.470588235294
3058,1078177,1015695,62482,50,21563.54,20313.9,1249.64
3059,548208,499935,48273,22,24918.545454545456,22724.31818181818,2194.2272727272725
3060,411612,368510,43102,18,22867.333333333332,20472.777777777777,2394.5555555555557
3061,115886,94637,21249,37,3132.054054054054,2557.7567567567567,574.2972972972973
3062,72820,52263,20557,16,4551.25,3266.4375,1284.8125
3063,243193,200130,43063,67,3629.7462686567164,2987.0149253731342,642.7313432835821
3064,780910,724808,56102,67,11655.373134328358,10818.029850746268,837.3432835820895
3066,418641,373809,44832,28,14951.464285714286,13350.32142857143,1601.142857142857
3067,171103,149576,21527,23,7439.260869565217,6503.304347826087,935.9565217391304
3068,427691,390789,36902,68,6289.573529411765,5746.89705882353,542.6764705882352
3069,1754395,1670920,83475,69,25426.014492753624,24216.231884057972,1209.7826086956522
3070,298963,282033,16930,16,18685.1875,17627.0625,1058.125
3071,724517,651710,72807,26,27866.03846153846,25065.76923076923,2800.269230769231
3072,1634801,1617814,16987,66,24769.71212121212,24512.333333333332,257.3787878787879
3074,1785819,1752094,33725,50,35716.38,35041.88,674.5
3075,92587,64384,28203,18,5143.722222222223,3576.8888888888887,1566.8333333333333
3076,293190,264850,28340,69,4249.130434782609,3838.4057971014495,410.72463768115944
3077,325400,256873,68527,20,16270.0,12843.65,3426.35
3078,222147,201050,21097,65,3417.646153846154,3093.076923076923,324.5692307692308
3079,120472,101175,19297,34,3543.294117647059,2975.735294117647,567.5588235294117
3080,215150,190922,24228,38,5661.8421052631575,5024.263157894737,637.578947368421
3082,165969,143284,22685,13,12766.846153846154,11021.846153846154,1745.0
3083,529460,468440,61020,21,25212.380952380954,22306.666666666668,2905.714285714286
3084,856148,786905,69243,35,24461.371428571427,22483.0,1978.3714285714286
3085,245382,230612,14770,17,14434.235294117647,13565.411764705883,868.8235294117648
3086,1440709,1331809,108900,61,23618.180327868853,21832.93442622951,1785.2459016393443
3087,181688,156341,25347,60,3028.133333333333,2605.6833333333334,422.45
3088,826787,765794,60993,33,25054.151515151516,23205.878787878788,1848.2727272727273
3089,1325005,1231935,93070,29,45689.8275862069,42480.51724137931,3209.310344827586
3090,846616,784718,61898,24,35275.666666666664,32696.583333333332,2579.0833333333335
3091,1088330,1023066,65264,61,17841.475409836065,16771.573770491803,1069.9016393442623
3092,206867,188747,18120,36,5746.305555555556,5242.972222222223,503.3333333333333
3093,602392,558800,43592,25,24095.68,22352.0,1743.68
3094,1012864,965918,46946,60,16881.066666666666,16098.633333333333,782.4333333333333
3096,1492352,1458652,33700,66,22611.39393939394,22100.78787878788,510.6060606060606
3097,81255,70686,10569,16,5078.4375,4417.875,660.5625
3098,274125,241120,33005,27,10152.777777777777,8930.37037037037,1222.4074074074074
3099,410236,391195,19041,67,6122.925373134329,5838.731343283582,284.1940298507463
3100,398753,380236,18517,18,22152.944444444445,21124.222222222223,1028.7222222222222
3101,173235,152319,20916,58,2986.810344827586,2626.189655172414,360.62068965517244
3102,240149,192116,48033,13,18473.0,14778.153846153846,3694.846153846154
3103,87231,50100,37131,15,5815.4,3340.0,2475.4
3104,94139,77985,16154,20,4706.95,3899.25,807.7
3105,43513,21595,21918,13,3347.153846153846,1661.1538461538462,1686.0
3106,483283,438227,45056,15,32218.866666666665,29215.133333333335,3003.733333333333
3107,396637,295614,101023,61,6502.245901639344,4846.131147540984,1656.1147540983607
3108,216063,200918,15145,69,3131.3478260869565,2911.855072463768,219.4927536231884
3109,851752,856069,-4317,44,19358.0,19456.113636363636,-98.11363636363636
3110,230580,199535,31045,23,10025.217391304348,8675.434782608696,1349.7826086956522
3111,792836,754688,38148,37,21428.0,20396.972972972973,1031.027027027027
3112,2450563,2372737,77826,52,47126.21153846154,45629.557692307695,1496.6538461538462
3113,2355808,2326259,29549,64,36809.5,36347.796875,461.703125
3114,261905,216955,44950,30,8730.166666666666,7231.833333333333,1498.3333333333333
3115,1164267,1142272,21995,33,35280.818181818184,34614.30303030303,666.5151515151515
3116,650869,602053,48816,32,20339.65625,18814.15625,1525.5
3117,381010,361125,19885,70,5443.0,5158.928571428572,284.07142857142856
3118,615511,559049,56462,33,18651.848484848484,16940.878787878788,1710.969696969697
3119,65681,44059,21622,19,3456.8947368421054,2318.8947368421054,1138.0
3120,173714,147479,26235,30,5790.466666666666,4915.966666666666,874.5
3121,151110,135713,15397,33,4579.090909090909,4112.515151515152,466.57575757575756
3122,220514,175830,44684,19,11606.0,9254.21052631579,2351.7894736842104
3124,694733,652212,42521,42,16541.261904761905,15528.857142857143,1012.4047619047619
3125,191556,169820,21736,24,7981.5,7075.833333333333,905.6666666666666
3126,203335,180853,22482,27,7530.925925925926,6698.259259259259,832.6666666666666
3127,2216418,2176396,40022,64,34631.53125,34006.1875,625.34375
3128,378573,312745,65828,47,8054.744680851064,6654.148936170212,1400.595744680851
3129,416437,397072,19365,60,6940.616666666667,6617.866666666667,322.75
3130,216469,127484,88985,33,6559.666666666667,3863.151515151515,2696.5151515151515
3131,888773,829973,58800,38,23388.763157894737,21841.394736842107,1547.3684210526317
3132,310682,291622,19060,38,8175.8421052631575,7674.263157894737,501.57894736842104
3133,1416331,1363844,52487,66,21459.560606060608,20664.303030303032,795.2575757575758
3134,1228097,1156181,71916,56,21930.303571428572,20646.089285714286,1284.2142857142858
3135,1321572,1233649,87923,60,22026.2,20560.816666666666,1465.3833333333334
3136,842508,772525,69983,64,13164.1875,12070.703125,1093.484375
3137,665955,615183,50772,24,27748.125,25632.625,2115.5
3138,131142,117035,14107,33,3974.0,3546.5151515151515,427.4848484848485
3139,220601,205355,15246,40,5515.025,5133.875,381.15
3140,166756,150562,16194,19,8776.631578947368,7924.315789473684,852.3157894736842
3141,861719,759940,101779,47,18334.44680851064,16168.936170212766,2165.5106382978724
3142,311486,287846,23640,51,6107.568627450981,5644.0392156862745,463.52941176470586
3143,315750,263627,52123,26,12144.23076923077,10139.5,2004.7307692307693
3144,203761,187934,15827,33,6174.575757575758,5694.969696969697,479.6060606060606
3145,349209,305302,43907,60,5820.15,5088.366666666667,731.7833333333333
3146,273072,248971,24101,62,4404.387096774193,4015.6612903225805,388.7258064516129
3147,643864,580279,63585,44,14633.272727272728,13188.15909090909,1445.1136363636363
3148,181441,152044,29397,37,4903.810810810811,4109.2972972972975,794.5135135135135
3149,301549,255395,46154,30,10051.633333333333,8513.166666666666,1538.4666666666667
3151,463540,356311,107229,34,13633.529411764706,10479.735294117647,3153.794117647059
3152,855898,813679,42219,65,13167.661538461538,12518.138461538461,649.5230769230769
3153,1859846,1780789,79057,29,64132.620689655174,61406.51724137931,2726.103448275862
3154,443804,354407,89397,17,26106.117647058825,20847.470588235294,5258.64705882353
3155,596202,560697,35505,28,21292.928571428572,20024.89285714286,1268.0357142857142
3156,468617,405187,63430,13,36047.46153846154,31168.23076923077,4879.2307692307695
3157,410439,364355,46084,63,6514.9047619047615,5783.412698412699,731.4920634920635
3158,87456,64060,23396,26,3363.6923076923076,2463.846153846154,899.8461538461538
3160,1359677,1264535,95142,54,25179.203703703704,23417.314814814814,1761.888888888889
3161,793880,757552,36328,28,28352.85714285714,27055.428571428572,1297.4285714285713
3162,783556,730374,53182,31,25276.0,23560.451612903227,1715.5483870967741
3163,883215,794722,88493,19,46485.0,41827.47368421053,4657.526315789473
3164,374996,339388,35608,60,6249.933333333333,5656.466666666666,593.4666666666667
3166,2109234,2043900,65334,64,32956.78125,31935.9375,1020.84375
3167,1215703,1115605,100098,52,23378.903846153848,21453.94230769231,1924.9615384615386
3168,449275,410067,39208,70,6418.214285714285,5858.1,560.1142857142858
3169,242466,221951,20515,12,20205.5,18495.916666666668,1709.5833333333333
3170,336631,293260,43371,35,9618.028571428571,8378.857142857143,1239.1714285714286
3171,311346,287656,23690,63,4942.0,4565.9682539682535,376.031746031746
3172,56905,38790,18115,19,2995.0,2041.578947368421,953.421052631579
3173,289556,266515,23041,67,4321.731343283582,3977.8358208955224,343.8955223880597
3174,62389,35937,26452,12,5199.083333333333,2994.75,2204.3333333333335
3175,135182,115200,19982,26,5199.307692307692,4430.7692307692305,768.5384615384615
3176,98137,84818,13319,21,4673.190476190476,4038.9523809523807,634.2380952380952
3177,136821,100900,35921,25,5472.84,4036.0,1436.84
3178,96184,76656,19528,32,3005.75,2395.5,610.25
3179,446003,410143,35860,27,16518.62962962963,15190.481481481482,1328.148148148148
3180,550401,502885,47516,30,18346.7,16762.833333333332,1583.8666666666666
3181,451579,396430,55149,67,6739.985074626866,5916.865671641791,823.1194029850747
3182,448618,432070,16548,24,18692.416666666668,18002.916666666668,689.5
3183,398833,369738,29095,56,7122.017857142857,6602.464285714285,519.5535714285714
3184,302597,276345,26252,58,5217.189655172414,4764.568965517241,452.62068965517244
3185,262162,210185,51977,17,15421.29411764706,12363.823529411764,3057.470588235294
3186,992930,940498,52432,43,23091.39534883721,21872.04651162791,1219.3488372093022
3187,42445,28920,13525,12,3537.0833333333335,2410.0,1127.0833333333333
3188,378365,360969,17396,22,17198.409090909092,16407.68181818182,790.7272727272727
3189,734704,717457,17247,37,19856.864864864863,19390.72972972973,466.13513513513516
3190,283049,241060,41989,24,11793.708333333334,10044.166666666666,1749.5416666666667
3191,297755,279270,18485,27,11027.962962962964,10343.333333333334,684.6296296296297
3192,358276,301818,56458,29,12354.344827586207,10407.51724137931,1946.8275862068965
3193,698608,682965,15643,34,20547.29411764706,20087.20588235294,460.0882352941176
3194,302353,277429,24924,20,15117.65,13871.45,1246.2
3195,395835,340386,55449,63,6283.0952380952385,5402.952380952381,880.1428571428571
3196,333357,288269,45088,60,5555.95,4804.483333333334,751.4666666666667
3197,185923,158013,27910,60,3098.7166666666667,2633.55,465.1666666666667
3199,670879,617077,53802,30,22362.633333333335,20569.233333333334,1793.4
3200,1049774,996415,53359,38,27625.63157894737,26221.447368421053,1404.1842105263158
3201,643060,580325,62735,56,11483.214285714286,10362.94642857143,1120.267857142857
3202,94410,74505,19905,18,5245.0,4139.166666666667,1105.8333333333333
3203,133307,120296,13011,40,3332.675,3007.4,325.275
3204,412603,348575,64028,29,14227.689655172413,12019.827586206897,2207.862068965517
3205,160789,128679,32110,36,4466.361111111111,3574.4166666666665,891.9444444444445
3206,621675,564741,56934,30,20722.5,18824.7,1897.8
3208,663324,640680,22644,16,41457.75,40042.5,1415.25
3209,215705,200197,15508,12,17975.416666666668,16683.083333333332,1292.3333333333333
3210,1798107,1763106,35001,67,26837.417910447763,26315.014925373136,522.4029850746268
3211,58671,37388,21283,18,3259.5,2077.1111111111113,1182.388888888889
3212,311331,248740,62591,65,4789.707692307692,3826.769230769231,962.9384615384615
3213,213388,195485,17903,68,3138.0588235294117,2874.779411764706,263.27941176470586
3214,81848,62090,19758,19,4307.789473684211,3267.8947368421054,1039.8947368421052
3216,1571501,1542843,28658,40,39287.525,38571.075,716.45
3217,828684,743730,84954,20,41434.2,37186.5,4247.7
3218,198744,176956,21788,61,3258.098360655738,2900.9180327868853,357.1803278688525
3219,737151,697228,39923,33,22337.909090909092,21128.121212121212,1209.7878787878788
3220,1450214,1398245,51969,64,22659.59375,21847.578125,812.015625
3221,350531,304707,45824,64,5477.046875,4761.046875,716.0
3222,212636,192163,20473,65,3271.3230769230768,2956.353846153846,314.96923076923076
3223,1922762,1895038,27724,60,32046.033333333333,31583.966666666667,462.06666666666666
3224,171692,147548,24144,25,6867.68,5901.92,965.76
3225,1404001,1318845,85156,61,23016.409836065573,21620.409836065573,1396.0
3226,305502,279709,25793,52,5875.038461538462,5379.0192307692305,496.0192307692308
3227,807163,712512,94651,30,26905.433333333334,23750.4,3155.0333333333333
3228,1214442,1164317,50125,26,46709.307692307695,44781.42307692308,1927.8846153846155
3229,1237871,1223595,14276,37,33455.97297297297,33070.13513513513,385.8378378378378
3230,1610140,1502543,107597,45,35780.88888888889,33389.84444444445,2391.0444444444443
3231,250270,224679,25591,44,5687.954545454545,5106.340909090909,581.6136363636364
3232,126178,114239,11939,26,4853.0,4393.807692307692,459.1923076923077
3233,1605915,1526962,78953,45,35687.0,33932.48888888889,1754.5111111111112
3234,188817,174806,14011,39,4841.461538461538,4482.205128205128,359.2564102564103
3235,970432,874848,95584,47,20647.489361702126,18613.787234042553,2033.7021276595744
3236,98977,81651,17326,22,4498.954545454545,3711.409090909091,787.5454545454545
3237,1243757,1176195,67562,62,20060.59677419355,18970.887096774193,1089.7096774193549
3238,866132,808052,58080,35,24746.628571428573,23087.2,1659.4285714285713
3239,672274,642583,29691,30,22409.133333333335,21419.433333333334,989.7
3240,894705,889213,5492,31,28861.451612903227,28684.290322580644,177.16129032258064
3241,418115,345740,72375,65,6432.538461538462,5319.076923076923,1113.4615384615386
3242,245829,223439,22390,21,11706.142857142857,10639.952380952382,1066.1904761904761
3243,424584,405626,18958,61,6960.393442622951,6649.606557377049,310.78688524590166
3244,154008,136016,17992,47,3276.7659574468084,2893.9574468085107,382.8085106382979
3245,123118,103529,19589,18,6839.888888888889,5751.611111111111,1088.2777777777778
3246,568199,554137,14062,66,8609.075757575758,8396.015151515152,213.06060606060606
3247,270659,243759,26900,32,8458.09375,7617.46875,840.625
3248,156837,135174,21663,31,5059.258064516129,4360.451612903225,698.8064516129032
3249,603890,546253,57637,26,23226.53846153846,21009.73076923077,2216.8076923076924
3250,277632,257705,19927,47,5907.063829787234,5483.085106382979,423.97872340425533
3251,134812,99739,35073,43,3135.1627906976746,2319.5116279069766,815.6511627906976
3252,136156,106165,29991,42,3241.809523809524,2527.7380952380954,714.0714285714286
3253,2087547,2021897,65650,57,36623.63157894737,35471.87719298246,1151.7543859649122
3254,370983,354409,16574,40,9274.575,8860.225,414.35
3255,138471,11100,127371,63,2197.9523809523807,176.1904761904762,2021.7619047619048
3256,296956,266640,30316,25,11878.24,10665.6,1212.64
3258,1902766,1813981,88785,66,28829.78787878788,27484.560606060608,1345.2272727272727
3259,262557,210869,51688,56,4688.517857142857,3765.5178571428573,923.0
3260,3166158,3104832,61326,69,45886.34782608696,44997.565217391304,888.7826086956521
3261,700732,678423,22309,65,10780.492307692308,10437.276923076923,343.2153846153846
3262,481401,427015,54386,18,26744.5,23723.055555555555,3021.4444444444443
3263,74956,32000,42956,32,2342.375,1000.0,1342.375
3264,321667,293853,27814,62,5188.177419354839,4739.564516129032,448.61290322580646
3265,1453079,1421318,31761,33,44032.69696969697,43070.242424242424,962.4545454545455
3266,97630,62022,35608,21,4649.047619047619,2953.4285714285716,1695.6190476190477
3267,894776,847603,47173,65,13765.784615384615,13040.046153846153,725.7384615384616
3268,220533,197350,23183,63,3500.5238095238096,3132.5396825396824,367.984126984127
3269,1395121,1320170,74951,39,35772.333333333336,33850.51282051282,1921.820512820513
3270,862686,796982,65704,40,21567.15,19924.55,1642.6
3271,114079,94822,19257,26,4387.653846153846,3647.0,740.6538461538462
3272,633393,599065,34328,28,22621.178571428572,21395.178571428572,1226.0
3273,1954675,1960823,-6148,36,54296.52777777778,54467.305555555555,-170.77777777777777
3274,379780,351455,28325,15,25318.666666666668,23430.333333333332,1888.3333333333333
3275,431152,409535,21617,54,7984.2962962962965,7583.981481481482,400.31481481481484
3276,105676,62949,42727,12,8806.333333333334,5245.75,3560.5833333333335
3277,1207895,1155355,52540,65,18583.0,17774.69230769231,808.3076923076923
3278,856331,773145,83186,35,24466.6,22089.85714285714,2376.7428571428572
3279,1570892,1548208,22684,48,32726.916666666668,32254.333333333332,472.5833333333333
3280,508529,478295,30234,32,15891.53125,14946.71875,944.8125
3281,102332,81453,20879,16,6395.75,5090.8125,1304.9375
3282,154651,94380,60271,25,6186.04,3775.2,2410.84
3283,1394844,1374740,20104,69,20215.130434782608,19923.768115942028,291.3623188405797
3284,596348,572646,23702,67,8900.716417910447,8546.955223880597,353.76119402985074
3285,103560,76815,26745,31,3340.6451612903224,2477.9032258064517,862.741935483871
3286,1450810,1412756,38054,34,42670.882352941175,41551.64705882353,1119.235294117647
3287,1557411,1504180,53231,65,23960.169230769232,23141.23076923077,818.9384615384615
3288,284293,266076,18217,51,5574.3725490196075,5217.176470588235,357.19607843137254
3289,791699,733690,58009,54,14661.092592592593,13586.851851851852,1074.2407407407406
3290,1070670,1002295,68375,24,44611.25,41762.291666666664,2848.9583333333335
3291,136710,120020,16690,25,5468.4,4800.8,667.6
3292,293788,268915,24873,60,4896.466666666666,4481.916666666667,414.55
3293,859611,794365,65246,16,53725.6875,49647.8125,4077.875
3294,445690,390412,55278,32,13927.8125,12200.375,1727.4375
3296,1673067,1612611,60456,33,50699.0,48867.0,1832.0
3297,800191,758875,41316,46,17395.456521739132,16497.282608695652,898.1739130434783
3298,547990,498100,49890,64,8562.34375,7782.8125,779.53125
3299,407562,379811,27751,19,21450.63157894737,19990.052631578947,1460.578947368421
3300,775052,691532,83520,15,51670.13333333333,46102.13333333333,5568.0
3301,576358,563773,12585,32,18011.1875,17617.90625,393.28125
3302,316848,255372,61476,69,4592.0,3701.0434782608695,890.9565217391304
3303,835038,755620,79418,37,22568.594594594593,20422.162162162163,2146.4324324324325
3304,285699,271410,14289,23,12421.695652173914,11800.434782608696,621.2608695652174
3305,250453,237230,13223,36,6957.027777777777,6589.722222222223,367.30555555555554
3306,853949,826665,27284,64,13342.953125,12916.640625,426.3125
3307,493929,443925,50004,57,8665.421052631578,7788.1578947368425,877.2631578947369
3308,544726,495960,48766,32,17022.6875,15498.75,1523.9375
3309,1026613,995273,31340,61,16829.72131147541,16315.95081967213,513.7704918032787
3310,314849,298153,16696,63,4997.603174603175,4732.587301587301,265.015873015873
3311,1227313,1149838,77475,28,43832.607142857145,41065.642857142855,2766.964285714286
3312,109623,84711,24912,24,4567.625,3529.625,1038.0
3314,185882,133200,52682,26,7149.307692307692,5123.076923076923,2026.2307692307693
3315,540082,438465,101617,40,13502.05,10961.625,2540.425
3316,1161197,1122245,38952,67,17331.298507462685,16749.925373134327,581.3731343283582
3317,129864,112970,16894,38,3417.4736842105262,2972.8947368421054,444.57894736842104
3318,90158,76651,13507,30,3005.266666666667,2555.0333333333333,450.23333333333335
3319,293447,246199,47248,64,4585.109375,3846.859375,738.25
3320,118643,97505,21138,36,3295.6388888888887,2708.472222222222,587.1666666666666
3321,392061,351630,40431,44,8910.477272727272,7991.590909090909,918.8863636363636
3322,853935,762758,91177,33,25876.81818181818,23113.878787878788,2762.939393939394
3323,1530843,1453547,77296,63,24299.095238095237,23072.174603174604,1226.920634920635
3324,143398,86159,57239,14,10242.714285714286,6154.214285714285,4088.5
3325,571420,481383,90037,13,43955.38461538462,37029.46153846154,6925.923076923077
3326,2008825,2005253,3572,61,32931.55737704918,32873.0,58.557377049180324
3327,851886,782657,69229,68,12527.735294117647,11509.661764705883,1018.0735294117648
3328,106412,82170,24242,21,5067.238095238095,3912.8571428571427,1154.3809523809523
3329,556331,519101,37230,26,21397.346153846152,19965.423076923078,1431.923076923077
3330,1799290,1749323,49967,41,43885.12195121951,42666.41463414634,1218.7073170731708
3331,338394,321707,16687,22,15381.545454545454,14623.045454545454,758.5
3332,197532,136540,60992,21,9406.285714285714,6501.9047619047615,2904.3809523809523
3333,108093,74170,33923,13,8314.846153846154,5705.384615384615,2609.4615384615386
3334,169976,127600,42376,28,6070.571428571428,4557.142857142857,1513.4285714285713
3335,114498,87605,26893,34,3367.5882352941176,2576.6176470588234,790.9705882352941
3336,294962,279178,15784,51,5783.568627450981,5474.078431372549,309.4901960784314
3337,1290495,1186123,104372,22,58658.86363636364,53914.681818181816,4744.181818181818
3338,553360,504086,49274,36,15371.111111111111,14002.388888888889,1368.7222222222222
3339,247068,214972,32096,27,9150.666666666666,7961.925925925926,1188.7407407407406
3342,255167,216940,38227,14,18226.214285714286,15495.714285714286,2730.5
3343,428020,365836,62184,16,26751.25,22864.75,3886.5
3344,936969,850664,86305,19,49314.15789473684,44771.78947368421,4542.368421052632
3345,259070,251489,7581,60,4317.833333333333,4191.483333333334,126.35
3346,443339,408398,34941,17,26078.764705882353,24023.41176470588,2055.3529411764707
3347,152567,135507,17060,28,5448.821428571428,4839.535714285715,609.2857142857143
3348,985193,914748,70445,48,20524.854166666668,19057.25,1467.6041666666667
3349,664825,627149,37676,33,20146.21212121212,19004.515151515152,1141.6969696969697
3350,269242,235844,33398,29,9284.206896551725,8132.551724137931,1151.655172413793
3351,193054,167605,25449,33,5850.121212121212,5078.939393939394,771.1818181818181
3352,350342,332721,17621,61,5743.311475409836,5454.44262295082,288.8688524590164
3353,1007657,967021,40636,28,35987.75,34536.46428571428,1451.2857142857142
3354,742110,711452,30658,61,12165.737704918032,11663.147540983606,502.59016393442624
3355,344863,274555,70308,58,5945.913793103448,4733.706896551724,1212.2068965517242
3357,281356,244046,37310,41,6862.341463414634,5952.341463414634,910.0
3358,114862,92655,22207,34,3378.294117647059,2725.1470588235293,653.1470588235294
3359,142583,111072,31511,29,4916.6551724137935,3830.0689655172414,1086.5862068965516
3360,221555,163546,58009,13,17042.69230769231,12580.461538461539,4462.2307692307695
3361,761179,687585,73594,64,11893.421875,10743.515625,1149.90625
3362,608270,578972,29298,47,12941.91489361702,12318.553191489362,623.3617021276596
3363,190095,166719,23376,42,4526.071428571428,3969.5,556.5714285714286
3364,2100997,2012062,88935,48,43770.770833333336,41917.958333333336,1852.8125
3365,93124,66725,26399,13,7163.384615384615,5132.692307692308,2030.6923076923076
3366,529686,479331,50355,33,16051.09090909091,14525.181818181818,1525.909090909091
3367,1751811,1686976,64835,68,25761.926470588234,24808.470588235294,953.4558823529412
3368,695867,602430,93437,39,17842.74358974359,15446.923076923076,2395.8205128205127
3369,325394,271412,53982,48,6779.041666666667,5654.416666666667,1124.625
3370,1636079,1614780,21299,61,26820.967213114753,26471.803278688523,349.1639344262295
3371,2073745,2042797,30948,61,33995.81967213115,33488.475409836065,507.344262295082
3372,1452469,1364588,87881,55,26408.52727272727,24810.69090909091,1597.8363636363636
3373,728237,691651,36586,35,20806.77142857143,19761.457142857143,1045.3142857142857
3374,1857741,1785077,72664,70,26539.157142857144,25501.1,1038.057142857143
3375,291879,231170,60709,23,12690.391304347826,10050.869565217392,2639.521739130435
3376,541003,497534,43469,25,21640.12,19901.36,1738.76
3377,588006,522680,65326,24,24500.25,21778.333333333332,2721.9166666666665
3378,793245,770651,22594,57,13916.578947368422,13520.192982456141,396.3859649122807
3379,366469,305970,60499,23,15933.434782608696,13303.04347826087,2630.391304347826
3380,472824,445272,27552,60,7880.4,7421.2,459.2
3381,361983,332672,29311,16,22623.9375,20792.0,1831.9375
3382,245226,241625,3601,13,18863.53846153846,18586.53846153846,277.0
3383,112140,63330,48810,15,7476.0,4222.0,3254.0
3384,242440,195305,47135,37,6552.4324324324325,5278.513513513513,1273.918918918919
3385,94461,50037,44424,12,7871.75,4169.75,3702.0
3386,1617830,1609004,8826,43,37623.95348837209,37418.6976744186,205.25581395348837
3387,900514,831887,68627,24,37521.416666666664,34661.958333333336,2859.4583333333335
3389,1620344,1574336,46008,35,46295.54285714286,44981.02857142857,1314.5142857142857
3390,535854,484508,51346,24,22327.25,20187.833333333332,2139.4166666666665
3391,1299776,1227633,72143,68,19114.352941176472,18053.426470588234,1060.9264705882354
3392,475113,435472,39641,42,11312.214285714286,10368.380952380952,943.8333333333334
3393,319234,304942,14292,24,13301.416666666666,12705.916666666666,595.5
3394,178374,154026,24348,26,6860.538461538462,5924.076923076923,936.4615384615385
3395,375906,290055,85851,13,28915.846153846152,22311.923076923078,6603.923076923077
3396,220558,182960,37598,13,16966.0,14073.846153846154,2892.153846153846
3397,634300,600100,34200,28,22653.571428571428,21432.14285714286,1221.4285714285713
3398,120053,94565,25488,20,6002.65,4728.25,1274.4
3399,507533,467691,39842,27,18797.51851851852,17321.88888888889,1475.6296296296296
3401,348603,324831,23772,14,24900.214285714286,23202.214285714286,1698.0
3402,2254624,2145209,109415,45,50102.75555555556,47671.311111111114,2431.4444444444443
3403,755740,647809,107931,19,39775.78947368421,34095.21052631579,5680.578947368421
3404,291306,212335,78971,13,22408.153846153848,16333.461538461539,6074.692307692308
3405,1303507,1240174,63333,57,22868.543859649122,21757.43859649123,1111.1052631578948
3406,81263,59300,21963,12,6771.916666666667,4941.666666666667,1830.25
3407,1464933,1398110,66823,64,22889.578125,21845.46875,1044.109375
3408,1418790,1372310,46480,63,22520.47619047619,21782.698412698413,737.7777777777778
3409,169312,153575,15737,33,5130.666666666667,4653.787878787879,476.8787878787879
3410,699209,648493,50716,41,17053.878048780487,15816.90243902439,1236.9756097560976
3411,376227,313262,62965,24,15676.125,13052.583333333334,2623.5416666666665
3412,138725,121642,17083,24,5780.208333333333,5068.416666666667,711.7916666666666
3413,752819,651199,101620,65,11581.83076923077,10018.446153846155,1563.3846153846155
3415,116311,87729,28582,12,9692.583333333334,7310.75,2381.8333333333335
3417,262034,240890,21144,39,6718.820512820513,6176.666666666667,542.1538461538462
3418,1134171,1106645,27526,27,42006.333333333336,40986.851851851854,1019.4814814814815
3419,670427,654067,16360,50,13408.54,13081.34,327.2
3421,949368,882010,67358,46,20638.434782608696,19174.130434782608,1464.304347826087
3422,859065,823056,36009,33,26032.272727272728,24941.090909090908,1091.1818181818182
3423,101019,87770,13249,13,7770.692307692308,6751.538461538462,1019.1538461538462
3424,2396153,2300878,95275,70,34230.75714285715,32869.68571428571,1361.0714285714287
3425,274987,211753,63234,52,5288.211538461538,4072.173076923077,1216.0384615384614
3426,839053,775507,63546,29,28932.862068965518,26741.620689655174,2191.2413793103447
3427,735637,635334,100303,28,26272.75,22690.5,3582.25
3428,233217,192200,41017,17,13718.64705882353,11305.882352941177,2412.764705882353
3429,408213,361725,46488,60,6803.55,6028.75,774.8
3430,143391,93500,49891,24,5974.625,3895.8333333333335,2078.7916666666665
3431,623443,593217,30226,27,23090.48148148148,21971.0,1119.4814814814815
3432,178849,163565,15284,30,5961.633333333333,5452.166666666667,509.46666666666664
3433,76182,53477,22705,17,4481.294117647059,3145.705882352941,1335.5882352941176
3434,94251,80687,13564,31,3040.3548387096776,2602.8064516129034,437.5483870967742
3435,311774,283895,27879,65,4796.523076923077,4367.615384615385,428.9076923076923
3436,145301,117139,28162,42,3459.5476190476193,2789.0238095238096,670.5238095238095
3437,1511655,1460228,51427,25,60466.2,58409.12,2057.08
3438,134709,115618,19091,24,5612.875,4817.416666666667,795.4583333333334
3439,667418,596524,70894,34,19629.941176470587,17544.823529411766,2085.1176470588234
3440,752544,671109,81435,39,19296.0,17207.923076923078,2088.076923076923
3442,120200,97750,22450,35,3434.285714285714,2792.8571428571427,641.4285714285714
3443,122017,102335,19682,29,4207.482758620689,3528.793103448276,678.6896551724138
3444,338741,248848,89893,15,22582.733333333334,16589.866666666665,5992.866666666667
3445,709989,663535,46454,58,12241.189655172413,11440.258620689656,800.9310344827586
3446,1337568,1241894,95674,27,49539.555555555555,45996.07407407407,3543.4814814814813
3448,666475,642566,23909,30,22215.833333333332,21418.866666666665,796.9666666666667
3449,251590,200435,51155,44,5717.954545454545,4555.340909090909,1162.6136363636363
3450,1040400,977673,62727,24,43350.0,40736.375,2613.625
3451,661476,621741,39735,32,20671.125,19429.40625,1241.71875
3452,120331,98989,21342,24,5013.791666666667,4124.541666666667,889.25
3453,1042079,983588,58491,42,24811.404761904763,23418.761904761905,1392.642857142857
3454,173844,155343,18501,26,6686.307692307692,5974.7307692307695,711.5769230769231
3455,1222454,1122351,100103,33,37044.06060606061,34010.63636363636,3033.4242424242425
3456,419558,368165,51393,63,6659.650793650793,5843.888888888889,815.7619047619048
3457,217810,191452,26358,50,4356.2,3829.04,527.16
3458,183321,158269,25052,41,4471.243902439024,3860.2195121951218,611.0243902439024
3459,660837,575390,85447,30,22027.9,19179.666666666668,2848.233333333333
3460,522918,513088,9830,20,26145.9,25654.4,491.5
3461,38900,17500,21400,18,2161.1111111111113,972.2222222222222,1188.888888888889
3462,379930,340155,39775,33,11513.030303030304,10307.727272727272,1205.3030303030303
3463,219756,189042,30714,15,14650.4,12602.8,2047.6
3464,415380,359065,56315,43,9660.0,8350.348837209302,1309.6511627906978
3465,775361,689823,85538,65,11928.63076923077,10612.661538461538,1315.9692307692308
3466,1215980,1110306,105674,46,26434.347826086956,24137.08695652174,2297.2608695652175
3467,870072,803379,66693,28,31074.0,28692.10714285714,2381.8928571428573
3468,431863,347699,84164,34,12701.85294117647,10226.441176470587,2475.4117647058824
3469,397974,369778,28196,67,5939.910447761194,5519.074626865671,420.8358208955224
3470,128262,78736,49526,23,5576.608695652174,3423.304347826087,2153.304347826087
3471,556071,472358,83713,23,24177.0,20537.304347826088,3639.695652173913
3472,628922,573833,55089,29,21686.96551724138,19787.344827586207,1899.6206896551723
3474,142406,122019,20387,41,3473.317073170732,2976.0731707317073,497.2439024390244
3476,505944,454129,51815,36,14054.0,12614.694444444445,1439.3055555555557
3477,209239,194535,14704,64,3269.359375,3039.609375,229.75
3478,486124,447327,38797,51,9531.843137254902,8771.117647058823,760.7254901960785
3479,865098,803715,61383,54,16020.333333333334,14883.611111111111,1136.7222222222222
3480,953884,883070,70814,63,15141.015873015873,14016.984126984127,1124.031746031746
3482,228039,212433,15606,47,4851.893617021276,4519.851063829788,332.0425531914894
3483,206613,187179,19434,62,3332.467741935484,3019.016129032258,313.4516129032258
3484,1469210,1405450,63760,54,27207.59259259259,26026.85185185185,1180.7407407407406
3485,471505,427477,44028,30,15716.833333333334,14249.233333333334,1467.6
3486,171985,126120,45865,38,4525.921052631579,3318.9473684210525,1206.9736842105262
3487,1279090,1198410,80680,71,18015.352112676057,16879.014084507042,1136.338028169014
3489,856415,810045,46370,48,17841.979166666668,16875.9375,966.0416666666666
3490,52300,41800,10500,37,1413.5135135135135,1129.7297297297298,283.7837837837838
3491,608621,584535,24086,29,20986.931034482757,20156.379310344826,830.551724137931
3492,924650,884113,40537,39,23708.97435897436,22669.5641025641,1039.4102564102564
3493,229341,190967,38374,65,3528.3230769230768,2937.9538461538464,590.3692307692307
3494,178608,141055,37553,29,6158.896551724138,4863.9655172413795,1294.9310344827586
3495,807746,722636,85110,31,26056.322580645163,23310.83870967742,2745.483870967742
3496,639700,568657,71043,18,35538.88888888889,31592.055555555555,3946.8333333333335
3497,1136260,1053220,83040,52,21851.153846153848,20254.23076923077,1596.923076923077
3498,240032,213586,26446,25,9601.28,8543.44,1057.84
3499,1254914,1198491,56423,27,46478.2962962963,44388.555555555555,2089.740740740741
3501,262092,233330,28762,12,21841.0,19444.166666666668,2396.8333333333335
3502,843358,765677,77681,33,25556.303030303032,23202.333333333332,2353.969696969697
3503,1166749,1082540,84209,53,22014.132075471698,20425.283018867925,1588.8490566037735
3504,166337,150625,15712,28,5940.607142857143,5379.464285714285,561.1428571428571
3505,1636966,1545667,91299,63,25983.5873015873,24534.396825396827,1449.1904761904761
3506,265695,211315,54380,19,13983.947368421053,11121.842105263158,2862.1052631578946
3507,1564061,1505115,58946,24,65169.208333333336,62713.125,2456.0833333333335
3508,604596,551030,53566,27,22392.444444444445,20408.51851851852,1983.9259259259259
3509,375281,326983,48298,63,5956.841269841269,5190.206349206349,766.6349206349206
3510,2833426,2785920,47506,71,39907.40845070423,39238.30985915493,669.0985915492957
3511,162296,135642,26654,29,5596.413793103448,4677.310344827586,919.1034482758621
3512,37652,23400,14252,30,1255.0666666666666,780.0,475.06666666666666
3513,1470823,1391615,79208,69,21316.27536231884,20168.333333333332,1147.9420289855072
3514,247603,222952,24651,70,3537.1857142857143,3185.0285714285715,352.15714285714284
3515,133404,117853,15551,30,4446.8,3928.4333333333334,518.3666666666667
3516,875549,789701,85848,15,58369.933333333334,52646.73333333333,5723.2
3517,345258,306820,38438,25,13810.32,12272.8,1537.52
3518,716207,669792,46415,29,24696.793103448275,23096.275862068964,1600.5172413793102
3519,183941,152080,31861,34,5410.029411764706,4472.941176470588,937.0882352941177
3520,790902,747499,43403,42,18831.0,17797.595238095237,1033.404761904762
3521,3723004,3678254,44750,66,56409.15151515151,55731.121212121216,678.030303030303
3522,217898,195051,22847,30,7263.266666666666,6501.7,761.5666666666667
3523,62706,21600,41106,30,2090.2,720.0,1370.2
3524,87885,76605,11280,18,4882.5,4255.833333333333,626.6666666666666
3525,207781,184612,23169,36,5771.694444444444,5128.111111111111,643.5833333333334
3526,1802766,1708553,94213,29,62164.34482758621,58915.620689655174,3248.7241379310344
3527,645317,591971,53346,23,28057.260869565216,25737.869565217392,2319.391304347826
3528,1391788,1348525,43263,57,24417.333333333332,23658.333333333332,759.0
3529,369288,298700,70588,17,21722.823529411766,17570.58823529412,4152.235294117647
3530,225072,210612,14460,35,6430.628571428571,6017.4857142857145,413.14285714285717
3531,226845,186201,40644,31,7317.580645161291,6006.4838709677415,1311.0967741935483
3532,540281,515240,25041,41,13177.585365853658,12566.829268292682,610.7560975609756
3533,223371,194091,29280,52,4295.596153846154,3732.519230769231,563.0769230769231
3534,485561,444057,41504,32,15173.78125,13876.78125,1297.0
3535,207331,180568,26763,62,3344.048387096774,2912.3870967741937,431.66129032258067
3536,337313,320731,16582,52,6486.788461538462,6167.903846153846,318.88461538461536
3537,135162,120856,14306,16,8447.625,7553.5,894.125
3538,1648854,1599605,49249,64,25763.34375,24993.828125,769.515625
3539,419804,379980,39824,54,7774.148148148148,7036.666666666667,737.4814814814815
3540,129859,87290,42569,23,5646.04347826087,3795.217391304348,1850.8260869565217
3541,123055,90832,32223,21,5859.761904761905,4325.333333333333,1534.4285714285713
3542,234472,200344,34128,66,3552.6060606060605,3035.5151515151515,517.0909090909091
3543,93650,78526,15124,29,3229.310344827586,2707.793103448276,521.5172413793103
3544,397909,371101,26808,20,19895.45,18555.05,1340.4
3545,1549164,1494585,54579,70,22130.914285714287,21351.214285714286,779.7
3546,568730,482724,86006,22,25851.363636363636,21942.0,3909.3636363636365
3547,266699,240294,26405,64,4167.171875,3754.59375,412.578125
3548,373602,336652,36950,61,6124.622950819672,5518.88524590164,605.7377049180328
3549,139531,121470,18061,28,4983.25,4338.214285714285,645.0357142857143
3550,457723,418145,39578,29,15783.551724137931,14418.793103448275,1364.7586206896551
3551,261684,243408,18276,62,4220.709677419355,3925.935483870968,294.7741935483871
3552,582072,508693,73379,39,14924.923076923076,13043.410256410256,1881.5128205128206
3553,677100,638525,38575,40,16927.5,15963.125,964.375
3554,510689,479420,31269,70,7295.557142857143,6848.857142857143,446.7
3555,1185295,1137693,47602,51,23241.07843137255,22307.70588235294,933.3725490196078
3556,326930,304437,22493,16,20433.125,19027.3125,1405.8125
3557,90464,64677,25787,25,3618.56,2587.08,1031.48
3558,3212384,3145747,66637,67,47946.02985074627,46951.44776119403,994.5820895522388
3559,560991,500223,60768,36,15583.083333333334,13895.083333333334,1688.0
3560,127999,112710,15289,25,5119.96,4508.4,611.56
3561,62077,38716,23361,14,4434.071428571428,2765.4285714285716,1668.642857142857
3562,1295218,1241911,53307,29,44662.68965517241,42824.51724137931,1838.1724137931035
3563,595147,548575,46572,29,20522.310344827587,18916.379310344826,1605.9310344827586
3564,211452,172800,38652,25,8458.08,6912.0,1546.08
3565,114237,88593,25644,22,5192.590909090909,4026.9545454545455,1165.6363636363637
3566,434510,402670,31840,66,6583.484848484848,6101.060606060606,482.42424242424244
3567,1498391,1462738,35653,48,31216.479166666668,30473.708333333332,742.7708333333334
3568,175775,159728,16047,32,5492.96875,4991.5,501.46875
3569,205379,163910,41469,27,7606.62962962963,6070.740740740741,1535.888888888889
3570,531852,456456,75396,61,8718.88524590164,7482.88524590164,1236.0
3571,451250,411898,39352,61,7397.540983606557,6752.426229508197,645.1147540983607
3572,240856,204607,36249,37,6509.621621621622,5529.918918918919,979.7027027027027
3573,112324,85330,26994,30,3744.133333333333,2844.3333333333335,899.8
3574,96160,81298,14862,21,4579.047619047619,3871.3333333333335,707.7142857142857
3575,588922,560685,28237,63,9347.968253968254,8899.761904761905,448.2063492063492
3576,204384,173670,30714,49,4171.102040816327,3544.285714285714,626.8163265306123
3577,295858,238785,57073,19,15571.473684210527,12567.631578947368,3003.842105263158
3578,509116,424425,84691,34,14974.0,12483.088235294117,2490.9117647058824
3579,1376356,1299465,76891,51,26987.37254901961,25479.70588235294,1507.6666666666667
3580,1067519,974380,93139,64,16679.984375,15224.6875,1455.296875
3581,238726,215284,23442,21,11367.904761904761,10251.619047619048,1116.2857142857142
3582,121330,103790,17540,40,3033.25,2594.75,438.5
3583,255835,229522,26313,46,5561.630434782609,4989.608695652174,572.0217391304348
3584,1105016,1043620,61396,30,36833.86666666667,34787.333333333336,2046.5333333333333
3585,190705,159205,31500,30,6356.833333333333,5306.833333333333,1050.0
3586,990253,903560,86693,69,14351.492753623188,13095.072463768116,1256.4202898550725
3587,145939,128131,17808,36,4053.8611111111113,3559.1944444444443,494.6666666666667
3588,203996,166273,37723,30,6799.866666666667,5542.433333333333,1257.4333333333334
3589,1005405,941848,63557,25,40216.2,37673.92,2542.28
3590,749543,725443,24100,30,24984.766666666666,24181.433333333334,803.3333333333334
3591,866157,810279,55878,30,28871.9,27009.3,1862.6
3592,439379,418325,21054,71,6188.43661971831,5891.901408450704,296.53521126760563
3593,1214026,1163631,50395,70,17343.22857142857,16623.3,719.9285714285714
3594,1573496,1562476,11020,60,26224.933333333334,26041.266666666666,183.66666666666666
3595,755011,725093,29918,55,13727.472727272727,13183.50909090909,543.9636363636364
3596,658719,608945,49774,32,20584.96875,19029.53125,1555.4375
3597,1332883,1307412,25471,34,39202.44117647059,38453.294117647056,749.1470588235294
3598,236397,201385,35012,13,18184.384615384617,15491.153846153846,2693.230769230769
3599,315816,283691,32125,57,5540.631578947368,4977.035087719299,563.5964912280701
3600,434746,383905,50841,64,6792.90625,5998.515625,794.390625
3601,251179,210443,40736,42,5980.452380952381,5010.547619047619,969.9047619047619
3602,1146683,1068525,78158,24,47778.458333333336,44521.875,3256.5833333333335
3603,312737,239580,73157,15,20849.133333333335,15972.0,4877.133333333333
3604,423545,378823,44722,60,7059.083333333333,6313.716666666666,745.3666666666667
3605,893531,842136,51395,33,27076.696969696968,25519.272727272728,1557.4242424242425
3606,264348,194565,69783,32,8260.875,6080.15625,2180.71875
3608,1321563,1282513,39050,52,25414.673076923078,24663.71153846154,750.9615384615385
3609,1516854,1410058,106796,64,23700.84375,22032.15625,1668.6875
3610,65800,44315,21485,15,4386.666666666667,2954.3333333333335,1432.3333333333333
3612,836506,760783,75723,52,16086.653846153846,14630.442307692309,1456.2115384615386
3613,670413,655425,14988,64,10475.203125,10241.015625,234.1875
3614,975907,891933,83974,28,34853.82142857143,31854.75,2999.0714285714284
3615,296361,265697,30664,25,11854.44,10627.88,1226.56
3616,29300,5400,23900,12,2441.6666666666665,450.0,1991.6666666666667
3617,1132145,1040131,92014,61,18559.754098360656,17051.32786885246,1508.4262295081967
3618,1212771,1117514,95257,63,19250.333333333332,17738.31746031746,1512.015873015873
3620,124689,98350,26339,22,5667.681818181818,4470.454545454545,1197.2272727272727
3621,471783,450662,21121,48,9828.8125,9388.791666666666,440.0208333333333
3622,1367881,1332630,35251,50,27357.62,26652.6,705.02
3623,225886,211335,14551,46,4910.565217391304,4594.239130434783,316.32608695652175
3624,1019171,1002554,16617,43,23701.6511627907,23315.20930232558,386.4418604651163
3625,367276,349439,17837,52,7063.0,6719.9807692307695,343.0192307692308
3626,379898,344015,35883,25,15195.92,13760.6,1435.32
3628,663551,602735,60816,39,17014.128205128207,15454.74358974359,1559.3846153846155
3629,1165275,1138212,27063,65,17927.30769230769,17510.953846153847,416.3538461538462
3631,215717,162337,53380,40,5392.925,4058.425,1334.5
3632,512679,422965,89714,32,16021.21875,13217.65625,2803.5625
3633,318014,267355,50659,22,14455.181818181818,12152.5,2302.681818181818
3634,1073506,975500,98006,20,53675.3,48775.0,4900.3
3635,99516,83683,15833,19,5237.684210526316,4404.368421052632,833.3157894736842
3636,750801,686955,63846,55,13650.927272727273,12490.09090909091,1160.8363636363636
3637,680593,606267,74326,38,17910.342105263157,15954.394736842105,1955.9473684210527
3638,1316923,1225087,91836,35,37626.37142857143,35002.485714285714,2623.885714285714
3639,117575,99762,17813,23,5111.95652173913,4337.478260869565,774.4782608695652
3640,406094,381785,24309,61,6657.2786885245905,6258.770491803279,398.5081967213115
3641,162750,135156,27594,47,3462.7659574468084,2875.659574468085,587.1063829787234
3643,59600,27800,31800,48,1241.6666666666667,579.1666666666666,662.5
3644,244625,223326,21299,68,3597.426470588235,3284.205882352941,313.22058823529414
3645,521000,497247,23753,30,17366.666666666668,16574.9,791.7666666666667
3646,2041798,1964801,76997,38,53731.52631578947,51705.28947368421,2026.2368421052631
3647,314885,292745,22140,30,10496.166666666666,9758.166666666666,738.0
3648,168237,129728,38509,31,5427.0,4184.774193548387,1242.225806451613
3649,1356437,1311766,44671,67,20245.328358208953,19578.597014925374,666.7313432835821
3650,759920,720308,39612,54,14072.592592592593,13339.037037037036,733.5555555555555
3651,364208,324123,40085,70,5202.971428571429,4630.328571428571,572.6428571428571
3652,136741,115515,21226,21,6511.476190476191,5500.714285714285,1010.7619047619048
3653,1357582,1276029,81553,55,24683.30909090909,23200.52727272727,1482.7818181818182
3654,1502796,1399860,102936,65,23119.938461538462,21536.30769230769,1583.6307692307691
3655,610037,571786,38251,36,16945.472222222223,15882.944444444445,1062.5277777777778
3656,369951,302865,67086,64,5780.484375,4732.265625,1048.21875
3657,85928,50480,35448,15,5728.533333333334,3365.3333333333335,2363.2
3658,117583,95770,21813,21,5599.190476190476,4560.476190476191,1038.7142857142858
3659,368660,280162,88498,22,16757.272727272728,12734.636363636364,4022.6363636363635
3660,405653,352885,52768,61,6650.049180327869,5785.0,865.0491803278688
3661,177101,148430,28671,35,5060.028571428571,4240.857142857143,819.1714285714286
3662,412105,314010,98095,19,21689.736842105263,16526.842105263157,5162.894736842105
3663,1357874,1311827,46047,49,27711.714285714286,26771.979591836734,939.734693877551
3664,1265606,1192260,73346,32,39550.1875,37258.125,2292.0625
3665,300968,268671,32297,18,16720.444444444445,14926.166666666666,1794.2777777777778
3667,355646,339115,16531,59,6027.8983050847455,5747.71186440678,280.1864406779661
3668,46600,27100,19500,29,1606.896551724138,934.4827586206897,672.4137931034483
3669,557265,538677,18588,60,9287.75,8977.95,309.8
3670,303957,280573,23384,66,4605.409090909091,4251.106060606061,354.3030303030303
3671,69182,56427,12755,15,4612.133333333333,3761.8,850.3333333333334
3672,720720,623380,97340,33,21840.0,18890.303030303032,2949.6969696969695
3673,141430,125644,15786,35,4040.8571428571427,3589.8285714285716,451.0285714285714
3674,3515151,3426594,88557,69,50944.217391304344,49660.782608695656,1283.4347826086957
3675,3484758,3452102,32656,69,50503.739130434784,50030.463768115944,473.27536231884056
3676,152210,136829,15381,30,5073.666666666667,4560.966666666666,512.7
3677,136171,121272,14899,38,3583.4473684210525,3191.3684210526317,392.07894736842104
3678,797560,803265,-5705,69,11558.840579710144,11641.521739130434,-82.68115942028986
3679,852095,808332,43763,40,21302.375,20208.3,1094.075
3680,201102,170975,30127,34,5914.764705882353,5028.676470588235,886.0882352941177
3681,501621,428836,72785,23,21809.608695652172,18645.043478260868,3164.5652173913045
3682,500511,414132,86379,66,7583.5,6274.727272727273,1308.7727272727273
3683,1644530,1584165,60365,64,25695.78125,24752.578125,943.203125
3684,395293,368625,26668,57,6934.964912280701,6467.105263157895,467.859649122807
3686,54376,36302,18074,16,3398.5,2268.875,1129.625
3687,837377,756983,80394,61,13727.491803278688,12409.557377049181,1317.9344262295083
3688,1047371,1017655,29716,61,17170.016393442624,16682.868852459018,487.1475409836066
3689,1194594,1109090,85504,37,32286.324324324323,29975.405405405407,2310.9189189189187
3690,670212,611954,58258,26,25777.384615384617,23536.69230769231,2240.6923076923076
3691,464332,438137,26195,70,6633.314285714286,6259.1,374.2142857142857
3692,99855,71933,27922,20,4992.75,3596.65,1396.1
3693,1340184,1240742,99442,71,18875.830985915494,17475.23943661972,1400.5915492957747
3694,414063,357867,56196,29,14278.034482758621,12340.241379310344,1937.7931034482758
3695,306440,284357,22083,20,15322.0,14217.85,1104.15
3696,733879,681481,52398,30,24462.633333333335,22716.033333333333,1746.6
3697,980977,913213,67764,68,14426.132352941177,13429.60294117647,996.5294117647059
3698,50847,28500,22347,33,1540.8181818181818,863.6363636363636,677.1818181818181
3699,1374696,1365105,9591,64,21479.625,21329.765625,149.859375
3700,418904,348660,70244,18,23272.444444444445,19370.0,3902.4444444444443
3701,392761,344087,48674,62,6334.854838709677,5549.790322580645,785.0645161290323
3702,842724,762885,79839,44,19152.81818181818,17338.295454545456,1814.5227272727273
3703,55500,42873,12627,18,3083.3333333333335,2381.8333333333335,701.5
3704,451233,408532,42701,71,6355.394366197183,5753.971830985915,601.4225352112676
3705,779861,740884,38977,14,55704.357142857145,52920.28571428572,2784.0714285714284
3706,294617,260322,34295,32,9206.78125,8135.0625,1071.71875
3708,179839,147795,32044,25,7193.56,5911.8,1281.76
3709,451346,399211,52135,33,13677.151515151516,12097.30303030303,1579.8484848484848
3710,600364,582701,17663,46,13051.391304347826,12667.41304347826,383.9782608695652
3711,382844,385226,-2382,19,20149.684210526317,20275.052631578947,-125.36842105263158
3712,314677,295953,18724,51,6170.137254901961,5803.0,367.1372549019608
3713,2865776,2756023,109753,66,43420.84848484849,41757.92424242424,1662.9242424242425
3714,1913913,1833463,80450,56,34177.017857142855,32740.410714285714,1436.607142857143
3715,23200,9900,13300,12,1933.3333333333333,825.0,1108.3333333333333
3716,38800,20400,18400,20,1940.0,1020.0,920.0
3717,958145,930481,27664,55,17420.81818181818,16917.836363636365,502.9818181818182
3718,263494,222339,41155,56,4705.25,3970.339285714286,734.9107142857143
3719,256712,231553,25159,18,14261.777777777777,12864.055555555555,1397.7222222222222
3720,378011,313030,64981,65,5815.553846153846,4815.846153846154,999.7076923076924
3721,118303,98497,19806,34,3479.5,2896.970588235294,582.5294117647059
3722,181519,154364,27155,12,15126.583333333334,12863.666666666666,2262.9166666666665
3723,314580,239455,75125,30,10486.0,7981.833333333333,2504.1666666666665
3724,172881,140261,32620,16,10805.0625,8766.3125,2038.75
3725,787862,707071,80791,42,18758.619047619046,16835.02380952381,1923.595238095238
3726,1052904,986278,66626,29,36307.03448275862,34009.58620689655,2297.448275862069
3727,520130,441470,78660,35,14860.857142857143,12613.42857142857,2247.4285714285716
3728,658075,627852,30223,52,12655.288461538461,12074.076923076924,581.2115384615385
3729,197173,181115,16058,44,4481.204545454545,4116.25,364.95454545454544
3730,276291,215423,60868,51,5417.470588235294,4223.980392156863,1193.4901960784314
3731,95093,69744,25349,31,3067.516129032258,2249.8064516129034,817.7096774193549
3732,90939,64490,26449,19,4786.263157894737,3394.2105263157896,1392.0526315789473
3733,1250676,1225730,24946,29,43126.75862068965,42266.55172413793,860.2068965517242
3734,422473,427939,-5466,69,6122.797101449275,6202.014492753623,-79.21739130434783
3735,2021625,2006251,15374,44,45946.02272727273,45596.61363636364,349.40909090909093
3736,227483,196025,31458,31,7338.1612903225805,6323.387096774193,1014.7741935483871
3737,321561,280893,40668,45,7145.8,6242.066666666667,903.7333333333333
3738,1446425,1394480,51945,64,22600.390625,21788.75,811.640625
3739,433731,387100,46631,21,20653.85714285714,18433.333333333332,2220.5238095238096
3741,219602,198017,21585,28,7842.928571428572,7072.035714285715,770.8928571428571
3742,91638,73689,17949,19,4823.0526315789475,3878.3684210526317,944.6842105263158
3743,758720,695510,63210,33,22991.515151515152,21076.060606060608,1915.4545454545455
3745,2146330,2090774,55556,64,33536.40625,32668.34375,868.0625
3746,656903,552793,104110,30,21896.766666666666,18426.433333333334,3470.3333333333335
3747,649478,632417,17061,55,11808.690909090908,11498.49090909091,310.2
3748,212880,196308,16572,65,3275.076923076923,3020.123076923077,254.95384615384614
3749,725254,664681,60573,28,25901.928571428572,23738.60714285714,2163.3214285714284
3750,1013248,953254,59994,45,22516.62222222222,21183.422222222223,1333.2
3751,1380623,1329418,51205,63,21914.650793650795,21101.873015873014,812.7777777777778
3752,925237,835954,89283,49,18882.38775510204,17060.285714285714,1822.1020408163265
3753,280141,231755,48386,46,6090.021739130435,5038.152173913043,1051.8695652173913
3754,1106946,1029563,77383,34,32557.235294117647,30281.264705882353,2275.970588235294
3755,1578596,1548336,30260,35,45102.74285714285,44238.171428571426,864.5714285714286
3756,1918558,1848597,69961,50,38371.16,36971.94,1399.22
3757,490169,456903,33266,15,32677.933333333334,30460.2,2217.733333333333
3758,343758,302025,41733,39,8814.307692307691,7744.2307692307695,1070.076923076923
3759,301429,256725,44704,60,5023.816666666667,4278.75,745.0666666666667
3760,2775032,2663919,111113,71,39084.957746478874,37519.98591549296,1564.9718309859154
3763,484779,455673,29106,40,12119.475,11391.825,727.65
3764,202110,168949,33161,37,5462.4324324324325,4566.189189189189,896.2432432432432
3765,79580,62688,16892,25,3183.2,2507.52,675.68
3766,661556,553602,107954,26,25444.46153846154,21292.384615384617,4152.076923076923
3767,488221,426007,62214,37,13195.162162162162,11513.702702702703,1681.4594594594594
3768,688162,611813,76349,18,38231.22222222222,33989.61111111111,4241.611111111111
3769,215823,192910,22913,31,6962.032258064516,6222.903225806452,739.1290322580645
3770,820520,744990,75530,39,21038.97435897436,19102.30769230769,1936.6666666666667
3771,1880307,1786284,94023,66,28489.5,27064.909090909092,1424.590909090909
3772,962288,918855,43433,37,26007.783783783783,24833.91891891892,1173.8648648648648
3773,118007,94691,23316,19,6210.894736842105,4983.736842105263,1227.157894736842
3774,410583,378163,32420,28,14663.67857142857,13505.82142857143,1157.857142857143
3775,410513,390793,19720,66,6219.893939393939,5921.106060606061,298.7878787878788
3776,669393,596776,72617,26,25745.884615384617,22952.923076923078,2792.9615384615386
3777,155569,128514,27055,47,3309.978723404255,2734.340425531915,575.6382978723404
3778,1669020,1572465,96555,65,25677.23076923077,24191.76923076923,1485.4615384615386
3779,539580,480437,59143,41,13160.487804878048,11717.975609756097,1442.5121951219512
3780,234593,215653,18940,37,6340.351351351352,5828.459459459459,511.8918918918919
3781,1832661,1731904,100757,69,26560.304347826088,25100.057971014492,1460.2463768115942
3782,686098,610401,75697,21,32671.333333333332,29066.714285714286,3604.6190476190477
3783,382545,359432,23113,37,10339.054054054053,9714.378378378378,624.6756756756756
3784,334004,295000,39004,35,9542.971428571429,8428.57142857143,1114.4
3785,1986007,1921390,64617,69,28782.710144927536,27846.231884057972,936.4782608695652
3786,2992084,2931445,60639,66,45334.606060606064,44415.833333333336,918.7727272727273
3787,1608609,1526837,81772,70,22980.128571428573,21811.957142857143,1168.1714285714286
3788,585967,497355,88612,68,8617.161764705883,7314.044117647059,1303.1176470588234
3789,880144,833455,46689,28,31433.714285714286,29766.25,1667.4642857142858
3790,511659,502257,9402,19,26929.42105263158,26434.57894736842,494.8421052631579
3791,976953,918019,58934,31,31514.612903225807,29613.516129032258,1901.0967741935483
3792,348150,331180,16970,64,5439.84375,5174.6875,265.15625
3793,384295,358331,25964,30,12809.833333333334,11944.366666666667,865.4666666666667
3794,479547,404154,75393,22,21797.590909090908,18370.636363636364,3426.9545454545455
3795,698202,637183,61019,33,21157.636363636364,19308.575757575756,1849.060606060606
3796,1162158,1087693,74465,67,17345.641791044774,16234.223880597016,1111.4179104477612
3797,73026,40900,32126,50,1460.52,818.0,642.52
3798,272554,243587,28967,16,17034.625,15224.1875,1810.4375
3799,447840,419452,28388,25,17913.6,16778.08,1135.52
3800,229197,218334,10863,27,8488.777777777777,8086.444444444444,402.3333333333333
3801,717699,656975,60724,30,23923.3,21899.166666666668,2024.1333333333334
3802,159667,142967,16700,32,4989.59375,4467.71875,521.875
3803,323548,298990,24558,35,9244.228571428572,8542.57142857143,701.6571428571428
3804,1980066,1940191,39875,56,35358.32142857143,34646.267857142855,712.0535714285714
3805,737719,695855,41864,53,13919.22641509434,13129.33962264151,789.8867924528302
3806,797976,743507,54469,32,24936.75,23234.59375,1702.15625
3807,862582,806465,56117,39,22117.48717948718,20678.589743589742,1438.8974358974358
3808,1148222,1070920,77302,64,17940.96875,16733.125,1207.84375
3809,313389,252980,60409,25,12535.56,10119.2,2416.36
3810,280757,227961,52796,42,6684.690476190476,5427.642857142857,1257.047619047619
3811,141108,97115,43993,26,5427.2307692307695,3735.1923076923076,1692.0384615384614
3812,239755,193445,46310,47,5101.170212765957,4115.851063829788,985.3191489361702
3813,179604,152765,26839,14,12828.857142857143,10911.785714285714,1917.0714285714287
3814,32400,21600,10800,22,1472.7272727272727,981.8181818181819,490.90909090909093
3815,935727,916445,19282,33,28355.363636363636,27771.060606060608,584.3030303030303
3816,70500,25900,44600,32,2203.125,809.375,1393.75
3817,533504,505437,28067,46,11597.91304347826,10987.760869565218,610.1521739130435
3818,1407699,1345525,62174,71,19826.74647887324,18951.056338028167,875.6901408450705
3819,306752,281740,25012,25,12270.08,11269.6,1000.48
3820,923901,846658,77243,61,15145.918032786885,13879.639344262296,1266.27868852459
3821,317389,301350,16039,32,9918.40625,9417.1875,501.21875
3822,1325506,1307876,17630,63,21039.777777777777,20759.93650793651,279.8412698412698
3823,185369,153415,31954,44,4212.931818181818,3486.7045454545455,726.2272727272727
3824,600937,567376,33561,57,10542.754385964912,9953.964912280702,588.7894736842105
3825,271772,250380,21392,60,4529.533333333334,4173.0,356.53333333333336
3826,432528,375513,57015,45,9611.733333333334,8344.733333333334,1267.0
3827,519791,476890,42901,50,10395.82,9537.8,858.02
3828,50149,30585,19564,16,3134.3125,1911.5625,1222.75
3830,371121,347972,23149,20,18556.05,17398.6,1157.45
3832,319855,303586,16269,35,9138.714285714286,8673.885714285714,464.8285714285714
3833,525901,440145,85756,17,30935.352941176472,25890.882352941175,5044.470588235294
3834,1123741,1093104,30637,71,15827.338028169013,15395.830985915492,431.50704225352115
3835,1099504,1061436,38068,69,15934.840579710144,15383.130434782608,551.7101449275362
3836,339675,271991,67684,12,28306.25,22665.916666666668,5640.333333333333
3837,1052190,1016098,36092,64,16440.46875,15876.53125,563.9375
3838,780090,730865,49225,55,14183.454545454546,13288.454545454546,895.0
3839,1546471,1469390,77081,46,33618.934782608696,31943.260869565216,1675.6739130434783
3840,353588,317792,35796,58,6096.3448275862065,5479.172413793103,617.1724137931035
3841,218618,181706,36912,47,4651.446808510638,3866.0851063829787,785.3617021276596
3842,108925,58522,50403,21,5186.9047619047615,2786.7619047619046,2400.1428571428573
3843,211815,177880,33935,26,8146.7307692307695,6841.538461538462,1305.1923076923076
3844,232639,212530,20109,67,3472.223880597015,3172.089552238806,300.13432835820896
3845,1160937,1116244,44693,43,26998.53488372093,25959.162790697676,1039.3720930232557
3846,62067,47991,14076,20,3103.35,2399.55,703.8
3847,933778,866048,67730,42,22232.809523809523,20620.190476190477,1612.6190476190477
3848,396181,315320,80861,29,13661.413793103447,10873.103448275862,2788.310344827586
3849,933796,859150,74646,50,18675.92,17183.0,1492.92
3850,1454155,1362860,91295,64,22721.171875,21294.6875,1426.484375
3851,456015,430167,25848,22,20727.954545454544,19553.045454545456,1174.909090909091
3852,76636,61284,15352,15,5109.066666666667,4085.6,1023.4666666666667
3854,141218,113725,27493,32,4413.0625,3553.90625,859.15625
3855,963745,941053,22692,39,24711.410256410258,24129.5641025641,581.8461538461538
3856,125358,111430,13928,24,5223.25,4642.916666666667,580.3333333333334
3857,46745,27125,19620,14,3338.9285714285716,1937.5,1401.4285714285713
3858,276889,239980,36909,36,7691.361111111111,6666.111111111111,1025.25
3859,909069,888665,20404,32,28408.40625,27770.78125,637.625
3860,694275,661086,33189,50,13885.5,13221.72,663.78
3861,624663,533303,91360,23,27159.260869565216,23187.08695652174,3972.1739130434785
3862,1327041,1270848,56193,25,53081.64,50833.92,2247.72
3863,926641,898262,28379,63,14708.587301587302,14258.126984126984,450.46031746031747
3864,1022937,976449,46488,29,35273.68965517241,33670.65517241379,1603.0344827586207
3865,1001072,967904,33168,46,21762.434782608696,21041.391304347828,721.0434782608696
3866,181830,147145,34685,39,4662.307692307692,3772.948717948718,889.3589743589744
3867,266218,234968,31250,17,15659.882352941177,13821.64705882353,1838.235294117647
3868,348331,321525,26806,64,5442.671875,5023.828125,418.84375
3869,2846317,2730671,115646,51,55810.13725490196,53542.56862745098,2267.5686274509803
3870,134656,121155,13501,23,5854.608695652174,5267.608695652174,587.0
3871,319116,259396,59720,71,4494.591549295775,3653.4647887323945,841.1267605633802
3872,353964,309242,44722,19,18629.684210526317,16275.894736842105,2353.7894736842104
3874,489547,435609,53938,42,11655.880952380952,10371.642857142857,1284.2380952380952
3875,600447,542545,57902,14,42889.07142857143,38753.21428571428,4135.857142857143
3876,1778975,1713106,65869,58,30671.98275862069,29536.310344827587,1135.6724137931035
3877,612749,520806,91943,26,23567.26923076923,20031.0,3536.269230769231
3878,204451,181829,22622,50,4089.02,3636.58,452.44
3880,203382,168978,34404,29,7013.172413793103,5826.827586206897,1186.344827586207
3881,289215,256018,33197,33,8764.09090909091,7758.121212121212,1005.969696969697
3882,285101,251309,33792,65,4386.169230769231,3866.2923076923075,519.876923076923
3883,501231,454805,46426,69,7264.217391304348,6591.376811594203,672.8405797101449
3884,243519,225251,18268,25,9740.76,9010.04,730.72
3885,132096,106460,25636,20,6604.8,5323.0,1281.8
3886,1804930,1769446,35484,58,31119.48275862069,30507.689655172413,611.7931034482758
3887,154725,109901,44824,31,4991.129032258064,3545.1935483870966,1445.9354838709678
3888,59801,50500,9301,56,1067.875,901.7857142857143,166.08928571428572
3889,54351,38798,15553,17,3197.1176470588234,2282.235294117647,914.8823529411765
3890,386068,335485,50583,34,11354.941176470587,9867.20588235294,1487.735294117647
3891,1167194,1080725,86469,64,18237.40625,16886.328125,1351.078125
3892,211151,199789,11362,62,3405.6612903225805,3222.4032258064517,183.25806451612902
3893,157445,129125,28320,24,6560.208333333333,5380.208333333333,1180.0
3894,189614,136988,52626,27,7022.740740740741,5073.62962962963,1949.111111111111
3895,482035,452724,29311,41,11756.951219512195,11042.048780487805,714.9024390243902
3896,1487651,1418963,68688,40,37191.275,35474.075,1717.2
3897,491717,404575,87142,20,24585.85,20228.75,4357.1
3898,409906,327985,81921,58,7067.3448275862065,5654.913793103448,1412.4310344827586
3899,637660,593369,44291,30,21255.333333333332,19778.966666666667,1476.3666666666666
3901,306274,246965,59309,16,19142.125,15435.3125,3706.8125
3902,458045,439165,18880,40,11451.125,10979.125,472.0
3903,915508,864774,50734,48,19073.083333333332,18016.125,1056.9583333333333
3904,86583,63680,22903,26,3330.1153846153848,2449.230769230769,880.8846153846154
3905,707044,678393,28651,19,37212.84210526316,35704.89473684211,1507.9473684210527
3906,667676,574549,93127,17,39275.05882352941,33797.0,5478.058823529412
3907,954591,909072,45519,32,29830.96875,28408.5,1422.46875
3908,112867,94794,18073,23,4907.260869565217,4121.478260869565,785.7826086956521
3909,1894830,1839184,55646,71,26687.74647887324,25904.0,783.7464788732394
3910,105952,90117,15835,23,4606.608695652174,3918.1304347826085,688.4782608695652
3911,35712,18223,17489,12,2976.0,1518.5833333333333,1457.4166666666667
3912,356913,314543,42370,55,6489.327272727272,5718.963636363636,770.3636363636364
3913,438342,385216,53126,26,16859.30769230769,14816.0,2043.3076923076924
3914,959753,861273,98480,39,24609.05128205128,22083.923076923078,2525.128205128205
3915,1748796,1692910,55886,68,25717.58823529412,24895.735294117647,821.8529411764706
3916,275044,260142,14902,15,18336.266666666666,17342.8,993.4666666666667
3917,764182,699695,64487,33,23157.030303030304,21202.878787878788,1954.1515151515152
3918,638313,600745,37568,60,10638.55,10012.416666666666,626.1333333333333
3919,276924,219045,57879,14,19780.285714285714,15646.07142857143,4134.214285714285
3920,1824415,1755016,69399,63,28958.968253968254,27857.396825396827,1101.5714285714287
3921,1708406,1676001,32405,53,32234.075471698114,31622.66037735849,611.4150943396227
3922,81099,69392,11707,14,5792.785714285715,4956.571428571428,836.2142857142857
3923,1675805,1561565,114240,69,24287.028985507248,22631.376811594204,1655.6521739130435
3924,164725,140345,24380,34,4844.85294117647,4127.794117647059,717.0588235294117
3925,1651032,1622782,28250,39,42334.153846153844,41609.794871794875,724.3589743589744
3926,284194,236724,47470,51,5572.431372549019,4641.64705882353,930.7843137254902
3927,442540,399517,43023,62,7137.741935483871,6443.822580645161,693.9193548387096
3928,224027,183620,40407,31,7226.677419354839,5923.225806451613,1303.4516129032259
3930,930531,880084,50447,44,21148.43181818182,20001.909090909092,1146.5227272727273
3931,758051,694170,63881,34,22295.617647058825,20416.764705882353,1878.8529411764705
3932,204142,187065,17077,29,7039.379310344828,6450.517241379311,588.8620689655172
3933,553346,539324,14022,34,16274.882352941177,15862.470588235294,412.4117647058824
3934,77804,56973,20831,12,6483.666666666667,4747.75,1735.9166666666667
3935,1713801,1670037,43764,69,24837.695652173912,24203.434782608696,634.2608695652174
3936,208023,190647,17376,43,4837.7441860465115,4433.6511627906975,404.09302325581393
3937,192729,164720,28009,35,5506.542857142857,4706.285714285715,800.2571428571429
3938,1546856,1477304,69552,61,25358.29508196721,24218.09836065574,1140.1967213114754
3939,603175,575297,27878,65,9279.615384615385,8850.723076923077,428.89230769230767
3940,888961,837256,51705,43,20673.511627906977,19471.06976744186,1202.4418604651162
3941,77610,57345,20265,24,3233.75,2389.375,844.375
3942,1248607,1194137,54470,31,40277.645161290326,38520.54838709677,1757.0967741935483
3943,101664,83243,18421,33,3080.7272727272725,2522.5151515151515,558.2121212121212
3944,748038,689515,58523,38,19685.21052631579,18145.13157894737,1540.078947368421
3945,59037,25300,33737,36,1639.9166666666667,702.7777777777778,937.1388888888889
3946,560616,523935,36681,29,19331.58620689655,18066.724137931036,1264.8620689655172
3947,784140,755958,28182,35,22404.0,21598.8,805.2
3948,1019723,944337,75386,61,16716.77049180328,15480.934426229509,1235.8360655737704
3949,191903,164605,27298,35,5482.942857142857,4703.0,779.9428571428572
3950,425446,352670,72776,15,28363.066666666666,23511.333333333332,4851.733333333334
3951,126823,109390,17433,18,7045.722222222223,6077.222222222223,968.5
3952,221913,201795,20118,33,6724.636363636364,6115.0,609.6363636363636
3953,668122,597676,70446,18,37117.88888888889,33204.22222222222,3913.6666666666665
3954,410945,391159,19786,66,6226.439393939394,5926.651515151515,299.7878787878788
3955,624742,560029,64713,65,9611.415384615384,8615.83076923077,995.5846153846154
3956,340051,271189,68862,26,13078.884615384615,10430.346153846154,2648.5384615384614
3957,997654,928873,68781,30,33255.13333333333,30962.433333333334,2292.7
3958,304855,252465,52390,12,25404.583333333332,21038.75,4365.833333333333
3959,464491,431927,32564,22,21113.227272727272,19633.045454545456,1480.1818181818182
3960,342944,317539,25405,70,4899.2,4536.271428571428,362.92857142857144
3961,81495,69931,11564,23,3543.2608695652175,3040.478260869565,502.7826086956522
3962,39100,37100,2000,24,1629.1666666666667,1545.8333333333333,83.33333333333333
3963,211091,162855,48236,14,15077.92857142857,11632.5,3445.4285714285716
3964,76002,62818,13184,23,3304.4347826086955,2731.217391304348,573.2173913043479
3965,1198983,1121725,77258,67,17895.268656716416,16742.16417910448,1153.1044776119404
3966,159619,133439,26180,35,4560.542857142857,3812.542857142857,748.0
3967,1240671,1155316,85355,27,45950.77777777778,42789.48148148148,3161.296296296296
3968,692968,587665,105303,35,19799.085714285713,16790.428571428572,3008.657142857143
3969,1268609,1245754,22855,66,19221.348484848484,18875.060606060608,346.2878787878788
3970,1557655,1502020,55635,37,42098.78378378379,40595.13513513513,1503.6486486486488
3971,606189,553774,52415,21,28866.14285714286,26370.190476190477,2495.9523809523807
3972,1199163,1126435,72728,62,19341.33870967742,18168.3064516129,1173.032258064516
3973,442503,410312,32191,37,11959.54054054054,11089.513513513513,870.027027027027
3974,571617,537565,34052,33,17321.727272727272,16289.848484848484,1031.878787878788
3975,177657,154823,22834,50,3553.14,3096.46,456.68
3976,209513,177847,31666,32,6547.28125,5557.71875,989.5625
3977,297830,280486,17344,63,4727.460317460317,4452.158730158731,275.3015873015873
3978,1126894,1084420,42474,46,24497.695652173912,23574.347826086956,923.3478260869565
3979,406553,377275,29278,34,11957.441176470587,11096.323529411764,861.1176470588235
3980,742501,674984,67517,68,10919.132352941177,9926.235294117647,992.8970588235294
3981,163221,149458,13763,47,3472.7872340425533,3179.9574468085107,292.82978723404256
3982,217934,170133,47801,65,3352.8307692307694,2617.4307692307693,735.4
3983,1137757,1090490,47267,70,16253.671428571428,15578.42857142857,675.2428571428571
3984,98858,82502,16356,24,4119.083333333333,3437.5833333333335,681.5
3985,70896,54001,16895,17,4170.35294117647,3176.529411764706,993.8235294117648
3986,222945,187221,35724,18,12385.833333333334,10401.166666666666,1984.6666666666667
3987,183694,165762,17932,15,12246.266666666666,11050.8,1195.4666666666667
3988,139697,101920,37777,19,7352.473684210527,5364.210526315789,1988.2631578947369
3989,185643,162967,22676,45,4125.4,3621.488888888889,503.9111111111111
3990,648911,631274,17637,22,29495.954545454544,28694.272727272728,801.6818181818181
3991,168954,138918,30036,24,7039.75,5788.25,1251.5
3992,261111,222289,38822,12,21759.25,18524.083333333332,3235.1666666666665
3993,771758,689626,82132,35,22050.22857142857,19703.6,2346.6285714285714
3994,1227009,1179748,47261,33,37182.09090909091,35749.93939393939,1432.1515151515152
3995,456233,395473,60760,40,11405.825,9886.825,1519.0
3996,122276,86339,35937,18,6793.111111111111,4796.611111111111,1996.5
3997,529945,487410,42535,59,8982.118644067798,8261.186440677966,720.9322033898305
3998,595089,541349,53740,32,18596.53125,16917.15625,1679.375
3999,1135129,1029988,105141,67,16942.223880597016,15372.955223880597,1569.2686567164178
4000,579124,473030,106094,64,9048.8125,7391.09375,1657.71875
4001,58781,45000,13781,46,1277.8478260869565,978.2608695652174,299.5869565217391
4003,946223,886623,59600,16,59138.9375,55413.9375,3725.0
4008,78400,10900,67500,33,2375.757575757576,330.3030303030303,2045.4545454545455
4009,1573904,1484855,89049,58,27136.275862068964,25600.94827586207,1535.3275862068965
4010,439119,370149,68970,28,15682.82142857143,13219.607142857143,2463.214285714286
4013,951360,893038,58322,62,15344.516129032258,14403.838709677419,940.6774193548387
4014,2125570,2057140,68430,43,49431.86046511628,47840.46511627907,1591.3953488372092
4026,677896,614357,63539,22,30813.454545454544,27925.31818181818,2888.1363636363635
4033,343512,305244,38268,25,13740.48,12209.76,1530.72
4034,541316,466448,74868,71,7624.169014084507,6569.69014084507,1054.4788732394366
4035,2206468,2128338,78130,65,33945.661538461536,32743.66153846154,1202.0
4047,1245041,1179382,65659,39,31924.128205128207,30240.5641025641,1683.5641025641025
4052,530188,493381,36807,23,23051.652173913044,21451.347826086956,1600.304347826087
4055,1575490,1548510,26980,71,22190.0,21810.0,380.0
4059,60173,75600,-15427,62,970.5322580645161,1219.3548387096773,-248.82258064516128
4066,1949475,1912118,37357,55,35445.0,34765.781818181815,679.2181818181818
4069,167243,91500,75743,25,6689.72,3660.0,3029.72
4071,633458,598794,34664,28,22623.5,21385.5,1238.0
4078,1848936,1731390,117546,71,26041.352112676057,24385.774647887323,1655.5774647887324
4079,2486180,2456849,29331,61,40757.04918032787,40276.2131147541,480.8360655737705
4081,542576,535532,7044,41,13233.560975609756,13061.756097560976,171.8048780487805
4082,1129078,1043978,85100,49,23042.408163265307,21305.673469387755,1736.734693877551
4086,1340397,1257784,82613,29,46220.58620689655,43371.862068965514,2848.7241379310344
4088,1020757,1005842,14915,33,30932.030303030304,30480.060606060608,451.969696969697
4090,47703,23700,24003,25,1908.12,948.0,960.12
4091,285085,238576,46509,16,17817.8125,14911.0,2906.8125
4092,439016,356200,82816,33,13303.515151515152,10793.939393939394,2509.5757575757575
4093,414806,395975,18831,69,6011.68115942029,5738.768115942029,272.9130434782609
4099,622370,570843,51527,31,20076.451612903227,18414.290322580644,1662.1612903225807
4102,117593,65500,52093,25,4703.72,2620.0,2083.72
4103,1961569,1872120,89449,47,41735.51063829787,39832.34042553192,1903.1702127659576
4105,322392,273815,48577,43,7497.488372093023,6367.790697674419,1129.6976744186047
4109,307980,275030,32950,46,6695.217391304348,5978.913043478261,716.304347826087
4116,746342,652968,93374,14,53310.142857142855,46640.57142857143,6669.571428571428
4119,337985,289205,48780,62,5451.370967741936,4664.596774193548,786.7741935483871
4121,333297,315785,17512,42,7935.642857142857,7518.690476190476,416.95238095238096
4127,288501,288126,375,31,9306.483870967742,9294.387096774193,12.096774193548388
4128,451715,384786,66929,15,30114.333333333332,25652.4,4461.933333333333
4130,406335,360600,45735,18,22574.166666666668,20033.333333333332,2540.8333333333335
4131,2661661,2580513,81148,52,51185.78846153846,49625.25,1560.5384615384614
4132,84106,41400,42706,14,6007.571428571428,2957.1428571428573,3050.4285714285716
4134,2357203,2327406,29797,69,34162.362318840576,33730.52173913043,431.84057971014494
4140,308401,259380,49021,12,25700.083333333332,21615.0,4085.0833333333335
4143,361507,283150,78357,14,25821.928571428572,20225.0,5596.928571428572
4144,1027947,994900,33047,28,36712.392857142855,35532.142857142855,1180.25
4150,347033,282045,64988,17,20413.70588235294,16590.882352941175,3822.823529411765
4156,503362,477323,26039,18,27964.555555555555,26517.944444444445,1446.611111111111
4158,463281,407397,55884,15,30885.4,27159.8,3725.6
4159,507828,454615,53213,65,7812.738461538462,6994.076923076923,818.6615384615385
4161,576710,501415,75295,46,12537.173913043478,10900.326086956522,1636.8478260869565
4171,1998522,1966388,32134,66,30280.636363636364,29793.757575757576,486.8787878787879
4173,254857,206515,48342,61,4177.983606557377,3385.4918032786886,792.4918032786885
4186,637998,599169,38829,28,22785.64285714286,21398.89285714286,1386.75
4190,568164,546101,22063,38,14951.684210526315,14371.078947368422,580.6052631578947
4195,2580885,2531407,49478,55,46925.181818181816,46025.58181818182,899.6
4204,117260,102590,14670,34,3448.823529411765,3017.3529411764707,431.47058823529414
4208,92132,65655,26477,20,4606.6,3282.75,1323.85
4214,1266044,1238255,27789,33,38364.969696969696,37522.878787878784,842.0909090909091
4225,1631200,1552430,78770,67,24346.268656716416,23170.597014925374,1175.6716417910447
4237,1863696,1834624,29072,60,31061.6,30577.066666666666,484.53333333333336
4240,2164215,2119163,45052,70,30917.35714285714,30273.757142857143,643.6
4245,954384,899093,55291,55,17352.436363636363,16347.145454545454,1005.290909090909
4253,1580747,1521103,59644,35,45164.2,43460.08571428571,1704.1142857142856
4254,506098,483345,22753,67,7553.701492537313,7214.104477611941,339.5970149253731
4255,2356819,2251708,105111,61,38636.37704918033,36913.24590163935,1723.1311475409836
4258,1259196,1239897,19299,39,32287.076923076922,31792.23076923077,494.84615384615387
4259,2749122,2689718,59404,56,49091.46428571428,48030.67857142857,1060.7857142857142
4260,1660509,1608582,51927,62,26782.40322580645,25944.870967741936,837.5322580645161
4263,317438,277770,39668,41,7742.390243902439,6774.878048780488,967.5121951219512
4264,1444075,1354640,89435,60,24067.916666666668,22577.333333333332,1490.5833333333333
4266,425547,396032,29515,22,19343.045454545456,18001.454545454544,1341.590909090909
4268,345444,283495,61949,22,15702.0,12886.136363636364,2815.8636363636365
4269,1330857,1280772,50085,36,36968.25,35577.0,1391.25
4273,793441,792800,641,33,24043.666666666668,24024.242424242424,19.424242424242426
4276,2075889,1981975,93914,53,39167.71698113208,37395.75471698113,1771.9622641509434
4283,1169616,1068995,100621,50,23392.32,21379.9,2012.42
4286,521093,426700,94393,25,20843.72,17068.0,3775.72
4287,453283,437515,15768,62,7311.0161290322585,7056.693548387097,254.32258064516128
4293,1375249,1324315,50934,34,40448.5,38950.44117647059,1498.0588235294117
4296,1461963,1415010,46953,71,20591.028169014084,19929.718309859156,661.3098591549295
4301,260806,223895,36911,18,14489.222222222223,12438.611111111111,2050.6111111111113
4309,62734,15000,47734,18,3485.222222222222,833.3333333333334,2651.8888888888887
4318,3465208,3407160,58048,68,50958.94117647059,50105.294117647056,853.6470588235294
4320,1458875,1418855,40020,29,50306.03448275862,48926.03448275862,1380.0
4321,3313672,3200294,113378,68,48730.470588235294,47063.14705882353,1667.3235294117646
4328,407864,395835,12029,54,7553.037037037037,7330.277777777777,222.75925925925927
4329,542871,519040,23831,58,9359.844827586207,8948.965517241379,410.87931034482756
4330,1386524,1309014,77510,41,33817.65853658537,31927.170731707316,1890.4878048780488
4332,348030,310285,37745,12,29002.5,25857.083333333332,3145.4166666666665
4336,675929,618665,57264,17,39760.529411764706,36392.05882352941,3368.470588235294
4337,2564333,2511021,53312,61,42038.24590163935,41164.27868852459,873.9672131147541
4342,1308217,1245744,62473,32,40881.78125,38929.5,1952.28125
4343,1057666,956340,101326,61,17338.786885245903,15677.704918032787,1661.0819672131147
4346,1596607,1527109,69498,33,48382.030303030304,46276.030303030304,2106.0
4347,458588,432975,25613,69,6646.202898550725,6275.0,371.2028985507246
4349,973094,887836,85258,27,36040.51851851852,32882.81481481482,3157.703703703704
4350,1689558,1580640,108918,68,24846.441176470587,23244.70588235294,1601.735294117647
4352,1752362,1687925,64437,65,26959.415384615386,25968.076923076922,991.3384615384615
4354,843079,789027,54052,23,36655.608695652176,34305.52173913043,2350.086956521739
4355,520313,502170,18143,70,7433.042857142857,7173.857142857143,259.1857142857143
4356,435080,460917,-25837,59,7374.237288135593,7812.152542372882,-437.91525423728814
4358,1083432,992951,90481,22,49246.90909090909,45134.13636363636,4112.772727272727
4361,1716662,1613905,102757,33,52020.06060606061,48906.21212121212,3113.848484848485
4368,689564,640466,49098,47,14671.574468085106,13626.936170212766,1044.6382978723404
4375,1371957,1308203,63754,26,52767.57692307692,50315.5,2452.076923076923
4377,2654276,2597287,56989,68,39033.470588235294,38195.39705882353,838.0735294117648
4379,196338,183935,12403,30,6544.6,6131.166666666667,413.43333333333334
4383,1138523,1064147,74376,25,45540.92,42565.88,2975.04
4385,472127,444255,27872,61,7739.786885245901,7282.868852459016,456.91803278688525
4386,273737,251929,21808,13,21056.69230769231,19379.153846153848,1677.5384615384614
4389,461317,411160,50157,29,15907.48275862069,14177.931034482759,1729.551724137931
4405,784839,777963,6876,27,29068.11111111111,28813.444444444445,254.66666666666666
4408,2060810,2030584,30226,56,36800.17857142857,36260.42857142857,539.75
4413,2151784,2127603,24181,59,36470.91525423729,36061.06779661017,409.8474576271187
4414,912599,881089,31510,63,14485.698412698413,13985.539682539682,500.1587301587302
4415,1127789,1081309,46480,41,27507.048780487807,26373.39024390244,1133.658536585366
4416,477710,404490,73220,58,8236.379310344828,6973.9655172413795,1262.4137931034484
4418,871533,842429,29104,58,15026.431034482759,14524.637931034482,501.7931034482759
4423,1390697,1321861,68836,44,31606.75,30042.295454545456,1564.4545454545455
4424,340152,260150,80002,35,9718.628571428571,7432.857142857143,2285.7714285714287
4427,815884,801681,14203,66,12361.878787878788,12146.681818181818,215.1969696969697
4434,2530641,2459083,71558,48,52721.6875,51230.895833333336,1490.7916666666667
4437,444441,409100,35341,63,7054.619047619048,6493.650793650793,560.968253968254
4438,222830,172140,50690,28,7958.214285714285,6147.857142857143,1810.357142857143
4439,200736,167325,33411,36,5576.0,4647.916666666667,928.0833333333334
4442,408387,378305,30082,28,14585.25,13510.892857142857,1074.357142857143
4445,224322,191365,32957,16,14020.125,11960.3125,2059.8125
4447,1011478,942123,69355,30,33715.933333333334,31404.1,2311.8333333333335
4448,2383427,2306310,77117,66,36112.530303030304,34944.09090909091,1168.439393939394
4454,287954,228705,59249,24,11998.083333333334,9529.375,2468.7083333333335
4456,1131561,1075670,55891,27,41909.666666666664,39839.62962962963,2070.037037037037
4458,133397,111515,21882,32,4168.65625,3484.84375,683.8125
4462,982312,958524,23788,36,27286.444444444445,26625.666666666668,660.7777777777778
4463,548354,518085,30269,63,8704.031746031746,8223.57142857143,480.46031746031747
4467,339426,308205,31221,20,16971.3,15410.25,1561.05
4470,2754038,2655905,98133,61,45148.16393442623,43539.42622950819,1608.7377049180327
4471,595017,537718,57299,18,33056.5,29873.222222222223,3183.277777777778
4473,1023913,963233,60680,38,26945.07894736842,25348.236842105263,1596.842105263158
4475,379134,347055,32079,20,18956.7,17352.75,1603.95
4476,782159,757262,24897,49,15962.42857142857,15454.326530612245,508.1020408163265
4478,1726265,1635200,91065,65,26557.923076923078,25156.923076923078,1401.0
4480,253944,220245,33699,28,9069.42857142857,7865.892857142857,1203.5357142857142
4484,2427937,2345958,81979,70,34684.81428571429,33513.68571428571,1171.1285714285714
4488,325892,289205,36687,32,10184.125,9037.65625,1146.46875
4493,602664,570303,32361,26,23179.384615384617,21934.73076923077,1244.6538461538462
4503,1983397,1908984,74413,47,42199.936170212764,40616.68085106383,1583.2553191489362
4511,510968,485754,25214,63,8110.603174603175,7710.380952380952,400.22222222222223
4514,3214508,3115388,99120,60,53575.13333333333,51923.13333333333,1652.0
4519,90781,33200,57581,53,1712.8490566037735,626.4150943396227,1086.433962264151
4526,840959,757940,83019,61,13786.213114754099,12425.245901639344,1360.967213114754
4527,462592,438946,23646,18,25699.555555555555,24385.88888888889,1313.6666666666667
4533,954193,866057,88136,16,59637.0625,54128.5625,5508.5
4534,123849,92200,31649,22,5629.5,4190.909090909091,1438.590909090909
4537,931045,879127,51918,29,32105.0,30314.724137931036,1790.2758620689656
4538,58863,34500,24363,42,1401.5,821.4285714285714,580.0714285714286
4543,374833,309793,65040,62,6045.693548387097,4996.6612903225805,1049.032258064516
4550,227464,200290,27174,22,10339.272727272728,9104.09090909091,1235.1818181818182
4576,1403214,1349654,53560,66,21260.81818181818,20449.303030303032,811.5151515151515
4580,1986158,1943677,42481,52,38195.346153846156,37378.403846153844,816.9423076923077
4585,461318,409207,52111,30,15377.266666666666,13640.233333333334,1737.0333333333333
4588,161866,164695,-2829,28,5780.928571428572,5881.964285714285,-101.03571428571429
4589,267800,250854,16946,43,6227.906976744186,5833.813953488372,394.09302325581393
4596,1571567,1525812,45755,69,22776.333333333332,22113.217391304348,663.1159420289855
4616,901530,838094,63436,15,60102.0,55872.933333333334,4229.066666666667
4618,694859,700716,-5857,29,23960.655172413793,24162.620689655174,-201.9655172413793
4626,1068015,1008381,59634,30,35600.5,33612.7,1987.8
4631,591614,514411,77203,24,24650.583333333332,21433.791666666668,3216.7916666666665
4650,437150,395109,42041,38,11503.947368421053,10397.605263157895,1106.342105263158
4659,1891378,1797938,93440,62,30506.09677419355,28999.0,1507.0967741935483
4660,824858,789702,35156,23,35863.391304347824,34334.86956521739,1528.5217391304348
4681,927421,873163,54258,40,23185.525,21829.075,1356.45
4715,1313165,1279635,33530,26,50506.346153846156,49216.730769230766,1289.6153846153845
4725,619403,585953,33450,20,30970.15,29297.65,1672.5
4727,1840069,1766013,74056,46,40001.5,38391.586956521736,1609.9130434782608
4729,202643,189040,13603,19,10665.421052631578,9949.473684210527,715.9473684210526
4743,2871762,2780314,91448,67,42862.119402985074,41497.22388059701,1364.8955223880596
4746,1230029,1169324,60705,22,55910.40909090909,53151.09090909091,2759.318181818182
4753,291911,284125,7786,25,11676.44,11365.0,311.44
4768,1338194,1300377,37817,30,44606.46666666667,43345.9,1260.5666666666666
4774,1531319,1449648,81671,59,25954.5593220339,24570.305084745763,1384.2542372881355
4784,549778,473660,76118,16,34361.125,29603.75,4757.375
4794,445404,439357,6047,24,18558.5,18306.541666666668,251.95833333333334
4803,205738,169994,35744,30,6857.933333333333,5666.466666666666,1191.4666666666667
4825,686035,664446,21589,54,12704.351851851852,12304.555555555555,399.7962962962963
4851,1459620,1361361,98259,34,42930.0,40040.029411764706,2889.970588235294
4852,515037,492181,22856,44,11705.386363636364,11185.931818181818,519.4545454545455
4858,822216,789105,33111,18,45678.666666666664,43839.166666666664,1839.5
4863,1386177,1325314,60863,33,42005.36363636364,40161.030303030304,1844.3333333333333
4894,2159659,2078060,81599,66,32722.10606060606,31485.757575757576,1236.3484848484848
4907,1010910,942103,68807,58,17429.48275862069,16243.155172413793,1186.3275862068965
4937,2622818,2556239,66579,70,37468.828571428574,36517.7,951.1285714285714
4948,1081944,1019640,62304,41,26388.878048780487,24869.268292682926,1519.6097560975609
4949,1067255,1002708,64547,26,41048.269230769234,38565.692307692305,2482.576923076923
4969,1449686,1348167,101519,28,51774.5,48148.82142857143,3625.6785714285716
4981,894465,878700,15765,35,25556.14285714286,25105.714285714286,450.42857142857144
4994,1066531,1033803,32728,35,30472.314285714285,29537.22857142857,935.0857142857143
4995,1569528,1527132,42396,52,30183.23076923077,29367.923076923078,815.3076923076923
4999,1126855,1054226,72629,34,33142.794117647056,31006.647058823528,2136.1470588235293
5001,1558165,1542169,15996,36,43282.36111111111,42838.02777777778,444.3333333333333
5011,2433428,2433412,16,64,38022.3125,38022.0625,0.25
5024,389362,382905,6457,40,9734.05,9572.625,161.425
5033,350256,309176,41080,40,8756.4,7729.4,1027.0
5063,502867,498114,4753,38,13233.342105263158,13108.263157894737,125.07894736842105
5065,1978758,1970082,8676,71,27869.830985915494,27747.6338028169,122.19718309859155
5066,1223741,1164073,59668,40,30593.525,29101.825,1491.7
5072,878339,823501,54838,32,27448.09375,25734.40625,1713.6875
5092,269690,289829,-20139,60,4494.833333333333,4830.483333333334,-335.65
5118,412438,380651,31787,40,10310.95,9516.275,794.675
5120,2267420,2202269,65151,66,34354.84848484849,33367.71212121212,987.1363636363636
5125,1114783,1128228,-13445,39,28584.17948717949,28928.923076923078,-344.7435897435897
5126,438692,417344,21348,44,9970.272727272728,9485.09090909091,485.1818181818182
5129,3490971,3448152,42819,66,52893.5,52244.72727272727,648.7727272727273
5133,987395,905918,81477,24,41141.458333333336,37746.583333333336,3394.875
5164,153274,135090,18184,19,8067.0526315789475,7110.0,957.0526315789474
5180,459675,425559,34116,22,20894.31818181818,19343.590909090908,1550.7272727272727
5181,523043,498962,24081,34,15383.617647058823,14675.35294117647,708.2647058823529
5194,1692727,1661389,31338,43,39365.74418604651,38636.95348837209,728.7906976744187
5196,857192,840241,16951,18,47621.77777777778,46680.055555555555,941.7222222222222
5213,2061199,1972119,89080,40,51529.975,49302.975,2227.0
5215,1147858,1078592,69266,65,17659.353846153845,16593.723076923077,1065.6307692307691
5228,3576922,3540608,36314,66,54195.78787878788,53645.57575757576,550.2121212121212
5250,966695,945317,21378,29,33334.31034482759,32597.137931034482,737.1724137931035
5256,1843866,1798180,45686,62,29739.774193548386,29002.90322580645,736.8709677419355
5263,517552,450990,66562,41,12623.219512195123,10999.756097560976,1623.4634146341464
5267,1456843,1411023,45820,35,41624.08571428571,40314.94285714286,1309.142857142857
5269,676738,617131,59607,29,23335.793103448275,21280.379310344826,2055.4137931034484
5270,3516399,3421083,95316,71,49526.74647887324,48184.2676056338,1342.4788732394366
5283,751697,693875,57822,15,50113.13333333333,46258.333333333336,3854.8
5290,486853,469064,17789,17,28638.41176470588,27592.0,1046.4117647058824
5305,900837,845239,55598,27,33364.333333333336,31305.14814814815,2059.185185185185
5313,2489788,2467235,22553,68,36614.529411764706,36282.867647058825,331.6617647058824
5317,437133,417207,19926,26,16812.80769230769,16046.423076923076,766.3846153846154
5343,938909,928962,9947,66,14225.89393939394,14075.181818181818,150.71212121212122
5357,566993,480445,86548,48,11812.354166666666,10009.270833333334,1803.0833333333333
5358,1155603,1087365,68238,43,26874.488372093023,25287.558139534885,1586.9302325581396
5362,797095,769375,27720,27,29522.037037037036,28495.37037037037,1026.6666666666667
5366,2336345,2321061,15284,64,36505.390625,36266.578125,238.8125
5369,483515,486832,-3317,70,6907.357142857143,6954.742857142857,-47.385714285714286
5372,2440709,2349567,91142,67,36428.49253731343,35068.164179104475,1360.3283582089553
5385,1191489,1155261,36228,67,17783.417910447763,17242.701492537315,540.7164179104477
5387,713882,705805,8077,62,11514.225806451614,11383.951612903225,130.2741935483871
5395,908649,870689,37960,32,28395.28125,27209.03125,1186.25
5422,2361729,2324917,36812,50,47234.58,46498.34,736.24
5423,1989000,1975016,13984,67,29686.567164179105,29477.850746268658,208.71641791044777
5428,2378187,2283787,94400,68,34973.33823529412,33585.10294117647,1388.235294117647
5429,388829,406062,-17233,39,9969.97435897436,10411.846153846154,-441.87179487179486
5442,2211062,2127713,83349,69,32044.376811594204,30836.420289855072,1207.9565217391305
5445,337331,315220,22111,22,15333.227272727272,14328.181818181818,1005.0454545454545
5472,375263,369052,6211,67,5600.940298507463,5508.238805970149,92.70149253731343
5477,1884403,1789297,95106,36,52344.52777777778,49702.694444444445,2641.8333333333335
5481,2552429,2456222,96207,64,39881.703125,38378.46875,1503.234375
5483,1398044,1351498,46546,69,20261.507246376812,19586.927536231884,674.5797101449275
5505,1260844,1177025,83819,32,39401.375,36782.03125,2619.34375
5541,473463,408300,65163,45,10521.4,9073.333333333334,1448.0666666666666
5546,1892430,1831309,61121,67,28245.223880597016,27332.97014925373,912.2537313432836
5572,466625,416714,49911,16,29164.0625,26044.625,3119.4375
5574,2758471,2701249,57222,53,52046.622641509435,50966.96226415094,1079.6603773584907
5591,807483,743550,63933,33,24469.18181818182,22531.81818181818,1937.3636363636363
5593,1845991,1783333,62658,34,54293.85294117647,52450.970588235294,1842.8823529411766
5602,1044817,975263,69554,29,36028.1724137931,33629.75862068965,2398.4137931034484
5622,2655047,2587021,68026,70,37929.24285714285,36957.44285714286,971.8
5628,842982,802443,40539,54,15610.777777777777,14860.055555555555,750.7222222222222
5632,2277702,2229293,48409,49,46483.71428571428,45495.77551020408,987.9387755102041
5648,899257,849596,49661,18,49958.72222222222,47199.77777777778,2758.9444444444443
5650,1331972,1289187,42785,47,28339.82978723404,27429.510638297874,910.3191489361702
5661,1287662,1275121,12541,36,35768.38888888889,35420.02777777778,348.3611111111111
5692,561630,526921,34709,34,16518.529411764706,15497.676470588236,1020.8529411764706
5698,647086,620391,26695,15,43139.066666666666,41359.4,1779.6666666666667
5700,723505,728404,-4899,65,11130.846153846154,11206.215384615385,-75.36923076923077
5708,480298,405003,75295,14,34307.0,28928.785714285714,5378.214285714285
5724,1418326,1356009,62317,44,32234.68181818182,30818.386363636364,1416.2954545454545
5726,878443,862711,15732,32,27451.34375,26959.71875,491.625
5735,1653143,1564132,89011,47,35173.255319148935,33279.40425531915,1893.8510638297873
5740,1838309,1824283,14026,68,27033.95588235294,26827.691176470587,206.26470588235293
5742,1242515,1216356,26159,41,30305.243902439026,29667.219512195123,638.0243902439024
5758,639210,584617,54593,17,37600.58823529412,34389.23529411765,3211.3529411764707
5767,689857,677412,12445,66,10452.378787878788,10263.818181818182,188.56060606060606
5774,929467,876254,53213,42,22130.166666666668,20863.190476190477,1266.9761904761904
5794,998991,931986,67005,41,24365.634146341465,22731.365853658535,1634.2682926829268
5817,1444772,1379922,64850,24,60198.833333333336,57496.75,2702.0833333333335
5837,917422,884549,32873,29,31635.241379310344,30501.689655172413,1133.551724137931
5868,2258015,2156063,101952,70,32257.35714285714,30800.9,1456.4571428571428
5870,671529,606456,65073,15,44768.6,40430.4,4338.2
5878,323643,241880,81763,25,12945.72,9675.2,3270.52
5891,2620800,2513972,106828,71,36912.67605633803,35408.05633802817,1504.619718309859
5912,545564,510630,34934,26,20983.23076923077,19639.615384615383,1343.6153846153845
5927,974975,944849,30126,61,15983.196721311475,15489.327868852459,493.8688524590164
5944,454673,392240,62433,18,25259.61111111111,21791.11111111111,3468.5
5952,2480271,2407954,72317,63,39369.380952380954,38221.49206349206,1147.888888888889
5984,1073670,1062565,11105,61,17601.147540983606,17419.09836065574,182.04918032786884
5991,1102588,1070544,32044,61,18075.213114754097,17549.90163934426,525.311475409836
6030,1430205,1354473,75732,64,22346.953125,21163.640625,1183.3125
6034,2266302,2202417,63885,69,32844.95652173913,31919.08695652174,925.8695652173913
6040,1645694,1623104,22590,68,24201.382352941175,23869.176470588234,332.20588235294116
6051,712604,701689,10915,64,11134.4375,10963.890625,170.546875
6061,497916,446779,51137,21,23710.285714285714,21275.190476190477,2435.095238095238
6062,1183138,1141454,41684,28,42254.92857142857,40766.21428571428,1488.7142857142858
6064,162666,159066,3600,23,7072.434782608696,6915.913043478261,156.52173913043478
6075,212914,194887,18027,27,7885.7037037037035,7218.037037037037,667.6666666666666
6083,1252835,1247781,5054,27,46401.2962962963,46214.11111111111,187.1851851851852
6097,175376,145777,29599,18,9743.111111111111,8098.722222222223,1644.388888888889
6118,1535471,1497450,38021,57,26938.087719298244,26271.052631578947,667.0350877192982
6138,429794,391519,38275,23,18686.695652173912,17022.565217391304,1664.1304347826087
6148,1522650,1404830,117820,60,25377.5,23413.833333333332,1963.6666666666667
6157,1348408,1287180,61228,25,53936.32,51487.2,2449.12
6158,535620,474328,61292,31,17278.064516129034,15300.90322580645,1977.1612903225807
6226,2937127,2842264,94863,65,45186.56923076923,43727.13846153846,1459.4307692307693
6265,1135084,1100693,34391,25,45403.36,44027.72,1375.64
6273,1829763,1764153,65610,65,28150.2,27140.815384615384,1009.3846153846154
6281,928245,930020,-1775,66,14064.318181818182,14091.212121212122,-26.893939393939394
6289,1776041,1702720,73321,44,40364.568181818184,38698.181818181816,1666.3863636363637
6306,245905,246100,-195,21,11709.761904761905,11719.047619047618,-9.285714285714286
6321,1439811,1420558,19253,51,28231.58823529412,27854.07843137255,377.5098039215686
6353,1636526,1570344,66182,61,26828.29508196721,25743.344262295082,1084.950819672131
6358,1612121,1575308,36813,43,37491.186046511626,36635.06976744186,856.1162790697674
6363,860230,789708,70522,64,13441.09375,12339.1875,1101.90625
6397,922921,852800,70121,45,20509.355555555554,18951.11111111111,1558.2444444444445
6400,1033442,1020054,13388,38,27195.842105263157,26843.526315789473,352.3157894736842
6425,968156,940964,27192,69,14031.246376811594,13637.159420289856,394.0869565217391
6434,1327180,1288476,38704,43,30864.6511627907,29964.558139534885,900.0930232558139
6440,730687,710804,19883,25,29227.48,28432.16,795.32
6453,184228,163838,20390,29,6352.689655172414,5649.586206896552,703.1034482758621
6461,998183,972664,25519,29,34420.10344827586,33540.137931034486,879.9655172413793
6463,1410638,1295027,115611,39,36170.205128205125,33205.820512820515,2964.3846153846152
6472,2479735,2420762,58973,58,42754.05172413793,41737.275862068964,1016.7758620689655
6473,2752567,2722747,29820,71,38768.54929577465,38348.54929577465,420.0
6495,603323,579086,24237,29,20804.241379310344,19968.48275862069,835.7586206896551
6505,209114,169184,39930,15,13940.933333333332,11278.933333333332,2662.0
6510,909386,865687,43699,24,37891.083333333336,36070.291666666664,1820.7916666666667
6511,1530892,1521370,9522,54,28349.85185185185,28173.51851851852,176.33333333333334
6512,506920,492974,13946,34,14909.411764705883,14499.235294117647,410.1764705882353
6555,2152615,2090988,61627,69,31197.318840579712,30304.17391304348,893.1449275362319
6592,1697221,1609276,87945,26,65277.730769230766,61895.230769230766,3382.5
6602,307704,272320,35384,16,19231.5,17020.0,2211.5
6609,1174444,1074470,99974,45,26098.755555555555,23877.11111111111,2221.6444444444446
6636,1919887,1831243,88644,64,29998.234375,28613.171875,1385.0625
6649,1033602,974030,59572,41,25209.80487804878,23756.829268292684,1452.9756097560976
6678,2064809,2039232,25577,35,58994.54285714286,58263.77142857143,730.7714285714286
6686,1083535,1061811,21724,34,31868.676470588234,31229.735294117647,638.9411764705883
6688,303180,253223,49957,30,10106.0,8440.766666666666,1665.2333333333333
6699,723948,686421,37527,30,24131.6,22880.7,1250.9
6701,3189174,3146900,42274,69,46219.913043478264,45607.24637681159,612.6666666666666
6706,360148,314005,46143,24,15006.166666666666,13083.541666666666,1922.625
6715,1309488,1276452,33036,63,20785.52380952381,20261.14285714286,524.3809523809524
6738,1100372,1053508,46864,53,20761.735849056604,19877.509433962263,884.2264150943396
6792,433752,392873,40879,31,13992.0,12673.322580645161,1318.6774193548388
6806,1639957,1581174,58783,61,26884.54098360656,25920.885245901638,963.655737704918
6856,922224,892884,29340,40,23055.6,22322.1,733.5
6866,360515,355098,5417,14,25751.071428571428,25364.14285714286,386.92857142857144
6872,1019818,966932,52886,39,26149.17948717949,24793.128205128207,1356.051282051282
6897,2422181,2328368,93813,68,35620.30882352941,34240.705882352944,1379.6029411764705
6902,305307,287285,18022,26,11742.576923076924,11049.423076923076,693.1538461538462
6910,1536359,1467347,69012,44,34917.25,33348.795454545456,1568.4545454545455
6922,753488,673550,79938,19,39657.26315789474,35450.0,4207.263157894737
6924,1487034,1445801,41233,54,27537.666666666668,26774.09259259259,763.574074074074
6927,755171,704402,50769,36,20976.972222222223,19566.722222222223,1410.25
6930,1696194,1628429,67765,63,26923.714285714286,25848.079365079364,1075.6349206349207
6950,712585,653497,59088,26,27407.115384615383,25134.5,2272.6153846153848
6985,1867212,1802283,64929,41,45541.756097560974,43958.12195121951,1583.6341463414635
7011,1900160,1836863,63297,62,30647.74193548387,29626.822580645163,1020.9193548387096
7033,160692,163291,-2599,29,5541.103448275862,5630.724137931034,-89.62068965517241
7045,944445,897168,47277,24,39351.875,37382.0,1969.875
7049,770790,731918,38872,14,55056.42857142857,52279.857142857145,2776.5714285714284
7052,297413,266620,30793,17,17494.882352941175,15683.529411764706,1811.3529411764705
7082,387602,365265,22337,27,14355.62962962963,13528.333333333334,827.2962962962963
7099,903611,884409,19202,28,32271.821428571428,31586.035714285714,685.7857142857143
7101,502763,488613,14150,29,17336.655172413793,16848.724137931036,487.9310344827586
7123,3201013,3125809,75204,68,47073.720588235294,45967.779411764706,1105.9411764705883
7133,381412,364544,16868,63,6054.158730158731,5786.412698412699,267.74603174603175
7136,1578964,1548598,30366,44,35885.545454545456,35195.40909090909,690.1363636363636
7156,400933,341177,59756,15,26728.866666666665,22745.133333333335,3983.733333333333
7176,650826,593452,57374,24,27117.75,24727.166666666668,2390.5833333333335
7180,516359,434019,82340,18,28686.61111111111,24112.166666666668,4574.444444444444
7181,1027168,943561,83607,29,35419.58620689655,32536.58620689655,2883.0
7184,1052152,999315,52837,42,25051.238095238095,23793.214285714286,1258.0238095238096
7190,634499,611784,22715,63,10071.412698412698,9710.857142857143,360.55555555555554
7203,1017482,1027214,-9732,68,14962.970588235294,15106.088235294117,-143.11764705882354
7231,2869506,2779886,89620,69,41587.04347826087,40288.20289855073,1298.840579710145
7240,544828,530853,13975,32,17025.875,16589.15625,436.71875
7262,533504,492653,40851,28,19053.714285714286,17594.75,1458.9642857142858
7274,408688,378655,30033,15,27245.866666666665,25243.666666666668,2002.2
7401,1596694,1560959,35735,70,22809.914285714287,22299.414285714287,510.5
7418,795860,779076,16784,44,18087.727272727272,17706.272727272728,381.45454545454544
7424,1493907,1467881,26026,29,51514.03448275862,50616.58620689655,897.448275862069
7437,308141,266486,41655,16,19258.8125,16655.375,2603.4375
7445,2402162,2385704,16458,69,34813.942028985504,34575.42028985507,238.52173913043478
7449,436266,388334,47932,61,7151.901639344263,6366.131147540984,785.7704918032787
7454,358196,340799,17397,68,5267.588235294118,5011.75,255.83823529411765
7465,333227,248251,84976,24,13884.458333333334,10343.791666666666,3540.6666666666665
7485,1657006,1609711,47295,65,25492.4,24764.784615384615,727.6153846153846
7487,1245802,1211033,34769,38,32784.26315789474,31869.28947368421,914.9736842105264
7520,592053,603079,-11026,33,17941.0,18275.121212121212,-334.1212121212121
7523,1186447,1152953,33494,52,22816.28846153846,22172.173076923078,644.1153846153846
7542,579715,515000,64715,31,18700.483870967742,16612.90322580645,2087.5806451612902
7546,1196439,1179345,17094,51,23459.58823529412,23124.41176470588,335.1764705882353
7559,168494,117574,50920,19,8868.105263157895,6188.105263157895,2680.0
7562,1993822,1914500,79322,47,42421.744680851065,40734.04255319149,1687.7021276595744
7565,697032,673266,23766,32,21782.25,21039.5625,742.6875
7594,1237102,1203488,33614,34,36385.35294117647,35396.705882352944,988.6470588235294
7606,2065017,2029544,35473,45,45889.26666666667,45100.97777777778,788.2888888888889
7607,1074161,1020953,53208,63,17050.174603174604,16205.603174603175,844.5714285714286
7614,2016160,1959989,56171,46,43829.565217391304,42608.45652173913,1221.108695652174
7618,1116456,1103111,13345,42,26582.285714285714,26264.54761904762,317.73809523809524
7632,663761,608020,55741,27,24583.74074074074,22519.25925925926,2064.4814814814813
7636,696493,666266,30227,26,26788.19230769231,25625.615384615383,1162.576923076923
7637,766379,685937,80442,28,27370.678571428572,24497.75,2872.9285714285716
7674,1415701,1390416,25285,29,48817.275862068964,47945.379310344826,871.8965517241379
7713,692068,605747,86321,31,22324.774193548386,19540.225806451614,2784.548387096774
7721,460551,395626,64925,17,27091.235294117647,23272.117647058825,3819.1176470588234
7733,1406101,1330984,75117,29,48486.24137931035,45896.0,2590.2413793103447
7745,1042422,991817,50605,25,41696.88,39672.68,2024.2
7753,3203365,3143293,60072,70,45762.357142857145,44904.18571428571,858.1714285714286
7765,1530709,1476288,54421,53,28881.30188679245,27854.490566037737,1026.811320754717
7769,2704290,2660384,43906,62,43617.58064516129,42909.41935483871,708.1612903225806
7774,1914510,1866861,47649,63,30389.04761904762,29632.714285714286,756.3333333333334
7795,2535228,2462063,73165,47,53941.02127659575,52384.31914893617,1556.7021276595744
7815,1582645,1558926,23719,44,35969.204545454544,35430.13636363636,539.0681818181819
7819,661422,637378,24044,64,10334.71875,9959.03125,375.6875
7824,1717233,1688471,28762,55,31222.418181818182,30699.47272727273,522.9454545454546
7828,379747,326130,53617,35,10849.914285714285,9318.0,1531.9142857142858
7844,2138586,2070006,68580,61,35058.7868852459,33934.524590163935,1124.2622950819673
7857,2713175,2634067,79108,64,42393.359375,41157.296875,1236.0625
7859,1792178,1667645,124533,45,39826.177777777775,37058.77777777778,2767.4
7861,909238,818880,90358,44,20664.5,18610.909090909092,2053.590909090909
7890,333510,276078,57432,33,10106.363636363636,8366.0,1740.3636363636363
7894,1467097,1422509,44588,32,45846.78125,44453.40625,1393.375
7907,1064953,1006134,58819,29,36722.51724137931,34694.275862068964,2028.2413793103449
7926,1219493,1150360,69133,30,40649.76666666667,38345.333333333336,2304.4333333333334
7944,1368942,1254978,113964,60,22815.7,20916.3,1899.4
7957,1864535,1796168,68367,39,47808.58974358974,46055.58974358974,1753.0
7965,1706910,1645402,61508,61,27982.131147540982,26973.803278688523,1008.327868852459
7966,714961,687359,27602,24,29790.041666666668,28639.958333333332,1150.0833333333333
7990,1469337,1409413,59924,28,52476.32142857143,50336.17857142857,2140.1428571428573
7997,1415324,1376503,38821,32,44228.875,43015.71875,1213.15625
8026,556392,483888,72504,21,26494.85714285714,23042.285714285714,3452.5714285714284
8027,2760370,2713256,47114,65,42467.230769230766,41742.4,724.8307692307692
8038,683138,605864,77274,28,24397.785714285714,21638.0,2759.785714285714
8039,983277,918553,64724,36,27313.25,25515.36111111111,1797.888888888889
8041,2851564,2749792,101772,62,45992.967741935485,44351.48387096774,1641.483870967742
8051,1994934,1971140,23794,70,28499.057142857142,28159.14285714286,339.9142857142857
8073,2640102,2550030,90072,63,41906.380952380954,40476.666666666664,1429.7142857142858
8085,1081584,1030459,51125,32,33799.5,32201.84375,1597.65625
8092,490388,476588,13800,47,10433.787234042553,10140.170212765957,293.6170212765957
8094,1270725,1241133,29592,25,50829.0,49645.32,1183.68
8114,782585,734843,47742,38,20594.342105263157,19337.973684210527,1256.3684210526317
8127,2452240,2346143,106097,50,49044.8,46922.86,2121.94
8129,1485707,1427275,58432,66,22510.71212121212,21625.378787878788,885.3333333333334
8132,1949868,1825265,124603,68,28674.529411764706,26842.132352941175,1832.3970588235295
8149,668220,635883,32337,19,35169.47368421053,33467.52631578947,1701.9473684210527
8153,966652,893693,72959,17,56861.882352941175,52570.17647058824,4291.705882352941
8158,1306293,1226999,79294,30,43543.1,40899.96666666667,2643.133333333333
8159,593203,534351,58852,46,12895.717391304348,11616.326086956522,1279.391304347826
8169,464619,434297,30322,37,12557.27027027027,11737.756756756757,819.5135135135135
8173,2909191,2838380,70811,65,44756.78461538462,43667.38461538462,1089.4
8212,2979422,2879041,100381,64,46553.46875,44985.015625,1568.453125
8225,512305,474737,37568,24,21346.041666666668,19780.708333333332,1565.3333333333333
8260,3072097,3003799,68298,69,44523.14492753623,43533.31884057971,989.8260869565217
8261,1652549,1589408,63141,67,24664.910447761195,23722.507462686568,942.4029850746268
8268,431289,358433,72856,27,15973.666666666666,13275.296296296296,2698.3703703703704
8316,2314967,2193152,121815,54,42869.75925925926,40613.92592592593,2255.8333333333335
8320,780123,743511,36612,23,33918.391304347824,32326.565217391304,1591.8260869565217
8321,935310,870408,64902,68,13754.558823529413,12800.117647058823,954.4411764705883
8327,1300916,1271145,29771,40,32522.9,31778.625,744.275
8330,1605742,1531936,73806,69,23271.623188405796,22201.971014492752,1069.6521739130435
8341,843953,816781,27172,24,35164.708333333336,34032.541666666664,1132.1666666666667
8377,1426140,1370633,55507,61,23379.344262295082,22469.39344262295,909.9508196721312
8381,1380977,1369937,11040,27,51147.2962962963,50738.40740740741,408.8888888888889
8405,1353082,1310815,42267,55,24601.49090909091,23833.0,768.4909090909091
8411,1197085,1164413,32672,48,24939.270833333332,24258.604166666668,680.6666666666666
8475,562755,526874,35881,63,8932.619047619048,8363.079365079366,569.5396825396825
8489,1229330,1163315,66015,63,19513.174603174604,18465.31746031746,1047.857142857143
8492,737625,658082,79543,54,13659.722222222223,12186.703703703704,1473.0185185185185
8505,362576,339720,22856,21,17265.52380952381,16177.142857142857,1088.3809523809523
8519,2832167,2749617,82550,68,41649.51470588235,40435.544117647056,1213.9705882352941
8523,1293116,1234327,58789,25,51724.64,49373.08,2351.56
8533,1587714,1546334,41380,38,41781.94736842105,40693.0,1088.9473684210527
8547,1719886,1688493,31393,41,41948.439024390245,41182.756097560974,765.6829268292682
8558,1030070,1002138,27932,58,17759.827586206895,17278.241379310344,481.58620689655174
8564,2653225,2604943,48282,63,42114.68253968254,41348.30158730159,766.3809523809524
8566,1541101,1522443,18658,62,24856.467741935485,24555.532258064515,300.93548387096774
8625,3180057,3152005,28052,61,52132.08196721312,51672.2131147541,459.8688524590164
8628,793227,737043,56184,26,30508.73076923077,28347.80769230769,2160.923076923077
8639,330761,307199,23562,16,20672.5625,19199.9375,1472.625
8645,338389,300777,37612,18,18799.38888888889,16709.833333333332,2089.5555555555557
8680,553061,529840,23221,34,16266.5,15583.529411764706,682.9705882352941
8688,492988,436560,56428,25,19719.52,17462.4,2257.12
8713,386428,371588,14840,19,20338.315789473683,19557.263157894737,781.0526315789474
8742,400126,378125,22001,23,17396.782608695652,16440.217391304348,956.5652173913044
8759,2117136,2081933,35203,63,33605.333333333336,33046.555555555555,558.7777777777778
8772,383929,367331,16598,31,12384.806451612903,11849.387096774193,535.4193548387096
8776,784749,699025,85724,52,15091.326923076924,13442.788461538461,1648.5384615384614
8784,1059356,992733,66623,26,40744.46153846154,38182.03846153846,2562.423076923077
8856,2156333,2018026,138307,48,44923.604166666664,42042.208333333336,2881.3958333333335
8896,1714207,1669861,44346,31,55297.0,53866.48387096774,1430.516129032258
8899,2364090,2299351,64739,51,46354.705882352944,45085.313725490196,1269.3921568627452
8919,141961,125116,16845,17,8350.64705882353,7359.764705882353,990.8823529411765
8926,447173,406883,40290,21,21293.95238095238,19375.380952380954,1918.5714285714287
8931,1948489,1887034,61455,35,55671.114285714284,53915.25714285715,1755.857142857143
8934,1246955,1202999,43956,66,18893.257575757576,18227.257575757576,666.0
8957,1745396,1683110,62286,61,28613.049180327867,27591.967213114753,1021.0819672131148
8972,725967,696367,29600,31,23418.290322580644,22463.451612903227,954.8387096774194
8982,2240625,2148600,92025,63,35565.47619047619,34104.76190476191,1460.7142857142858
8998,912481,923037,-10556,43,21220.488372093023,21465.976744186046,-245.48837209302326
9006,2293536,2216265,77271,51,44971.294117647056,43456.17647058824,1515.1176470588234
9017,519874,498471,21403,37,14050.648648648648,13472.18918918919,578.4594594594595
9024,593013,555859,37154,35,16943.22857142857,15881.685714285713,1061.5428571428572
9030,917349,859134,58215,47,19518.063829787236,18279.44680851064,1238.6170212765958
9031,390038,371957,18081,23,16958.17391304348,16172.04347826087,786.1304347826087
9034,1664848,1626044,38804,66,25224.969696969696,24637.030303030304,587.939393939394
9037,455886,397645,58241,26,17534.076923076922,15294.038461538461,2240.0384615384614
9041,2191112,2188871,2241,64,34236.125,34201.109375,35.015625
9051,419152,395964,23188,35,11975.771428571428,11313.257142857143,662.5142857142857
9052,1593770,1566003,27767,40,39844.25,39150.075,694.175
9093,1382214,1323146,59068,66,20942.636363636364,20047.666666666668,894.969696969697
9104,1738498,1699413,39085,59,29466.06779661017,28803.610169491527,662.457627118644
9138,811056,786264,24792,29,27967.44827586207,27112.55172413793,854.8965517241379
9140,252212,238682,13530,16,15763.25,14917.625,845.625
9153,261239,207155,54084,24,10884.958333333334,8631.458333333334,2253.5
9156,312898,281217,31681,15,20859.866666666665,18747.8,2112.0666666666666
9159,543679,480868,62811,28,19417.10714285714,17173.85714285714,2243.25
9167,755896,684335,71561,20,37794.8,34216.75,3578.05
9179,544783,509844,34939,23,23686.217391304348,22167.130434782608,1519.0869565217392
9188,998215,963761,34454,70,14260.214285714286,13768.014285714286,492.2
9192,1329674,1293899,35775,52,25570.653846153848,24882.673076923078,687.9807692307693
9199,519507,511123,8384,31,16758.290322580644,16487.83870967742,270.4516129032258
9201,1240771,1193068,47703,26,47721.96153846154,45887.230769230766,1834.7307692307693
9203,3303297,3212923,90374,70,47189.95714285714,45898.9,1291.057142857143
9208,450379,423281,27098,19,23704.157894736843,22277.947368421053,1426.2105263157894
9225,1325582,1236735,88847,35,37873.77142857143,35335.28571428572,2538.4857142857145
9227,111252,96059,15193,13,8557.846153846154,7389.153846153846,1168.6923076923076
9235,737914,662830,75084,42,17569.380952380954,15781.666666666666,1787.7142857142858
9236,1089848,980685,109163,64,17028.875,15323.203125,1705.671875
9241,850062,822863,27199,27,31483.777777777777,30476.40740740741,1007.3703703703703
9242,324249,279804,44445,33,9825.727272727272,8478.90909090909,1346.8181818181818
9263,681086,648856,32230,30,22702.866666666665,21628.533333333333,1074.3333333333333
9265,2838387,2752495,85892,70,40548.385714285716,39321.357142857145,1227.0285714285715
9307,2538102,2426481,111621,71,35747.91549295775,34175.788732394365,1572.1267605633802
9333,1136100,1065053,71047,25,45444.0,42602.12,2841.88
9337,1601347,1571152,30195,63,25418.20634920635,24938.920634920636,479.2857142857143
9353,1212827,1181171,31656,37,32779.10810810811,31923.54054054054,855.5675675675676
9377,1415419,1372220,43199,39,36292.794871794875,35185.1282051282,1107.6666666666667
9403,1350621,1324397,26224,69,19574.217391304348,19194.159420289856,380.05797101449275
9422,1605325,1565738,39587,33,48646.21212121212,47446.606060606064,1199.6060606060605
9424,371312,331012,40300,24,15471.333333333334,13792.166666666666,1679.1666666666667
9433,306694,271025,35669,16,19168.375,16939.0625,2229.3125
9455,1088402,1026012,62390,25,43536.08,41040.48,2495.6
9472,2269951,2216047,53904,65,34922.32307692308,34093.03076923077,829.2923076923076
9484,196293,184927,11366,20,9814.65,9246.35,568.3
9491,1389035,1338507,50528,28,49608.392857142855,47803.82142857143,1804.5714285714287
9493,1181534,1091852,89682,44,26853.045454545456,24814.81818181818,2038.2272727272727
9494,551970,514285,37685,31,17805.483870967742,16589.83870967742,1215.6451612903227
9504,1415432,1397687,17745,35,40440.91428571429,39933.91428571429,507.0
9510,521332,484995,36337,30,17377.733333333334,16166.5,1211.2333333333333
9513,716402,676301,40101,31,23109.74193548387,21816.16129032258,1293.5806451612902
9528,814320,785626,28694,25,32572.8,31425.04,1147.76
9548,604485,512663,91822,30,20149.5,17088.766666666666,3060.733333333333
9549,1129298,1076187,53111,23,49099.913043478264,46790.739130434784,2309.1739130434785
9560,535519,479502,56017,17,31501.117647058825,28206.0,3295.1176470588234
9583,2753033,2686537,66496,55,50055.145454545454,48846.12727272727,1209.0181818181818
9591,2188324,2182789,5535,66,33156.42424242424,33072.56060606061,83.86363636363636
9627,2391093,2314045,77048,53,45114.96226415094,43661.22641509434,1453.7358490566037
9631,509517,496365,13152,30,16983.9,16545.5,438.4
9633,1334699,1327819,6880,35,38134.25714285715,37937.68571428571,196.57142857142858
9635,325452,318558,6894,71,4583.830985915493,4486.732394366197,97.09859154929578
9640,1780982,1669252,111730,69,25811.333333333332,24192.057971014492,1619.2753623188405
9645,1335545,1309027,26518,35,38158.42857142857,37400.77142857143,757.6571428571428
9646,920276,861032,59244,29,31733.655172413793,29690.758620689656,2042.896551724138
9656,2817294,2778426,38868,61,46185.147540983606,45547.96721311475,637.1803278688525
9673,331074,292223,38851,18,18393.0,16234.611111111111,2158.3888888888887
9677,407925,370569,37356,26,15689.423076923076,14252.653846153846,1436.7692307692307
9703,2439203,2364900,74303,65,37526.2,36383.07692307692,1143.123076923077
9707,2625262,2525410,99852,68,38606.794117647056,37138.382352941175,1468.4117647058824
9730,284073,245069,39004,23,12351.0,10655.173913043478,1695.8260869565217
9731,1025262,1006428,18834,48,21359.625,20967.25,392.375
9750,2208028,2098936,109092,55,40145.96363636364,38162.472727272725,1983.490909090909
9790,1851769,1787451,64318,37,50047.81081081081,48309.48648648649,1738.3243243243244
9814,1869485,1787877,81608,47,39776.27659574468,38039.936170212764,1736.340425531915
9826,1043996,998339,45657,28,37285.57142857143,35654.96428571428,1630.607142857143
9828,2322811,2284767,38044,67,34668.82089552239,34101.0,567.820895522388
9833,3537851,3500115,37736,65,54428.47692307692,53847.92307692308,580.5538461538462
9859,967338,918279,49059,29,33356.48275862069,31664.793103448275,1691.6896551724137
9869,1565052,1479370,85682,64,24453.9375,23115.15625,1338.78125
9883,2267032,2221087,45945,69,32855.536231884056,32189.666666666668,665.8695652173913
9897,1017557,971924,45633,45,22612.37777777778,21598.31111111111,1014.0666666666667
9928,545961,479760,66201,37,14755.702702702703,12966.486486486487,1789.2162162162163
10001,766746,687840,78906,43,17831.302325581397,15996.279069767443,1835.0232558139535
10005,511790,457979,53811,13,39368.46153846154,35229.153846153844,4139.307692307692
10018,906592,878320,28272,41,22112.0,21422.439024390245,689.560975609756
10019,1314297,1292648,21649,42,31292.785714285714,30777.333333333332,515.452380952381
10022,592461,526294,66167,19,31182.157894736843,27699.684210526317,3482.4736842105262
10036,1461455,1475893,-14438,62,23571.854838709678,23804.725806451614,-232.8709677419355
10049,370714,356273,14441,33,11233.757575757576,10796.151515151516,437.6060606060606
10063,1123826,1073547,50279,26,43224.07692307692,41290.269230769234,1933.8076923076924
10065,2142225,2048811,93414,33,64915.90909090909,62085.181818181816,2830.7272727272725
10068,871898,848582,23316,20,43594.9,42429.1,1165.8
10079,2670360,2648016,22344,67,39856.119402985074,39522.62686567164,333.4925373134328
10093,2375854,2320675,55179,53,44827.43396226415,43786.32075471698,1041.1132075471698
10105,2988051,2915618,72433,68,43941.92647058824,42876.73529411765,1065.1911764705883
10131,1453174,1440898,12276,61,23822.524590163935,23621.27868852459,201.24590163934425
10134,945666,891085,54581,20,47283.3,44554.25,2729.05
10148,353955,289081,64874,23,15389.347826086956,12568.739130434782,2820.608695652174
10152,412901,366177,46724,15,27526.733333333334,24411.8,3114.9333333333334
10202,809758,776024,33734,29,27922.689655172413,26759.44827586207,1163.2413793103449
10215,517856,435689,82167,32,16183.0,13615.28125,2567.71875
10220,598861,560967,37894,28,21387.89285714286,20034.535714285714,1353.357142857143
10227,1962206,1925880,36326,63,31146.126984126986,30569.52380952381,576.6031746031746
10233,889662,862653,27009,34,26166.529411764706,25372.147058823528,794.3823529411765
10243,1203157,1157299,45858,15,80210.46666666666,77153.26666666666,3057.2
10257,1165612,1082418,83194,19,61348.0,56969.36842105263,4378.631578947368
10266,2208961,2191850,17111,65,33984.015384615384,33720.769230769234,263.24615384615385
10280,964134,869928,94206,24,40172.25,36247.0,3925.25
10297,898203,820527,77676,35,25662.942857142858,23443.628571428573,2219.3142857142857
10320,1897394,1855578,41816,65,29190.676923076924,28547.353846153845,643.3230769230769
10343,175424,182407,-6983,19,9232.842105263158,9600.368421052632,-367.5263157894737
10345,383438,362471,20967,32,11982.4375,11327.21875,655.21875
10351,358028,343081,14947,43,8326.232558139534,7978.627906976744,347.6046511627907
10361,1416769,1403363,13406,30,47225.63333333333,46778.76666666667,446.8666666666667
10364,1196371,1145397,50974,71,16850.295774647886,16132.352112676057,717.943661971831
10365,1595921,1540655,55266,39,40921.05128205128,39503.97435897436,1417.076923076923
10404,644798,594465,50333,24,26866.583333333332,24769.375,2097.2083333333335
10411,1229179,1167172,62007,37,33221.05405405405,31545.18918918919,1675.8648648648648
10436,306609,221517,85092,33,9291.181818181818,6712.636363636364,2578.5454545454545
10439,2553804,2457085,96719,61,41865.639344262294,40280.08196721312,1585.5573770491803
10440,620007,571040,48967,63,9841.380952380952,9064.126984126984,777.2539682539683
10445,823683,746109,77574,31,26570.41935483871,24068.032258064515,2502.3870967741937
10451,1129282,1115600,13682,64,17645.03125,17431.25,213.78125
10478,1169803,1138690,31113,34,34405.970588235294,33490.882352941175,915.0882352941177
10493,871728,780030,91698,23,37901.217391304344,33914.34782608696,3986.8695652173915
10520,1181592,1153354,28238,38,31094.526315789473,30351.42105263158,743.1052631578947
10558,1120524,1043081,77443,34,32956.58823529412,30678.852941176472,2277.735294117647
10562,1412405,1385829,26576,28,50443.03571428572,49493.892857142855,949.1428571428571
10607,1045185,962730,82455,26,40199.42307692308,37028.07692307692,3171.346153846154
10613,507857,467050,40807,13,39065.92307692308,35926.92307692308,3139.0
10630,826455,789739,36716,47,17584.14893617021,16802.957446808512,781.1914893617021
10644,882606,801360,81246,17,51918.0,47138.82352941176,4779.176470588235
10645,1286879,1244455,42424,24,53619.958333333336,51852.291666666664,1767.6666666666667
10650,826277,784447,41830,15,55085.13333333333,52296.46666666667,2788.6666666666665
10652,697058,652838,44220,21,33193.23809523809,31087.52380952381,2105.714285714286
10656,1399179,1379668,19511,67,20883.268656716416,20592.059701492537,291.2089552238806
10663,2848045,2810089,37956,60,47467.416666666664,46834.816666666666,632.6
10670,2807142,2697201,109941,61,46018.72131147541,44216.40983606558,1802.311475409836
10679,1044161,992197,51964,19,54955.84210526316,52220.89473684211,2734.9473684210525
10694,625778,578462,47316,31,20186.387096774193,18660.064516129034,1526.3225806451612
10710,721411,660677,60734,38,18984.5,17386.236842105263,1598.2631578947369
10711,707605,625591,82014,29,24400.172413793105,21572.103448275862,2828.0689655172414
10728,1091014,1064151,26863,48,22729.458333333332,22169.8125,559.6458333333334
10738,2573210,2518235,54975,68,37841.32352941176,37032.867647058825,808.4558823529412
10762,796272,745374,50898,38,20954.526315789473,19615.105263157893,1339.421052631579
10774,231045,193395,37650,17,13590.882352941177,11376.176470588236,2214.705882352941
10788,1150753,1090875,59878,61,18864.803278688523,17883.196721311477,981.6065573770492
10789,1669224,1593957,75267,27,61823.11111111111,59035.444444444445,2787.6666666666665
10799,121470,64779,56691,16,7591.875,4048.6875,3543.1875
10807,1222856,1124051,98805,33,37056.242424242424,34062.15151515151,2994.090909090909
10812,522791,515188,7603,20,26139.55,25759.4,380.15
10857,671581,676884,-5303,26,25830.03846153846,26034.0,-203.96153846153845
10884,1182623,1099309,83314,46,25709.195652173912,23898.021739130436,1811.1739130434783
10904,408235,392730,15505,61,6692.377049180328,6438.196721311476,254.18032786885246
10905,294772,230241,64531,25,11790.88,9209.64,2581.24
10906,2146261,2044723,101538,61,35184.60655737705,33520.04918032787,1664.5573770491803
10911,1667684,1619662,48022,67,24890.805970149253,24174.059701492537,716.7462686567164
10915,395032,373850,21182,22,17956.0,16993.18181818182,962.8181818181819
10940,1670070,1611784,58286,63,26509.04761904762,25583.873015873014,925.1746031746031
10942,3162046,3113629,48417,54,58556.40740740741,57659.7962962963,896.6111111111111
10954,415562,372412,43150,29,14329.724137931034,12841.793103448275,1487.9310344827586
10963,1694242,1615203,79039,43,39400.976744186046,37562.86046511628,1838.1162790697674
10973,3152249,3094622,57627,68,46356.60294117647,45509.14705882353,847.4558823529412
11013,3230713,3145576,85137,70,46153.04285714286,44936.8,1216.2428571428572
11021,2575104,2466699,108405,64,40236.0,38542.171875,1693.828125
11027,452013,402237,49776,29,15586.655172413793,13870.241379310344,1716.4137931034484
11042,1859748,1813995,45753,47,39569.10638297872,38595.63829787234,973.468085106383
11053,926518,877767,48751,19,48764.10526315789,46198.26315789474,2565.842105263158
11054,765353,712299,53054,34,22510.382352941175,20949.970588235294,1560.4117647058824
11065,905445,868465,36980,69,13122.391304347826,12586.449275362318,535.9420289855072
11069,1201738,1084543,117195,42,28612.809523809523,25822.45238095238,2790.3571428571427
11079,2071826,1970086,101740,37,55995.2972972973,53245.56756756757,2749.7297297297296
11096,639997,575010,64987,24,26666.541666666668,23958.75,2707.7916666666665
11111,2830644,2721510,109134,67,42248.41791044776,40619.55223880597,1628.865671641791
11123,521032,522578,-1546,29,17966.620689655174,18019.931034482757,-53.310344827586206
11135,1077097,1023411,53686,62,17372.532258064515,16506.629032258064,865.9032258064516
11138,2713803,2657789,56014,40,67845.075,66444.725,1400.35
11141,894586,801628,92958,22,40663.0,36437.63636363636,4225.363636363636
11186,2153622,2068852,84770,49,43951.4693877551,42221.4693877551,1730.0
11231,1128147,1057752,70395,22,51279.40909090909,48079.63636363636,3199.7727272727275
11244,1016344,997307,19037,23,44188.86956521739,43361.17391304348,827.695652173913
11265,656156,628789,27367,71,9241.633802816901,8856.18309859155,385.4507042253521
11271,532556,512879,19677,39,13655.28205128205,13150.74358974359,504.53846153846155
11295,1492313,1388574,103739,71,21018.49295774648,19557.38028169014,1461.112676056338
11317,1129291,1038792,90499,17,66428.88235294117,61105.41176470588,5323.470588235294
11320,1276945,1241674,35271,67,19058.880597014926,18532.44776119403,526.4328358208955
11325,489159,489251,-92,25,19566.36,19570.04,-3.68
11327,318616,241268,77348,14,22758.285714285714,17233.428571428572,5524.857142857143
11328,695204,631625,63579,25,27808.16,25265.0,2543.16
11333,1677065,1618759,58306,55,30492.090909090908,29431.98181818182,1060.1090909090908
11349,1995681,1961697,33984,43,46411.186046511626,45620.86046511628,790.3255813953489
11359,1511642,1436455,75187,50,30232.84,28729.1,1503.74
11362,684273,645753,38520,38,18007.184210526317,16993.5,1013.6842105263158
11382,1352423,1270759,81664,40,33810.575,31768.975,2041.6
