account_id,D_total_count,D_Total_Months,Total_D,D_monthly_average,D_min_val,D_max_val,D_count_of_the_mode,D_amount_mode,Pension,Base_Salary,Peak_Salary
1,12,35,25700,734.2857,100,12600,2,1000,0,3679,3679
2,12,62,48400,780.6452,200,10200,0,,0,20236,30354
3,28,17,170989,9826.9540,200,11253,15,7502,0,0,0
4,1,0,800,0.0000,800,800,0,,5553,0,0
5,1,0,600,0.0000,600,600,0,,5017,0,0
6,1,0,900,0.0000,900,900,0,,6669,0,0
7,26,25,623775,25186.0700,900,33975,20,22650,0,0,0
8,45,39,885084,22636.4194,200,30712,32,20475,0,0,0
9,112,72,352557,4928.5694,200,45691,73,800,0,0,0
10,31,28,544423,19513.3692,700,26529,23,17686,0,0,0
11,1,0,300,0.0000,300,300,0,,0,3494,3494
12,1,0,1100,0.0000,1100,1100,0,,5938,0,0
13,1,0,1000,0.0000,1000,1000,0,,6803,0,0
14,27,25,408445,16491.7227,400,22137,20,14758,0,0,0
15,66,63,1178458,18695.7906,800,25598,52,17065,0,0,0
16,17,15,345678,23622.6424,500,31262,12,20841,0,0,0
17,16,23,251244,10721.6501,100,49483,0,,0,0,0
18,96,68,1893128,27949.7244,200,47679,2,5600,0,0,0
19,17,29,45800,1579.3103,400,6500,3,2600,0,15139,22708
20,1,0,500,0.0000,500,500,0,,0,3005,3005
21,21,12,174019,14224.9864,1100,14123,10,9415,0,0,0
22,61,58,1057631,18393.5826,1100,25310,47,16873,0,0,0
23,70,68,1624224,24038.8357,200,33132,55,22088,0,0,0
24,27,24,351970,14444.7332,1000,18926,20,12617,0,0,0
25,54,29,1488172,51672.6389,900,49734,0,,0,0,0
26,3,13,3300,253.8462,800,1300,0,,0,24802,37203
27,72,63,612344,9673.6809,100,12940,52,8627,0,0,0
29,51,49,955223,19401.9567,700,26667,40,17778,0,0,0
30,86,47,2294752,49278.8547,400,49290,0,,0,0,0
31,109,53,2898893,54593.0885,800,49940,0,,0,0,0
32,42,40,725738,18128.3430,700,24822,33,16548,0,0,0
33,67,64,1652341,25670.7561,600,35384,53,23589,0,0,0
34,1,0,600,0.0000,600,600,0,,0,31845,47768
35,1,0,600,0.0000,600,600,0,,5446,0,0
36,68,66,1423918,21541.8759,500,29778,55,19852,0,0,0
37,19,16,494494,30524.3210,900,49437,0,,0,0,0
38,14,16,49700,3106.2500,200,8500,2,6600,0,13841,20762
39,1,0,1100,0.0000,1100,1100,0,,6474,0,0
40,71,62,459285,7380.0482,700,9753,51,6502,0,0,0
41,19,17,324202,19491.1022,800,25938,14,17292,0,0,0
42,35,28,307233,10869.0920,800,13659,23,9106,0,0,0
43,57,55,1436880,26204.4985,1100,35862,45,23908,0,0,0
44,1,0,400,0.0000,400,400,0,,4200,0,0
45,25,16,77931,4995.5769,200,25455,16,1600,0,0,0
47,3,18,8500,472.2222,300,4800,0,,0,35257,52886
48,27,25,628885,24988.8079,700,34221,20,22814,0,0,0
49,1,0,300,0.0000,300,300,0,,4654,0,0
50,61,56,992330,17709.6371,900,24195,46,16130,0,0,0
51,32,31,702325,22390.8077,800,30950,25,20633,0,0,0
52,2,22,1100,50.0000,200,900,0,,0,25530,38295
53,1,0,700,0.0000,700,700,0,,4277,0,0
54,1,0,1000,0.0000,1000,1000,0,,0,3421,3421
55,1,0,300,0.0000,300,300,0,,4629,0,0
56,63,56,902185,16245.8283,600,21890,45,14593,0,0,0
57,44,43,1002176,23216.4324,700,31962,35,21308,0,0,0
58,1,0,600,0.0000,600,600,0,,5804,0,0
59,66,57,930841,16292.4329,300,21424,47,14283,0,0,0
61,1,0,700,0.0000,700,700,0,,4019,0,0
62,1,0,1100,0.0000,1100,1100,0,,5079,0,0
63,1,0,600,0.0000,600,600,0,,5024,0,0
64,11,21,117148,5578.4762,200,34850,0,,0,0,0
65,27,26,701415,27399.0234,600,36885,21,24590,0,0,0
66,1,0,400,0.0000,400,400,0,,0,44713,67070
67,2,34,6800,200.0000,700,6100,0,,0,41490,62235
68,2,45,9000,200.0000,200,8800,0,,0,35557,53336
69,87,36,278001,7772.6281,300,43725,37,500,0,0,0
70,55,46,471846,10213.1169,100,13630,38,9087,0,0,0
71,60,58,1369576,23613.3793,700,32576,48,21717,0,0,0
72,61,30,1648906,55706.2838,1100,49740,0,,0,0,0
73,66,62,1301198,20998.3540,400,28667,51,19111,0,0,0
75,42,40,551525,13651.6089,700,18825,33,12550,0,0,0
76,42,31,296245,9515.3640,100,11720,25,7813,0,0,0
77,2,1,1100,0.0000,400,700,0,,0,17090,25635
78,71,66,1263277,19101.9708,100,26217,55,17478,0,0,0
79,1,0,600,0.0000,600,600,0,,4182,0,0
80,1,0,900,0.0000,900,900,0,,0,3378,3378
81,16,28,43200,1542.8571,100,9300,0,,0,3084,3084
82,88,57,2449596,43355.6814,300,49581,0,,0,0,0
83,79,69,719124,10472.6796,200,13839,56,9226,0,0,0
84,57,37,1233383,33668.3258,900,48660,2,11600,0,0,0
85,33,21,179151,8613.0288,400,8945,17,5963,0,0,0
86,1,0,800,0.0000,800,800,0,,0,3243,3243
88,1,0,300,0.0000,300,300,0,,0,3403,3403
89,18,15,96857,6634.0411,600,12000,12,4858,0,0,0
90,56,54,1423701,26446.4582,500,36459,45,24306,0,0,0
91,18,23,264661,11440.6772,300,45770,0,,0,0,0
93,36,31,257992,8458.7541,500,10782,25,7188,0,0,0
95,47,45,1172919,26007.0732,200,35890,37,23927,0,0,0
96,6,66,36300,550.0000,1100,16400,0,,0,44221,66332
97,35,32,635480,20004.6170,900,26892,26,17928,0,0,0
98,1,0,1100,0.0000,1100,1100,0,,4557,0,0
99,52,40,1250922,31273.0500,600,49889,0,,0,0,0
100,85,60,873220,14529.4509,200,17837,50,11891,0,0,0
101,39,32,669940,20848.7552,1000,26796,26,17864,0,0,0
102,60,63,900386,14406.1760,100,48218,2,7600,0,0,0
103,38,33,867846,26458.7195,1000,48308,2,1700,0,0,0
104,1,0,500,0.0000,500,500,0,,0,3063,3063
105,14,17,252833,14872.5294,800,49101,0,,0,0,0
106,50,49,950932,19301.7321,500,26648,40,17765,0,0,0
107,90,62,542660,8752.5806,100,10600,51,6832,0,0,0
108,49,46,784651,17169.6061,800,23555,37,15703,0,0,0
109,50,20,119887,5925.2224,1100,16920,20,1800,0,0,0
110,32,29,745897,25457.2355,500,35157,24,23438,0,0,0
112,1,0,200,0.0000,200,200,0,,6582,0,0
113,1,0,600,0.0000,600,600,0,,6417,0,0
114,1,0,500,0.0000,500,500,0,,4234,0,0
115,89,70,625581,8983.9301,600,11498,57,7665,0,0,0
116,35,33,835731,25248.6707,800,34685,27,23123,0,0,0
117,1,0,900,0.0000,900,900,0,,4903,0,0
118,7,12,25200,2100.0000,600,10900,0,,0,3674,3674
119,68,68,1572131,23256.3757,800,32288,55,21525,0,0,0
120,62,42,1069679,25468.5476,400,48187,2,6800,0,0,0
121,9,14,26800,1914.2857,200,13100,3,1100,0,3175,3175
122,27,26,645057,25164.7724,900,33903,21,22602,0,0,0
123,1,0,200,0.0000,200,200,0,,4843,0,0
124,5,10,14800,1480.0000,100,10600,0,,0,2990,2990
125,38,28,978669,35459.0217,200,49487,0,,0,0,0
126,78,63,1598495,25332.7258,100,49750,3,3100,0,0,0
127,1,0,600,0.0000,600,600,0,,0,3364,3364
128,138,71,431946,6092.3272,100,38879,70,1800,0,0,0
129,1,0,600,0.0000,600,600,0,,6998,0,0
130,1,0,300,0.0000,300,300,0,,6813,0,0
131,47,43,491332,11524.5973,700,15534,35,10356,0,0,0
132,47,31,1278771,40682.0042,200,47976,2,200,0,0,0
133,29,15,691638,47589.7706,900,47803,0,,0,0,0
134,15,12,138802,11439.7253,300,14446,10,9631,0,0,0
135,95,67,397241,5946.7216,100,9200,55,4451,0,0,0
136,1,0,600,0.0000,600,600,0,,6378,0,0
137,30,29,731986,25154.1581,900,34814,24,23209,0,0,0
138,15,39,37600,964.1026,100,11200,3,1100,0,0,0
139,1,0,1000,0.0000,1000,1000,0,,0,32778,49167
140,14,28,184697,6557.2899,300,48742,2,300,0,0,0
141,1,0,900,0.0000,900,900,0,,0,30165,45248
142,1,0,900,0.0000,900,900,0,,4555,0,0
143,1,0,500,0.0000,500,500,0,,4924,0,0
144,32,21,804595,38436.0669,500,48271,0,,0,0,0
145,58,36,354194,9939.9626,200,10834,30,7223,0,0,0
146,1,0,500,0.0000,500,500,0,,6296,0,0
148,1,0,500,0.0000,500,500,0,,0,3468,3468
149,30,13,86503,6620.1276,300,14600,14,400,0,0,0
150,84,46,274893,6006.4020,200,46079,47,1900,0,0,0
151,83,64,368626,5762.7827,100,10700,53,4619,0,0,0
152,44,32,207418,6428.2438,300,9900,26,5129,0,0,0
153,3,29,7600,262.0690,400,6000,0,,0,13730,20595
154,57,54,830946,15284.1079,900,21114,45,14076,0,0,0
155,57,38,237948,6306.0424,100,12700,31,4483,0,0,0
156,1,0,1000,0.0000,1000,1000,0,,0,3481,3481
157,1,0,200,0.0000,200,200,0,,6918,0,0
158,46,45,1203552,26529.4342,700,36822,37,24548,0,0,0
159,24,22,533396,24172.0242,800,33081,18,22054,0,0,0
160,88,64,934391,14561.9377,100,18600,53,11889,0,0,0
161,1,0,900,0.0000,900,900,0,,4419,0,0
162,1,0,200,0.0000,200,200,0,,5188,0,0
163,1,0,900,0.0000,900,900,0,,6698,0,0
164,11,25,153705,6148.2000,200,47058,0,,0,0,0
165,1,0,1000,0.0000,1000,1000,0,,6864,0,0
166,1,0,800,0.0000,800,800,0,,4566,0,0
167,59,34,1396284,40707.9883,300,49608,2,3500,0,0,0
168,1,0,500,0.0000,500,500,0,,0,3020,3020
169,43,39,552660,14146.5870,300,19188,32,12792,0,0,0
170,32,30,562845,18951.0101,1000,25599,25,17066,0,0,0
171,1,0,500,0.0000,500,500,0,,6003,0,0
172,67,64,1562541,24351.2883,700,33584,53,22389,0,0,0
173,95,61,1314120,21437.5204,500,25970,50,17313,0,0,0
174,1,0,900,0.0000,900,900,0,,0,3377,3377
176,53,29,1475516,51712.0093,800,49285,0,,0,0,0
177,17,15,323025,21924.7738,800,29175,12,19450,0,0,0
178,1,0,1000,0.0000,1000,1000,0,,0,2981,2981
179,24,14,640345,44779.3706,200,49959,0,,0,0,0
180,13,57,112700,1977.1930,800,22900,2,7000,0,23261,34892
181,35,30,366790,12065.4605,200,16158,25,10772,0,0,0
182,6,14,19700,1407.1429,200,10700,0,,0,0,0
183,65,61,962330,15853.8715,200,21963,50,14642,0,0,0
184,36,34,730692,21490.9412,600,29546,28,19697,0,0,0
185,19,17,376003,21526.8893,1000,28846,15,19231,0,0,0
186,107,65,2587560,40013.8144,700,49065,2,12000,0,0,0
187,1,0,200,0.0000,200,200,0,,4197,0,0
188,71,69,1442268,20973.3592,700,29120,56,19413,0,0,0
189,22,20,463740,23109.9668,600,31530,16,21020,0,0,0
190,51,46,891100,19329.7180,500,26334,38,17556,0,0,0
191,1,0,600,0.0000,600,600,0,,0,44209,66314
192,1,0,300,0.0000,300,300,0,,5859,0,0
193,28,24,288416,11984.0443,300,15999,20,10666,0,0,0
194,14,27,37700,1396.2963,400,11000,2,900,0,3973,3973
195,24,22,354384,16406.6667,600,21924,18,14616,0,0,0
196,76,62,905338,14673.2253,200,19408,50,12939,0,0,0
197,74,70,1655168,23533.1943,700,32577,58,21718,0,0,0
198,1,0,900,0.0000,900,900,0,,4299,0,0
199,1,0,700,0.0000,700,700,0,,0,2977,2977
200,60,54,556219,10300.3519,900,26000,45,8614,0,0,0
201,54,50,872803,17467.7051,600,23752,41,15835,0,0,0
204,1,0,600,0.0000,600,600,0,,0,2926,2926
205,22,14,131459,9214.4159,300,10400,12,6446,0,0,0
206,74,45,290701,6460.0222,200,10600,37,4353,0,0,0
207,90,66,416623,6357.4212,100,9300,54,5135,0,0,0
208,38,33,546956,16658.5584,100,22494,27,14996,0,0,0
209,15,25,42000,1680.0000,400,12200,2,900,0,3481,3481
210,36,33,609391,18263.4665,700,25100,27,16733,0,0,0
211,30,17,737469,42221.5076,800,48433,0,,0,0,0
212,4,36,20100,558.3333,200,10800,0,,0,49590,74385
213,41,40,1056832,26442.8357,1000,36408,33,24272,0,0,0
214,1,0,500,0.0000,500,500,0,,0,3146,3146
215,1,0,1000,0.0000,1000,1000,0,,0,3182,3182
216,1,0,500,0.0000,500,500,0,,6460,0,0
217,50,47,570576,12045.9395,800,16614,39,11076,0,0,0
218,70,35,1815957,51884.4857,500,49217,0,,0,0,0
219,41,40,759155,19186.7313,500,26649,32,17766,0,0,0
220,1,0,400,0.0000,400,400,0,,5271,0,0
221,28,26,613369,23897.4935,300,32151,21,21434,0,0,0
222,2,11,2200,200.0000,500,1700,0,,0,34409,51614
223,23,39,318899,8176.8974,200,46867,2,800,0,0,0
224,1,0,1100,0.0000,1100,1100,0,,5776,0,0
225,114,65,553399,8470.3929,100,15400,54,5078,0,0,0
226,33,22,484714,22268.6371,600,28588,18,19059,0,0,0
227,1,0,700,0.0000,700,700,0,,0,44692,67038
228,66,63,1481237,23363.3596,200,32403,52,21602,0,0,0
229,1,0,1100,0.0000,1100,1100,0,,5492,0,0
230,36,34,650944,19277.7098,600,26240,28,17493,0,0,0
231,1,0,900,0.0000,900,900,0,,0,3110,3110
232,15,13,328072,25968.7599,700,33514,10,22343,0,0,0
234,1,0,500,0.0000,500,500,0,,5810,0,0
235,1,0,1000,0.0000,1000,1000,0,,0,3324,3324
236,11,33,39700,1203.0303,800,12800,2,3500,0,0,0
237,1,0,900,0.0000,900,900,0,,0,2910,2910
238,1,0,500,0.0000,500,500,0,,0,3351,3351
239,114,70,2515506,35935.8000,300,49429,2,3600,0,0,0
240,22,20,497484,25381.8367,300,33858,16,22572,0,0,0
241,15,27,40000,1481.4815,200,10300,2,500,0,3880,3880
242,30,28,713643,25825.4403,500,34989,23,23326,0,0,0
243,95,58,2458722,42464.9741,200,49503,0,,0,0,0
244,35,68,82600,1214.7059,100,10100,3,600,0,3972,3972
245,88,62,1608677,26058.4827,600,47784,2,7300,0,0,0
246,1,0,700,0.0000,700,700,0,,4486,0,0
248,1,0,700,0.0000,700,700,0,,0,24849,37274
249,27,25,485710,19824.8980,600,26390,20,17593,0,0,0
250,27,19,146429,7586.9948,300,15200,15,5411,0,0,0
251,41,33,358055,10983.2822,900,13436,27,8957,0,0,0
252,1,0,1000,0.0000,1000,1000,0,,5798,0,0
253,38,37,904618,24716.3388,1100,33464,30,22309,0,0,0
255,1,0,900,0.0000,900,900,0,,0,38167,57250
256,44,44,892220,20448.1283,1100,28440,35,18960,0,0,0
257,46,37,811986,21945.5676,100,48963,2,1900,0,0,0
258,1,0,900,0.0000,900,900,0,,6177,0,0
259,1,0,600,0.0000,600,600,0,,6523,0,0
260,54,38,418250,10920.3655,600,14100,31,7871,0,0,0
261,3,3,11500,0.0000,200,9800,0,,0,3851,3851
262,11,34,40900,1202.9412,200,9800,3,2500,0,0,0
263,41,24,855383,36296.3083,500,43980,0,,0,0,0
264,57,35,261321,7545.3609,100,10900,29,4961,0,0,0
265,1,0,600,0.0000,600,600,0,,6135,0,0
266,2,9,2000,222.2222,400,1600,0,,0,49752,74628
267,1,0,500,0.0000,500,500,0,,4847,0,0
268,36,30,896750,29858.4906,500,49695,2,1500,0,0,0
269,16,26,49400,1900.0000,400,12000,2,3000,0,3219,3219
270,49,47,1215611,25663.8494,1100,35636,39,23757,0,0,0
271,1,0,400,0.0000,400,400,0,,6906,0,0
272,27,26,566571,21903.5180,1100,29762,21,19841,0,0,0
273,32,65,96200,1480.0000,100,10400,3,700,0,13201,19802
274,68,65,1424761,22043.7494,300,30597,53,20398,0,0,0
275,1,0,800,0.0000,800,800,0,,0,3390,3390
276,1,0,700,0.0000,700,700,0,,0,26823,40234
277,81,57,1656379,29161.6021,100,49441,2,1000,0,0,0
278,34,33,747667,22958.0450,700,31124,27,20749,0,0,0
279,1,0,400,0.0000,400,400,0,,0,3007,3007
280,88,72,969717,13537.2313,100,18065,59,12043,0,0,0
281,44,26,351857,13726.5410,100,21400,21,8367,0,0,0
282,20,19,434083,22569.3068,200,30992,15,20661,0,0,0
283,1,0,800,0.0000,800,800,0,,4839,0,0
284,5,12,24800,2066.6667,900,8600,0,,0,19419,29128
285,47,44,951260,21751.3720,600,29621,36,19747,0,0,0
286,35,33,843995,25627.3785,300,35096,27,23397,0,0,0
287,1,0,600,0.0000,600,600,0,,4562,0,0
288,1,0,900,0.0000,900,900,0,,5315,0,0
289,60,58,1084376,18836.8732,300,26172,47,17448,0,0,0
290,100,61,2092453,34302.5082,200,48476,2,16100,0,0,0
291,48,19,1338947,70968.9223,1100,49655,0,,0,0,0
292,1,0,400,0.0000,400,400,0,,4696,0,0
293,23,19,250640,12964.1379,600,16155,16,10770,0,0,0
294,26,23,400250,17178.1116,700,22935,19,15290,0,0,0
295,14,13,304178,24077.4142,200,31446,10,20964,0,0,0
296,7,22,15800,718.1818,200,11200,0,,0,3970,3970
297,71,28,216646,7774.3780,200,46581,29,1100,0,0,0
298,17,13,183801,14704.0800,600,17597,10,11731,0,0,0
299,112,69,2719126,39293.7283,600,49659,2,22421,0,0,0
300,1,0,400,0.0000,400,400,0,,6892,0,0
301,1,0,300,0.0000,300,300,0,,0,2925,2925
302,1,0,1100,0.0000,1100,1100,0,,6438,0,0
303,33,29,504360,17532.7926,900,23108,24,15405,0,0,0
304,1,0,700,0.0000,700,700,0,,0,33176,49764
305,1,0,200,0.0000,200,200,0,,4430,0,0
306,83,67,439378,6541.6079,100,8600,55,5486,0,0,0
307,18,16,409180,25103.0675,700,33120,14,22080,0,0,0
308,26,38,67900,1786.8421,100,13700,3,1400,0,0,0
309,22,20,426020,21516.1616,900,28726,16,19151,0,0,0
311,21,16,307152,18805.2245,800,24288,14,16192,0,0,0
312,44,36,483270,13562.3012,500,17595,30,11730,0,0,0
313,1,0,700,0.0000,700,700,0,,0,3442,3442
314,4,12,8300,691.6667,600,4200,0,,0,36897,55346
315,7,11,26200,2381.8182,200,11700,0,,0,0,0
316,49,20,150190,7649.7453,100,42752,20,1100,0,0,0
317,1,0,800,0.0000,800,800,0,,5922,0,0
318,83,52,351684,6828.8155,200,12300,42,4288,0,0,0
319,74,38,1713632,44742.3499,200,49183,2,4100,0,0,0
320,63,23,167901,7257.9683,200,30888,23,1300,0,0,0
321,1,0,1100,0.0000,1100,1100,0,,5163,0,0
322,74,71,1272196,17985.8058,100,24969,58,16646,0,0,0
323,1,0,200,0.0000,200,200,0,,6836,0,0
324,1,0,500,0.0000,500,500,0,,5279,0,0
325,1,0,300,0.0000,300,300,0,,5849,0,0
326,1,0,1000,0.0000,1000,1000,0,,5376,0,0
327,76,67,1163584,17306.6534,300,23562,55,15708,0,0,0
328,1,0,600,0.0000,600,600,0,,6973,0,0
329,27,26,680597,26143.2907,1100,35763,21,23842,0,0,0
330,26,25,616210,24914.1509,400,33590,20,22393,0,0,0
331,1,0,1100,0.0000,1100,1100,0,,6682,0,0
332,21,30,40200,1340.0000,100,12600,5,2500,0,3727,3727
333,1,0,700,0.0000,700,700,0,,0,2998,2998
334,71,68,1353556,20052.6815,500,27558,55,18372,0,0,0
335,1,0,1000,0.0000,1000,1000,0,,5715,0,0
336,40,38,767943,20103.2199,500,27706,31,18471,0,0,0
337,45,37,1090575,29159.7594,200,49461,0,,0,0,0
338,6,19,18100,952.6316,300,7700,0,,0,3378,3378
339,2,26,4000,153.8462,400,3600,0,,0,46807,70210
340,1,0,1000,0.0000,1000,1000,0,,5774,0,0
341,27,25,422160,16908.9453,600,22940,20,15293,0,0,0
342,1,0,1000,0.0000,1000,1000,0,,0,3498,3498
343,20,54,41400,766.6667,100,12100,4,900,0,3758,3758
344,67,61,939342,15390.6390,600,20922,50,13948,0,0,0
345,71,62,1118856,18163.2468,200,24646,50,16431,0,0,0
346,75,72,1543501,21497.2284,800,29903,59,19935,0,0,0
347,89,61,1990266,32627.3115,100,49999,0,,0,0,0
348,39,37,741783,19940.4032,500,27429,30,18286,0,0,0
349,32,18,177709,9693.2182,500,10486,15,6991,0,0,0
350,1,0,500,0.0000,500,500,0,,6309,0,0
351,54,22,177218,7946.9955,600,39533,23,1800,0,0,0
352,1,0,200,0.0000,200,200,0,,4351,0,0
353,1,0,1000,0.0000,1000,1000,0,,6676,0,0
354,75,62,800455,12855.2730,100,17199,51,11466,0,0,0
355,24,35,104300,2980.0000,200,13600,2,700,0,11909,17864
356,35,33,666476,19954.3713,1000,27624,27,18416,0,0,0
357,1,0,1000,0.0000,1000,1000,0,,0,3103,3103
358,9,22,18500,840.9091,100,9600,2,600,0,3099,3099
359,1,0,400,0.0000,400,400,0,,5316,0,0
360,32,31,824036,26299.0213,1100,36306,25,24204,0,0,0
361,72,70,1798688,25598.0266,600,35457,58,23638,0,0,0
362,101,69,816950,11782.9327,100,14313,57,9542,0,0,0
363,86,57,2369845,41870.0530,300,49327,0,,0,0,0
364,1,0,1100,0.0000,1100,1100,0,,0,3332,3332
365,8,55,22700,412.7273,200,7200,0,,0,17660,26490
366,28,26,619410,23946.2629,200,32543,21,21695,0,0,0
367,22,19,308496,15874.5798,400,20577,16,13718,0,0,0
368,79,66,617001,9315.5662,100,12621,55,8414,0,0,0
370,1,0,700,0.0000,700,700,0,,0,3113,3113
371,48,29,174062,6002.1379,400,47575,29,1300,0,0,0
372,43,40,981126,24713.5013,400,33594,33,22396,0,0,0
373,45,30,375470,12529.5884,800,14519,25,9679,0,0,0
374,8,62,24400,393.5484,400,5000,0,,0,23041,34562
375,1,0,1100,0.0000,1100,1100,0,,5736,0,0
376,47,46,1226554,26683.5533,700,36776,38,24517,0,0,0
377,101,53,2206676,41609.2269,200,49074,2,300,0,0,0
378,73,29,1974944,68101.5172,900,49711,0,,0,0,0
379,12,31,20000,645.1613,200,7100,2,900,0,3727,3727
381,75,66,604149,9139.9244,300,12314,55,8209,0,0,0
382,1,0,700,0.0000,700,700,0,,0,3415,3415
383,1,0,600,0.0000,600,600,0,,0,3086,3086
384,31,15,845235,56224.0577,1000,44765,0,,0,0,0
385,1,0,1000,0.0000,1000,1000,0,,0,3469,3469
386,19,16,333406,20538.3573,1000,26636,14,17757,0,0,0
387,17,15,361265,23715.4267,200,47926,0,,0,0,0
388,71,46,609354,13113.7877,400,15536,38,10357,0,0,0
389,85,64,479272,7434.4157,300,9371,53,6247,0,0,0
390,92,35,2307708,66123.4384,100,49514,2,5300,0,0,0
391,156,61,407005,6661.2930,100,37352,62,1000,0,0,0
392,40,29,467879,15950.4205,300,20199,24,13466,0,0,0
393,49,47,1264166,26992.8683,500,37149,39,24766,0,0,0
395,71,70,1655050,23700.0000,400,33081,57,22054,0,0,0
396,71,70,1747200,24983.7941,1000,34902,57,23268,0,0,0
397,5,61,20500,336.0656,400,12600,0,,0,30905,46358
398,1,0,300,0.0000,300,300,0,,4839,0,0
399,44,27,899178,33302.8889,800,48884,2,8000,0,0,0
400,70,66,989184,15086.6904,600,20666,54,13777,0,0,0
401,74,72,995115,13898.2542,300,19226,59,12817,0,0,0
402,17,15,333916,22261.0667,800,29992,12,19995,0,0,0
403,1,0,600,0.0000,600,600,0,,5563,0,0
404,6,36,23100,641.6667,300,8400,0,,0,32381,48572
405,30,22,793577,36683.0663,500,49985,0,,0,0,0
406,1,0,700,0.0000,700,700,0,,0,3096,3096
407,24,21,394158,19102.9725,400,48632,0,,0,0,0
408,72,65,966132,14757.6171,400,19956,54,13304,0,0,0
409,37,30,350185,11531.8880,100,15322,25,10215,0,0,0
410,1,0,200,0.0000,200,200,0,,5738,0,0
411,76,71,1441475,20226.4967,400,27746,59,18497,0,0,0
412,54,35,1139720,32317.2023,700,48001,2,35285,0,0,0
413,1,0,200,0.0000,200,200,0,,5041,0,0
414,38,35,691684,19819.0258,900,27102,29,18068,0,0,0
415,80,70,1024060,14587.7493,400,19665,58,13110,0,0,0
416,1,0,500,0.0000,500,500,0,,5155,0,0
417,50,31,1234139,39725.5043,300,49903,0,,0,0,0
418,42,40,912233,22824.8457,700,31318,33,20879,0,0,0
419,81,62,360400,5769.4771,600,7800,51,4600,0,0,0
420,50,40,530603,13221.0050,100,17366,33,11577,0,0,0
421,15,12,125178,10067.9357,900,12536,10,8357,0,0,0
422,1,0,400,0.0000,400,400,0,,0,25207,37810
423,1,0,500,0.0000,500,500,0,,0,2913,2913
424,24,22,565174,25846.3720,1000,35180,18,23453,0,0,0
425,101,70,526581,7544.1404,100,9600,57,5893,0,0,0
426,89,61,1560877,25462.9201,100,49937,2,12300,0,0,0
427,59,53,1337062,25148.5016,200,34622,44,23081,0,0,0
428,1,0,200,0.0000,200,200,0,,6614,0,0
429,42,40,801473,20120.6611,500,27596,33,18397,0,0,0
430,27,40,76000,1900.0000,200,11500,2,4500,0,0,0
431,28,26,524657,20467.7633,300,27356,21,18237,0,0,0
432,72,67,521651,7824.7650,500,10486,55,6991,0,0,0
433,38,66,348045,5273.4091,300,40525,3,1600,0,0,0
434,26,24,289128,12165.2735,400,16432,20,10955,0,0,0
435,1,0,400,0.0000,400,400,0,,5039,0,0
436,31,28,258194,9080.6800,500,11814,24,7876,0,0,0
437,73,61,1576958,25781.3297,100,32478,50,21652,0,0,0
438,7,17,119747,6921.7919,900,38198,0,,0,0,0
439,50,33,214531,6600.9538,200,41361,32,1100,0,0,0
440,28,24,435440,18193.8719,300,24695,20,16463,0,0,0
441,9,58,59100,1018.9655,900,12900,2,9500,0,44730,67095
442,18,21,427443,20162.4057,600,48885,0,,0,0,0
443,1,0,500,0.0000,500,500,0,,0,3058,3058
444,45,32,271540,8593.0380,400,10056,26,6704,0,0,0
445,5,45,12000,266.6667,1100,6000,0,,0,18964,28446
446,67,67,1728540,25889.2661,1100,36240,55,24160,0,0,0
447,29,28,630315,22325.2066,1100,30945,23,20630,0,0,0
449,1,0,900,0.0000,900,900,0,,4456,0,0
450,1,0,1100,0.0000,1100,1100,0,,4393,0,0
451,28,52,64700,1244.2308,200,12300,4,1300,0,0,0
452,50,37,1289546,35137.4932,500,48660,2,2500,0,0,0
453,22,20,534436,27037.2344,1100,36146,16,24097,0,0,0
454,66,44,467761,10720.2674,100,12797,35,8531,0,0,0
455,52,44,619336,13959.4891,500,18764,36,12509,0,0,0
456,1,0,700,0.0000,700,700,0,,0,47831,71746
458,45,43,771866,18161.5529,1100,25278,35,16852,0,0,0
459,22,46,45800,995.6522,100,13400,2,2000,0,0,0
460,1,0,1100,0.0000,1100,1100,0,,5922,0,0
461,1,0,600,0.0000,600,600,0,,6388,0,0
462,65,62,1389943,22478.8625,200,31163,50,20775,0,0,0
463,46,44,1106820,25269.8630,700,34185,36,22790,0,0,0
464,1,0,600,0.0000,600,600,0,,5264,0,0
465,26,51,72900,1429.4118,100,6800,3,1200,0,12785,19178
466,25,34,77200,2270.5882,200,15000,2,3000,0,0,0
467,81,64,757462,11928.5354,400,15374,52,10249,0,0,0
468,35,33,821280,24687.7756,400,34020,27,22680,0,0,0
469,22,17,94348,5528.2031,600,12100,14,4008,0,0,0
470,77,57,546425,9536.2129,300,11872,47,7915,0,0,0
471,56,43,493621,11533.2009,200,14962,35,9975,0,0,0
472,2,21,2400,114.2857,300,2100,0,,0,49201,73802
473,28,26,338269,13060.5792,1100,17451,21,11634,0,0,0
474,17,36,52000,1444.4444,600,9500,2,900,0,3451,3451
475,1,0,200,0.0000,200,200,0,,4319,0,0
476,10,20,36700,1835.0000,1000,9100,0,,0,0,0
477,73,72,1264084,17654.8045,900,24588,59,16392,0,0,0
478,55,54,1363480,25422.2498,400,35496,44,23664,0,0,0
479,1,0,1100,0.0000,1100,1100,0,,0,3097,3097
480,24,23,608727,26698.5526,500,36494,19,24329,0,0,0
481,1,0,700,0.0000,700,700,0,,6633,0,0
483,1,0,1000,0.0000,1000,1000,0,,0,2911,2911
484,52,47,493963,10457.9323,600,14114,39,9409,0,0,0
485,123,73,2800675,38453.2037,300,49764,2,13900,0,0,0
486,62,37,315005,8430.1070,100,46073,37,1900,0,0,0
487,46,38,991472,26091.3684,900,48599,0,,0,0,0
488,23,30,63700,2123.3333,200,10400,2,5300,0,0,0
489,70,68,1196534,17674.0620,200,24537,55,16358,0,0,0
490,1,0,500,0.0000,500,500,0,,0,3063,3063
491,32,31,681317,21674.9841,600,30032,25,20021,0,0,0
492,72,63,405486,6439.6930,200,11500,52,5553,0,0,0
493,59,57,1068003,18769.8243,800,25694,47,17129,0,0,0
494,93,70,2173986,30924.4097,400,49088,2,2700,0,0,0
496,103,70,516004,7336.5498,100,10700,58,5404,0,0,0
497,70,69,1596328,23157.5629,400,32330,56,21553,0,0,0
498,69,62,1458983,23671.9794,300,31353,50,20902,0,0,0
500,43,30,1022848,34594.6336,200,49963,2,1000,0,0,0
501,57,39,1332338,34368.1341,200,49656,0,,0,0,0
502,8,13,27600,2123.0769,600,9900,0,,0,3747,3747
503,31,28,463784,16311.2778,700,21804,24,14536,0,0,0
504,1,0,1100,0.0000,1100,1100,0,,0,3463,3463
505,1,0,300,0.0000,300,300,0,,0,3332,3332
506,33,30,544400,18433.4086,400,24960,25,16640,0,0,0
507,35,30,201470,6649.1749,600,10000,25,5319,0,0,0
508,14,20,26200,1310.0000,100,8900,3,100,0,3975,3975
509,18,16,277041,17066.1807,500,22786,13,15191,0,0,0
510,69,68,1671469,24738.0710,600,48833,2,600,0,0,0
511,23,25,467891,18420.9055,300,46970,0,,0,0,0
512,25,23,546473,23588.7626,800,32680,19,21787,0,0,0
513,41,25,386005,15522.9893,400,17793,20,11862,0,0,0
514,35,33,444037,13496.5653,900,18322,27,12215,0,0,0
515,1,0,200,0.0000,200,200,0,,4126,0,0
516,1,0,500,0.0000,500,500,0,,6747,0,0
517,66,64,1642112,25846.4638,1100,35632,52,23755,0,0,0
518,1,0,200,0.0000,200,200,0,,5836,0,0
519,1,0,200,0.0000,200,200,0,,6987,0,0
520,1,0,1000,0.0000,1000,1000,0,,0,3498,3498
521,96,39,2623956,67051.6865,500,49372,0,,0,0,0
522,41,36,433124,12008.9834,400,16224,30,10816,0,0,0
523,68,65,832355,12831.7831,300,17762,53,11841,0,0,0
524,58,56,1186066,21116.9021,1000,29116,46,19411,0,0,0
525,45,34,948801,28126.5119,300,49522,0,,0,0,0
526,33,29,514366,17515.3008,400,24194,24,16129,0,0,0
528,1,0,300,0.0000,300,300,0,,4568,0,0
529,25,16,127180,8049.3671,700,9400,13,5016,0,0,0
530,2,16,2900,181.2500,600,2300,0,,0,24802,37203
531,1,0,1000,0.0000,1000,1000,0,,0,3216,3216
532,65,40,1693965,42384.4454,900,49781,0,,0,0,0
533,50,44,384824,8792.6276,300,11716,36,7811,0,0,0
534,22,19,302958,16057.8445,800,20847,15,13898,0,0,0
535,56,55,1241185,22404.0614,800,31010,45,20673,0,0,0
536,1,0,900,0.0000,900,900,0,,5012,0,0
537,1,0,500,0.0000,500,500,0,,6080,0,0
538,1,0,800,0.0000,800,800,0,,4039,0,0
539,95,71,2040737,28742.7746,200,49504,2,2000,0,0,0
540,143,63,580641,9221.4029,300,49850,63,1200,0,0,0
541,67,65,1398667,21584.3673,200,30159,53,20106,0,0,0
542,1,0,900,0.0000,900,900,0,,4125,0,0
543,17,39,41100,1053.8462,100,9700,2,3000,0,3583,3583
544,13,42,71000,1690.4762,400,9800,0,,0,22789,34184
545,67,61,777459,12682.8548,500,17169,50,11446,0,0,0
546,1,0,1100,0.0000,1100,1100,0,,4410,0,0
547,1,0,900,0.0000,900,900,0,,0,3410,3410
548,1,0,200,0.0000,200,200,0,,6444,0,0
549,27,25,387660,15589.5442,500,21052,20,14035,0,0,0
550,1,0,200,0.0000,200,200,0,,5880,0,0
551,88,68,377304,5529.6141,100,44584,68,1600,0,0,0
552,1,0,900,0.0000,900,900,0,,5145,0,0
553,115,43,268942,6249.6204,200,37298,44,800,0,0,0
554,87,35,230524,6542.7815,300,33568,35,1600,0,0,0
555,68,68,1655064,24386.9941,300,34002,55,22668,0,0,0
556,20,18,365439,20802.9791,500,27903,15,18602,0,0,0
557,1,0,600,0.0000,600,600,0,,0,3075,3075
558,44,30,320020,10561.7162,100,12504,25,8336,0,0,0
559,1,0,300,0.0000,300,300,0,,5672,0,0
560,54,40,449965,11202.4481,500,14444,33,9629,0,0,0
561,1,0,400,0.0000,400,400,0,,6082,0,0
562,170,71,662322,9363.6475,100,49169,140,1900,0,0,0
563,79,65,680644,10402.0988,100,14052,54,9368,0,0,0
564,13,12,247880,21006.7797,1100,28475,10,18983,0,0,0
565,1,0,700,0.0000,700,700,0,,5264,0,0
566,27,14,725146,52801.8932,700,49883,0,,0,0,0
567,62,30,226822,7453.0778,500,42784,30,600,0,0,0
568,48,45,608157,13494.6080,100,18446,37,12297,0,0,0
569,15,25,43700,1748.0000,100,14600,2,800,0,3111,3111
570,29,25,264875,10580.8921,800,14115,20,9410,0,0,0
571,1,0,200,0.0000,200,200,0,,4883,0,0
572,61,57,1237624,21586.4651,700,29703,47,19802,0,0,0
573,19,29,442505,15490.2567,500,46661,2,9700,0,0,0
574,8,63,69400,1101.5873,600,17300,0,,0,40486,60729
575,64,56,571208,10175.9145,200,13692,46,9128,0,0,0
576,1,0,900,0.0000,900,900,0,,6207,0,0
577,59,51,666986,13018.5947,200,17656,42,11771,0,0,0
578,2,1,2800,0.0000,900,1900,0,,0,18987,28480
579,17,12,94614,7840.9392,900,8632,10,5755,0,0,0
580,41,31,301520,9726.4516,300,11895,25,7930,0,0,0
581,1,0,500,0.0000,500,500,0,,4890,0,0
582,1,0,1100,0.0000,1100,1100,0,,4218,0,0
584,4,6,13700,2283.3333,200,9400,0,,0,3454,3454
585,9,11,35600,3236.3636,100,12200,0,,0,0,0
586,65,46,323704,7078.0758,300,49632,45,1200,0,0,0
587,20,30,52300,1743.3333,200,11400,2,3300,0,0,0
588,85,70,602650,8617.4929,100,11451,57,7634,0,0,0
589,22,20,452364,23001.5593,700,30407,16,20271,0,0,0
590,36,34,454556,13421.9291,1100,18132,28,12088,0,0,0
591,1,0,700,0.0000,700,700,0,,4182,0,0
592,1,0,300,0.0000,300,300,0,,5753,0,0
593,32,29,448657,15400.1259,800,20817,24,13878,0,0,0
594,1,0,500,0.0000,500,500,0,,0,3081,3081
595,41,24,1009288,41763.6414,200,49263,0,,0,0,0
596,62,51,1058045,20745.9804,700,27200,41,16909,0,0,0
597,62,61,1297550,21317.9080,300,29710,50,19807,0,0,0
598,32,22,312928,14117.0526,100,17508,18,11672,0,0,0
599,27,24,327910,13457.3187,600,17750,20,11833,0,0,0
600,25,21,399333,18748.0282,200,25496,17,16997,0,0,0
601,1,0,300,0.0000,300,300,0,,0,3345,3345
602,43,38,212457,5615.6035,200,9300,31,4787,0,0,0
603,36,31,433088,14199.6066,300,18423,25,12282,0,0,0
604,64,61,569298,9292.1328,800,12618,50,8412,0,0,0
605,25,23,264377,11732.7071,600,15473,19,10315,0,0,0
606,16,13,358872,27118.7909,600,34536,11,23024,0,0,0
607,1,0,600,0.0000,600,600,0,,0,3124,3124
608,1,0,600,0.0000,600,600,0,,4635,0,0
609,1,0,700,0.0000,700,700,0,,0,2956,2956
610,4,52,11000,211.5385,400,9100,0,,0,26217,39326
611,1,0,1000,0.0000,1000,1000,0,,0,3427,3427
612,1,0,300,0.0000,300,300,0,,0,2904,2904
613,2,1,8300,0.0000,600,7700,0,,0,12586,18879
614,1,0,200,0.0000,200,200,0,,5767,0,0
615,1,0,800,0.0000,800,800,0,,0,3144,3144
616,1,0,1100,0.0000,1100,1100,0,,6846,0,0
617,3,17,5800,341.1765,200,4200,0,,0,26072,39108
618,28,26,735132,27775.7683,700,37344,22,24896,0,0,0
619,58,39,1096664,27976.1224,200,48636,0,,0,0,0
620,19,32,47700,1490.6250,300,10900,2,2300,0,0,0
621,32,31,835644,27308.6275,400,36849,25,24566,0,0,0
622,20,18,477389,26521.6111,400,36638,15,24425,0,0,0
623,1,0,200,0.0000,200,200,0,,0,3108,3108
624,113,63,2825897,44879.2536,700,49862,0,,0,0,0
625,56,42,1624114,38638.7153,1000,49777,0,,0,0,0
626,105,62,530829,8561.7581,200,15100,50,5459,0,0,0
627,74,71,1727679,24276.5199,600,33524,59,22349,0,0,0
628,86,60,353900,5898.3333,100,7400,50,4543,0,0,0
629,1,0,500,0.0000,500,500,0,,4721,0,0
630,13,65,33800,520.0000,400,12600,2,600,0,3542,3542
631,20,32,50700,1584.3750,200,9700,2,2300,0,3592,3592
632,1,0,400,0.0000,400,400,0,,0,3200,3200
633,1,0,700,0.0000,700,700,0,,5036,0,0
635,69,49,1768352,35966.4814,200,49634,2,1000,0,0,0
636,1,0,1000,0.0000,1000,1000,0,,4584,0,0
637,7,17,26200,1541.1765,700,9400,0,,0,2902,2902
638,44,42,791187,18807.9319,1000,25971,35,17314,0,0,0
639,1,0,500,0.0000,500,500,0,,4373,0,0
640,1,0,1100,0.0000,1100,1100,0,,4337,0,0
641,20,18,481853,26819.2764,800,36866,15,24577,0,0,0
643,17,14,120267,8843.1618,1100,10652,11,7101,0,0,0
644,1,0,300,0.0000,300,300,0,,0,2958,2958
645,38,16,922801,57198.4091,600,49995,0,,0,0,0
646,42,36,375214,10520.0187,100,13954,30,9303,0,0,0
647,22,20,295048,15002.4407,1100,19790,16,13193,0,0,0
648,78,62,1327984,21419.0968,600,31900,50,17696,0,0,0
649,78,54,2004674,36828.0588,700,49987,0,,0,0,0
650,1,0,1100,0.0000,1100,1100,0,,6914,0,0
651,63,61,1340152,21838.4356,1000,30182,50,20121,0,0,0
652,87,72,1130172,15667.8189,100,20776,60,13851,0,0,0
653,18,16,268610,16788.1250,500,22758,13,15172,0,0,0
654,1,0,200,0.0000,200,200,0,,6092,0,0
655,70,69,1772881,25533.5718,1000,35438,57,23625,0,0,0
656,32,28,418912,14837.4970,500,20076,23,13384,0,0,0
657,111,65,451812,6947.3911,300,8300,54,4393,0,0,0
658,1,0,600,0.0000,600,600,0,,4655,0,0
659,11,21,37600,1790.4762,200,12400,0,,0,2911,2911
660,43,35,645537,18339.1193,300,24440,29,16293,0,0,0
662,63,53,310358,5815.5778,200,9200,44,5015,0,0,0
664,1,0,200,0.0000,200,200,0,,6559,0,0
665,57,40,444214,11179.8826,300,13266,33,8844,0,0,0
666,45,33,570288,17108.6400,200,21987,27,14658,0,0,0
669,1,0,700,0.0000,700,700,0,,0,2921,2921
671,20,14,87506,6371.7961,300,37522,14,1500,0,0,0
672,13,17,47500,2794.1176,300,15900,0,,0,0,0
673,16,12,223691,18285.3678,900,22437,10,14958,0,0,0
674,1,0,300,0.0000,300,300,0,,4675,0,0
675,65,41,520741,12711.3344,100,14307,34,9538,0,0,0
676,59,39,268086,6833.1181,100,9700,32,4689,0,0,0
677,17,15,364601,24252.8381,400,32991,12,21994,0,0,0
678,71,63,527260,8386.9565,200,11448,51,7632,0,0,0
679,20,17,314968,18347.6505,800,24792,14,16528,0,0,0
680,20,17,276762,16408.8142,300,21500,14,14333,0,0,0
682,1,0,800,0.0000,800,800,0,,0,3021,3021
683,31,29,733787,25216.0481,300,34895,24,23263,0,0,0
684,1,0,200,0.0000,200,200,0,,0,2904,2904
685,61,48,1438314,30132.2765,200,49210,0,,0,0,0
686,78,69,810581,11724.8939,300,15800,57,10533,0,0,0
687,34,31,434557,14093.7405,200,18947,25,12631,0,0,0
688,24,55,43200,785.4545,300,11900,3,1600,0,3764,3764
689,51,32,1235973,38304.9483,300,48990,0,,0,0,0
690,33,29,601356,20524.0956,500,28288,24,18859,0,0,0
691,37,34,196884,5751.2366,1100,7520,28,5013,0,0,0
692,29,27,531042,19914.0750,800,26656,22,17771,0,0,0
693,59,55,1048341,19141.9537,200,26434,45,17623,0,0,0
694,1,0,500,0.0000,500,500,0,,6318,0,0
695,34,32,810770,25389.4572,600,34683,26,23122,0,0,0
696,1,0,700,0.0000,700,700,0,,6904,0,0
697,73,71,1683298,23854.0104,200,33101,58,22067,0,0,0
698,31,27,461562,17201.0683,800,22854,22,15236,0,0,0
699,106,64,2483749,38869.3114,100,49915,0,,0,0,0
700,82,55,331440,6004.3478,200,9700,45,4144,0,0,0
701,126,67,443855,6595.1709,200,46345,67,300,0,0,0
702,1,0,800,0.0000,800,800,0,,4220,0,0
703,7,10,26600,2660.0000,300,9800,2,4900,0,3459,3459
704,74,72,1367112,18891.4602,1000,26216,60,17477,0,0,0
705,24,17,132677,7698.8588,200,9363,14,6242,0,0,0
706,33,32,637370,20169.9367,1000,27273,26,18182,0,0,0
708,15,29,39800,1372.4138,300,10300,2,800,0,0,0
709,66,53,1453300,27438.0113,100,49690,2,6100,0,0,0
710,1,0,200,0.0000,200,200,0,,4800,0,0
711,65,54,647894,12005.4478,300,15846,45,10564,0,0,0
712,40,25,1159717,46637.4129,1100,49324,0,,0,0,0
713,1,0,500,0.0000,500,500,0,,5670,0,0
714,1,0,600,0.0000,600,600,0,,5674,0,0
715,30,28,493705,17404.4066,500,24172,23,16115,0,0,0
716,52,51,1091686,21252.8099,1000,29478,42,19652,0,0,0
717,71,69,1510476,21997.2233,400,30561,56,20374,0,0,0
718,59,34,1407255,41308.8552,500,49588,0,,0,0,0
719,39,61,90600,1485.2459,100,11400,4,1200,0,2987,2987
720,53,41,287934,6966.1452,100,10300,34,5875,0,0,0
721,1,0,500,0.0000,500,500,0,,0,3292,3292
722,22,18,465270,25240.6872,500,47545,0,,0,0,0
725,15,29,34100,1175.8621,100,10500,2,3800,0,3919,3919
726,76,59,382544,6494.8048,100,8319,49,5546,0,0,0
727,9,11,34000,3090.9091,400,12300,0,,0,0,0
728,44,37,336760,9118.0505,300,12110,30,8073,0,0,0
729,1,0,900,0.0000,900,900,0,,0,3080,3080
730,115,64,2865856,44709.1420,800,49669,2,11700,0,0,0
731,1,0,600,0.0000,600,600,0,,4059,0,0
732,32,30,576325,18916.5755,600,25400,25,16933,0,0,0
733,75,43,1999707,46111.6141,700,49440,0,,0,0,0
734,1,0,300,0.0000,300,300,0,,0,3410,3410
735,1,0,500,0.0000,500,500,0,,6048,0,0
736,1,0,500,0.0000,500,500,0,,4031,0,0
737,1,0,700,0.0000,700,700,0,,4497,0,0
738,68,66,1672405,25174.1846,300,35020,55,23347,0,0,0
739,35,33,851532,25545.9600,400,35418,27,23612,0,0,0
740,29,56,67200,1200.0000,100,13800,2,2300,0,0,0
741,109,54,511697,9499.3255,500,48926,53,1300,0,0,0
742,1,0,400,0.0000,400,400,0,,4263,0,0
743,1,0,500,0.0000,500,500,0,,4440,0,0
744,1,0,400,0.0000,400,400,0,,5740,0,0
745,1,0,1100,0.0000,1100,1100,0,,4738,0,0
746,1,0,500,0.0000,500,500,0,,5178,0,0
747,102,65,369540,5685.2308,300,10400,54,4009,0,0,0
748,105,69,872112,12651.5280,100,18900,56,9738,0,0,0
749,28,21,222363,10639.3780,600,12382,17,8255,0,0,0
750,70,64,1163444,18207.2613,400,25236,52,16824,0,0,0
751,1,0,900,0.0000,900,900,0,,4350,0,0
752,25,23,294927,12749.0058,700,17258,19,11505,0,0,0
753,1,0,1100,0.0000,1100,1100,0,,6661,0,0
754,1,0,800,0.0000,800,800,0,,6248,0,0
755,17,15,410420,27983.1818,900,37020,12,24680,0,0,0
756,39,47,94700,2014.8936,200,9800,3,3500,0,0,0
757,75,66,563034,8574.1218,100,11622,54,7748,0,0,0
758,8,11,34800,3163.6364,800,12600,2,800,0,0,0
759,44,65,129200,1987.6923,300,10700,3,2400,0,2928,2928
760,21,19,229839,12290.8556,300,16046,15,10697,0,0,0
761,36,56,98600,1760.7143,100,12800,2,4700,0,0,0
762,1,0,900,0.0000,900,900,0,,5984,0,0
763,65,46,606500,13127.7056,500,16689,38,11126,0,0,0
764,1,0,1100,0.0000,1100,1100,0,,6238,0,0
765,41,24,148391,6123.4250,100,41078,24,600,0,0,0
766,38,32,717238,22297.5544,100,30092,26,20061,0,0,0
767,47,45,921412,20475.8222,200,28182,37,18788,0,0,0
768,30,18,119411,6810.5133,200,6600,15,4221,0,0,0
770,33,27,289432,10719.7037,100,14086,22,9391,0,0,0
771,37,35,762408,21803.8513,700,30024,29,20016,0,0,0
772,72,72,1849199,25766.8230,500,36014,59,24009,0,0,0
773,79,67,964121,14432.9491,600,19341,55,12894,0,0,0
774,166,68,521838,7715.6925,100,49556,134,1200,0,0,0
775,51,48,1057772,21839.7522,300,30429,40,20286,0,0,0
776,32,31,662204,21224.4872,700,29184,25,19456,0,0,0
777,25,12,659519,56369.1453,300,49952,0,,0,0,0
778,18,26,57400,2207.6923,100,14100,0,,0,0,0
779,30,28,483962,17202.4408,300,23526,23,15684,0,0,0
780,34,32,713562,22252.4532,600,30328,26,20219,0,0,0
781,1,0,700,0.0000,700,700,0,,0,3081,3081
782,16,14,383393,28259.9263,500,36890,11,24593,0,0,0
783,1,0,1000,0.0000,1000,1000,0,,4864,0,0
784,59,57,1409304,24870.0706,200,34596,46,23064,0,0,0
785,6,13,10200,784.6154,300,4900,2,1600,0,26015,39022
786,42,41,764418,18843.5004,900,26201,33,17467,0,0,0
787,73,62,474804,7691.2095,400,10164,50,6776,0,0,0
788,1,0,900,0.0000,900,900,0,,5473,0,0
789,53,47,303992,6490.9324,200,8538,39,5692,0,0,0
790,91,69,1887874,27546.7996,300,49798,0,,0,0,0
791,1,0,700,0.0000,700,700,0,,4854,0,0
792,6,8,20000,2500.0000,200,9600,0,,0,3599,3599
793,1,0,800,0.0000,800,800,0,,0,3401,3401
794,1,0,900,0.0000,900,900,0,,0,3022,3022
795,79,47,355764,7564.0822,800,14300,39,4464,0,0,0
796,18,22,195107,8868.5000,300,49166,2,700,0,0,0
797,1,0,900,0.0000,900,900,0,,0,34263,51394
798,20,30,53600,1786.6667,100,10800,2,1600,0,3273,3273
799,16,31,40000,1290.3226,200,11400,2,1200,0,0,0
800,8,12,35000,2916.6667,600,13200,0,,0,3753,3753
801,22,17,123884,7330.4142,100,9096,14,6064,0,0,0
802,1,0,300,0.0000,300,300,0,,5376,0,0
803,56,40,1293394,32200.6805,500,49286,2,1700,0,0,0
804,44,34,338288,9824.4337,500,12008,28,8005,0,0,0
805,7,25,40500,1620.0000,100,12400,0,,0,14244,21366
806,1,0,300,0.0000,300,300,0,,0,3447,3447
807,23,41,131400,3204.8780,800,10800,3,5800,0,20229,30344
808,44,42,703210,16572.1131,200,23130,35,15420,0,0,0
809,37,36,766002,21179.7788,900,29427,30,19618,0,0,0
810,1,0,200,0.0000,200,200,0,,4798,0,0
811,2,6,400,66.6667,100,300,0,,0,31030,46545
812,31,28,605447,21778.6691,1000,29324,23,19549,0,0,0
813,13,65,32400,498.4615,500,6300,2,1800,0,12154,18231
814,1,0,300,0.0000,300,300,0,,6760,0,0
815,1,0,300,0.0000,300,300,0,,0,2924,2924
816,118,65,2808368,43073.1288,200,48708,2,500,0,0,0
817,58,57,1326256,23092.0952,200,32082,47,21388,0,0,0
819,47,44,927572,20938.4199,600,28862,36,19241,0,0,0
820,50,38,527883,13989.8322,100,17060,31,11373,0,0,0
821,11,33,28000,848.4848,300,10400,2,900,0,3901,3901
822,1,0,500,0.0000,500,500,0,,6911,0,0
823,1,0,1100,0.0000,1100,1100,0,,0,3284,3284
824,46,33,331560,9996.7839,100,12165,27,8110,0,0,0
825,48,34,618886,18437.5174,100,23817,28,15878,0,0,0
826,32,26,262751,9940.1387,700,12567,22,8378,0,0,0
827,1,0,1000,0.0000,1000,1000,0,,0,3391,3391
828,27,22,335650,15029.1045,200,19917,19,13278,0,0,0
829,1,0,800,0.0000,800,800,0,,0,3181,3181
830,72,71,1265654,17834.4857,200,24935,58,16623,0,0,0
831,1,0,1000,0.0000,1000,1000,0,,0,3437,3437
832,1,0,500,0.0000,500,500,0,,0,3203,3203
833,1,0,900,0.0000,900,900,0,,5614,0,0
834,4,7,10800,1542.8571,900,7000,0,,0,3948,3948
836,33,29,239622,8358.9070,200,10782,24,7188,0,0,0
837,66,64,1472490,23188.8189,400,32010,52,21340,0,0,0
838,29,59,63700,1079.6610,500,10400,3,1400,0,0,0
839,49,47,1255352,26484.2194,500,36828,39,24552,0,0,0
840,35,34,904040,26932.6713,500,36630,28,24420,0,0,0
841,1,0,800,0.0000,800,800,0,,5772,0,0
842,1,0,700,0.0000,700,700,0,,4918,0,0
843,7,9,18000,2000.0000,100,9800,2,100,0,2970,2970
844,1,0,700,0.0000,700,700,0,,0,46773,70160
845,13,12,324156,27784.8000,300,37368,10,24912,0,0,0
846,64,34,1473360,43376.6438,300,48902,0,,0,0,0
847,57,29,238339,8162.2945,500,41682,29,1400,0,0,0
848,42,30,327350,10803.6304,100,13710,25,9140,0,0,0
849,34,36,519556,14432.1111,600,48778,2,6500,0,0,0
850,1,0,300,0.0000,300,300,0,,0,28838,43257
851,73,48,1679107,34981.3958,200,47939,4,2100,0,0,0
852,1,0,1100,0.0000,1100,1100,0,,0,3123,3123
853,37,33,598855,18147.1212,100,24686,27,16457,0,0,0
854,66,63,722948,11390.9874,700,15608,52,10405,0,0,0
855,72,57,913192,15955.5970,600,20649,47,13766,0,0,0
856,36,34,481356,14269.4466,900,19210,28,12807,0,0,0
857,1,0,1100,0.0000,1100,1100,0,,4529,0,0
858,30,29,732742,25122.5829,900,34850,24,23233,0,0,0
859,18,16,202400,12891.7197,200,16680,13,11120,0,0,0
860,75,70,1002981,14369.3553,200,19778,57,13185,0,0,0
861,66,64,1254871,19627.8050,1000,27040,53,18027,0,0,0
862,2,12,4200,350.0000,200,4000,0,,0,44333,66500
863,127,68,2959007,43493.4885,100,49748,2,3300,0,0,0
864,27,17,127458,7424.7379,300,9000,14,5549,0,0,0
865,1,0,900,0.0000,900,900,0,,0,3441,3441
866,80,72,1007832,13991.1893,200,18966,60,12644,0,0,0
867,16,13,383176,29101.9747,600,48072,0,,0,0,0
868,21,19,206998,11049.7153,200,14307,15,9538,0,0,0
869,10,13,25800,1984.6154,500,10900,0,,0,0,0
870,57,45,361556,8040.5337,100,10266,37,6844,0,0,0
871,29,28,762101,27545.8193,300,37466,23,24977,0,0,0
872,39,23,170800,7393.9394,100,12900,19,4144,0,0,0
873,33,20,182968,9209.7987,100,10416,16,6944,0,0,0
874,10,31,28500,919.3548,100,5700,2,3600,0,16423,24634
875,1,0,300,0.0000,300,300,0,,6607,0,0
876,1,0,1100,0.0000,1100,1100,0,,6187,0,0
877,53,31,237465,7743.4239,400,9800,25,5443,0,0,0
878,5,23,12300,534.7826,400,5100,0,,0,23416,35124
879,1,0,500,0.0000,500,500,0,,0,3141,3141
880,5,16,28100,1756.2500,700,11400,0,,0,16901,25352
882,76,70,894618,12749.9002,300,17381,58,11587,0,0,0
883,65,61,1079230,17779.7364,800,24633,50,16422,0,0,0
884,1,0,500,0.0000,500,500,0,,0,3389,3389
885,68,66,1507417,22713.4656,300,31557,55,21038,0,0,0
886,72,67,1344139,20202.4900,100,27704,55,18469,0,0,0
887,1,0,600,0.0000,600,600,0,,4514,0,0
888,1,0,800,0.0000,800,800,0,,6107,0,0
889,1,0,300,0.0000,300,300,0,,4976,0,0
890,83,71,574063,8074.0225,200,10700,59,7041,0,0,0
891,1,0,1000,0.0000,1000,1000,0,,5997,0,0
892,1,0,900,0.0000,900,900,0,,6177,0,0
893,46,45,1065940,23917.8758,900,33195,36,22130,0,0,0
894,1,0,800,0.0000,800,800,0,,6676,0,0
895,1,0,600,0.0000,600,600,0,,0,2966,2966
896,44,43,454291,10680.8229,600,14703,35,9802,0,0,0
897,117,69,2413597,35149.4709,600,49935,2,31241,0,0,0
898,35,33,648275,19684.4636,200,26891,27,17927,0,0,0
899,4,19,7700,405.2632,700,4600,0,,0,16266,24399
900,68,56,561030,9976.8228,200,13388,46,8925,0,0,0
901,1,0,900,0.0000,900,900,0,,4618,0,0
902,80,66,595261,8991.8580,200,11596,55,7731,0,0,0
903,13,35,25500,728.5714,100,7500,3,1100,0,3871,3871
904,59,58,1155455,20048.3806,300,27938,47,18625,0,0,0
905,26,24,248164,10226.5385,1000,13896,20,9264,0,0,0
906,1,0,800,0.0000,800,800,0,,0,3361,3361
907,24,56,48000,857.1429,200,11700,3,2100,0,3178,3178
908,76,56,306346,5438.0947,500,49016,57,600,0,0,0
909,1,0,900,0.0000,900,900,0,,0,2925,2925
910,1,0,1100,0.0000,1100,1100,0,,5108,0,0
911,37,28,620307,22153.8214,600,49983,0,,0,0,0
912,1,0,400,0.0000,400,400,0,,0,3499,3499
913,43,31,498084,15896.2979,300,20214,25,13476,0,0,0
914,1,0,800,0.0000,800,800,0,,0,3448,3448
915,7,47,29000,617.0213,400,11800,0,,0,38694,58041
916,30,28,483041,17129.1135,600,23486,23,15657,0,0,0
917,57,39,363156,9416.3181,200,10640,32,7093,0,0,0
918,31,29,463347,16257.7895,400,47352,2,12500,0,0,0
919,27,22,267352,12434.9767,100,16047,18,10698,0,0,0
920,1,0,800,0.0000,800,800,0,,5318,0,0
921,1,0,500,0.0000,500,500,0,,6622,0,0
922,78,44,331584,7507.5623,100,12100,36,4208,0,0,0
923,1,0,1100,0.0000,1100,1100,0,,5678,0,0
924,5,10,16900,1690.0000,400,10100,0,,0,3319,3319
925,72,71,1410700,20009.9291,500,27750,58,18500,0,0,0
926,1,0,1100,0.0000,1100,1100,0,,4714,0,0
927,22,20,267248,13186.5789,400,17901,16,11934,0,0,0
928,111,68,658008,9624.6904,200,16700,56,6842,0,0,0
929,80,66,661325,10009.9647,100,13240,55,8827,0,0,0
930,85,65,1053962,16156.8012,100,21052,54,14035,0,0,0
931,88,63,396648,6309.3531,100,8000,51,5211,0,0,0
932,1,0,900,0.0000,900,900,0,,4756,0,0
933,1,0,800,0.0000,800,800,0,,6583,0,0
934,1,0,300,0.0000,300,300,0,,6025,0,0
935,1,0,500,0.0000,500,500,0,,0,3177,3177
936,1,0,700,0.0000,700,700,0,,4507,0,0
937,1,0,900,0.0000,900,900,0,,4435,0,0
938,19,12,84300,6928.7671,200,12600,10,4923,0,0,0
939,1,0,1100,0.0000,1100,1100,0,,0,3163,3163
940,8,46,31800,691.3043,300,10900,0,,0,37837,56756
941,66,55,376925,6853.1818,200,9800,45,5807,0,0,0
942,167,65,421619,6486.4462,200,45515,68,600,0,0,0
943,1,0,800,0.0000,800,800,0,,0,3217,3217
944,74,70,1292846,18460.4379,400,25390,58,16927,0,0,0
945,18,28,297568,10627.4286,600,39594,2,5000,0,0,0
946,38,36,685422,19217.4393,1100,26212,30,17475,0,0,0
947,104,68,435382,6424.7221,500,19100,55,4034,0,0,0
949,8,25,32200,1288.0000,700,8200,0,,0,13201,19802
950,78,64,1494969,23225.8260,200,29386,53,19591,0,0,0
951,1,0,1100,0.0000,1100,1100,0,,4479,0,0
952,19,13,171302,13109.8469,400,16924,10,11283,0,0,0
953,22,39,44000,1128.2051,100,8300,2,1800,0,2930,2930
954,53,36,259858,7299.3820,200,9800,30,5322,0,0,0
955,35,29,460924,15659.9321,400,20792,24,13861,0,0,0
956,105,61,458720,7499.5095,100,39049,62,1100,0,0,0
957,20,35,39700,1134.2857,100,10400,3,600,0,3189,3189
958,1,0,200,0.0000,200,200,0,,6491,0,0
959,1,0,1000,0.0000,1000,1000,0,,4703,0,0
960,5,48,40700,847.9167,200,23600,0,,0,40011,60016
961,16,14,212551,15439.5400,300,20182,11,13455,0,0,0
962,8,20,34100,1705.0000,200,10200,0,,0,10874,16311
963,30,28,571233,20161.1647,500,27759,23,18506,0,0,0
964,89,54,323841,6000.7597,400,39873,55,500,0,0,0
965,92,64,361660,5618.7468,100,10600,53,4280,0,0,0
966,1,0,1100,0.0000,1100,1100,0,,0,3194,3194
967,28,29,565930,19650.3472,300,48666,0,,0,0,0
968,48,37,456407,12181.6815,200,16341,30,10894,0,0,0
969,157,60,470879,7826.2438,100,34633,61,1300,0,0,0
970,20,17,329038,19431.3780,400,26022,14,17348,0,0,0
971,39,29,322221,11034.9658,300,13949,24,9299,0,0,0
972,1,0,600,0.0000,600,600,0,,0,3058,3058
973,1,0,600,0.0000,600,600,0,,5760,0,0
974,59,58,1560254,26701.4375,500,37137,48,24758,0,0,0
975,1,0,800,0.0000,800,800,0,,5325,0,0
976,38,35,799465,22973.1322,200,31424,29,20949,0,0,0
977,85,69,1108040,16175.7664,400,21062,56,14041,0,0,0
978,1,0,1100,0.0000,1100,1100,0,,6556,0,0
979,72,71,1363664,19306.2388,1000,26871,58,17914,0,0,0
980,31,24,312076,12842.6337,300,16464,20,10976,0,0,0
981,47,45,1134908,25108.5841,600,34638,37,23092,0,0,0
982,108,71,454750,6404.9296,100,11400,59,4550,0,0,0
984,34,30,372560,12629.1525,200,16692,25,11128,0,0,0
985,1,0,900,0.0000,900,900,0,,0,3341,3341
986,1,0,600,0.0000,600,600,0,,6057,0,0
987,33,28,384007,13813.2014,1100,17661,23,11774,0,0,0
988,1,0,400,0.0000,400,400,0,,6832,0,0
989,1,0,1000,0.0000,1000,1000,0,,5114,0,0
990,41,39,811460,21004.1415,200,28608,32,19072,0,0,0
991,73,68,1549435,22920.6361,300,31010,55,20673,0,0,0
992,45,39,461414,11922.8424,100,15946,32,10631,0,0,0
993,26,25,640160,25170.1180,600,48900,0,,0,0,0
994,87,40,376486,9412.1500,400,48266,40,500,0,0,0
995,1,0,1000,0.0000,1000,1000,0,,0,3445,3445
996,1,0,1100,0.0000,1100,1100,0,,6404,0,0
997,9,18,25400,1411.1111,200,11100,0,,0,3705,3705
998,63,62,1661240,26851.9397,200,36912,51,24608,0,0,0
1000,4,66,6300,95.4545,200,2900,0,,0,31348,47022
1002,32,27,141846,5214.9265,500,8600,22,4283,0,0,0
1003,28,26,620322,23437.8589,200,31532,22,21021,0,0,0
1004,57,30,1566752,51936.5304,200,49834,0,,0,0,0
1005,9,69,83600,1211.5942,300,15300,2,11100,0,34483,51724
1006,38,71,77300,1088.7324,100,11300,3,1900,0,3737,3737
1007,76,30,344284,11438.0066,800,46981,31,1300,0,0,0
1008,1,0,700,0.0000,700,700,0,,5902,0,0
1009,1,0,400,0.0000,400,400,0,,0,44289,66434
1010,65,44,1792609,40989.5351,800,49956,0,,0,0,0
1011,10,47,42400,902.1277,400,11200,0,,0,20403,30604
1012,17,43,115500,2686.0465,200,13700,0,,0,24545,36818
1013,1,0,300,0.0000,300,300,0,,0,3122,3122
1014,46,33,204773,6143.1900,200,47875,33,1400,0,0,0
1015,23,18,133616,7395.7196,700,11800,15,5888,0,0,0
1016,66,63,1457918,22995.5521,600,31846,52,21231,0,0,0
1017,54,53,1197127,22715.8824,800,31737,43,21158,0,0,0
1018,18,67,38000,567.1642,400,10600,3,1400,0,3963,3963
1019,77,72,1541942,21535.5028,1100,29619,59,19746,0,0,0
1020,6,12,18100,1508.3333,500,7000,0,,0,2984,2984
1021,1,0,1000,0.0000,1000,1000,0,,0,3389,3389
1022,87,53,1716565,32165.4903,400,46091,2,16000,0,0,0
1023,66,65,1274121,19702.9021,1100,27417,53,18278,0,0,0
1024,1,0,600,0.0000,600,600,0,,0,3112,3112
1026,18,15,308029,20176.5721,1000,25760,13,17173,0,0,0
1027,2,1,10100,0.0000,800,9300,0,,0,3868,3868
1028,18,28,36300,1296.4286,200,12200,3,600,0,0,0
1029,68,30,1769433,58332.9560,600,49646,2,40515,0,0,0
1030,1,0,1100,0.0000,1100,1100,0,,6364,0,0
1031,48,42,797731,18873.7618,300,25808,35,17205,0,0,0
1032,5,58,13200,227.5862,400,3800,2,3800,0,49765,74648
1033,8,11,55649,5074.3769,1100,17286,0,,0,0,0
1034,29,21,172769,8400.4376,200,10700,17,6329,0,0,0
1035,22,20,420440,21163.0872,700,28530,16,19020,0,0,0
1036,36,35,918873,26203.6027,600,36248,29,24165,0,0,0
1037,24,22,436774,19974.4207,500,27080,18,18053,0,0,0
1038,1,0,400,0.0000,400,400,0,,0,3221,3221
1039,118,68,3010929,44213.3480,400,49191,2,2600,0,0,0
1040,45,31,1082542,34586.0064,1000,48210,0,,0,0,0
1042,60,57,753895,13179.9825,900,18068,47,12045,0,0,0
1043,18,16,425985,26295.3704,1000,36273,13,24182,0,0,0
1044,39,37,620612,16593.9037,500,22886,30,15257,0,0,0
1045,1,0,800,0.0000,800,800,0,,6333,0,0
1046,59,44,577048,12986.8267,100,16655,36,11103,0,0,0
1047,65,55,413245,7536.3830,200,9764,45,6509,0,0,0
1048,1,0,1100,0.0000,1100,1100,0,,5993,0,0
1049,7,12,18500,1541.6667,200,8600,0,,0,3749,3749
1050,6,54,16600,307.4074,300,5700,0,,0,25317,37976
1051,65,63,881340,14063.9362,800,19332,51,12888,0,0,0
1052,87,63,465655,7340.8565,100,48867,63,1400,0,0,0
1053,66,55,611305,11034.3863,200,14678,45,9785,0,0,0
1054,80,71,755500,10680.9614,400,14475,58,9650,0,0,0
1055,1,0,600,0.0000,600,600,0,,0,3071,3071
1056,14,12,336083,28481.6102,1100,47609,0,,0,0,0
1057,1,0,1000,0.0000,1000,1000,0,,4636,0,0
1058,31,30,790100,25990.1316,1000,36420,25,24280,0,0,0
1059,1,0,1100,0.0000,1100,1100,0,,0,3220,3220
1060,12,24,143059,6019.3128,500,43635,2,800,0,0,0
1061,17,14,98419,7063.5646,1000,8528,11,5685,0,0,0
1062,66,66,1634908,24846.6261,1000,34764,54,23176,0,0,0
1063,33,27,247035,9082.1691,200,11895,22,7930,0,0,0
1064,1,0,500,0.0000,500,500,0,,5948,0,0
1065,101,70,422170,6059.8565,300,38937,69,1300,0,0,0
1066,51,28,1367782,49737.5273,900,49311,0,,0,0,0
1067,55,28,1451694,52156.6707,1000,49618,0,,0,0,0
1068,27,22,445411,20245.9545,1000,46619,2,17100,0,0,0
1069,1,0,700,0.0000,700,700,0,,4621,0,0
1070,34,32,576598,18018.6875,200,24626,26,16417,0,0,0
1071,85,67,1880128,28230.1502,600,49712,2,2400,0,0,0
1072,16,12,180246,14978.8920,300,20348,10,13565,0,0,0
1073,98,58,556200,9534.8571,300,23800,48,5765,0,0,0
1074,32,31,749371,23890.6801,1000,33016,25,22011,0,0,0
1075,69,41,349073,8418.1592,100,11100,34,6114,0,0,0
1076,65,50,691151,13795.4291,200,17966,41,11977,0,0,0
1077,116,71,547442,7724.9577,600,45544,70,1500,0,0,0
1078,1,0,800,0.0000,800,800,0,,6722,0,0
1079,11,54,38100,705.5556,300,10100,0,,0,27016,40524
1080,63,60,1590090,26340.5301,700,36614,50,24409,0,0,0
1081,1,0,800,0.0000,800,800,0,,4512,0,0
1082,1,0,300,0.0000,300,300,0,,5190,0,0
1083,34,25,344380,14056.3265,100,17388,20,11592,0,0,0
1085,19,15,237209,15605.8553,100,20084,13,13389,0,0,0
1086,1,0,700,0.0000,700,700,0,,0,2904,2904
1087,32,30,586335,19719.7870,900,26812,25,17875,0,0,0
1088,1,0,500,0.0000,500,500,0,,5600,0,0
1089,40,39,557192,14460.0000,500,19872,31,13248,0,0,0
1090,37,26,213463,8220.6547,1000,9477,21,6318,0,0,0
1091,46,64,113500,1773.4375,100,11500,3,3200,0,0,0
1092,45,43,553805,13000.1174,200,17980,35,11987,0,0,0
1093,1,0,1000,0.0000,1000,1000,0,,0,48137,72206
1094,1,0,1000,0.0000,1000,1000,0,,6023,0,0
1095,20,18,411525,23076.1682,200,31610,15,21073,0,0,0
1096,1,0,400,0.0000,400,400,0,,6435,0,0
1097,37,30,651675,21602.4862,300,28545,25,19030,0,0,0
1098,1,0,600,0.0000,600,600,0,,5784,0,0
1100,1,0,700,0.0000,700,700,0,,0,3239,3239
1101,17,15,356340,23862.0536,200,32340,12,21560,0,0,0
1102,45,34,292456,8534.7082,200,10782,28,7188,0,0,0
1103,44,42,957013,22986.7014,600,31444,35,20963,0,0,0
1104,40,36,634918,17410.9141,800,24128,30,16085,0,0,0
1105,56,52,502583,9677.4647,100,13173,43,8782,0,0,0
1106,85,64,1764288,27567.0000,800,49123,2,12000,0,0,0
1107,1,0,800,0.0000,800,800,0,,6390,0,0
1108,1,0,1000,0.0000,1000,1000,0,,4730,0,0
1109,52,50,978099,19509.9535,600,26882,41,17921,0,0,0
1110,22,17,280551,16406.4912,300,22269,14,14846,0,0,0
1111,35,34,766300,22341.1079,400,31050,28,20700,0,0,0
1112,50,47,962165,20588.4094,400,28228,39,18819,0,0,0
1113,45,27,304138,11334.3354,200,12704,22,8469,0,0,0
1114,68,62,1557544,25027.4879,300,49695,0,,0,0,0
1115,1,0,300,0.0000,300,300,0,,0,3440,3440
1116,82,66,900300,13717.1153,100,18194,54,12129,0,0,0
1117,1,0,400,0.0000,400,400,0,,5370,0,0
1118,74,66,561867,8504.5459,100,11307,55,7538,0,0,0
1120,1,0,900,0.0000,900,900,0,,5428,0,0
1121,34,32,628330,19574.1433,800,26817,26,17878,0,0,0
1122,42,40,425404,10521.1212,500,14376,33,9584,0,0,0
1123,65,62,1103125,17725.6294,400,24345,51,16230,0,0,0
1124,66,31,1672678,53440.1917,900,49480,0,,0,0,0
1125,31,13,730127,55312.6515,900,48858,2,900,0,0,0
1126,108,70,452219,6460.2714,200,14000,57,4187,0,0,0
1127,73,71,1798810,25240.5519,600,34995,59,23330,0,0,0
1128,1,0,400,0.0000,400,400,0,,6189,0,0
1129,47,46,1230054,26779.1147,600,36884,38,24589,0,0,0
1130,1,0,200,0.0000,200,200,0,,6588,0,0
1132,3,63,5300,84.1270,1000,2200,0,,0,48098,72147
1133,1,0,900,0.0000,900,900,0,,4498,0,0
1134,80,71,936920,13220.8843,400,17955,58,11970,0,0,0
1135,1,0,500,0.0000,500,500,0,,5106,0,0
1136,1,0,900,0.0000,900,900,0,,0,30818,46227
1137,1,0,900,0.0000,900,900,0,,0,3182,3182
1138,10,19,50420,2635.1916,100,17430,2,100,0,0,0
1139,61,36,1497694,42070.0562,100,49209,0,,0,0,0
1140,23,13,91583,6834.5522,400,8000,11,4186,0,0,0
1141,10,18,20400,1133.3333,300,9000,0,,0,3275,3275
1142,17,35,42400,1211.4286,500,7800,2,2200,0,3116,3116
1144,1,0,200,0.0000,200,200,0,,0,3375,3375
1145,1,0,900,0.0000,900,900,0,,0,2921,2921
1146,70,64,1538168,24033.8750,1000,32588,52,21725,0,0,0
1147,71,69,1682912,24413.6170,400,34004,56,22669,0,0,0
1149,23,37,176736,4776.6486,100,34166,2,3000,0,0,0
1150,25,14,84504,5841.2903,400,36759,15,1900,0,0,0
1151,44,42,1094179,25867.1158,300,36022,35,24015,0,0,0
1152,1,0,800,0.0000,800,800,0,,0,3279,3279
1153,64,60,787380,13043.2910,200,18018,50,12012,0,0,0
1154,37,16,918936,56958.8430,400,48943,0,,0,0,0
1155,1,0,1100,0.0000,1100,1100,0,,5959,0,0
1156,14,12,288112,23615.7377,300,29774,10,19849,0,0,0
1157,76,69,441200,6357.3487,700,11200,57,5588,0,0,0
1158,1,0,200,0.0000,200,200,0,,6340,0,0
1159,72,59,728162,12390.7317,200,16311,48,10874,0,0,0
1160,6,26,18200,700.0000,100,7500,0,,0,28420,42630
1161,1,0,600,0.0000,600,600,0,,5921,0,0
1164,145,60,439472,7328.6048,300,43543,61,300,0,0,0
1165,23,21,310977,14784.9604,900,20138,17,13425,0,0,0
1166,5,46,9400,204.3478,200,4600,0,,0,18631,27946
1168,53,50,539535,10841.2927,100,14594,41,9729,0,0,0
1169,96,59,2082177,35491.6534,1000,49116,2,10400,0,0,0
1170,14,31,60300,1945.1613,200,18900,2,1100,0,22793,34190
1171,15,12,223152,18752.2689,800,24756,10,16504,0,0,0
1172,5,12,92558,7866.1190,300,49863,0,,0,0,0
1173,1,0,400,0.0000,400,400,0,,0,3453,3453
1174,47,45,1074296,23628.2111,100,32856,37,21904,0,0,0
1176,1,0,1100,0.0000,1100,1100,0,,4556,0,0
1177,14,12,269006,22605.5462,600,30843,10,20562,0,0,0
1178,22,20,454868,23207.5510,900,30816,16,20544,0,0,0
1179,1,0,700,0.0000,700,700,0,,4212,0,0
1180,71,68,1118138,16556.8312,500,22809,55,15206,0,0,0
1181,23,16,129989,8262.0127,200,12700,13,5805,0,0,0
1182,4,21,11100,528.5714,700,4300,2,4300,0,16627,24940
1183,62,44,255424,5853.8732,100,10900,35,4392,0,0,0
1184,1,0,700,0.0000,700,700,0,,0,37791,56686
1185,1,0,700,0.0000,700,700,0,,4246,0,0
1186,33,12,118056,9676.7213,600,30463,25,1400,0,0,0
1187,1,0,1000,0.0000,1000,1000,0,,6220,0,0
1188,42,29,246708,8516.9620,200,11200,24,6632,0,0,0
1189,1,0,600,0.0000,600,600,0,,0,3433,3433
1190,34,27,389133,14253.9560,500,18561,22,12374,0,0,0
1192,34,32,413782,13025.6663,200,17416,26,11611,0,0,0
1193,64,60,952260,15906.3474,200,21611,50,14407,0,0,0
1194,59,57,1353052,23849.3302,500,33198,46,22132,0,0,0
1195,1,0,800,0.0000,800,800,0,,6223,0,0
1196,53,36,1264904,35266.8401,800,48483,0,,0,0,0
1197,28,63,61100,969.8413,100,10000,5,1000,0,3873,3873
1198,7,20,23900,1195.0000,1100,8500,0,,0,18827,28240
1199,35,21,148797,7119.4737,200,10400,17,4065,0,0,0
1200,69,68,1730500,25436.0608,300,35072,56,23381,0,0,0
1201,72,66,1083840,16505.1777,500,22620,54,15080,0,0,0
1203,42,41,918720,22591.4754,1000,30934,34,20623,0,0,0
1204,63,61,1571697,25793.7144,300,35427,50,23618,0,0,0
1205,1,0,1100,0.0000,1100,1100,0,,5239,0,0
1206,1,0,900,0.0000,900,900,0,,5383,0,0
1207,68,67,1394270,20810.0000,700,28635,55,19090,0,0,0
1208,16,13,266420,20031.5789,1000,25260,11,16840,0,0,0
1209,1,0,900,0.0000,900,900,0,,5353,0,0
1210,32,31,689203,22232.3548,400,30388,25,20259,0,0,0
1211,43,28,245642,8639.2263,400,11700,24,6503,0,0,0
1212,1,0,900,0.0000,900,900,0,,6896,0,0
1213,1,0,200,0.0000,200,200,0,,4909,0,0
1214,25,23,415527,18118.9099,500,24782,19,16521,0,0,0
1215,1,0,900,0.0000,900,900,0,,5273,0,0
1216,17,32,31700,990.6250,100,9600,3,1300,0,3524,3524
1217,1,0,200,0.0000,200,200,0,,0,3161,3161
1218,2,8,2100,262.5000,900,1200,0,,0,32134,48201
1219,45,30,247215,8123.1654,200,8968,25,5979,0,0,0
1220,1,0,900,0.0000,900,900,0,,5764,0,0
1221,34,23,773759,33447.7954,1000,49919,0,,0,0,0
1222,1,0,700,0.0000,700,700,0,,6310,0,0
1223,31,29,407660,14287.1495,200,19260,24,12840,0,0,0
1225,63,61,1230230,20311.9978,100,28228,50,18819,0,0,0
1226,31,26,175690,6818.4994,100,8610,21,5740,0,0,0
1227,45,35,544993,15409.7926,200,20108,29,13405,0,0,0
1228,1,0,400,0.0000,400,400,0,,5096,0,0
1229,14,12,224628,18312.0652,500,23186,10,15457,0,0,0
1230,30,20,807428,40037.7521,500,48929,0,,0,0,0
1231,61,60,1119365,18781.2919,600,26198,49,17465,0,0,0
1232,15,28,124287,4492.3012,200,45039,0,,0,0,0
1233,1,0,300,0.0000,300,300,0,,0,3390,3390
1234,1,0,1100,0.0000,1100,1100,0,,6390,0,0
1235,1,0,500,0.0000,500,500,0,,4339,0,0
1236,94,68,389716,5705.9444,100,37062,69,1600,0,0,0
1237,95,58,2296525,39595.2586,1100,49968,2,5300,0,0,0
1238,1,0,600,0.0000,600,600,0,,6126,0,0
1239,1,0,900,0.0000,900,900,0,,6668,0,0
1240,17,15,186283,12363.9159,800,16353,12,10902,0,0,0
1241,40,30,206655,6997.3476,200,8541,25,5694,0,0,0
1242,43,25,887227,35489.0800,200,47757,0,,0,0,0
1243,22,36,228244,6345.9870,100,46024,0,,0,0,0
1244,43,31,200452,6383.8217,200,7842,25,5228,0,0,0
1245,15,13,165265,12647.8316,1100,16455,10,10970,0,0,0
1246,1,0,1100,0.0000,1100,1100,0,,6148,0,0
1247,107,67,2474639,36824.9851,300,49683,3,7700,0,0,0
1248,1,0,600,0.0000,600,600,0,,6372,0,0
1249,24,43,67900,1579.0698,400,10200,3,2400,0,3686,3686
1250,2,8,1500,187.5000,600,900,0,,0,22831,34246
1251,48,42,942336,22490.1193,400,49827,3,8400,0,0,0
1252,5,40,6000,150.0000,300,2500,0,,0,24688,37032
1253,26,20,408044,20267.0861,700,26492,16,17661,0,0,0
1254,71,46,1773255,38858.7655,800,48969,2,13500,0,0,0
1255,1,0,300,0.0000,300,300,0,,0,34934,52401
1256,61,56,942792,16716.1702,300,22908,46,15272,0,0,0
1257,40,39,774515,20117.2727,500,27958,31,18639,0,0,0
1258,1,0,700,0.0000,700,700,0,,0,2900,2900
1259,23,20,340556,16721.2439,500,22008,17,14672,0,0,0
1260,30,25,390290,15570.0798,100,20858,20,13905,0,0,0
1261,48,45,1125094,24763.6244,500,34359,37,22906,0,0,0
1262,1,0,400,0.0000,400,400,0,,6747,0,0
1263,53,36,1188856,33054.3837,200,49877,2,3000,0,0,0
1264,24,22,410658,18751.5068,900,25229,18,16819,0,0,0
1265,1,0,300,0.0000,300,300,0,,6797,0,0
1266,34,30,681805,22904.9832,1100,31006,25,20671,0,0,0
1267,31,29,608185,21314.8949,400,28733,24,19155,0,0,0
1268,33,62,70500,1137.0968,100,9000,3,1000,0,3330,3330
1269,70,57,782203,13635.1482,300,18194,47,12129,0,0,0
1270,4,8,8300,1037.5000,500,3700,0,,0,12464,18696
1271,46,30,245540,8166.5188,100,9288,25,6192,0,0,0
1272,55,67,859394,12826.7761,100,44664,2,5300,0,0,0
1273,59,57,1272175,22227.8684,500,30728,47,20485,0,0,0
1274,45,28,1180002,41549.3662,400,49755,0,,0,0,0
1275,1,0,300,0.0000,300,300,0,,5447,0,0
1276,104,72,602272,8361.0180,100,10600,60,6774,0,0,0
1277,1,0,1000,0.0000,1000,1000,0,,6248,0,0
1279,1,0,1000,0.0000,1000,1000,0,,5381,0,0
1280,1,0,600,0.0000,600,600,0,,5122,0,0
1281,23,20,320156,15901.7881,1100,21086,16,14057,0,0,0
1284,25,17,560929,32995.8235,700,49972,0,,0,0,0
1285,68,67,1390141,20686.6220,300,28558,55,19039,0,0,0
1286,129,62,3317795,53426.6506,500,49937,2,500,0,0,0
1287,15,43,51700,1202.3256,400,10000,0,,0,21046,31569
1288,1,0,600,0.0000,600,600,0,,6059,0,0
1289,32,30,762885,25715.2247,500,35012,25,23341,0,0,0
1291,1,0,600,0.0000,600,600,0,,4821,0,0
1292,60,52,699659,13429.1555,1100,17829,43,11886,0,0,0
1293,30,28,704134,25389.4471,800,34482,23,22988,0,0,0
1294,51,49,774426,15719.0663,300,21654,40,14436,0,0,0
1295,60,50,324019,6463.1449,100,10600,41,5582,0,0,0
1296,1,0,800,0.0000,800,800,0,,5020,0,0
1297,68,65,1450031,22217.0225,400,30767,54,20511,0,0,0
1298,39,35,483448,13708.3554,300,18669,29,12446,0,0,0
1299,10,27,21600,800.0000,200,8400,3,400,0,3913,3913
1301,14,52,240363,4628.2991,200,46251,0,,0,0,0
1302,1,0,800,0.0000,800,800,0,,6090,0,0
1303,21,15,111633,7344.2763,300,8103,12,5402,0,0,0
1304,41,32,765995,23937.3438,200,47207,2,3800,0,0,0
1305,71,64,739705,11486.1025,400,15358,53,10239,0,0,0
1306,49,45,845605,18721.8819,600,25574,37,17049,0,0,0
1307,73,49,334911,6834.9184,100,10200,40,4946,0,0,0
1308,1,0,400,0.0000,400,400,0,,5119,0,0
1309,1,0,1000,0.0000,1000,1000,0,,0,39531,59296
1310,37,34,262232,7667.6023,1100,11500,28,6717,0,0,0
1311,41,36,568660,15988.5661,500,21510,30,14340,0,0,0
1312,1,0,400,0.0000,400,400,0,,5735,0,0
1313,36,15,896870,59264.5374,200,47546,0,,0,0,0
1314,62,61,1108756,18196.2144,600,24996,50,16664,0,0,0
1315,56,44,493284,11143.4639,200,14112,36,9408,0,0,0
1316,1,0,300,0.0000,300,300,0,,0,2973,2973
1317,1,0,1100,0.0000,1100,1100,0,,6732,0,0
1318,16,12,205048,16670.5691,100,29159,0,,0,0,0
1319,20,15,416198,27562.7815,1000,44483,0,,0,0,0
1320,27,25,377375,15074.9001,1000,20235,20,13490,0,0,0
1321,32,21,131077,6362.9612,200,9600,17,4025,0,0,0
1322,1,0,200,0.0000,200,200,0,,4435,0,0
1323,33,31,716153,22929.1249,600,31538,25,21025,0,0,0
1324,28,25,524213,20638.3071,300,27380,21,18253,0,0,0
1325,1,0,300,0.0000,300,300,0,,0,3193,3193
1326,35,25,157040,6223.5139,800,10400,20,4565,0,0,0
1327,77,53,329406,6270.4188,100,49845,52,1400,0,0,0
1328,3,21,9200,438.0952,800,7300,0,,0,32498,48747
1329,5,27,19600,725.9259,500,7300,0,,0,11761,17642
1330,40,26,1056962,40548.4143,900,49868,2,900,0,0,0
1331,2,1,9300,0.0000,600,8700,0,,0,10790,16185
1332,71,70,1681731,24139.6794,300,33503,57,22335,0,0,0
1333,61,51,556842,10868.7443,100,14644,42,9763,0,0,0
1334,80,68,431465,6363.7906,200,8440,55,5627,0,0,0
1335,44,39,639991,16284.7583,200,22313,32,14875,0,0,0
1336,25,22,416296,19243.2666,300,25656,18,17104,0,0,0
1337,112,64,491372,7669.6982,200,12300,53,4896,0,0,0
1338,110,72,2435732,33704.7786,400,49419,2,3700,0,0,0
1339,19,18,401173,22750.8318,900,43645,0,,0,0,0
1340,5,14,21400,1528.5714,1000,10500,0,,0,3944,3944
1341,1,0,1100,0.0000,1100,1100,0,,0,3147,3147
1342,19,14,380554,27443.7981,500,47762,0,,0,0,0
1344,62,40,1726937,43536.2269,200,49329,0,,0,0,0
1345,64,63,1541720,24575.7705,200,34236,51,22824,0,0,0
1346,5,5,17900,3580.0000,100,13500,0,,0,3101,3101
1347,1,0,500,0.0000,500,500,0,,0,3100,3100
1348,18,13,152592,11618.6802,200,15144,10,10096,0,0,0
1349,1,0,700,0.0000,700,700,0,,6529,0,0
1350,33,28,681318,24507.8417,300,49796,2,7900,0,0,0
1351,1,0,300,0.0000,300,300,0,,0,3341,3341
1352,53,51,1378100,26898.5036,500,37200,42,24800,0,0,0
1353,59,57,987296,17443.3922,700,24204,46,16136,0,0,0
1354,1,0,1000,0.0000,1000,1000,0,,4620,0,0
1355,18,16,333255,20785.1351,600,28419,13,18946,0,0,0
1356,34,23,138427,6098.1057,900,11900,19,4117,0,0,0
1357,26,37,61000,1648.6486,100,8600,3,100,0,3435,3435
1358,54,32,225750,7054.6875,300,8300,26,4470,0,0,0
1359,37,61,96600,1583.6066,100,14200,3,2100,0,0,0
1360,90,53,396996,7528.3692,500,47370,54,1200,0,0,0
1361,25,24,547336,22555.0549,1100,31514,20,21009,0,0,0
1362,20,25,398154,16251.1837,1000,37691,0,,0,0,0
1363,23,21,540793,26083.2637,1000,34976,17,23317,0,0,0
1365,25,33,62300,1887.8788,300,10000,3,1200,0,3471,3471
1366,97,70,639776,9096.3412,200,11439,58,7626,0,0,0
1367,31,28,373077,13308.3353,400,18028,23,12019,0,0,0
1368,28,24,421730,17572.0833,1000,38522,0,,0,0,0
1369,49,33,473537,14306.2538,100,17422,27,11615,0,0,0
1370,1,0,600,0.0000,600,600,0,,5800,0,0
1371,1,0,400,0.0000,400,400,0,,4611,0,0
1372,136,70,583219,8319.8146,200,44758,69,1000,0,0,0
1373,1,0,500,0.0000,500,500,0,,0,2962,2962
1374,2,21,4000,190.4762,700,3300,0,,0,48644,72966
1375,60,56,1245446,22174.1128,200,30436,46,20291,0,0,0
1376,1,0,700,0.0000,700,700,0,,4097,0,0
1377,1,0,300,0.0000,300,300,0,,0,3432,3432
1378,72,70,1857538,26410.4929,600,36628,58,24419,0,0,0
1379,18,15,180095,12420.3448,700,15645,12,10430,0,0,0
1380,36,34,885768,26001.0176,1100,35768,28,23845,0,0,0
1381,1,0,1000,0.0000,1000,1000,0,,4058,0,0
1382,1,0,800,0.0000,800,800,0,,0,3089,3089
1383,1,0,1000,0.0000,1000,1000,0,,6909,0,0
1384,2,10,5900,590.0000,800,5100,0,,0,31366,47049
1385,22,19,386256,19910.1031,1000,26022,16,17348,0,0,0
1387,19,24,53200,2216.6667,100,15300,2,2300,0,0,0
1388,58,56,1296220,23105.5258,700,31830,46,21220,0,0,0
1389,35,17,696804,41068.9980,800,48868,0,,0,0,0
1390,35,24,308988,13129.8017,400,16107,20,10738,0,0,0
1391,26,24,421424,17608.2451,600,24226,20,16151,0,0,0
1392,72,68,1729040,25290.6875,700,34768,56,23179,0,0,0
1393,33,25,239830,9593.2000,600,11822,20,7881,0,0,0
1394,1,0,600,0.0000,600,600,0,,6341,0,0
1395,60,37,284538,7628.3646,100,13700,30,5149,0,0,0
1396,59,30,1290377,43012.5667,400,47440,0,,0,0,0
1397,79,70,1314750,18853.9675,200,25917,57,17278,0,0,0
1398,32,53,65400,1233.9623,100,13400,3,1000,0,0,0
1399,45,31,331848,10613.4755,100,13083,25,8722,0,0,0
1401,1,0,300,0.0000,300,300,0,,6850,0,0
1402,84,70,704850,10141.7266,300,13509,57,9006,0,0,0
1403,40,38,648931,17107.1441,1000,23314,31,15543,0,0,0
1404,103,63,1854013,29320.1845,200,48013,3,5600,0,0,0
1405,19,30,45200,1506.6667,400,11100,3,500,0,3581,3581
1406,1,0,200,0.0000,200,200,0,,4141,0,0
1407,51,21,1325464,63724.2308,100,48788,0,,0,0,0
1408,1,0,200,0.0000,200,200,0,,0,36880,55320
1410,66,64,1448547,22645.3413,500,31192,53,20795,0,0,0
1411,72,66,981736,14904.8988,600,20494,54,13663,0,0,0
1412,69,68,1046257,15469.5466,1000,21431,55,14287,0,0,0
1413,44,43,651413,15279.4292,1100,21244,35,14163,0,0,0
1414,51,47,816944,17271.5433,600,23766,39,15844,0,0,0
1416,91,65,2072487,31657.1334,700,49966,0,,0,0,0
1417,51,48,1269408,26281.7391,200,36346,40,24231,0,0,0
1418,26,22,272500,12165.1786,900,15666,19,10444,0,0,0
1419,1,0,400,0.0000,400,400,0,,6051,0,0
1420,1,0,900,0.0000,900,900,0,,5202,0,0
1421,112,51,387372,7570.7883,100,46883,52,1200,0,0,0
1422,1,0,400,0.0000,400,400,0,,5842,0,0
1423,45,40,243064,6143.1508,100,8116,32,5411,0,0,0
1424,21,19,369082,19425.3684,100,26313,15,17542,0,0,0
1425,109,66,606136,9183.8788,100,14900,55,6104,0,0,0
1426,1,0,200,0.0000,200,200,0,,4022,0,0
1427,48,39,525927,13648.6246,400,18207,31,12138,0,0,0
1429,1,0,1100,0.0000,1100,1100,0,,0,3250,3250
1430,8,12,23900,1991.6667,500,13000,0,,0,0,0
1431,73,31,223073,7274.1196,200,40292,32,1200,0,0,0
1432,1,0,1000,0.0000,1000,1000,0,,0,32672,49008
1434,1,0,200,0.0000,200,200,0,,4847,0,0
1435,27,24,612435,25031.4033,800,33155,20,22103,0,0,0
1436,76,49,319454,6546.1885,100,9000,40,4657,0,0,0
1437,10,20,25900,1295.0000,500,8200,2,1500,0,3258,3258
1438,19,15,334384,22644.5147,600,47687,0,,0,0,0
1439,1,0,700,0.0000,700,700,0,,0,3183,3183
1440,26,52,51300,986.5385,300,12600,3,500,0,3198,3198
1441,1,0,500,0.0000,500,500,0,,6354,0,0
1442,68,67,1336121,19813.9545,300,27448,55,18299,0,0,0
1443,17,15,330161,22510.9773,700,29751,12,19834,0,0,0
1444,21,30,56100,1870.0000,100,11500,4,800,0,3037,3037
1445,45,33,271496,8177.5904,100,10179,27,6786,0,0,0
1446,49,47,912907,19286.7676,1100,26780,39,17853,0,0,0
1447,8,21,11200,533.3333,200,3800,0,,0,12508,18762
1448,21,36,54900,1525.0000,100,10100,2,4200,0,0,0
1449,106,64,486109,7556.0984,300,16000,53,4711,0,0,0
1450,1,0,400,0.0000,400,400,0,,6496,0,0
1451,1,0,1000,0.0000,1000,1000,0,,6490,0,0
1452,41,39,850874,21650.7379,500,29914,32,19943,0,0,0
1453,112,63,2994554,47183.0987,600,49266,2,30354,0,0,0
1454,14,16,40100,2506.2500,200,12300,0,,0,0,0
1455,46,36,287144,8028.2572,300,9479,30,6319,0,0,0
1456,76,32,2016301,62553.2885,1100,49939,0,,0,0,0
1458,62,60,1084380,18022.9363,700,24888,50,16592,0,0,0
1459,1,0,900,0.0000,900,900,0,,0,3186,3186
1460,1,0,300,0.0000,300,300,0,,5298,0,0
1461,4,11,15400,1400.0000,200,9600,0,,0,42171,63256
1463,16,26,46200,1776.9231,300,6700,2,1900,0,3336,3336
1464,56,25,1436552,56631.4849,300,48263,0,,0,0,0
1465,20,39,60100,1541.0256,100,10600,2,1800,0,3183,3183
1466,11,20,69485,3474.2500,100,32253,0,,0,0,0
1467,58,56,1197422,21306.4413,800,29396,46,19597,0,0,0
1468,1,0,500,0.0000,500,500,0,,0,3224,3224
1469,1,0,1000,0.0000,1000,1000,0,,6228,0,0
1470,63,59,798048,13579.9433,1100,18646,48,12431,0,0,0
1471,31,29,587574,20214.7018,800,27894,24,18596,0,0,0
1472,50,41,416803,10100.2342,300,13281,34,8854,0,0,0
1473,1,0,600,0.0000,600,600,0,,0,2976,2976
1474,1,0,900,0.0000,900,900,0,,4043,0,0
1475,27,62,185600,2993.5484,200,16900,2,16400,0,20551,30826
1476,1,0,200,0.0000,200,200,0,,6411,0,0
1477,1,0,700,0.0000,700,700,0,,0,3151,3151
1478,39,26,834470,32554.0962,900,47620,0,,0,0,0
1479,18,39,36600,938.4615,400,9600,2,1600,0,3244,3244
1480,42,28,1051456,37731.6746,800,49570,0,,0,0,0
1481,1,0,1000,0.0000,1000,1000,0,,0,3098,3098
1482,27,24,602276,24819.0659,500,34614,20,23076,0,0,0
1483,59,36,353908,9931.9364,100,13400,30,6995,0,0,0
1484,1,0,200,0.0000,200,200,0,,6612,0,0
1485,76,63,1746470,27721.7460,1000,35130,52,23420,0,0,0
1486,37,35,889963,25092.9417,100,35110,29,23407,0,0,0
1487,1,0,1100,0.0000,1100,1100,0,,0,3306,3306
1488,23,20,247916,12605.8983,700,16556,16,11037,0,0,0
1490,39,29,1074703,36554.5238,200,49743,0,,0,0,0
1491,24,18,306656,16696.3339,1000,20154,15,13436,0,0,0
1492,1,0,800,0.0000,800,800,0,,4733,0,0
1493,1,0,200,0.0000,200,200,0,,5009,0,0
1494,17,14,392455,27253.8194,900,35505,12,23670,0,0,0
1495,64,62,1643938,26515.1290,300,36479,51,24319,0,0,0
1496,50,47,755226,16137.3077,400,22089,39,14726,0,0,0
1497,71,66,622678,9477.5951,600,12880,54,8587,0,0,0
1498,27,23,656241,28698.5860,600,46160,0,,0,0,0
1499,103,61,524650,8568.0457,200,13300,50,5500,0,0,0
1500,29,27,653093,24645.0189,1000,33081,22,22054,0,0,0
1501,1,0,500,0.0000,500,500,0,,5813,0,0
1502,22,25,556898,21982.8158,200,49737,0,,0,0,0
1503,1,0,300,0.0000,300,300,0,,4757,0,0
1504,29,28,736537,26525.9424,300,36208,23,24139,0,0,0
1505,73,69,697028,10150.8932,400,13833,56,9222,0,0,0
1506,21,14,108493,7658.3294,500,11900,11,5206,0,0,0
1507,70,65,1516452,23318.0728,800,31910,54,21273,0,0,0
1508,43,35,1058822,30513.6023,500,49784,2,5400,0,0,0
1509,57,56,855380,15412.2523,600,21282,45,14188,0,0,0
1510,37,34,771088,22949.0476,700,31058,28,20705,0,0,0
1511,99,58,2502002,43088.4386,200,49324,2,400,0,0,0
1512,72,60,931212,15572.1070,100,21237,49,14158,0,0,0
1513,68,65,1069768,16585.5504,400,22836,53,15224,0,0,0
1514,1,0,900,0.0000,900,900,0,,5930,0,0
1515,6,45,21500,477.7778,200,7800,0,,0,27343,41014
1516,1,0,500,0.0000,500,500,0,,0,3416,3416
1517,1,0,700,0.0000,700,700,0,,4569,0,0
1518,70,69,1282112,18707.8599,200,25932,56,17288,0,0,0
1519,45,43,957095,22449.4527,700,31335,35,20890,0,0,0
1520,1,0,300,0.0000,300,300,0,,6005,0,0
1521,1,0,900,0.0000,900,900,0,,4537,0,0
1522,31,17,132301,7922.2156,800,32577,17,1000,0,0,0
1523,24,13,510216,39247.3846,200,49899,0,,0,0,0
1524,1,0,1100,0.0000,1100,1100,0,,4222,0,0
1525,1,0,300,0.0000,300,300,0,,4641,0,0
1526,68,47,403350,8509.4937,200,9975,39,6650,0,0,0
1527,88,62,1846352,29876.2460,400,49582,2,10800,0,0,0
1528,37,31,628016,20501.0664,500,27111,25,18074,0,0,0
1529,12,31,30500,983.8710,600,8200,0,,0,3899,3899
1530,1,0,900,0.0000,900,900,0,,5550,0,0
1532,46,27,452422,16777.0828,600,18900,22,11916,0,0,0
1534,82,68,1123645,16613.7753,100,22415,55,14943,0,0,0
1535,121,70,486100,6967.5108,200,15500,57,4136,0,0,0
1536,30,71,209800,2954.9296,100,15800,2,14500,0,25609,38414
1537,22,18,238469,13078.7386,200,16598,15,11065,0,0,0
1538,63,27,1784338,65121.8248,800,49598,2,30132,0,0,0
1539,91,72,1815263,25153.7598,200,49792,2,14200,0,0,0
1540,46,45,1144409,25318.7832,500,35018,37,23345,0,0,0
1541,60,26,213133,8083.4260,200,46562,27,500,0,0,0
1542,1,0,1000,0.0000,1000,1000,0,,6984,0,0
1543,82,33,259209,7951.1963,500,40390,33,1800,0,0,0
1544,73,66,1351975,20557.1465,800,28425,54,18950,0,0,0
1545,74,71,1657763,23447.8501,200,48987,2,7000,0,0,0
1546,28,25,223100,8959.8394,800,11820,20,7880,0,0,0
1547,65,64,1569039,24567.4165,100,34341,52,22894,0,0,0
1548,1,0,800,0.0000,800,800,0,,0,3159,3159
1549,27,25,393995,15780.8411,300,21447,20,14298,0,0,0
1550,43,32,299540,9302.4845,400,11826,26,7884,0,0,0
1551,1,0,1100,0.0000,1100,1100,0,,6647,0,0
1552,61,60,1597090,26588.6238,500,36844,50,24563,0,0,0
1553,36,24,192279,7967.3619,300,48511,24,1400,0,0,0
1554,53,50,953032,19214.3548,300,26628,40,17752,0,0,0
1555,1,0,1100,0.0000,1100,1100,0,,6260,0,0
1556,1,0,600,0.0000,600,600,0,,5955,0,0
1557,1,0,700,0.0000,700,700,0,,6015,0,0
1558,37,26,197821,7512.1899,200,9106,21,6071,0,0,0
1559,54,51,1276481,25160.5979,700,34235,42,22823,0,0,0
1560,27,20,188700,9326.1944,1000,11400,16,7600,0,0,0
1561,1,0,600,0.0000,600,600,0,,5327,0,0
1562,1,0,600,0.0000,600,600,0,,0,2900,2900
1563,6,10,21700,2170.0000,700,11300,2,700,0,0,0
1564,83,34,258109,7606.3556,300,29349,69,1900,0,0,0
1565,95,63,456733,7292.1714,200,15300,51,4633,0,0,0
1566,76,66,1095520,16556.9773,500,22020,55,14680,0,0,0
1567,18,16,384029,24203.5084,800,32540,13,21693,0,0,0
1568,43,42,626726,15065.5288,300,20896,34,13931,0,0,0
1570,1,0,200,0.0000,200,200,0,,4298,0,0
1571,31,29,452584,15806.1932,200,21452,24,14301,0,0,0
1572,16,14,221186,15836.7064,500,20999,11,13999,0,0,0
1573,1,0,1000,0.0000,1000,1000,0,,5492,0,0
1574,1,0,1000,0.0000,1000,1000,0,,4058,0,0
1575,1,0,900,0.0000,900,900,0,,5448,0,0
1576,39,28,671171,23970.3929,400,49299,2,14000,0,0,0
1577,16,24,40200,1675.0000,200,9800,2,700,0,3841,3841
1578,1,0,600,0.0000,600,600,0,,4128,0,0
1579,61,53,704318,13314.1399,600,17434,44,11623,0,0,0
1580,50,36,1188995,33398.7360,400,48954,0,,0,0,0
1581,63,39,460276,11913.9603,300,16800,32,8637,0,0,0
1582,1,0,500,0.0000,500,500,0,,5973,0,0
1583,91,49,1939410,39472.3881,200,49635,2,7100,0,0,0
1584,1,0,600,0.0000,600,600,0,,0,2975,2975
1585,18,34,164868,4849.0588,100,36654,2,100,0,0,0
1586,31,27,511917,19269.1468,200,25389,22,16926,0,0,0
1587,3,6,4900,816.6667,800,3000,0,,0,14421,21632
1588,26,58,53600,924.1379,300,8100,3,500,0,3665,3665
1589,27,53,55900,1054.7170,400,14100,3,1700,0,0,0
1590,58,45,599180,13404.4743,100,17280,37,11520,0,0,0
1591,48,35,881601,24950.9717,200,48413,4,1500,0,0,0
1592,1,0,400,0.0000,400,400,0,,4604,0,0
1593,1,0,500,0.0000,500,500,0,,0,3130,3130
1594,23,20,422178,20627.5896,500,27279,17,18186,0,0,0
1596,1,0,1100,0.0000,1100,1100,0,,4955,0,0
1597,1,0,900,0.0000,900,900,0,,6701,0,0
1598,35,21,872754,41825.2716,700,48799,0,,0,0,0
1599,38,37,1010154,26961.4057,1100,37372,30,24915,0,0,0
1600,1,0,600,0.0000,600,600,0,,6757,0,0
1601,1,0,500,0.0000,500,500,0,,4042,0,0
1602,1,0,600,0.0000,600,600,0,,4944,0,0
1603,129,68,836508,12289.5397,400,11800,56,7611,0,0,0
1604,62,61,1158770,19058.7171,900,26602,50,17735,0,0,0
1605,112,61,3021615,49507.6188,200,49809,2,16969,0,0,0
1606,64,34,270518,8027.2404,300,39516,34,1100,0,0,0
1607,33,32,816090,25502.8125,800,34941,26,23294,0,0,0
1608,1,0,600,0.0000,600,600,0,,5138,0,0
1609,1,0,900,0.0000,900,900,0,,0,3026,3026
1610,84,68,1966435,28918.1618,500,36560,55,24373,0,0,0
1611,42,34,447044,12982.8848,100,17568,28,11712,0,0,0
1612,36,34,785964,22959.0263,400,31758,28,21172,0,0,0
1613,1,0,600,0.0000,600,600,0,,6359,0,0
1614,7,22,16200,736.3636,300,6900,2,1000,0,25204,37806
1615,1,0,900,0.0000,900,900,0,,6626,0,0
1616,9,20,23700,1185.0000,100,6900,0,,0,3964,3964
1617,1,0,700,0.0000,700,700,0,,5953,0,0
1618,13,24,51300,2137.5000,100,13100,0,,0,3554,3554
1619,36,22,167520,7637.6900,400,9400,18,4830,0,0,0
1620,1,0,700,0.0000,700,700,0,,6082,0,0
1621,66,61,1064317,17381.3337,300,23847,50,15898,0,0,0
1622,52,32,252830,7843.7435,800,9600,26,5078,0,0,0
1623,37,35,939596,27208.3784,500,37038,29,24692,0,0,0
1624,1,0,500,0.0000,500,500,0,,6086,0,0
1625,50,48,631494,13294.6105,800,18291,39,12194,0,0,0
1626,5,23,10200,443.4783,1100,4000,0,,0,19776,29664
1627,66,60,495472,8327.2605,200,11022,49,7348,0,0,0
1628,1,0,700,0.0000,700,700,0,,4276,0,0
1629,1,0,1000,0.0000,1000,1000,0,,5264,0,0
1630,1,0,900,0.0000,900,900,0,,5862,0,0
1631,1,0,400,0.0000,400,400,0,,4115,0,0
1632,70,35,1763675,50924.2060,1000,49664,0,,0,0,0
1633,1,0,200,0.0000,200,200,0,,5153,0,0
1634,58,55,895255,16237.9988,500,22276,45,14851,0,0,0
1635,63,60,1190120,19714.8537,900,27102,50,18068,0,0,0
1636,22,20,514220,25331.0345,500,34965,16,23310,0,0,0
1637,1,0,500,0.0000,500,500,0,,5718,0,0
1638,23,25,384167,15366.6800,500,43958,2,16600,0,0,0
1640,42,40,880563,22124.6985,700,30206,33,20137,0,0,0
1641,68,32,1831738,56535.1235,900,49920,0,,0,0,0
1642,1,0,1000,0.0000,1000,1000,0,,6432,0,0
1644,72,68,1123838,16551.3697,400,22959,55,15306,0,0,0
1645,36,26,417087,15919.3511,100,20426,21,13617,0,0,0
1646,69,31,1672559,53550.4482,500,49840,0,,0,0,0
1647,27,17,136346,7911.7602,900,8152,14,5435,0,0,0
1648,44,17,113252,6836.1368,300,40525,17,700,0,0,0
1649,24,72,397838,5525.5278,100,48442,2,48442,0,0,0
1650,6,12,25400,2116.6667,600,10300,0,,0,15817,23726
1651,30,23,522883,22345.4274,600,49591,2,2500,0,0,0
1652,1,0,300,0.0000,300,300,0,,6226,0,0
1653,52,52,1345465,26108.6352,700,36345,42,24230,0,0,0
1654,6,18,46900,2605.5556,600,13100,0,,0,18653,27980
1655,35,32,597080,18542.8571,300,25362,26,16908,0,0,0
1656,7,22,16400,745.4545,200,7300,2,200,0,23726,35589
1657,1,0,300,0.0000,300,300,0,,0,3235,3235
1658,1,0,800,0.0000,800,800,0,,0,3184,3184
1659,1,0,400,0.0000,400,400,0,,5887,0,0
1660,53,40,1321177,33334.9958,600,49434,0,,0,0,0
1662,18,16,405609,24934.9795,200,32871,14,21914,0,0,0
1663,1,0,300,0.0000,300,300,0,,6366,0,0
1664,63,62,1465940,23772.0000,500,32990,50,21993,0,0,0
1665,1,0,800,0.0000,800,800,0,,6531,0,0
1666,1,0,500,0.0000,500,500,0,,6157,0,0
1667,36,28,160281,5683.7234,200,8100,23,4537,0,0,0
1668,1,0,200,0.0000,200,200,0,,4913,0,0
1669,30,27,254616,9430.2222,700,12514,22,8343,0,0,0
1670,1,0,500,0.0000,500,500,0,,4088,0,0
1671,1,0,1100,0.0000,1100,1100,0,,6567,0,0
1672,34,32,663810,20962.4211,800,28329,26,18886,0,0,0
1673,1,0,900,0.0000,900,900,0,,4408,0,0
1674,65,39,349244,8879.0847,200,12300,32,5707,0,0,0
1675,1,0,1100,0.0000,1100,1100,0,,4327,0,0
1677,31,23,252044,10771.1111,600,13416,20,8944,0,0,0
1678,71,71,1757016,24886.9122,200,34674,58,23116,0,0,0
1679,31,27,413024,15092.2290,400,20195,23,13463,0,0,0
1680,62,61,1291658,21186.2985,300,29128,50,19419,0,0,0
1681,20,17,443690,25646.8208,1100,33930,15,22620,0,0,0
1682,59,36,229568,6318.3853,100,38645,36,1700,0,0,0
1683,36,26,318319,12450.5476,900,15201,21,10134,0,0,0
1684,68,66,1624387,24674.2329,200,49741,2,4300,0,0,0
1685,24,36,631195,17565.7236,1100,46638,0,,0,0,0
1686,104,62,397844,6458.5065,400,11200,50,4136,0,0,0
1687,1,0,200,0.0000,200,200,0,,4260,0,0
1688,1,0,800,0.0000,800,800,0,,5439,0,0
1689,1,0,700,0.0000,700,700,0,,5058,0,0
1690,1,0,500,0.0000,500,500,0,,6736,0,0
1691,1,0,400,0.0000,400,400,0,,0,2901,2901
1692,36,45,835004,18555.6444,500,48692,0,,0,0,0
1693,22,20,593842,30144.2640,1100,49016,0,,0,0,0
1694,100,63,2574735,40760.9763,500,49235,0,,0,0,0
1695,147,72,3180376,44171.8889,200,49938,2,18800,0,0,0
1696,1,0,600,0.0000,600,600,0,,0,3239,3239
1697,1,0,800,0.0000,800,800,0,,0,3332,3332
1698,36,33,698669,21023.1394,800,28840,27,19227,0,0,0
1699,1,0,800,0.0000,800,800,0,,5224,0,0
1700,38,37,930213,24960.9928,900,34419,30,22946,0,0,0
1701,94,64,2142927,33483.2344,600,48730,0,,0,0,0
1702,61,46,448300,9724.5119,100,12201,38,8134,0,0,0
1703,1,0,700,0.0000,700,700,0,,5641,0,0
1704,1,0,300,0.0000,300,300,0,,6923,0,0
1705,66,64,1044940,16412.6702,400,22556,52,15037,0,0,0
1706,31,46,64300,1397.8261,100,10500,2,2000,0,3087,3087
1707,2,1,6600,0.0000,1000,5600,0,,0,11969,17954
1708,52,49,773477,15678.5878,200,21633,40,14422,0,0,0
1709,35,32,637218,19809.8860,300,27104,26,18069,0,0,0
1710,1,0,900,0.0000,900,900,0,,6885,0,0
1711,18,35,35700,1020.0000,200,7800,2,2500,0,3795,3795
1712,1,0,200,0.0000,200,200,0,,6104,0,0
1713,97,70,455635,6469.0251,100,47846,71,700,0,0,0
1714,1,0,900,0.0000,900,900,0,,4951,0,0
1715,42,31,971116,31326.3226,600,48572,0,,0,0,0
1716,34,32,521180,16441.0095,1100,22092,26,14728,0,0,0
1717,1,0,900,0.0000,900,900,0,,6558,0,0
1718,1,0,300,0.0000,300,300,0,,0,43928,65892
1719,1,0,600,0.0000,600,600,0,,4152,0,0
1720,7,6,22400,3733.3333,300,10400,0,,0,0,0
1721,41,68,81400,1197.0588,100,9400,6,100,0,0,0
1722,36,34,782124,23323.7773,800,31578,28,21052,0,0,0
1723,15,13,350125,26524.6212,600,33825,11,22550,0,0,0
1724,1,0,1100,0.0000,1100,1100,0,,6592,0,0
1725,1,0,1100,0.0000,1100,1100,0,,0,47870,71805
1726,82,72,1123920,15538.0645,700,20950,60,13967,0,0,0
1727,15,14,385152,27123.3803,1000,37176,11,24784,0,0,0
1728,53,42,417379,9921.8463,400,12692,35,8461,0,0,0
1729,22,15,188060,12345.2954,400,14748,13,9832,0,0,0
1730,1,0,900,0.0000,900,900,0,,6689,0,0
1731,1,0,200,0.0000,200,200,0,,4758,0,0
1732,37,34,821698,24096.7155,400,33231,28,22154,0,0,0
1733,35,32,986773,30804.5682,900,49474,0,,0,0,0
1734,23,20,548443,26928.4615,1000,35572,17,23715,0,0,0
1735,6,14,25800,1842.8571,800,14400,0,,0,0,0
1736,1,0,900,0.0000,900,900,0,,6075,0,0
1737,37,34,463524,13448.4720,600,18378,28,12252,0,0,0
1738,1,0,400,0.0000,400,400,0,,0,2997,2997
1739,32,30,696320,23604.0678,700,32004,25,21336,0,0,0
1740,1,0,600,0.0000,600,600,0,,4070,0,0
1741,1,0,1100,0.0000,1100,1100,0,,4785,0,0
1742,41,39,976647,25367.4545,300,35127,31,23418,0,0,0
1743,1,0,800,0.0000,800,800,0,,4260,0,0
1744,1,0,600,0.0000,600,600,0,,5648,0,0
1745,38,25,990585,39413.1963,500,48700,0,,0,0,0
1746,23,21,447455,21172.9495,1100,28738,17,19159,0,0,0
1747,1,0,600,0.0000,600,600,0,,0,2984,2984
1749,4,34,6600,194.1176,1000,2500,2,1000,0,45608,68412
1750,79,72,1979045,27678.9510,700,37294,59,24863,0,0,0
1751,45,27,165807,6194.5330,200,27890,28,1600,0,0,0
1752,34,32,603870,19069.5789,1100,25653,26,17102,0,0,0
1753,10,13,170031,12688.8806,800,46428,0,,0,0,0
1754,43,25,1196356,47918.1308,200,49438,0,,0,0,0
1756,40,38,768723,20194.1243,900,27586,31,18391,0,0,0
1757,1,0,200,0.0000,200,200,0,,0,44101,66152
1758,13,28,116100,4146.4286,300,25400,0,,0,22358,33537
1759,38,35,386344,11027.8972,300,14982,29,9988,0,0,0
1760,1,0,600,0.0000,600,600,0,,4871,0,0
1761,38,64,163100,2548.4375,200,12600,3,2300,0,10124,15186
1762,68,61,1265020,20783.4611,600,28362,50,18908,0,0,0
1763,36,34,846434,25191.4881,600,34173,28,22782,0,0,0
1764,20,15,212090,13831.9565,100,17322,13,11548,0,0,0
1765,1,0,400,0.0000,400,400,0,,5242,0,0
1766,55,52,1112052,21358.2330,500,29412,43,19608,0,0,0
1767,66,62,1306843,20931.8153,600,28928,51,19285,0,0,0
1768,67,60,767720,12717.6146,200,17172,50,11448,0,0,0
1769,56,47,285313,6057.6008,100,9500,39,4967,0,0,0
1770,60,59,1346093,22866.8120,1000,31526,49,21017,0,0,0
1771,111,69,464319,6684.0547,100,9400,57,4579,0,0,0
1772,7,45,35300,784.4444,1100,11200,0,,0,48199,72298
1773,1,0,300,0.0000,300,300,0,,4316,0,0
1774,1,0,300,0.0000,300,300,0,,0,3255,3255
1775,1,0,900,0.0000,900,900,0,,6932,0,0
1776,19,17,257978,15540.8434,400,20504,14,13669,0,0,0
1777,28,26,636884,24246.8528,1000,33336,21,22224,0,0,0
1778,49,46,797100,17278.1792,900,23463,38,15642,0,0,0
1779,68,65,1685643,25932.9692,1000,35738,53,23825,0,0,0
1780,75,69,1907619,27606.6425,900,37498,57,24999,0,0,0
1781,49,30,214471,7093.8589,400,40649,31,1900,0,0,0
1782,1,0,700,0.0000,700,700,0,,6542,0,0
1783,22,15,165984,11041.0643,500,13508,12,9005,0,0,0
1784,1,0,400,0.0000,400,400,0,,6686,0,0
1785,1,0,1100,0.0000,1100,1100,0,,4892,0,0
1786,76,67,1339602,19855.7609,300,26811,55,17874,0,0,0
1787,90,68,2047725,29952.0965,400,47810,0,,0,0,0
1788,83,60,291909,4843.6228,300,36337,60,1500,0,0,0
1789,39,61,91700,1503.2787,100,12800,3,300,0,0,0
1790,19,15,207614,13628.9278,400,17093,13,11395,0,0,0
1791,40,35,505165,14600.1445,300,19574,29,13049,0,0,0
1792,1,0,1000,0.0000,1000,1000,0,,6151,0,0
1793,46,43,586841,13732.6287,100,18652,35,12435,0,0,0
1794,21,17,152324,9084.9304,500,11256,14,7504,0,0,0
1795,18,16,342975,21707.2785,500,29055,13,19370,0,0,0
1796,39,39,830815,21560.9429,400,30015,31,20010,0,0,0
1797,60,53,898167,16967.8904,500,22703,44,15135,0,0,0
1798,15,13,314746,24848.3684,800,31732,10,21155,0,0,0
1799,1,0,600,0.0000,600,600,0,,5101,0,0
1800,35,33,698231,20988.9078,400,29060,27,19373,0,0,0
1801,117,72,2411437,33710.6757,600,49738,2,13100,0,0,0
1802,1,0,800,0.0000,800,800,0,,4827,0,0
1803,26,39,78600,2015.3846,400,8600,3,3200,0,3455,3455
1804,83,63,1974534,31160.4524,600,49941,2,4400,0,0,0
1805,95,69,1865386,26982.4397,300,49388,2,2800,0,0,0
1806,1,0,400,0.0000,400,400,0,,5029,0,0
1807,16,14,314675,22212.3529,200,30375,11,20250,0,0,0
1808,31,19,633053,32687.7625,400,47604,2,400,0,0,0
1809,27,59,124400,2108.4746,100,10800,2,7300,0,20055,30082
1810,42,40,774897,19404.7663,800,26552,33,17701,0,0,0
1811,16,63,65500,1039.6825,300,12400,0,,0,23945,35918
1812,1,0,1000,0.0000,1000,1000,0,,0,3454,3454
1813,117,59,3069937,51944.7885,1100,49622,0,,0,0,0
1814,1,0,1100,0.0000,1100,1100,0,,5921,0,0
1815,72,69,1333696,19403.9185,500,26856,56,17904,0,0,0
1816,1,0,1000,0.0000,1000,1000,0,,4236,0,0
1817,26,24,525340,21678.4044,300,30250,20,20167,0,0,0
1818,24,22,403900,18555.8959,300,24975,18,16650,0,0,0
1819,40,27,835974,31506.5578,700,48330,2,11700,0,0,0
1820,59,56,1027836,18224.0426,500,25157,46,16771,0,0,0
1821,46,45,999173,22319.5756,500,30572,37,20381,0,0,0
1822,1,0,900,0.0000,900,900,0,,5210,0,0
1823,1,0,1000,0.0000,1000,1000,0,,4941,0,0
1824,60,60,1540652,25864.3313,300,36102,49,24068,0,0,0
1825,49,37,372126,10167.3770,400,12808,30,8539,0,0,0
1826,59,55,1180260,21330.0000,600,29034,45,19356,0,0,0
1827,1,0,400,0.0000,400,400,0,,4753,0,0
1828,89,51,2322328,45269.5517,600,49313,0,,0,0,0
1829,78,70,591410,8392.7625,900,11144,58,7429,0,0,0
1830,77,71,902688,12737.8363,1000,17307,58,11538,0,0,0
1831,1,0,600,0.0000,600,600,0,,6480,0,0
1832,7,24,26500,1104.1667,1100,10600,0,,0,20721,31082
1833,1,0,900,0.0000,900,900,0,,6646,0,0
1834,73,65,1304010,20020.6244,700,27330,54,18220,0,0,0
1835,55,48,852368,17696.2215,700,23936,40,15957,0,0,0
1836,40,34,662928,19308.5825,200,26466,28,17644,0,0,0
1837,67,67,1604474,24103.2649,300,33654,55,22436,0,0,0
1838,71,55,1318422,23841.2658,400,49292,2,12500,0,0,0
1839,20,18,267291,14932.4581,600,20307,15,13538,0,0,0
1840,27,23,227650,10013.9296,300,13209,19,8806,0,0,0
1841,30,18,128957,7072.5960,100,13200,15,4649,0,0,0
1843,11,62,30800,496.7742,500,6400,0,,0,17632,26448
1844,1,0,500,0.0000,500,500,0,,0,3242,3242
1845,25,16,514650,32165.6250,400,44618,0,,0,0,0
1846,1,0,1000,0.0000,1000,1000,0,,0,3093,3093
1847,1,0,1100,0.0000,1100,1100,0,,5679,0,0
1848,64,53,320275,6061.9874,100,8000,44,5210,0,0,0
1851,101,68,565328,8366.9660,500,9354,55,6236,0,0,0
1852,8,24,21000,875.0000,400,11000,0,,0,3299,3299
1853,59,23,159874,6951.0435,500,28071,23,600,0,0,0
1854,25,22,449973,20058.2318,200,26758,19,17839,0,0,0
1855,1,0,400,0.0000,400,400,0,,5172,0,0
1856,1,0,800,0.0000,800,800,0,,0,3261,3261
1857,26,16,152485,9650.9494,100,10293,13,6862,0,0,0
1858,1,0,900,0.0000,900,900,0,,6648,0,0
1859,1,0,1100,0.0000,1100,1100,0,,6848,0,0
1860,1,0,600,0.0000,600,600,0,,0,3255,3255
1861,71,66,1111922,16821.8154,500,22962,55,15308,0,0,0
1862,6,39,25000,641.0256,500,9000,0,,0,39610,59415
1863,35,21,214267,10435.0812,100,10504,17,7003,0,0,0
1865,1,0,800,0.0000,800,800,0,,6256,0,0
1866,16,13,210714,16250.4370,300,21208,10,14139,0,0,0
1867,38,37,1010465,27017.7807,800,37395,30,24930,0,0,0
1868,7,12,77816,6484.6667,200,28857,0,,0,0,0
1869,31,30,802080,26442.1978,500,36996,25,24664,0,0,0
1870,56,54,1257135,23151.6575,700,32150,45,21433,0,0,0
1871,2,1,1200,0.0000,200,1000,0,,0,23035,34552
1872,19,15,226988,15098.9800,600,19172,12,12781,0,0,0
1874,1,0,400,0.0000,400,400,0,,0,3151,3151
1875,1,0,1000,0.0000,1000,1000,0,,4641,0,0
1876,19,15,317001,21418.9865,900,26991,12,17994,0,0,0
1877,1,0,700,0.0000,700,700,0,,6485,0,0
1878,50,52,1123166,21710.6830,100,49725,0,,0,0,0
1879,1,0,1000,0.0000,1000,1000,0,,0,3039,3039
1880,146,59,390212,6662.6978,500,49319,59,700,0,0,0
1881,19,16,155275,9624.4835,100,12795,13,8530,0,0,0
1882,71,61,399070,6592.5661,200,8782,50,5855,0,0,0
1884,26,24,256244,10781.6550,800,14576,20,9717,0,0,0
1885,67,29,252198,8828.4014,600,48934,30,600,0,0,0
1886,1,0,700,0.0000,700,700,0,,0,27076,40614
1887,83,68,654988,9622.7424,200,12618,56,8412,0,0,0
1888,4,25,8600,344.0000,300,7000,0,,0,28840,43260
1889,1,0,800,0.0000,800,800,0,,5841,0,0
1890,1,0,600,0.0000,600,600,0,,0,33722,50583
1891,42,69,106800,1547.8261,100,11900,3,3300,0,3756,3756
1892,1,0,900,0.0000,900,900,0,,4622,0,0
1893,46,29,1315311,45776.4849,900,49428,0,,0,0,0
1894,30,28,730333,26176.8100,100,35859,23,23906,0,0,0
1895,2,1,1200,0.0000,600,600,2,600,0,17915,26872
1896,97,63,1994021,31651.1270,600,47213,2,9200,0,0,0
1897,59,33,1766324,53742.1095,400,49823,0,,0,0,0
1898,6,20,14400,720.0000,900,7000,0,,0,10266,15399
1899,1,0,800,0.0000,800,800,0,,4622,0,0
1900,30,29,767458,26678.7254,1000,36498,24,24332,0,0,0
1901,38,37,732412,19938.6207,1100,27086,30,18057,0,0,0
1902,8,19,16700,878.9474,200,6900,2,200,0,11237,16856
1903,17,29,40600,1400.0000,100,10900,2,3700,0,3993,3993
1904,40,31,318305,10212.9947,300,13130,25,8753,0,0,0
1905,33,31,516417,16694.5151,400,22682,25,15121,0,0,0
1906,40,29,895743,30641.1517,1000,49785,0,,0,0,0
1907,23,21,424397,20306.0766,700,27398,17,18265,0,0,0
1908,1,0,700,0.0000,700,700,0,,6382,0,0
1909,1,0,800,0.0000,800,800,0,,0,3191,3191
1910,31,27,606838,22174.3484,200,29804,22,19869,0,0,0
1911,57,52,931446,17764.3865,500,24426,43,16284,0,0,0
1912,1,0,1000,0.0000,1000,1000,0,,6338,0,0
1913,20,30,54800,1826.6667,300,8400,2,1500,0,3920,3920
1914,83,47,412657,8730.4020,400,17000,39,5003,0,0,0
1915,24,20,221004,10958.8760,900,13937,16,9291,0,0,0
1916,53,34,285948,8312.4419,200,10100,28,6404,0,0,0
1917,1,0,1000,0.0000,1000,1000,0,,4415,0,0
1918,66,57,419909,7371.1352,300,9520,47,6347,0,0,0
1919,61,49,1365441,27866.1429,200,35909,40,23939,0,0,0
1920,58,33,295516,8955.0303,100,15900,27,5356,0,0,0
1921,4,6,10400,1733.3333,900,6700,0,,0,3650,3650
1922,43,34,682812,19849.1860,200,25014,28,16676,0,0,0
1924,1,0,300,0.0000,300,300,0,,5266,0,0
1925,1,0,600,0.0000,600,600,0,,5839,0,0
1926,99,72,412052,5707.0914,100,8500,60,4507,0,0,0
1927,1,0,600,0.0000,600,600,0,,0,3425,3425
1928,8,18,48100,2672.2222,500,15600,0,,0,13905,20858
1929,11,18,39900,2216.6667,200,13000,0,,0,3860,3860
1930,1,0,1100,0.0000,1100,1100,0,,6520,0,0
1931,78,61,660283,10747.9598,100,14003,50,9335,0,0,0
1932,11,19,46500,2447.3684,600,8800,2,4700,0,12721,19082
1933,1,0,1100,0.0000,1100,1100,0,,5706,0,0
1934,78,51,724852,14212.7843,300,16474,42,10983,0,0,0
1935,1,0,1100,0.0000,1100,1100,0,,0,49875,74812
1936,1,0,500,0.0000,500,500,0,,0,3212,3212
1937,1,0,1100,0.0000,1100,1100,0,,4896,0,0
1938,56,54,1414975,26138.7007,600,36225,45,24150,0,0,0
1939,1,0,400,0.0000,400,400,0,,0,49686,74529
1940,1,0,700,0.0000,700,700,0,,4660,0,0
1941,62,62,1098719,17778.6246,200,24779,50,16519,0,0,0
1943,28,25,466420,18934.5061,300,25032,20,16688,0,0,0
1944,75,71,1374780,19390.4090,200,26970,58,17980,0,0,0
1945,40,38,679126,18093.9432,700,25038,30,16692,0,0,0
1946,18,15,314667,20931.2860,600,27897,12,18598,0,0,0
1947,1,0,900,0.0000,900,900,0,,6860,0,0
1948,65,33,1470453,44290.7530,800,49778,0,,0,0,0
1949,70,56,762150,13593.6385,500,17768,46,11845,0,0,0
1950,19,17,240806,14506.3855,700,19136,14,12757,0,0,0
1951,19,16,384248,23477.4745,900,30612,14,20408,0,0,0
1952,64,61,1024770,16690.0651,400,23070,50,15380,0,0,0
1953,34,18,941390,51348.5455,300,48663,0,,0,0,0
1954,1,0,1000,0.0000,1000,1000,0,,0,3211,3211
1955,1,0,600,0.0000,600,600,0,,0,2946,2946
1956,29,19,189452,10131.1230,300,10900,15,7012,0,0,0
1957,14,20,29800,1490.0000,400,11200,3,1000,0,3731,3731
1958,1,0,600,0.0000,600,600,0,,5338,0,0
1959,1,0,600,0.0000,600,600,0,,6830,0,0
1960,1,0,700,0.0000,700,700,0,,0,3225,3225
1961,1,0,800,0.0000,800,800,0,,5764,0,0
1962,1,0,200,0.0000,200,200,0,,0,46473,69710
1963,37,35,875684,25187.4593,400,34452,29,22968,0,0,0
1964,1,0,1100,0.0000,1100,1100,0,,6547,0,0
1965,101,72,2375341,33144.2930,300,49169,0,,0,0,0
1966,73,71,1588153,22357.8555,900,30850,59,20567,0,0,0
1967,75,47,1847103,39383.8593,700,49491,0,,0,0,0
1968,14,14,194606,13900.4286,800,28567,0,,0,0,0
1969,62,57,671524,11733.0926,600,15903,47,10602,0,0,0
1970,63,61,1495099,24483.0622,900,33659,50,22439,0,0,0
1971,56,41,493900,12135.1351,200,14906,34,9937,0,0,0
1972,1,0,400,0.0000,400,400,0,,5298,0,0
1973,1,0,600,0.0000,600,600,0,,0,2996,2996
1974,17,42,41000,976.1905,100,14000,2,600,0,0,0
1975,55,52,814078,15685.5106,200,21318,43,14212,0,0,0
1976,25,21,340649,16403.6437,200,21734,17,14489,0,0,0
1977,39,35,343436,9897.2911,200,13008,29,8672,0,0,0
1978,3,20,6400,320.0000,900,2900,0,,0,34202,51303
1979,1,0,900,0.0000,900,900,0,,0,3021,3021
1980,46,33,409287,12352.7264,300,15479,27,10319,0,0,0
1981,1,0,900,0.0000,900,900,0,,0,3277,3277
1982,23,19,322829,16755.8305,200,22181,15,14787,0,0,0
1983,14,12,298272,25713.1034,800,34116,10,22744,0,0,0
1984,65,62,899255,14504.1129,800,19599,51,13066,0,0,0
1985,39,29,164573,5688.0069,200,42925,29,1900,0,0,0
1986,49,45,612864,13619.2000,1100,18504,37,12336,0,0,0
1987,59,58,1183024,20503.0156,900,28578,47,19052,0,0,0
1988,39,24,139884,5877.4790,300,8800,20,4007,0,0,0
1989,1,0,200,0.0000,200,200,0,,4220,0,0
1990,1,0,600,0.0000,600,600,0,,0,3253,3253
1991,27,25,607155,24221.6090,800,32763,20,21842,0,0,0
1992,19,15,117465,7990.8163,800,11300,12,6210,0,0,0
1993,48,51,1104967,21866.1016,700,49958,2,700,0,0,0
1994,57,41,1469959,35534.8670,1100,49531,0,,0,0,0
1995,1,0,600,0.0000,600,600,0,,5508,0,0
1996,3,9,4600,511.1111,900,2700,0,,0,23956,35934
1997,1,0,600,0.0000,600,600,0,,6965,0,0
1998,68,67,1681262,25218.9300,900,35202,55,23468,0,0,0
1999,68,67,1698452,25362.6481,300,35592,55,23728,0,0,0
2000,19,16,359298,22087.9918,900,28840,14,19227,0,0,0
2001,3,54,7000,129.6296,1000,4400,0,,0,39102,58653
2002,1,0,400,0.0000,400,400,0,,6060,0,0
2003,1,0,1100,0.0000,1100,1100,0,,0,46967,70450
2004,31,28,769886,27045.1756,300,36614,24,24409,0,0,0
2005,9,15,29800,1986.6667,700,8400,0,,0,3412,3412
2006,1,0,700,0.0000,700,700,0,,5261,0,0
2007,32,15,790071,52092.5934,1100,49189,0,,0,0,0
2008,79,69,957460,13923.3156,400,18660,56,12440,0,0,0
2009,57,57,1412818,24888.1621,1100,34714,46,23143,0,0,0
2010,1,0,1100,0.0000,1100,1100,0,,5815,0,0
2011,1,0,900,0.0000,900,900,0,,0,3016,3016
2012,1,0,1000,0.0000,1000,1000,0,,6761,0,0
2013,31,29,631227,22070.8741,1000,47643,0,,0,0,0
2015,50,37,321218,8712.9656,100,10204,30,6803,0,0,0
2016,14,21,28800,1371.4286,300,9000,2,1300,0,2951,2951
2017,56,34,201256,5884.6784,400,8700,28,4007,0,0,0
2018,68,43,290035,6755.4736,100,8800,35,4673,0,0,0
2019,1,0,700,0.0000,700,700,0,,0,3153,3153
2020,1,0,1100,0.0000,1100,1100,0,,5280,0,0
2021,8,21,28700,1366.6667,900,9700,2,900,0,0,0
2022,1,0,700,0.0000,700,700,0,,4652,0,0
2023,74,71,1816048,25411.1194,200,35286,59,23524,0,0,0
2024,26,22,261364,12100.1852,500,15804,18,10536,0,0,0
2025,54,51,846819,16560.9974,800,22709,42,15139,0,0,0
2026,33,27,417532,15275.5610,300,20544,22,13696,0,0,0
2027,1,0,800,0.0000,800,800,0,,5214,0,0
2028,59,50,1226811,24684.3260,300,48634,2,1100,0,0,0
2029,15,40,39000,975.0000,100,12400,3,900,0,0,0
2030,53,51,1253192,24349.5855,900,33816,42,22544,0,0,0
2032,27,25,222610,8857.1618,200,11766,20,7844,0,0,0
2033,41,33,417447,12637.1443,600,16394,27,10929,0,0,0
2034,31,28,695054,24852.9440,400,33642,23,22428,0,0,0
2035,5,30,12400,413.3333,400,4300,0,,0,29389,44084
2036,28,15,114921,7889.3135,300,33574,15,600,0,0,0
2037,73,68,1243924,18257.2016,900,24864,56,16576,0,0,0
2038,94,65,459773,7073.4308,100,8200,53,5463,0,0,0
2039,45,68,452923,6660.6324,200,49264,2,8000,0,0,0
2040,46,30,313725,10445.8935,100,12600,25,7893,0,0,0
2041,56,42,262514,6250.3333,200,10300,35,4631,0,0,0
2042,1,0,900,0.0000,900,900,0,,0,3400,3400
2043,46,37,292275,7927.8933,200,9825,30,6550,0,0,0
2044,52,49,995833,20199.4523,300,27657,40,18438,0,0,0
2045,1,0,1100,0.0000,1100,1100,0,,6310,0,0
2046,12,25,37000,1480.0000,100,9700,2,900,0,3110,3110
2047,1,0,600,0.0000,600,600,0,,4727,0,0
2048,24,21,339236,16441.1632,300,21798,17,14532,0,0,0
2049,14,12,123182,10351.4286,200,13256,10,8837,0,0,0
2050,70,62,1127637,18080.7643,300,24616,51,16411,0,0,0
2051,61,38,1485653,39096.1316,300,48310,2,900,0,0,0
2052,70,63,694043,11086.9489,800,14828,51,9885,0,0,0
2053,18,14,116617,8251.2028,300,9921,11,6614,0,0,0
2054,50,47,1025402,21678.6892,600,29853,39,19902,0,0,0
2055,24,20,234772,11758.1970,100,15400,16,10267,0,0,0
2056,75,68,1498598,22168.6095,100,49746,2,1200,0,0,0
2057,20,18,412137,23067.3694,900,31564,15,21043,0,0,0
2058,40,27,159019,5789.5267,200,8500,23,4053,0,0,0
2059,53,51,624073,12309.1321,200,16940,41,11293,0,0,0
2060,28,25,421925,17198.0299,200,22785,20,15190,0,0,0
2061,100,68,347492,5110.1765,200,11600,55,4004,0,0,0
2062,3,25,2800,112.0000,100,2400,0,,0,43095,64642
2063,1,0,700,0.0000,700,700,0,,5885,0,0
2064,2,1,6500,0.0000,500,6000,0,,0,13936,20904
2065,30,28,573464,20578.8517,400,27972,23,18648,0,0,0
2066,8,18,21800,1211.1111,100,9200,2,1100,0,3758,3758
2067,96,57,413890,7248.5114,300,45276,57,1200,0,0,0
2068,19,58,36300,625.8621,200,10600,2,2100,0,3937,3937
2069,19,14,272330,18955.6845,500,22966,12,15311,0,0,0
2070,92,72,1000026,13986.3776,100,18207,59,12138,0,0,0
2071,22,19,343952,17729.4845,1000,23110,16,15407,0,0,0
2072,67,63,1664193,26584.5527,1000,36338,51,24225,0,0,0
2073,18,16,304214,19092.9289,600,25913,13,17275,0,0,0
2074,35,34,861930,25326.0529,900,34907,28,23271,0,0,0
2075,1,0,800,0.0000,800,800,0,,0,3300,3300
2076,1,0,800,0.0000,800,800,0,,6179,0,0
2077,71,48,273564,5735.0943,100,6700,40,4305,0,0,0
2078,70,66,1046432,15863.0419,200,21950,54,14633,0,0,0
2079,18,15,309505,20317.6149,300,26109,13,17406,0,0,0
2080,1,0,400,0.0000,400,400,0,,0,49313,73970
2081,10,13,26800,2061.5385,100,10300,0,,0,3042,3042
2082,76,64,1467378,23071.9811,200,49226,2,6700,0,0,0
2083,28,27,707742,26342.7543,300,35972,22,23981,0,0,0
2084,31,28,629145,22850.3027,900,30435,23,20290,0,0,0
2085,27,22,246088,11168.8956,600,14568,18,9712,0,0,0
2086,1,0,500,0.0000,500,500,0,,0,46199,69298
2087,97,72,1992958,27860.5499,600,49284,0,,0,0,0
2088,89,65,395606,6061.3790,100,7400,54,4861,0,0,0
2089,28,20,648016,32509.1639,500,47916,0,,0,0,0
2090,1,0,1000,0.0000,1000,1000,0,,5299,0,0
2091,36,27,174476,6494.1439,800,12300,22,4623,0,0,0
2092,69,57,1517727,26689.2204,200,49797,2,6900,0,0,0
2093,20,17,316823,18313.4682,1100,24056,15,16037,0,0,0
2094,1,0,800,0.0000,800,800,0,,0,3433,3433
2095,38,36,782390,21553.4435,800,29980,30,19987,0,0,0
2096,48,42,694653,16383.3255,100,22634,35,15089,0,0,0
2097,41,14,98354,6814.3649,100,29026,31,500,0,0,0
2099,103,73,2464647,33948.3058,900,49424,0,,0,0,0
2101,15,29,35400,1220.6897,200,8400,2,1600,0,3464,3464
2102,36,29,380198,13309.1482,500,17238,24,11492,0,0,0
2103,27,23,149800,6638.1093,500,8310,19,5540,0,0,0
2104,36,30,418625,13816.0066,600,18555,25,12370,0,0,0
2105,1,0,500,0.0000,500,500,0,,4718,0,0
2106,37,35,473596,13596.0574,400,18513,29,12342,0,0,0
2107,34,25,315070,12453.3597,200,15882,20,10588,0,0,0
2108,33,30,464385,15706.3698,1000,21092,25,14061,0,0,0
2109,22,35,225485,6504.3750,100,29972,0,,0,0,0
2110,1,0,600,0.0000,600,600,0,,0,3076,3076
2111,86,48,2006945,42015.5967,300,49554,0,,0,0,0
2112,39,29,354750,12080.0227,100,15150,24,10100,0,0,0
2113,30,28,314879,11340.1801,300,15117,23,10078,0,0,0
2114,34,28,341408,12007.3154,600,15648,24,10432,0,0,0
2115,1,0,600,0.0000,600,600,0,,0,2910,2910
2116,45,32,830375,25788.0435,700,47298,2,5800,0,0,0
2117,33,29,380886,13348.8084,900,17518,24,11679,0,0,0
2118,21,19,480956,24877.0345,300,32772,16,21848,0,0,0
2119,55,39,419856,10756.3450,500,12800,32,8533,0,0,0
2121,50,49,1184478,24272.0902,1000,33182,40,22121,0,0,0
2122,119,72,2779883,38789.0651,300,49976,2,12100,0,0,0
2123,1,0,900,0.0000,900,900,0,,0,3212,3212
2124,72,71,1631362,23063.5533,500,32147,58,21431,0,0,0
2125,19,13,467636,34811.6129,200,46028,0,,0,0,0
2126,2,17,5600,329.4118,900,4700,0,,0,41083,61624
2127,6,17,20100,1182.3529,400,9500,0,,0,2993,2993
2128,1,0,500,0.0000,500,500,0,,5424,0,0
2130,31,25,671477,26859.0800,200,47737,0,,0,0,0
2131,1,0,900,0.0000,900,900,0,,6087,0,0
2132,65,63,1477531,23440.4707,700,32289,52,21526,0,0,0
2133,1,0,500,0.0000,500,500,0,,4297,0,0
2134,31,29,405272,14220.0702,300,18980,24,12653,0,0,0
2135,26,18,215909,11884.8991,100,15393,15,10262,0,0,0
2136,17,14,171364,11983.4965,600,14724,12,9816,0,0,0
2137,12,54,53000,981.4815,300,7000,2,6400,0,19587,29380
2138,18,16,454666,27836.6939,400,36832,14,24555,0,0,0
2139,7,36,7100,197.2222,100,2400,2,900,0,28329,42494
2140,32,61,72400,1186.8852,200,7900,3,1300,0,3478,3478
2141,22,19,526672,27055.0685,500,35814,16,23876,0,0,0
2142,20,15,337025,21837.4730,1000,27285,13,18190,0,0,0
2143,37,36,864948,24364.7324,700,33669,29,22446,0,0,0
2144,50,41,1235202,30151.3914,500,49467,0,,0,0,0
2146,68,67,1447498,21529.4695,200,29739,55,19826,0,0,0
2147,33,29,151012,5159.8633,100,6672,24,4448,0,0,0
2148,6,28,17800,635.7143,300,11400,0,,0,3556,3556
2149,1,0,600,0.0000,600,600,0,,5523,0,0
2150,1,0,900,0.0000,900,900,0,,0,3381,3381
2151,60,47,536204,11465.5167,100,15156,39,10104,0,0,0
2152,1,0,1100,0.0000,1100,1100,0,,4880,0,0
2153,1,0,200,0.0000,200,200,0,,0,30777,46166
2154,1,0,200,0.0000,200,200,0,,0,3189,3189
2155,14,40,32300,807.5000,300,8200,3,1800,0,3404,3404
2156,29,27,716076,26326.3235,100,36350,22,24233,0,0,0
2157,43,38,575105,15295.3457,200,20462,31,13641,0,0,0
2158,31,21,188916,9053.4824,1000,48917,21,1200,0,0,0
2159,38,36,895074,25072.1008,600,34264,30,22843,0,0,0
2160,36,25,277065,10965.6332,200,13689,20,9126,0,0,0
2161,54,57,912801,15893.2269,200,46934,3,1700,0,0,0
2162,20,12,497331,40433.4146,600,49587,0,,0,0,0
2163,50,48,986996,20605.3445,700,28422,40,18948,0,0,0
2164,28,27,639176,23470.3550,1000,32450,22,21633,0,0,0
2165,10,19,27100,1426.3158,300,5900,0,,0,19649,29474
2166,23,20,282008,13937.7924,500,18771,16,12514,0,0,0
2167,69,65,1698376,26196.0308,100,36552,53,24368,0,0,0
2169,20,17,453115,26242.1815,600,34570,15,23047,0,0,0
2170,14,56,127600,2278.5714,600,21600,0,,0,49847,74770
2172,1,0,1100,0.0000,1100,1100,0,,5120,0,0
2173,1,0,900,0.0000,900,900,0,,5916,0,0
2174,12,12,222266,17972.9919,400,43137,0,,0,0,0
2175,103,68,2460306,36022.0498,400,48902,0,,0,0,0
2176,84,64,2030119,31539.9120,500,49211,2,3600,0,0,0
2177,1,0,800,0.0000,800,800,0,,5123,0,0
2178,44,43,1070589,24686.9101,1100,34133,35,22755,0,0,0
2179,72,60,1511969,25115.7641,100,49133,2,10200,0,0,0
2180,23,41,44900,1095.1220,200,14200,3,2600,0,0,0
2182,27,17,188239,11029.6289,100,11841,14,7894,0,0,0
2183,20,17,307320,18220.5534,500,24002,14,16001,0,0,0
2184,22,19,538876,27872.8966,100,36687,16,24458,0,0,0
2185,1,0,900,0.0000,900,900,0,,5266,0,0
2186,1,0,1000,0.0000,1000,1000,0,,5492,0,0
2187,60,34,1553978,45217.5946,200,49053,0,,0,0,0
2189,70,69,1540668,22426.0262,700,31173,56,20782,0,0,0
2190,50,31,1258867,40434.7002,200,49038,0,,0,0,0
2191,31,28,418524,14736.7606,800,19696,24,13131,0,0,0
2192,35,33,780448,23483.8917,800,32352,27,21568,0,0,0
2193,36,26,183151,7126.4981,200,10000,21,5721,0,0,0
2194,24,22,471564,21631.3761,400,29079,18,19386,0,0,0
2195,54,51,931397,18286.5903,800,24981,42,16654,0,0,0
2196,1,0,500,0.0000,500,500,0,,5525,0,0
2197,25,17,261941,15622.7237,500,19179,14,12786,0,0,0
2199,29,61,58900,965.5738,100,8500,2,2600,0,3747,3747
2200,20,18,226329,12667.6679,1100,16948,15,11299,0,0,0
2201,1,0,300,0.0000,300,300,0,,0,3144,3144
2203,1,0,800,0.0000,800,800,0,,6686,0,0
2204,29,17,147022,8648.3529,300,9300,14,5931,0,0,0
2205,1,0,1100,0.0000,1100,1100,0,,5666,0,0
2206,68,41,368172,8979.8049,100,10300,34,5896,0,0,0
2207,37,35,844431,24195.7307,200,33214,29,22143,0,0,0
2208,1,0,1100,0.0000,1100,1100,0,,0,3189,3189
2209,61,28,1733778,62894.0024,900,49023,0,,0,0,0
2210,1,0,200,0.0000,200,200,0,,5777,0,0
2211,1,0,300,0.0000,300,300,0,,0,47050,70575
2212,1,0,800,0.0000,800,800,0,,5270,0,0
2213,93,66,750905,11377.3485,100,14115,54,9410,0,0,0
2214,39,35,520269,14964.5925,400,20111,29,13407,0,0,0
2215,1,0,1000,0.0000,1000,1000,0,,6690,0,0
2216,113,69,2702124,39048.0347,500,49837,2,900,0,0,0
2217,19,34,59500,1750.0000,300,11900,2,2000,0,0,0
2218,4,49,22400,457.1429,600,13100,0,,0,41038,61557
2219,153,70,3669476,52471.0582,400,49528,2,25500,0,0,0
2220,1,0,1100,0.0000,1100,1100,0,,6153,0,0
2221,1,0,200,0.0000,200,200,0,,0,3262,3262
2222,81,69,1902706,27628.8383,100,48579,2,1700,0,0,0
2223,1,0,700,0.0000,700,700,0,,4396,0,0
2224,3,11,6800,618.1818,400,5900,0,,0,23242,34863
2225,1,0,1000,0.0000,1000,1000,0,,4272,0,0
2226,38,34,728856,21332.3707,1100,29232,28,19488,0,0,0
2227,120,55,2746544,49846.5336,300,49366,0,,0,0,0
2228,72,56,1607637,28504.2021,200,49683,2,8700,0,0,0
2229,27,23,388650,17071.0102,1000,22575,19,15050,0,0,0
2230,1,0,200,0.0000,200,200,0,,5292,0,0
2231,19,14,101679,7211.2766,600,8127,11,5418,0,0,0
2232,50,32,352290,11171.9873,500,20900,26,7374,0,0,0
2233,1,0,400,0.0000,400,400,0,,5893,0,0
2234,1,0,600,0.0000,600,600,0,,0,3176,3176
2235,40,38,395704,10385.9318,800,14064,31,9376,0,0,0
2236,30,37,649288,17532.5293,300,49016,0,,0,0,0
2237,39,36,717948,19723.8462,1100,27348,30,18232,0,0,0
2239,55,48,786880,16438.9972,800,22185,40,14790,0,0,0
2240,42,27,1066566,40247.7736,400,49314,0,,0,0,0
2241,93,71,931584,13133.2331,100,17376,58,11584,0,0,0
2242,1,0,300,0.0000,300,300,0,,0,43493,65240
2243,39,35,552717,15822.0515,200,21380,29,14253,0,0,0
2244,1,0,200,0.0000,200,200,0,,6888,0,0
2245,102,70,2489634,35566.2000,300,49381,0,,0,0,0
2246,50,32,1256446,38739.3422,700,48968,0,,0,0,0
2247,39,32,816466,25810.3056,400,46129,2,5400,0,0,0
2250,65,62,1463658,23556.7275,800,32435,51,21623,0,0,0
2252,1,0,700,0.0000,700,700,0,,0,3255,3255
2253,1,0,300,0.0000,300,300,0,,6028,0,0
2254,59,33,1413471,43181.3951,200,49107,0,,0,0,0
2255,1,0,1100,0.0000,1100,1100,0,,0,3126,3126
2256,1,0,700,0.0000,700,700,0,,4729,0,0
2257,1,0,500,0.0000,500,500,0,,0,3374,3374
2258,1,0,600,0.0000,600,600,0,,6656,0,0
2259,1,0,600,0.0000,600,600,0,,4442,0,0
2260,65,55,533580,9701.4545,500,12807,45,8538,0,0,0
2261,19,24,516672,21379.5310,200,47226,0,,0,0,0
2262,46,23,1326335,57834.3750,200,49862,0,,0,0,0
2263,38,33,652135,19505.5334,400,26456,27,17637,0,0,0
2264,1,0,1000,0.0000,1000,1000,0,,4767,0,0
2265,66,41,1775957,43280.8367,500,49240,0,,0,0,0
2266,31,29,538844,18559.4948,600,25464,24,16976,0,0,0
2267,57,51,1362655,26476.4573,500,49708,0,,0,0,0
2268,47,47,1182500,25393.7008,200,35469,38,23646,0,0,0
2269,75,62,686443,11036.0611,100,14588,51,9725,0,0,0
2270,1,0,600,0.0000,600,600,0,,5407,0,0
2271,1,0,600,0.0000,600,600,0,,0,3048,3048
2272,18,14,107790,7626.6509,200,8970,11,5980,0,0,0
2274,62,35,205079,5820.5960,100,48069,35,700,0,0,0
2275,29,27,393830,14532.4723,200,19710,22,13140,0,0,0
2276,1,0,400,0.0000,400,400,0,,4794,0,0
2278,32,29,463252,16254.4561,500,21612,24,14408,0,0,0
2279,2,6,5300,883.3333,600,4700,0,,0,39338,59007
2280,45,40,777288,19287.5434,200,26172,33,17448,0,0,0
2281,44,42,649600,15615.3846,400,21694,34,14463,0,0,0
2282,12,62,69900,1127.4194,200,18100,2,5000,0,46101,69152
2285,55,25,210628,8347.2127,700,44337,25,1800,0,0,0
2286,3,7,3700,528.5714,800,1900,0,,0,10285,15428
2287,33,32,823648,25765.8394,900,35261,26,23507,0,0,0
2288,38,36,828170,23047.4026,900,31695,30,21130,0,0,0
2289,36,33,576569,17228.1574,300,23740,27,15827,0,0,0
2290,1,0,400,0.0000,400,400,0,,6298,0,0
2291,1,0,700,0.0000,700,700,0,,6563,0,0
2292,23,42,52100,1240.4762,200,13100,3,1100,0,2994,2994
2293,1,0,700,0.0000,700,700,0,,6745,0,0
2294,29,27,415412,15636.5872,900,20746,22,13831,0,0,0
2295,48,30,1185109,39069.5275,600,48216,0,,0,0,0
2296,15,13,342175,25727.4436,600,33056,11,22037,0,0,0
2297,51,42,225769,5320.5577,200,9600,35,4441,0,0,0
2298,67,66,1558842,23523.7726,1000,32682,55,21788,0,0,0
2299,27,23,211700,9191.0275,1000,12084,19,8056,0,0,0
2300,9,16,23800,1487.5000,200,11500,2,200,0,0,0
2301,41,39,852583,22125.8564,200,30603,31,20402,0,0,0
2302,66,64,875127,13688.1178,300,18806,53,12537,0,0,0
2303,26,25,545250,21868.3155,500,29714,20,19809,0,0,0
2304,26,33,799660,24281.1741,500,49374,0,,0,0,0
2305,16,40,35300,882.5000,100,9300,2,700,0,3542,3542
2306,68,61,867490,14252.3001,400,19504,50,13003,0,0,0
2307,1,0,600,0.0000,600,600,0,,5189,0,0
2309,39,37,681304,18496.9412,600,25152,30,16768,0,0,0
2310,59,41,395764,9582.6634,200,11834,34,7889,0,0,0
2311,16,14,315047,22829.4928,1100,30111,11,20074,0,0,0
2312,1,0,1100,0.0000,1100,1100,0,,5340,0,0
2313,33,68,112400,1652.9412,100,13500,2,4200,0,11580,17370
2314,29,27,378993,13882.5275,1100,18981,22,12654,0,0,0
2315,1,0,900,0.0000,900,900,0,,4439,0,0
2316,8,14,28400,2028.5714,600,14100,0,,0,3190,3190
2317,1,0,300,0.0000,300,300,0,,5293,0,0
2318,64,62,1550935,25055.4927,200,34443,51,22962,0,0,0
2319,40,30,889769,29495.1050,1100,49576,0,,0,0,0
2321,110,68,2971146,43951.8639,400,49925,0,,0,0,0
2322,68,48,1566924,32644.2500,600,49432,2,5200,0,0,0
2323,46,44,1076976,24607.2201,300,33584,36,22389,0,0,0
2324,20,19,298412,15957.8610,800,21258,15,14172,0,0,0
2325,23,22,413638,18945.2519,1100,25784,18,17189,0,0,0
2326,72,59,1154294,19564.3051,200,49848,2,10700,0,0,0
2327,13,51,35400,694.1176,600,5800,0,,0,15714,23571
2328,1,0,1000,0.0000,1000,1000,0,,6765,0,0
2329,32,28,209833,7397.1680,500,9902,23,6601,0,0,0
2330,1,0,200,0.0000,200,200,0,,0,3395,3395
2331,1,0,300,0.0000,300,300,0,,0,3113,3113
2332,37,27,288291,10703.8738,900,12447,22,8298,0,0,0
2333,88,51,422016,8269.4187,100,49166,60,1300,0,0,0
2334,27,33,165700,5021.2121,600,16200,2,9500,0,12078,18117
2335,36,33,512812,15698.3265,1100,20988,27,13992,0,0,0
2336,97,66,444961,6728.2409,300,10300,55,5177,0,0,0
2337,20,17,402777,23371.9729,400,32463,14,21642,0,0,0
2338,25,17,621591,36708.1299,300,49162,0,,0,0,0
2339,1,0,500,0.0000,500,500,0,,5893,0,0
2340,21,18,178818,10045.9551,900,12786,15,8524,0,0,0
2341,1,0,200,0.0000,200,200,0,,0,3071,3071
2342,1,0,400,0.0000,400,400,0,,0,3247,3247
2343,69,49,645388,13270.4866,100,16866,40,11244,0,0,0
2344,1,0,1100,0.0000,1100,1100,0,,4928,0,0
2345,3,28,1900,67.8571,300,1100,0,,0,19969,29954
2346,24,30,531065,17781.1942,600,48059,0,,0,0,0
2347,1,0,600,0.0000,600,600,0,,6498,0,0
2348,37,35,563835,16233.2534,600,21976,29,14651,0,0,0
2349,1,0,500,0.0000,500,500,0,,6206,0,0
2350,46,29,1128050,38587.7993,600,49869,2,6400,0,0,0
2351,18,15,344869,22639.1028,1000,29252,13,19501,0,0,0
2352,51,47,1040752,21987.7183,300,30378,39,20252,0,0,0
2353,46,39,672586,17143.2285,200,23474,32,15649,0,0,0
2354,23,21,432100,20382.0755,700,27900,17,18600,0,0,0
2355,1,0,600,0.0000,600,600,0,,0,42608,63912
2356,27,24,432121,18005.0417,300,48955,2,800,0,0,0
2357,1,0,800,0.0000,800,800,0,,6434,0,0
2358,44,40,409785,10356.8239,300,13983,32,9322,0,0,0
2359,44,29,195186,6692.0914,100,8100,24,4679,0,0,0
2360,30,28,617707,22087.2586,300,30261,23,20174,0,0,0
2361,101,58,599260,10261.3014,100,10380,48,6920,0,0,0
2362,1,0,700,0.0000,700,700,0,,0,3389,3389
2363,1,0,700,0.0000,700,700,0,,6840,0,0
2364,1,0,1100,0.0000,1100,1100,0,,5899,0,0
2365,1,0,500,0.0000,500,500,0,,5113,0,0
2366,1,0,700,0.0000,700,700,0,,5226,0,0
2367,48,46,991900,21563.0435,300,29724,38,19816,0,0,0
2369,21,17,302502,17759.4129,600,23660,14,15773,0,0,0
2370,18,15,293924,20224.1284,300,25748,12,17165,0,0,0
2371,14,14,249512,17822.2857,600,39939,0,,0,0,0
2372,6,9,19600,2177.7778,100,10000,0,,0,3438,3438
2373,1,0,1100,0.0000,1100,1100,0,,4812,0,0
2374,1,0,200,0.0000,200,200,0,,0,3497,3497
2375,56,56,1410040,25345.2367,1000,35226,45,23484,0,0,0
2376,27,24,589140,24513.4535,600,33660,20,22440,0,0,0
2377,1,0,300,0.0000,300,300,0,,4393,0,0
2378,114,73,2690516,37025.4495,100,49753,2,5600,0,0,0
2379,81,72,426444,5922.8333,100,13900,59,5072,0,0,0
2380,30,22,198402,9087.1145,100,11138,18,7425,0,0,0
2381,26,22,431772,19596.3086,600,26367,18,17578,0,0,0
2382,1,0,1000,0.0000,1000,1000,0,,6115,0,0
2383,38,29,388969,13600.3147,100,16637,24,11091,0,0,0
2384,1,0,500,0.0000,500,500,0,,0,47906,71859
2385,27,25,525070,20753.7549,300,28122,20,18748,0,0,0
2386,28,24,467944,19363.2000,300,26691,20,17794,0,0,0
2387,1,0,800,0.0000,800,800,0,,5121,0,0
2388,1,0,300,0.0000,300,300,0,,0,3492,3492
2389,32,31,731864,23943.2061,1000,32244,25,21496,0,0,0
2390,50,34,1338217,39907.0676,700,49704,0,,0,0,0
2391,18,13,140946,10570.9500,500,12179,11,8119,0,0,0
2392,9,18,151158,8413.2468,100,47430,0,,0,0,0
2393,80,72,865092,11976.3544,500,16106,60,10737,0,0,0
2394,15,15,260601,17069.9345,400,42086,0,,0,0,0
2395,47,30,274160,9138.6667,200,11000,25,6291,0,0,0
2396,1,0,500,0.0000,500,500,0,,4203,0,0
2397,47,30,203855,6727.8878,800,7041,25,4694,0,0,0
2398,69,25,167386,6668.7649,200,36405,27,200,0,0,0
2399,135,57,402471,7114.9853,100,46183,57,1500,0,0,0
2400,1,0,500,0.0000,500,500,0,,4351,0,0
2401,1,0,1100,0.0000,1100,1100,0,,6852,0,0
2402,1,0,1000,0.0000,1000,1000,0,,6943,0,0
2403,52,34,218936,6407.8829,200,9200,28,4547,0,0,0
2404,21,19,270814,14586.0323,200,19251,15,12834,0,0,0
2405,26,22,322902,14834.7014,600,19313,18,12875,0,0,0
2406,1,0,400,0.0000,400,400,0,,4780,0,0
2407,34,29,354247,12159.5080,300,16407,24,10938,0,0,0
2408,26,24,416884,17664.5763,600,23976,20,15984,0,0,0
2409,44,34,402812,11698.3156,600,15442,28,10295,0,0,0
2410,1,0,600,0.0000,600,600,0,,6105,0,0
2411,68,66,1589690,23977.2247,700,33275,55,22183,0,0,0
2413,18,14,251977,18527.7206,500,23582,11,15721,0,0,0
2414,1,0,400,0.0000,400,400,0,,0,2949,2949
2415,24,22,374780,17270.9677,1100,22980,18,15320,0,0,0
2416,38,35,652509,18643.1143,700,25331,29,16887,0,0,0
2417,71,65,356208,5522.6047,400,11700,53,4744,0,0,0
2418,56,26,1453950,55213.2911,200,49496,0,,0,0,0
2419,121,61,3037046,49570.9358,200,49601,2,36320,0,0,0
2420,4,6,14000,2333.3333,400,9100,0,,0,3602,3602
2421,1,0,900,0.0000,900,900,0,,0,3460,3460
2422,1,0,200,0.0000,200,200,0,,6114,0,0
2423,1,0,400,0.0000,400,400,0,,5671,0,0
2424,85,38,2267578,59000.2949,300,49651,0,,0,0,0
2425,95,72,734391,10261.6348,200,13358,59,8905,0,0,0
2427,73,63,1031599,16374.5873,800,48664,3,9900,0,0,0
2428,67,64,1096040,17107.8044,500,23580,53,15720,0,0,0
2429,82,71,1147090,16171.3816,200,21914,58,14609,0,0,0
2430,57,51,526944,10407.0573,900,14300,41,9032,0,0,0
2431,76,46,395854,8568.2684,100,10500,38,5677,0,0,0
2432,1,0,1100,0.0000,1100,1100,0,,5880,0,0
2433,1,0,500,0.0000,500,500,0,,4718,0,0
2434,98,71,402501,5645.1753,100,10600,59,4391,0,0,0
2435,89,63,2366456,37742.5199,200,49885,0,,0,0,0
2436,75,68,663420,9823.5933,400,14900,55,8540,0,0,0
2437,1,0,500,0.0000,500,500,0,,0,2991,2991
2438,15,13,146352,11286.7866,300,14674,10,9783,0,0,0
2439,1,0,500,0.0000,500,500,0,,6457,0,0
2440,13,12,309030,25681.1634,1100,35530,10,23687,0,0,0
2441,26,24,475400,19974.7899,200,27300,20,18200,0,0,0
2442,1,0,600,0.0000,600,600,0,,0,3163,3163
2443,19,18,476137,26699.2710,1000,36549,15,24366,0,0,0
2444,2,5,1200,240.0000,300,900,0,,0,29316,43974
2445,55,30,1325763,44290.5234,800,49822,2,5056,0,0,0
2446,57,48,628374,13228.9263,400,17811,39,11874,0,0,0
2447,22,17,240993,13957.1236,200,18076,15,12051,0,0,0
2448,1,0,1000,0.0000,1000,1000,0,,0,3390,3390
2449,12,16,106106,6631.6250,200,49898,0,,0,0,0
2450,35,33,893616,27467.7049,900,37134,27,24756,0,0,0
2451,22,20,347976,17693.6949,300,23562,16,15708,0,0,0
2452,1,0,600,0.0000,600,600,0,,5563,0,0
2453,1,0,400,0.0000,400,400,0,,0,3285,3285
2454,134,56,512252,9114.8043,200,49363,57,1700,0,0,0
2455,1,0,200,0.0000,200,200,0,,6216,0,0
2456,18,39,75800,1943.5897,600,9300,2,5600,0,25124,37686
2457,79,62,408708,6609.8329,200,9400,50,5752,0,0,0
2458,3,11,4500,409.0909,300,3100,0,,0,25920,38880
2459,1,0,200,0.0000,200,200,0,,5049,0,0
2460,74,62,500546,8130.1462,100,10386,50,6924,0,0,0
2461,25,15,73681,4933.9955,200,15885,15,1300,0,0,0
2463,52,51,848770,16763.0678,600,23190,41,15460,0,0,0
2464,101,67,2241774,33609.8051,900,49465,2,10600,0,0,0
2465,1,0,1000,0.0000,1000,1000,0,,6003,0,0
2466,23,20,480391,23587.1195,400,31115,17,20743,0,0,0
2467,69,67,1661575,24652.4481,200,34130,55,22753,0,0,0
2468,1,0,400,0.0000,400,400,0,,0,3141,3141
2469,1,0,200,0.0000,200,200,0,,0,3330,3330
2470,57,53,1085532,20366.4540,700,28076,44,18717,0,0,0
2471,4,45,9800,217.7778,600,4100,0,,0,43595,65392
2472,64,59,1042045,17671.7637,800,23903,49,15935,0,0,0
2473,1,0,200,0.0000,200,200,0,,0,2995,2995
2474,10,29,18100,624.1379,200,8600,2,900,0,3559,3559
2475,31,26,376787,14308.3671,600,18626,21,12417,0,0,0
2476,1,0,900,0.0000,900,900,0,,4281,0,0
2477,29,22,129127,5799.1168,200,6968,19,4645,0,0,0
2479,74,63,437704,6955.0424,200,10500,52,5987,0,0,0
2480,29,15,753239,51124.8190,400,49812,0,,0,0,0
2481,21,38,50000,1315.7895,100,15300,3,900,0,0,0
2482,72,58,752934,12937.0103,300,17277,48,11518,0,0,0
2483,29,27,697143,26142.8625,600,35331,22,23554,0,0,0
2484,75,72,1163256,16089.2946,1100,22168,60,14779,0,0,0
2485,1,0,800,0.0000,800,800,0,,4042,0,0
2486,128,71,3478809,49274.9150,100,49955,0,,0,0,0
2487,61,38,254155,6688.2895,100,9300,31,4741,0,0,0
2488,1,0,400,0.0000,400,400,0,,0,3046,3046
2489,1,0,900,0.0000,900,900,0,,5781,0,0
2490,51,46,731446,15786.6043,100,21568,38,14379,0,0,0
2491,41,34,275944,8180.1581,500,10518,28,7012,0,0,0
2492,1,0,700,0.0000,700,700,0,,6901,0,0
2493,105,69,736519,10602.4808,300,18500,57,8063,0,0,0
2494,1,0,200,0.0000,200,200,0,,0,40157,60236
2495,18,21,57900,2757.1429,200,11700,2,4400,0,0,0
2496,74,56,508585,9158.1933,400,11210,45,7473,0,0,0
2497,83,70,483300,6934.0029,200,9600,57,5956,0,0,0
2498,40,34,370688,10934.7493,400,14436,28,9624,0,0,0
2499,53,35,301487,8713.4971,400,12200,29,5855,0,0,0
2500,25,38,121571,3204.8594,200,23676,3,800,0,0,0
2501,60,58,1169128,20099.6218,600,27782,48,18521,0,0,0
2502,28,26,175998,6804.0464,800,9100,21,5828,0,0,0
2503,84,70,762450,10886.9586,100,14361,57,9574,0,0,0
2504,62,61,1554804,25474.6696,300,35064,50,23376,0,0,0
2505,1,0,200,0.0000,200,200,0,,4431,0,0
2506,49,30,1153244,39093.0169,400,49360,0,,0,0,0
2507,36,24,206984,8672.5140,300,10251,20,6834,0,0,0
2508,1,0,700,0.0000,700,700,0,,4271,0,0
2509,37,18,945780,52543.3333,900,47978,0,,0,0,0
2510,65,64,1394639,21644.6818,1100,30076,53,20051,0,0,0
2511,61,56,829022,14777.5758,700,20096,46,13397,0,0,0
2513,15,43,37600,874.4186,200,9800,0,,0,3983,3983
2514,42,41,717549,17702.6891,200,24622,33,16415,0,0,0
2515,35,39,639130,16586.4187,200,49747,2,13800,0,0,0
2516,47,37,705764,18904.3929,300,23832,30,15888,0,0,0
2517,1,0,600,0.0000,600,600,0,,0,31129,46694
2519,1,0,500,0.0000,500,500,0,,5544,0,0
2520,4,14,16500,1178.5714,400,12200,0,,0,3533,3533
2521,44,43,1130974,26139.6148,1000,36063,35,24042,0,0,0
2522,5,19,8800,463.1579,800,3600,0,,0,23226,34839
2523,18,42,28100,669.0476,100,9500,3,400,0,3023,3023
2524,1,0,300,0.0000,300,300,0,,6263,0,0
2525,57,44,421888,9639.4821,500,12009,36,8006,0,0,0
2526,1,0,800,0.0000,800,800,0,,6057,0,0
2527,124,69,2829209,40805.8990,800,49632,3,1000,0,0,0
2528,1,0,1000,0.0000,1000,1000,0,,4236,0,0
2530,32,30,803420,26990.5935,400,36984,25,24656,0,0,0
2531,1,0,200,0.0000,200,200,0,,6294,0,0
2532,1,0,500,0.0000,500,500,0,,0,48965,73448
2533,66,42,292539,6965.2143,200,21300,35,4058,0,0,0
2534,93,67,423589,6294.0416,100,7672,55,5115,0,0,0
2535,25,23,379000,16647.1449,1100,22236,19,14824,0,0,0
2536,1,0,500,0.0000,500,500,0,,6234,0,0
2537,43,22,1249912,57599.6313,400,49558,0,,0,0,0
2538,1,0,200,0.0000,200,200,0,,6379,0,0
2539,1,0,500,0.0000,500,500,0,,6160,0,0
2540,109,45,348228,7698.4819,400,47371,45,1700,0,0,0
2541,61,50,767805,15407.4582,100,20235,41,13490,0,0,0
2542,95,65,445500,6843.3180,100,8200,54,5071,0,0,0
2543,1,0,1100,0.0000,1100,1100,0,,6148,0,0
2544,45,24,254080,10427.3598,300,15800,20,5272,0,0,0
2545,44,24,357950,14650.0682,1100,14146,20,9431,0,0,0
2546,50,47,909652,19272.2881,300,49530,2,4700,0,0,0
2547,46,44,1184680,26863.4921,800,36915,36,24610,0,0,0
2548,51,36,249802,7016.9101,300,13100,30,5118,0,0,0
2549,1,0,200,0.0000,200,200,0,,6345,0,0
2550,45,37,644078,17236.6994,400,23144,30,15429,0,0,0
2551,57,35,1443418,41162.1103,1100,49845,0,,0,0,0
2552,68,66,1286970,19450.4282,400,26970,55,17980,0,0,0
2553,44,41,784342,19068.2820,200,26240,34,17493,0,0,0
2554,67,67,1766164,26532.2584,400,37044,55,24696,0,0,0
2555,76,70,1466372,20938.2009,800,28533,58,19022,0,0,0
2556,1,0,800,0.0000,800,800,0,,0,3009,3009
2557,91,61,364004,5921.9740,200,6600,50,4209,0,0,0
2558,1,0,300,0.0000,300,300,0,,0,2974,2974
2559,51,43,563296,13161.1215,800,16902,35,11268,0,0,0
2560,25,18,182048,10076.4576,300,12581,15,8387,0,0,0
2561,31,27,616224,22936.3772,1100,30866,22,20577,0,0,0
2562,1,0,900,0.0000,900,900,0,,0,3353,3353
2563,81,47,364731,7700.1619,300,12200,39,4477,0,0,0
2564,20,18,403738,21863.0686,1000,28767,15,19178,0,0,0
2565,75,39,248841,6375.0897,400,45797,39,1700,0,0,0
2566,37,69,74600,1081.1594,100,10700,3,3400,0,0,0
2567,7,13,12800,984.6154,100,7900,3,1300,0,3862,3862
2568,59,58,1448660,24933.9071,600,34478,48,22985,0,0,0
2569,1,0,1000,0.0000,1000,1000,0,,6772,0,0
2570,1,0,400,0.0000,400,400,0,,0,3077,3077
2571,2,13,15400,1184.6154,700,14700,0,,0,46999,70498
2572,5,33,35300,1069.6970,600,12300,0,,0,48819,73228
2573,10,27,134881,4928.6602,300,31287,2,300,0,0,0
2574,100,71,1235257,17324.7826,100,29700,59,14319,0,0,0
2575,1,0,1000,0.0000,1000,1000,0,,6618,0,0
2576,101,65,2118129,32788.3746,500,49893,2,8700,0,0,0
2577,1,0,1000,0.0000,1000,1000,0,,5941,0,0
2578,1,0,1100,0.0000,1100,1100,0,,4269,0,0
2579,20,14,84296,6079.0385,200,9700,11,4032,0,0,0
2580,54,38,537693,14287.6794,300,17313,31,11542,0,0,0
2581,73,70,1500334,21402.7675,500,29480,58,19653,0,0,0
2582,65,62,1481670,23859.4203,500,32826,51,21884,0,0,0
2583,46,66,106800,1618.1818,100,13900,4,200,0,0,0
2584,1,0,200,0.0000,200,200,0,,4188,0,0
2585,73,71,1157345,16285.3424,1000,22444,59,14963,0,0,0
2586,34,20,784426,38961.5563,1000,48894,2,12100,0,0,0
2587,19,17,170603,10215.7485,600,13257,14,8838,0,0,0
2588,65,61,1170617,19221.9540,200,26297,50,17531,0,0,0
2589,1,0,700,0.0000,700,700,0,,5541,0,0
2590,1,0,700,0.0000,700,700,0,,0,3030,3030
2591,1,0,800,0.0000,800,800,0,,5718,0,0
2592,78,64,879045,13685.1842,200,17638,53,11759,0,0,0
2593,32,29,632115,21476.1608,1100,29068,25,19379,0,0,0
2594,34,20,755495,37649.2525,400,49588,0,,0,0,0
2595,1,0,300,0.0000,300,300,0,,6828,0,0
2596,1,0,200,0.0000,200,200,0,,0,3428,3428
2597,22,21,456782,21751.5238,600,29751,17,19834,0,0,0
2598,59,34,1414634,41688.6248,300,48920,0,,0,0,0
2599,83,69,1462980,21110.8225,600,49144,2,15700,0,0,0
2600,83,35,2068445,59381.1962,1000,48577,2,1000,0,0,0
2601,14,24,40000,1666.6667,200,10000,2,3500,0,0,0
2602,40,30,407625,13467.7863,300,16455,25,10970,0,0,0
2603,1,0,300,0.0000,300,300,0,,5416,0,0
2604,1,0,700,0.0000,700,700,0,,6173,0,0
2605,51,35,278584,7869.6045,100,10500,29,6368,0,0,0
2606,1,0,1100,0.0000,1100,1100,0,,4499,0,0
2607,18,16,190331,11995.6513,200,16048,13,10699,0,0,0
2608,49,41,400154,9839.8525,500,12858,34,8572,0,0,0
2609,81,69,2282235,33172.0203,800,49843,0,,0,0,0
2610,1,0,300,0.0000,300,300,0,,6858,0,0
2611,36,34,579588,17232.5471,300,23314,28,15543,0,0,0
2612,2,9,1500,166.6667,300,1200,0,,0,22595,33892
2613,1,0,300,0.0000,300,300,0,,4985,0,0
2614,1,0,900,0.0000,900,900,0,,0,3229,3229
2615,55,54,605815,11309.5520,400,15603,44,10402,0,0,0
2616,67,65,1415313,21920.1807,600,30428,53,20285,0,0,0
2617,1,0,400,0.0000,400,400,0,,0,3050,3050
2618,1,0,600,0.0000,600,600,0,,6559,0,0
2619,33,31,390740,12457.1732,1100,16965,25,11310,0,0,0
2620,97,65,502696,7710.0613,300,9200,54,5783,0,0,0
2621,47,38,195507,5135.9107,200,10800,31,4229,0,0,0
2622,50,28,442333,15816.4362,300,15902,23,10601,0,0,0
2623,111,63,464690,7368.2347,100,11400,52,4337,0,0,0
2624,9,32,62900,1965.6250,400,17400,0,,0,26736,40104
2625,60,29,1619484,56167.0751,400,49583,0,,0,0,0
2627,1,0,600,0.0000,600,600,0,,4822,0,0
2628,98,59,2363623,40061.4068,800,48558,2,23840,0,0,0
2629,30,28,556733,20244.8364,300,27316,23,18211,0,0,0
2630,38,36,771880,21303.0359,400,29580,30,19720,0,0,0
2631,1,0,900,0.0000,900,900,0,,0,3436,3436
2632,74,72,1118792,15488.5833,1100,21396,60,14264,0,0,0
2633,80,33,2310257,70078.5743,1100,49347,2,12062,0,0,0
2634,16,14,312389,22155.2482,600,30038,11,20025,0,0,0
2635,2,17,1300,76.4706,600,700,0,,0,30058,45087
2636,1,0,600,0.0000,600,600,0,,4882,0,0
2637,25,24,465692,19760.6223,500,26838,20,17892,0,0,0
2638,57,55,1209965,21946.1608,1100,30122,45,20081,0,0,0
2639,70,69,1796884,26219.1245,400,36399,56,24266,0,0,0
2640,38,27,488701,18144.8391,600,23517,22,15678,0,0,0
2641,70,68,1586968,23223.9220,300,32148,56,21432,0,0,0
2642,47,43,618154,14454.1076,900,19323,35,12882,0,0,0
2644,1,0,600,0.0000,600,600,0,,4984,0,0
2645,85,68,875257,12928.4638,300,16846,55,11231,0,0,0
2646,33,17,875306,50401.4971,1000,49856,0,,0,0,0
2647,97,71,1066249,15010.5443,200,25600,59,12015,0,0,0
2648,42,67,371799,5529.9802,200,46427,2,4100,0,0,0
2649,93,64,809482,12667.9499,100,17000,53,10427,0,0,0
2650,38,33,629320,19012.6888,300,25530,27,17020,0,0,0
2651,2,47,5900,125.5319,200,5700,0,,0,35929,53894
2652,32,29,665112,22856.0825,900,31520,24,21013,0,0,0
2653,25,23,600252,25688.3880,200,34618,20,23079,0,0,0
2654,1,0,900,0.0000,900,900,0,,6179,0,0
2655,32,26,605015,23695.1044,1000,43114,0,,0,0,0
2656,1,0,900,0.0000,900,900,0,,5046,0,0
2657,1,0,400,0.0000,400,400,0,,4281,0,0
2658,1,0,1000,0.0000,1000,1000,0,,0,3406,3406
2659,41,33,281411,8597.0774,200,10805,27,7203,0,0,0
2660,106,63,2812579,44977.2761,200,49740,0,,0,0,0
2661,28,22,219998,10045.5708,800,12712,18,8475,0,0,0
2662,1,0,600,0.0000,600,600,0,,5500,0,0
2663,1,0,700,0.0000,700,700,0,,6362,0,0
2664,64,59,983132,16569.6404,200,22857,49,15238,0,0,0
2665,157,62,499472,8051.6711,300,49825,125,1600,0,0,0
2666,1,0,600,0.0000,600,600,0,,0,2901,2901
2667,1,0,700,0.0000,700,700,0,,0,3270,3270
2668,21,19,313746,16659.0796,900,22239,15,14826,0,0,0
2670,72,71,1878443,26357.9467,1100,36572,59,24381,0,0,0
2671,36,64,65100,1017.1875,100,12300,5,400,0,2976,2976
2672,1,0,300,0.0000,300,300,0,,0,3484,3484
2673,64,60,815070,13614.7550,900,18592,50,12395,0,0,0
2674,56,39,280487,7247.7261,200,45402,39,1300,0,0,0
2675,17,56,329946,5930.7250,200,49280,2,2400,0,0,0
2676,78,72,1189257,16586.5690,200,22895,59,15263,0,0,0
2677,30,28,610987,21977.9496,900,29901,23,19934,0,0,0
2678,1,0,200,0.0000,200,200,0,,0,37930,56895
2679,1,0,1100,0.0000,1100,1100,0,,6654,0,0
2680,22,45,108300,2406.6667,800,15900,2,2600,0,17001,25502
2681,48,47,1221938,25870.2470,1100,35907,39,23938,0,0,0
2684,26,15,131220,8502.3758,300,34406,16,1800,0,0,0
2685,1,0,200,0.0000,200,200,0,,4703,0,0
2686,1,0,900,0.0000,900,900,0,,5896,0,0
2687,1,0,1100,0.0000,1100,1100,0,,6336,0,0
2688,1,0,200,0.0000,200,200,0,,4204,0,0
2689,26,24,521564,22162.7762,1100,29836,20,19891,0,0,0
2690,1,0,600,0.0000,600,600,0,,6632,0,0
2691,28,52,55500,1067.3077,100,13000,4,300,0,0,0
2692,1,0,1100,0.0000,1100,1100,0,,5709,0,0
2693,15,13,229329,17595.5754,1100,23403,10,15602,0,0,0
2694,88,70,1400666,19980.9700,300,26378,58,17585,0,0,0
2695,65,64,1427711,22377.9154,700,31209,52,20806,0,0,0
2696,1,0,600,0.0000,600,600,0,,4673,0,0
2697,103,66,586316,8830.0602,200,15800,55,6224,0,0,0
2698,7,12,131009,11133.9093,1000,42046,0,,0,0,0
2699,1,0,300,0.0000,300,300,0,,0,44899,67348
2700,2,9,1500,166.6667,400,1100,0,,0,30408,45612
2701,95,65,752508,11506.2385,100,14064,54,9376,0,0,0
2702,37,35,931437,26842.5648,1000,36665,29,24443,0,0,0
2703,1,0,1000,0.0000,1000,1000,0,,0,3124,3124
2705,48,66,270100,4092.4242,100,24500,3,600,0,15649,23474
2706,20,30,63000,2100.0000,200,12400,2,2700,0,0,0
2707,82,49,1774959,36223.6531,400,49278,2,11900,0,0,0
2708,36,33,781792,23595.3320,400,32058,27,21372,0,0,0
2709,1,0,600,0.0000,600,600,0,,0,3037,3037
2710,45,30,1267056,42613.9910,100,49970,0,,0,0,0
2711,68,68,1458064,21568.9941,400,29952,55,19968,0,0,0
2712,1,0,400,0.0000,400,400,0,,6604,0,0
2713,1,0,500,0.0000,500,500,0,,6422,0,0
2714,103,71,508648,7120.5973,200,49285,71,1300,0,0,0
2715,1,0,900,0.0000,900,900,0,,0,3329,3329
2716,39,36,806704,22702.7392,300,30804,30,20536,0,0,0
2717,1,0,1000,0.0000,1000,1000,0,,0,3407,3407
2718,72,47,293870,6248.1219,100,46598,47,1600,0,0,0
2719,1,0,500,0.0000,500,500,0,,5955,0,0
2720,44,19,1070481,57656.0682,200,49960,0,,0,0,0
2721,14,13,244132,18876.1856,300,25224,10,16816,0,0,0
2722,1,0,500,0.0000,500,500,0,,5820,0,0
2723,59,46,463254,10122.0830,600,12479,38,8319,0,0,0
2724,30,28,485477,17174.8939,500,23571,23,15714,0,0,0
2725,24,21,474250,23021.8447,1100,30375,17,20250,0,0,0
2726,46,44,1093356,24662.1654,200,34083,36,22722,0,0,0
2727,41,38,593709,15651.3796,300,21112,31,14075,0,0,0
2728,24,16,549220,33902.4691,400,45976,0,,0,0,0
2729,62,48,708300,14880.2521,500,19650,39,13100,0,0,0
2730,1,0,1000,0.0000,1000,1000,0,,0,3427,3427
2731,40,39,971510,24825.6388,300,34278,32,22852,0,0,0
2732,102,63,2532811,39907.7363,100,49684,0,,0,0,0
2733,1,0,700,0.0000,700,700,0,,0,3488,3488
2734,35,24,246356,10236.3989,200,12344,20,8229,0,0,0
2736,73,66,685072,10358.9516,400,14112,55,9408,0,0,0
2737,32,29,625880,21240.2715,800,28781,25,19187,0,0,0
2738,71,62,969445,15729.2320,200,21495,50,14330,0,0,0
2739,67,61,470192,7699.6507,300,10322,50,6881,0,0,0
2740,58,56,1350486,24144.5650,400,33189,46,22126,0,0,0
2741,73,67,1704116,25434.5672,100,49629,2,400,0,0,0
2742,54,50,857189,17007.7183,100,23312,41,15541,0,0,0
2743,20,19,425786,22449.1740,200,30399,15,20266,0,0,0
2744,2,1,4100,0.0000,900,3200,0,,0,15802,23703
2745,18,15,331988,22584.2177,700,29672,12,19781,0,0,0
2746,1,0,1100,0.0000,1100,1100,0,,6556,0,0
2747,59,53,343410,6524.5725,200,8610,43,5740,0,0,0
2749,117,56,2378656,42476.0000,100,48467,2,15900,0,0,0
2750,66,44,362748,8157.7511,100,9564,36,6376,0,0,0
2751,63,44,361624,8218.7273,100,9882,36,6588,0,0,0
2752,62,32,291714,9241.2038,300,48848,33,500,0,0,0
2753,2,1,2300,0.0000,700,1600,0,,0,22021,33032
2754,1,0,500,0.0000,500,500,0,,0,41912,62868
2755,1,0,400,0.0000,400,400,0,,5651,0,0
2756,16,14,319838,23345.8394,700,30594,11,20396,0,0,0
2757,1,0,300,0.0000,300,300,0,,0,3116,3116
2758,112,68,663641,9759.4265,200,11000,55,7039,0,0,0
2759,39,26,860571,33226.6795,700,49660,2,900,0,0,0
2760,28,21,374360,17742.1801,500,22380,17,14920,0,0,0
2761,25,24,471528,19756.7598,900,27152,20,18101,0,0,0
2762,148,70,3708832,53008.5565,100,49388,2,10900,0,0,0
2763,114,72,3156395,44083.7291,200,49691,0,,0,0,0
2764,31,28,512213,18228.2206,100,24856,23,16571,0,0,0
2765,17,15,142738,9644.4595,400,12300,12,7881,0,0,0
2766,37,22,176030,8013.5053,500,12800,18,5247,0,0,0
2767,38,33,704827,21272.4447,100,28964,27,19309,0,0,0
2768,28,60,63800,1063.3333,100,11100,3,900,0,3849,3849
2770,31,58,71400,1231.0345,100,8500,3,1100,0,3855,3855
2771,66,65,1364059,21126.3655,400,29343,53,19562,0,0,0
2772,48,34,471704,13846.4971,100,17088,28,11392,0,0,0
2773,32,30,559955,18582.5774,800,25761,25,17174,0,0,0
2774,43,35,231196,6694.8649,300,9900,29,5442,0,0,0
2775,3,10,5100,510.0000,1000,2700,0,,0,34555,51832
2776,1,0,500,0.0000,500,500,0,,4760,0,0
2777,14,23,44100,1917.3913,500,10100,2,1300,0,0,0
2778,62,60,852330,14166.1496,500,19563,50,13042,0,0,0
2779,69,67,1243722,18609.3067,1100,25962,55,17308,0,0,0
2780,38,36,550598,15294.3889,600,21008,30,14005,0,0,0
2781,112,43,366661,8613.8058,200,48611,42,1200,0,0,0
2782,3,16,15900,993.7500,700,13500,0,,0,26028,39042
2783,100,37,290986,7787.3149,100,46054,37,800,0,0,0
2784,1,0,300,0.0000,300,300,0,,6778,0,0
2787,14,12,288042,23610.0000,900,29704,10,19803,0,0,0
2788,53,51,772068,15208.1681,300,20664,42,13776,0,0,0
2789,69,60,855750,14254.5808,200,19125,50,12750,0,0,0
2790,66,50,927219,18409.3779,200,23522,41,15681,0,0,0
2791,1,0,1100,0.0000,1100,1100,0,,5372,0,0
2792,15,28,45900,1639.2857,100,12300,2,1300,0,3491,3491
2793,1,0,800,0.0000,800,800,0,,0,3452,3452
2794,31,28,383967,13519.9648,1000,18284,23,12189,0,0,0
2795,32,28,607599,21597.1209,200,29420,23,19613,0,0,0
2796,1,0,1000,0.0000,1000,1000,0,,0,40636,60954
2797,25,22,448150,20747.6852,100,27784,18,18523,0,0,0
2798,8,33,17600,533.3333,200,5800,2,200,0,19809,29714
2799,86,57,2278652,39720.8367,200,49678,0,,0,0,0
2800,22,19,428104,22067.2165,900,29012,16,19341,0,0,0
2801,1,0,900,0.0000,900,900,0,,5962,0,0
2802,30,64,72100,1126.5625,400,9200,3,1600,0,3619,3619
2803,60,37,1437239,38774.4335,300,49588,2,2900,0,0,0
2804,41,34,268328,7861.1719,900,14800,28,6263,0,0,0
2805,1,0,1000,0.0000,1000,1000,0,,0,3026,3026
2806,23,18,194676,11082.1252,200,14352,15,9568,0,0,0
2807,20,26,444655,16885.6329,100,49947,0,,0,0,0
2808,31,48,293998,6124.9583,300,46553,3,1200,0,0,0
2809,51,49,785654,16121.4911,700,21986,40,14657,0,0,0
2810,56,45,581888,12798.1232,300,17118,37,11412,0,0,0
2811,65,36,1658290,46063.6111,300,49680,0,,0,0,0
2812,31,30,796775,26797.3655,200,36765,25,24510,0,0,0
2813,63,61,941330,15524.9588,300,21633,50,14422,0,0,0
2814,1,0,500,0.0000,500,500,0,,4544,0,0
2816,23,20,394816,20246.9744,500,26606,16,17737,0,0,0
2817,71,69,1026100,14871.0145,200,20508,57,13672,0,0,0
2818,7,63,26700,423.8095,100,8800,0,,0,41022,61533
2819,61,54,1052092,19640.7965,200,26648,44,17765,0,0,0
2820,1,0,300,0.0000,300,300,0,,5175,0,0
2821,35,29,300012,10216.0726,100,13624,24,9083,0,0,0
2823,1,0,300,0.0000,300,300,0,,0,3316,3316
2824,73,62,1057943,16936.1206,300,22928,51,15285,0,0,0
2825,32,29,777950,26401.0181,1000,35790,25,23860,0,0,0
2826,27,25,405630,16268.5829,300,21934,20,14623,0,0,0
2827,28,24,553608,23067.0000,300,31402,20,20935,0,0,0
2829,30,16,91425,5631.9302,500,31163,16,1000,0,0,0
2830,49,41,632432,15526.1538,900,20570,34,13713,0,0,0
2831,15,13,361847,27343.6020,1100,34911,11,23274,0,0,0
2832,1,0,700,0.0000,700,700,0,,0,3244,3244
2833,1,0,400,0.0000,400,400,0,,4455,0,0
2834,41,38,797035,20720.1473,1000,28678,31,19119,0,0,0
2835,68,39,204666,5252.3353,100,46542,40,300,0,0,0
2836,46,37,786904,21191.3106,600,28152,30,18768,0,0,0
2837,32,31,719600,23516.3399,500,31725,25,21150,0,0,0
2838,138,69,3711558,53557.8355,900,49806,0,,0,0,0
2839,49,45,987125,22050.4468,600,30044,37,20029,0,0,0
2840,75,51,1551133,30414.3725,400,49631,2,9000,0,0,0
2841,76,65,662905,10130.9985,300,13515,54,9010,0,0,0
2842,1,0,200,0.0000,200,200,0,,0,3225,3225
2843,23,21,409735,19954.6266,600,26357,17,17571,0,0,0
2844,37,35,804261,22805.1323,400,31712,29,21141,0,0,0
2845,18,16,382461,24360.5732,1000,32302,13,21535,0,0,0
2846,1,0,800,0.0000,800,800,0,,6134,0,0
2847,80,56,549980,9868.0622,300,11667,45,7778,0,0,0
2849,1,0,900,0.0000,900,900,0,,6677,0,0
2850,1,0,400,0.0000,400,400,0,,0,3057,3057
2851,91,37,335279,9045.2968,100,48037,37,1500,0,0,0
2852,15,22,49500,2250.0000,700,11600,2,1100,0,0,0
2853,28,40,64200,1605.0000,200,10200,3,3000,0,3709,3709
2854,25,23,507150,22178.5714,500,30237,19,20158,0,0,0
2855,1,0,400,0.0000,400,400,0,,4189,0,0
2856,48,45,708840,15647.6821,600,21390,37,14260,0,0,0
2857,35,20,920291,46168.4448,900,49096,0,,0,0,0
2858,59,40,464190,11556.5975,200,13769,33,9179,0,0,0
2859,102,63,2204304,34988.9524,500,49156,2,9600,0,0,0
2860,25,17,692135,40396.9844,300,48957,0,,0,0,0
2861,1,0,300,0.0000,300,300,0,,5915,0,0
2862,68,67,1755925,26220.8810,500,36070,55,24047,0,0,0
2863,54,35,411476,11745.2712,200,13878,29,9252,0,0,0
2864,41,33,550627,16585.1506,800,21989,27,14659,0,0,0
2865,48,46,610300,13325.3275,200,18102,38,12068,0,0,0
2866,43,39,747015,18975.8256,900,26037,32,17358,0,0,0
2867,77,62,1593460,25645.8155,200,33800,51,21312,0,0,0
2868,1,0,800,0.0000,800,800,0,,4960,0,0
2869,1,0,200,0.0000,200,200,0,,5289,0,0
2870,46,30,329255,10866.5017,100,13166,25,8777,0,0,0
2871,1,0,600,0.0000,600,600,0,,6683,0,0
2872,32,27,381347,13917.7737,200,18224,23,12149,0,0,0
2873,33,24,446400,18471.7241,1100,23400,20,15600,0,0,0
2874,1,0,400,0.0000,400,400,0,,0,3100,3100
2875,26,24,458004,19325.0633,800,26031,20,17354,0,0,0
2876,72,68,1292096,18881.0911,200,26078,56,17385,0,0,0
2877,1,0,800,0.0000,800,800,0,,0,44410,66615
2878,1,0,700,0.0000,700,700,0,,6863,0,0
2879,18,14,174145,12409.3824,600,16185,11,10790,0,0,0
2880,72,67,1252326,18766.1239,600,25931,55,17287,0,0,0
2881,110,72,711096,9835.3527,300,14600,60,6959,0,0,0
2882,24,30,523117,17672.8716,600,49850,0,,0,0,0
2883,1,0,200,0.0000,200,200,0,,5237,0,0
2884,114,71,605070,8514.1182,100,10600,59,5810,0,0,0
2885,30,27,598623,21794.5267,800,29229,23,19486,0,0,0
2886,84,57,410054,7227.7438,300,8000,46,5209,0,0,0
2887,31,29,699016,23776.0544,900,33096,24,22064,0,0,0
2888,1,0,700,0.0000,700,700,0,,4006,0,0
2889,1,0,900,0.0000,900,900,0,,0,37358,56037
2890,37,35,883444,25582.3552,500,34782,29,23188,0,0,0
2891,20,19,395688,21311.7415,300,28242,15,18828,0,0,0
2892,12,12,39300,3275.0000,100,11700,2,3000,0,0,0
2893,1,0,700,0.0000,700,700,0,,0,3382,3382
2894,115,64,3017227,46875.6137,1100,49775,0,,0,0,0
2895,73,70,1380396,19663.7607,300,27219,58,18146,0,0,0
2896,1,0,400,0.0000,400,400,0,,0,3221,3221
2897,35,15,968624,65447.5676,800,49581,0,,0,0,0
2898,27,25,461090,18592.3387,300,25090,20,16727,0,0,0
2899,22,21,543946,26447.9417,1100,35403,17,23602,0,0,0
2900,7,9,111655,11794.5423,500,43882,0,,0,0,0
2901,33,20,206112,10220.4298,400,12700,16,7405,0,0,0
2902,73,71,1560507,21906.9771,200,30320,59,20213,0,0,0
2903,57,56,1329985,23963.6937,300,33170,45,22113,0,0,0
2904,13,28,74000,2642.8571,400,18900,0,,0,15946,23919
2905,55,51,715547,14076.3344,1000,18953,42,12635,0,0,0
2906,32,27,490954,18183.4815,200,24176,22,16117,0,0,0
2907,1,0,700,0.0000,700,700,0,,6891,0,0
2908,23,21,395831,18641.9623,600,25456,17,16971,0,0,0
2909,47,33,425377,13075.1127,200,15832,27,10555,0,0,0
2910,1,0,900,0.0000,900,900,0,,0,43748,65622
2911,64,46,612500,13305.5757,200,17052,38,11368,0,0,0
2912,106,54,2821533,52673.2981,500,49403,0,,0,0,0
2913,1,0,1100,0.0000,1100,1100,0,,4471,0,0
2914,39,28,272212,9898.6182,300,11676,23,7784,0,0,0
2915,5,43,17600,409.3023,400,8100,2,4300,0,47983,71974
2916,29,24,360200,14762.2951,1000,18976,20,12651,0,0,0
2917,31,28,526840,18550.7042,300,25320,23,16880,0,0,0
2918,20,13,469580,37367.1088,300,46870,0,,0,0,0
2919,47,44,675528,15446.5244,200,20945,36,13963,0,0,0
2920,14,13,319738,24722.0103,200,33056,10,22037,0,0,0
2921,32,27,420909,15512.6167,500,20553,22,13702,0,0,0
2922,68,52,1657214,31666.5096,200,47032,0,,0,0,0
2923,1,0,500,0.0000,500,500,0,,4179,0,0
2924,53,51,585271,11559.0059,700,15808,41,10539,0,0,0
2925,89,72,541988,7520.6475,200,9669,60,6446,0,0,0
2926,82,72,861568,11993.9861,400,15876,59,10584,0,0,0
2927,15,16,257685,15712.5000,300,46319,0,,0,0,0
2928,1,0,500,0.0000,500,500,0,,5531,0,0
2929,4,23,10600,460.8696,400,6800,0,,0,36583,54874
2930,54,28,1229789,44237.0144,900,49011,0,,0,0,0
2931,1,0,500,0.0000,500,500,0,,4326,0,0
2932,111,69,2807362,40883.9126,500,49972,2,500,0,0,0
2933,110,65,2512494,38476.1715,1100,48618,2,3400,0,0,0
2934,44,26,992537,37739.0494,1000,48765,0,,0,0,0
2935,1,0,200,0.0000,200,200,0,,0,3150,3150
2936,62,33,449053,13607.6667,200,14500,27,6371,0,0,0
2937,1,0,800,0.0000,800,800,0,,4845,0,0
2938,129,65,3123155,48346.0526,400,49713,2,5200,0,0,0
2939,1,0,200,0.0000,200,200,0,,5680,0,0
2940,87,66,1521399,23051.5000,800,49971,3,6300,0,0,0
2942,22,15,115604,7793.5281,500,9500,12,5285,0,0,0
2944,59,36,312694,8791.7713,100,20000,30,5746,0,0,0
2945,1,0,300,0.0000,300,300,0,,5959,0,0
2946,1,0,1100,0.0000,1100,1100,0,,4008,0,0
2947,1,0,1000,0.0000,1000,1000,0,,5196,0,0
2949,1,0,400,0.0000,400,400,0,,6410,0,0
2950,33,30,652595,21948.2623,300,29834,25,19889,0,0,0
2951,66,64,821442,12835.0313,200,17561,53,11707,0,0,0
2952,1,0,900,0.0000,900,900,0,,4833,0,0
2953,45,27,227731,8291.1772,100,10700,23,5142,0,0,0
2954,22,20,548033,26776.8567,700,35696,17,23797,0,0,0
2955,1,0,900,0.0000,900,900,0,,5079,0,0
2956,23,18,298471,16339.6533,400,21752,15,14501,0,0,0
2957,44,41,960854,23397.4188,500,32264,34,21509,0,0,0
2958,1,0,400,0.0000,400,400,0,,5265,0,0
2959,90,58,2396311,41126.6190,1000,49372,0,,0,0,0
2960,57,52,759093,14730.1358,1100,19989,42,13326,0,0,0
2961,1,0,400,0.0000,400,400,0,,5012,0,0
2962,98,66,2424817,36870.0000,300,49787,0,,0,0,0
2963,26,24,417680,17094.6794,1000,22728,20,15152,0,0,0
2964,1,0,300,0.0000,300,300,0,,4398,0,0
2965,1,0,900,0.0000,900,900,0,,5617,0,0
2966,42,21,906055,42604.4671,1100,47178,0,,0,0,0
2967,28,25,385920,15354.9072,400,20788,20,13859,0,0,0
2968,1,0,1100,0.0000,1100,1100,0,,0,35548,53322
2969,28,42,60900,1450.0000,100,11000,3,1000,0,0,0
2970,73,72,753466,10508.5914,400,14487,59,9658,0,0,0
2971,51,60,1273782,21217.9123,100,48907,3,100,0,0,0
2972,80,62,2300452,37284.4733,200,49893,0,,0,0,0
2973,30,28,502957,17730.5640,500,24554,23,16369,0,0,0
2974,1,0,1100,0.0000,1100,1100,0,,5582,0,0
2976,31,28,515180,18290.4142,800,24840,23,16560,0,0,0
2977,3,25,8500,340.0000,300,7100,0,,0,38298,57447
2978,70,48,302384,6330.4396,100,10100,40,4819,0,0,0
2979,1,0,700,0.0000,700,700,0,,5241,0,0
2980,1,0,1000,0.0000,1000,1000,0,,4974,0,0
2981,8,16,20500,1281.2500,600,8200,2,2000,0,3033,3033
2982,5,30,20200,673.3333,900,8900,2,900,0,48752,73128
2983,39,29,214736,7413.2106,600,10100,24,5709,0,0,0
2985,1,0,400,0.0000,400,400,0,,4519,0,0
2986,33,32,820518,25376.8454,500,35144,26,23429,0,0,0
2987,64,64,1613812,25387.7084,700,35324,52,23549,0,0,0
2988,50,26,1078671,40858.7500,900,49324,2,1200,0,0,0
2989,1,0,600,0.0000,600,600,0,,5093,0,0
2990,43,27,181528,6673.8235,600,13300,22,4089,0,0,0
2991,68,67,1632880,24214.7306,600,33540,55,22360,0,0,0
2992,21,17,221067,12852.7326,300,17073,14,11382,0,0,0
2993,65,35,1374932,39853.1014,200,49916,2,2000,0,0,0
2994,35,32,676918,21309.0661,900,28604,26,19069,0,0,0
2995,21,24,239326,9971.9167,400,48315,2,2200,0,0,0
2996,65,56,832120,14984.1537,200,20343,45,13562,0,0,0
2997,10,15,27400,1826.6667,200,12800,2,1100,0,2968,2968
2998,16,13,346887,26279.3182,300,33231,11,22154,0,0,0
2999,42,26,167185,6364.9112,100,8300,21,4210,0,0,0
3000,80,66,544174,8265.9342,500,11300,54,7028,0,0,0
3001,173,70,520239,7449.7232,100,48992,70,1100,0,0,0
3003,43,62,384747,6215.6220,100,45444,2,12700,0,0,0
3004,1,0,700,0.0000,700,700,0,,4641,0,0
3005,33,24,579580,24523.8364,400,47025,2,1100,0,0,0
3006,1,0,200,0.0000,200,200,0,,6416,0,0
3007,73,71,1730504,24316.2155,800,33678,59,22452,0,0,0
3008,1,0,200,0.0000,200,200,0,,6934,0,0
3009,1,0,900,0.0000,900,900,0,,4109,0,0
3010,26,39,195493,5012.6410,200,32110,3,1200,0,0,0
3011,1,0,400,0.0000,400,400,0,,0,3271,3271
3012,11,16,29200,1825.0000,600,11300,2,1200,0,3902,3902
3013,1,0,800,0.0000,800,800,0,,4714,0,0
3014,78,46,1677129,36459.3261,700,49448,3,5400,0,0,0
3015,1,0,900,0.0000,900,900,0,,0,3222,3222
3016,40,34,577336,16963.8394,200,23170,28,15447,0,0,0
3017,54,53,1089161,20680.2722,700,28791,43,19194,0,0,0
3018,34,24,700360,29181.6667,600,47767,2,6900,0,0,0
3019,34,32,594028,18582.7320,300,25343,26,16895,0,0,0
3020,79,29,221320,7711.4983,300,42928,29,1500,0,0,0
3021,3,9,8900,988.8889,300,6300,0,,0,19451,29176
3022,1,0,700,0.0000,700,700,0,,4755,0,0
3023,1,0,700,0.0000,700,700,0,,6121,0,0
3024,1,0,400,0.0000,400,400,0,,6713,0,0
3025,1,0,800,0.0000,800,800,0,,6367,0,0
3026,73,71,1580440,22343.6381,400,31110,58,20740,0,0,0
3027,1,0,1000,0.0000,1000,1000,0,,4479,0,0
3028,1,0,400,0.0000,400,400,0,,4214,0,0
3029,1,0,700,0.0000,700,700,0,,5978,0,0
3030,1,0,800,0.0000,800,800,0,,0,3132,3132
3031,1,0,600,0.0000,600,600,0,,4184,0,0
3032,1,0,300,0.0000,300,300,0,,6605,0,0
3033,1,0,900,0.0000,900,900,0,,0,2902,2902
3035,1,0,800,0.0000,800,800,0,,0,46312,69468
3036,46,54,1002914,18492.5753,100,49490,0,,0,0,0
3037,52,50,1159211,23061.2268,200,47031,0,,0,0,0
3038,66,32,1737917,54939.4204,1000,49732,0,,0,0,0
3039,88,61,699590,11519.0450,100,14104,50,9403,0,0,0
3040,1,0,1000,0.0000,1000,1000,0,,0,3303,3303
3041,45,33,177900,5440.3670,100,7500,27,4050,0,0,0
3042,68,64,1052348,16529.0262,500,22812,52,15208,0,0,0
3043,1,0,800,0.0000,800,800,0,,4152,0,0
3044,1,0,500,0.0000,500,500,0,,4134,0,0
3045,1,0,300,0.0000,300,300,0,,6079,0,0
3046,8,11,23000,2090.9091,300,11400,0,,0,3754,3754
3047,1,0,600,0.0000,600,600,0,,0,3474,3474
3048,10,12,173365,14447.0833,700,42507,0,,0,0,0
3049,32,49,82000,1673.4694,200,9000,3,1100,0,2942,2942
3050,8,50,27600,552.0000,900,10500,0,,0,41445,62168
3051,74,36,1962695,54772.8837,800,49949,0,,0,0,0
3052,10,19,114362,6019.0526,600,32371,0,,0,0,0
3053,77,65,925653,14328.9938,200,19354,53,12903,0,0,0
3055,1,0,900,0.0000,900,900,0,,6814,0,0
3056,1,0,1100,0.0000,1100,1100,0,,4352,0,0
3057,19,17,340766,20163.6686,600,27354,14,18236,0,0,0
3058,52,50,1067963,21189.7421,700,29270,41,19513,0,0,0
3059,24,22,544282,24777.6328,100,33968,18,22645,0,0,0
3060,20,18,408159,22142.4412,400,29126,15,19417,0,0,0
3061,1,0,300,0.0000,300,300,0,,0,2967,2967
3062,1,0,400,0.0000,400,400,0,,4467,0,0
3063,1,0,1100,0.0000,1100,1100,0,,0,3495,3495
3064,99,68,771142,11396.1872,100,13881,55,9254,0,0,0
3066,35,28,414524,14716.8284,100,19295,23,12863,0,0,0
3067,32,23,169327,7525.6444,400,8852,19,5901,0,0,0
3068,1,0,500,0.0000,500,500,0,,6193,0,0
3069,70,70,1737100,24910.6119,400,34734,57,23156,0,0,0
3070,18,16,297100,18923.5669,300,25080,13,16720,0,0,0
3071,29,27,717547,26941.6896,800,36399,22,24266,0,0,0
3072,68,67,1623565,24232.3134,1000,33340,55,22227,0,0,0
3074,72,50,1776323,35431.9747,200,49337,0,,0,0,0
3075,1,0,400,0.0000,400,400,0,,5054,0,0
3076,1,0,700,0.0000,700,700,0,,4164,0,0
3077,23,20,322072,15996.9536,600,20978,16,13985,0,0,0
3078,1,0,200,0.0000,200,200,0,,0,3348,3348
3079,1,0,1000,0.0000,1000,1000,0,,0,3449,3449
3080,1,0,400,0.0000,400,400,0,,5585,0,0
3082,15,13,165054,12631.6837,700,16868,10,11245,0,0,0
3083,22,21,525934,25044.4762,200,34287,17,22858,0,0,0
3084,44,36,852257,23962.2399,300,46081,2,13300,0,0,0
3085,20,18,243545,13837.7841,600,18350,15,12233,0,0,0
3086,65,62,1424765,22955.3974,200,31617,51,21078,0,0,0
3087,1,0,600,0.0000,600,600,0,,0,2900,2900
3088,35,33,820943,24530.1693,600,34148,27,22765,0,0,0
3089,60,30,1317657,43727.5553,600,49606,2,600,0,0,0
3090,32,24,841538,34726.4649,500,49384,0,,0,0,0
3091,68,62,1076172,17395.0216,200,23952,50,15968,0,0,0
3092,1,0,1000,0.0000,1000,1000,0,,5649,0,0
3093,26,25,599450,24010.0134,500,32670,20,21780,0,0,0
3094,62,61,1002490,16542.7393,600,23074,50,15383,0,0,0
3096,68,66,1482706,22363.5897,1000,31026,55,20684,0,0,0
3097,7,12,19500,1625.0000,200,9600,0,,0,3784,3784
3098,43,27,270542,9958.6012,100,11500,22,7581,0,0,0
3099,1,0,800,0.0000,800,800,0,,6019,0,0
3100,20,18,396736,22122.8253,600,30372,15,20248,0,0,0
3101,1,0,700,0.0000,700,700,0,,0,2907,2907
3102,14,13,238059,18501.9948,1100,24513,10,16342,0,0,0
3103,9,15,83819,5587.9333,300,37781,0,,0,0,0
3104,7,10,31500,3150.0000,700,10700,2,2100,0,3006,3006
3105,1,0,1000,0.0000,1000,1000,0,,0,3218,3218
3106,19,15,480180,31316.0870,400,47877,0,,0,0,0
3107,1,0,200,0.0000,200,200,0,,6300,0,0
3108,1,0,600,0.0000,600,600,0,,0,3063,3063
3109,17,36,107700,2991.6667,900,19000,2,4100,0,15404,23106
3110,42,24,227835,9695.1064,1000,49874,24,1500,0,0,0
3111,41,38,785158,20900.3904,100,28278,31,18852,0,0,0
3112,91,51,2435976,47546.7014,700,49926,0,,0,0,0
3113,82,64,2345525,36667.9260,400,49862,0,,0,0,0
3114,51,30,256091,8424.0461,100,41483,32,700,0,0,0
3115,5,14,3600,257.1429,200,1900,0,,0,32120,48180
3116,35,33,643388,19756.0287,1100,26637,27,17758,0,0,0
3117,1,0,900,0.0000,900,900,0,,5355,0,0
3118,37,34,609944,18153.0952,500,24468,28,16312,0,0,0
3119,1,0,1100,0.0000,1100,1100,0,,0,3169,3169
3120,1,0,400,0.0000,400,400,0,,5685,0,0
3121,1,0,1000,0.0000,1000,1000,0,,4353,0,0
3122,31,19,217859,11406.2304,600,11126,15,7417,0,0,0
3124,44,42,689156,16228.1633,500,22548,35,15032,0,0,0
3125,30,24,189268,7799.5055,400,9552,20,6368,0,0,0
3126,36,28,201067,7276.2485,300,10100,23,5989,0,0,0
3127,98,66,2203042,33600.0305,600,48901,0,,0,0,0
3128,54,48,370312,7741.7143,200,10244,40,6829,0,0,0
3129,1,0,200,0.0000,200,200,0,,6727,0,0
3130,1,0,500,0.0000,500,500,0,,6359,0,0
3131,4,29,1400,48.2759,200,500,0,,0,21253,31880
3132,52,39,307074,7921.0834,400,11200,32,6583,0,0,0
3133,70,67,1407371,21036.9357,1000,29391,55,19594,0,0,0
3134,58,56,1217816,21720.8561,200,29927,46,19951,0,0,0
3135,63,60,1310260,21765.1163,100,30131,50,20087,0,0,0
3136,77,65,830021,12782.6643,200,17144,53,11429,0,0,0
3137,2,1,3000,0.0000,900,2100,0,,0,25359,38038
3138,44,33,127954,3861.7907,100,41361,34,300,0,0,0
3139,12,38,218299,5795.5487,100,49720,0,,0,0,0
3140,29,19,164772,8552.1799,900,9798,15,6532,0,0,0
3141,43,48,287500,5989.5833,400,22200,2,5900,0,10870,16305
3142,1,0,200,0.0000,200,200,0,,6029,0,0
3143,49,26,311792,11961.3299,300,12000,21,6712,0,0,0
3144,1,0,800,0.0000,800,800,0,,6085,0,0
3145,1,0,300,0.0000,300,300,0,,5611,0,0
3146,22,61,38900,637.7049,200,8500,2,3200,0,3688,3688
3147,55,45,635938,14173.9525,200,18993,37,12662,0,0,0
3148,19,37,40800,1102.7027,100,9500,3,1200,0,3718,3718
3149,37,30,297565,10007.7915,100,14200,25,8322,0,0,0
3151,44,34,455368,13301.8890,200,17468,28,11645,0,0,0
3152,69,66,849401,12941.6100,100,17883,54,11922,0,0,0
3153,66,30,1851943,61526.3455,800,49455,0,,0,0,0
3154,20,18,439807,24894.7358,400,33639,15,22426,0,0,0
3155,30,28,593235,21390.6851,700,29062,23,19375,0,0,0
3156,19,13,466142,36417.3438,200,44715,0,,0,0,0
3157,1,0,400,0.0000,400,400,0,,6273,0,0
3158,1,0,200,0.0000,200,200,0,,0,3151,3151
3160,56,54,1349071,24829.5276,400,34504,45,23003,0,0,0
3161,35,28,788768,28170.2857,700,43783,2,700,0,0,0
3162,40,31,779097,25051.3505,700,49208,0,,0,0,0
3163,33,20,878562,45054.4615,500,49231,0,,0,0,0
3164,1,0,1000,0.0000,1000,1000,0,,6154,0,0
3166,97,65,2096631,32355.4167,400,49311,2,15400,0,0,0
3167,54,53,1204125,22848.6717,200,31886,43,21257,0,0,0
3168,1,0,1000,0.0000,1000,1000,0,,6303,0,0
3169,14,12,241270,20504.5326,500,27620,10,18413,0,0,0
3170,56,35,331781,9354.7274,200,13100,29,6281,0,0,0
3171,1,0,900,0.0000,900,900,0,,4848,0,0
3172,1,0,600,0.0000,600,600,0,,0,2913,2913
3173,1,0,1100,0.0000,1100,1100,0,,4235,0,0
3174,1,0,400,0.0000,400,400,0,,5098,0,0
3175,1,0,600,0.0000,600,600,0,,4920,0,0
3176,1,0,600,0.0000,600,600,0,,4595,0,0
3177,10,23,132775,5814.9635,500,40831,0,,0,0,0
3178,1,0,600,0.0000,600,600,0,,0,2929,2929
3179,30,27,442757,16358.0172,500,22269,22,14846,0,0,0
3180,32,30,546705,18082.8556,500,25071,25,16714,0,0,0
3181,109,68,441715,6495.8088,100,48224,68,1300,0,0,0
3182,26,24,445836,18628.2451,200,25514,20,17009,0,0,0
3183,1,0,600,0.0000,600,600,0,,6877,0,0
3184,1,0,700,0.0000,700,700,0,,5115,0,0
3185,23,16,259044,15731.4170,300,20136,14,13424,0,0,0
3186,45,43,985555,22849.0340,700,31250,35,20833,0,0,0
3187,22,12,41754,3450.7438,500,11200,12,600,0,0,0
3188,24,22,376014,17274.7626,400,23270,18,15513,0,0,0
3189,42,37,729117,19705.8649,500,44352,2,9400,0,0,0
3190,29,24,279436,11823.8082,400,15394,20,10263,0,0,0
3191,32,27,295242,10894.5387,600,14356,22,9571,0,0,0
3192,39,29,353578,12319.7909,300,15018,24,10012,0,0,0
3193,36,34,694690,20532.7094,400,28005,28,18670,0,0,0
3194,23,20,300724,15011.1814,100,20238,16,13492,0,0,0
3195,90,64,387017,6025.1738,100,12000,53,4606,0,0,0
3196,1,0,700,0.0000,700,700,0,,5403,0,0
3197,1,0,300,0.0000,300,300,0,,0,3013,3013
3199,1,0,1100,0.0000,1100,1100,0,,0,19513,29270
3200,50,37,1042521,27850.0712,400,47565,0,,0,0,0
3201,81,56,635836,11267.0289,100,14064,46,9376,0,0,0
3202,1,0,1100,0.0000,1100,1100,0,,4837,0,0
3203,1,0,1000,0.0000,1000,1000,0,,0,3167,3167
3204,32,29,406275,13787.6131,700,18350,25,12233,0,0,0
3205,1,0,700,0.0000,700,700,0,,4366,0,0
3206,32,30,616265,20542.1667,400,28318,25,18879,0,0,0
3208,27,16,660414,40934.7521,900,48380,0,,0,0,0
3209,14,12,214434,17869.5000,600,23877,10,15918,0,0,0
3210,69,68,1786341,26308.4094,1000,36658,55,24439,0,0,0
3211,1,0,200,0.0000,200,200,0,,0,3018,3018
3212,37,65,74100,1140.0000,100,10500,3,3800,0,3484,3484
3213,1,0,400,0.0000,400,400,0,,0,3068,3068
3214,1,0,200,0.0000,200,200,0,,4019,0,0
3216,61,41,1563456,38477.1780,200,49710,0,,0,0,0
3217,37,20,824478,40349.6574,300,47994,0,,0,0,0
3218,1,0,800,0.0000,800,800,0,,0,3175,3175
3219,35,33,731576,22101.9940,400,30399,27,20266,0,0,0
3220,66,65,1437170,22224.2784,800,30917,53,20611,0,0,0
3221,1,0,900,0.0000,900,900,0,,5330,0,0
3222,1,0,800,0.0000,800,800,0,,0,3185,3185
3223,80,60,1911318,31679.3039,300,49479,2,300,0,0,0
3224,1,0,400,0.0000,400,400,0,,6483,0,0
3225,68,62,1390115,22313.2424,200,30387,51,20258,0,0,0
3226,78,52,301235,5781.8618,100,9400,43,4197,0,0,0
3227,31,30,801425,26654.9335,300,36975,25,24650,0,0,0
3228,44,26,1209306,45864.9558,1100,48672,0,,0,0,0
3229,53,37,1230635,33260.4054,300,49845,0,,0,0,0
3230,61,46,1601495,34967.1397,200,48804,2,6800,0,0,0
3231,1,0,800,0.0000,800,800,0,,5575,0,0
3232,1,0,500,0.0000,500,500,0,,4600,0,0
3233,72,47,1596674,34287.9170,400,49657,2,11000,0,0,0
3234,11,30,29800,993.3333,300,9300,2,900,0,3989,3989
3235,49,47,962230,20400.6360,400,28245,39,18830,0,0,0
3236,1,0,300,0.0000,300,300,0,,4414,0,0
3237,72,63,1232902,19528.5428,200,26242,52,17495,0,0,0
3238,38,35,860332,24257.4812,400,33696,29,22464,0,0,0
3239,32,30,667975,22290.6007,200,30765,25,20510,0,0,0
3240,33,29,891109,31194.0140,800,49638,0,,0,0,0
3241,1,0,200,0.0000,200,200,0,,6282,0,0
3242,35,22,243392,11250.7858,100,13137,18,8758,0,0,0
3243,1,0,300,0.0000,300,300,0,,6873,0,0
3244,1,0,1100,0.0000,1100,1100,0,,0,3116,3116
3245,1,0,1000,0.0000,1000,1000,0,,6731,0,0
3246,87,67,562138,8427.8561,100,10398,55,6932,0,0,0
3247,48,32,267050,8259.2784,400,9015,26,6010,0,0,0
3248,1,0,900,0.0000,900,900,0,,4965,0,0
3249,29,26,599967,22899.5038,1100,30993,21,20662,0,0,0
3250,1,0,800,0.0000,800,800,0,,5690,0,0
3251,1,0,600,0.0000,600,600,0,,0,3032,3032
3252,1,0,900,0.0000,900,900,0,,0,3066,3066
3253,92,57,2076376,36173.7979,300,49862,2,2700,0,0,0
3254,51,40,366840,9171.0000,600,11519,33,7679,0,0,0
3255,52,64,132500,2070.3125,300,11500,4,2300,0,0,0
3256,29,25,294610,11737.4502,1000,15126,20,10084,0,0,0
3258,87,67,1889898,28095.6095,300,47724,3,7400,0,0,0
3259,33,57,63900,1121.0526,200,8700,4,2200,0,3393,3393
3260,136,70,3148895,44898.6930,100,49443,0,,0,0,0
3261,90,66,692769,10496.5000,100,13149,55,8766,0,0,0
3262,19,18,478429,26979.0789,700,36748,15,24499,0,0,0
3263,22,33,72500,2196.9697,300,12500,2,3900,0,0,0
3264,1,0,200,0.0000,200,200,0,,5096,0,0
3265,58,33,1446840,43843.6364,900,48403,0,,0,0,0
3266,1,0,1100,0.0000,1100,1100,0,,4504,0,0
3267,73,66,886409,13505.4698,100,18447,54,12298,0,0,0
3268,1,0,1000,0.0000,1000,1000,0,,0,3420,3420
3269,57,40,1384988,34481.0290,600,48928,3,600,0,0,0
3270,43,41,854385,21043.9655,400,28695,34,19130,0,0,0
3271,4,9,13600,1511.1111,100,11800,0,,0,3791,3791
3272,31,28,629204,22797.2464,800,30792,23,20528,0,0,0
3273,2,6,4600,766.6667,600,4000,0,,0,49761,74642
3274,17,15,377754,25352.6174,400,34178,12,22785,0,0,0
3275,65,54,426320,7889.9445,500,10380,45,6920,0,0,0
3276,21,11,104240,9143.8596,600,10500,10,5503,0,0,0
3277,68,66,1196861,18125.1035,1100,24981,55,16654,0,0,0
3278,38,36,848258,23827.4719,300,32583,30,21722,0,0,0
3279,70,48,1562050,32542.7083,100,49968,2,10200,0,0,0
3280,34,32,505510,15764.3451,1100,21399,26,14266,0,0,0
3281,1,0,800,0.0000,800,800,0,,6288,0,0
3282,60,25,152503,6004.0551,200,28459,25,1500,0,0,0
3283,71,70,1385719,19900.2250,300,27700,57,18467,0,0,0
3284,88,68,589863,8712.8951,100,10964,55,7309,0,0,0
3285,1,0,300,0.0000,300,300,0,,0,3151,3151
3286,62,34,1444092,42766.7917,300,49828,0,,0,0,0
3287,66,66,1547388,23600.2237,900,32904,54,21936,0,0,0
3288,1,0,700,0.0000,700,700,0,,5476,0,0
3289,69,55,783785,14267.9308,200,18995,45,12663,0,0,0
3290,1,0,200,0.0000,200,200,0,,0,38624,57936
3291,1,0,1000,0.0000,1000,1000,0,,5355,0,0
3292,1,0,800,0.0000,800,800,0,,4805,0,0
3293,2,6,3900,650.0000,1100,2800,0,,0,46012,69018
3294,46,33,439479,13522.4308,600,15962,27,10641,0,0,0
3296,2,9,4500,500.0000,1000,3500,0,,0,46088,69132
3297,48,46,792900,17063.8451,1100,23643,38,15762,0,0,0
3298,73,65,536533,8220.6282,1100,10839,54,7226,0,0,0
3299,22,20,404168,20691.1945,200,45434,0,,0,0,0
3300,1,0,1100,0.0000,1100,1100,0,,0,46719,70078
3301,34,32,573020,17944.2589,900,24258,26,16172,0,0,0
3302,39,70,96700,1381.4286,200,10600,5,700,0,3008,3008
3303,38,37,827206,22098.1122,800,30608,30,20405,0,0,0
3304,26,23,283373,12338.4470,300,16702,19,11135,0,0,0
3305,1,0,600,0.0000,600,600,0,,6684,0,0
3306,70,64,845709,13138.9280,800,17793,53,11862,0,0,0
3307,142,58,483166,8325.6634,100,47968,58,1500,0,0,0
3308,35,33,541091,16547.1254,400,22400,27,14933,0,0,0
3309,62,61,1018744,16582.9192,1100,22954,50,15303,0,0,0
3310,1,0,900,0.0000,900,900,0,,4916,0,0
3311,50,28,1221866,43379.8580,1000,49809,0,,0,0,0
3312,13,15,32800,2186.6667,100,13700,2,200,0,2947,2947
3314,15,25,179024,7160.9600,500,47150,0,,0,0,0
3315,43,40,530506,13218.5880,200,17814,33,11876,0,0,0
3316,75,68,1151268,16922.1166,200,22998,56,15332,0,0,0
3317,1,0,600,0.0000,600,600,0,,0,3249,3249
3318,1,0,1000,0.0000,1000,1000,0,,0,2924,2924
3319,32,63,71000,1126.9841,100,9700,3,2000,0,3331,3331
3320,1,0,900,0.0000,900,900,0,,0,3113,3113
3321,109,45,384734,8613.4478,1000,47654,44,1800,0,0,0
3322,44,34,847514,25123.9328,400,49336,0,,0,0,0
3323,66,64,1517151,23680.8169,1000,32654,53,21769,0,0,0
3324,23,14,141053,10099.2601,100,10700,11,6926,0,0,0
3325,2,12,1500,125.0000,200,1300,0,,0,36517,54776
3326,68,62,2000476,32475.2597,400,49132,2,30143,0,0,0
3327,81,69,842060,12268.9655,200,16382,56,10921,0,0,0
3328,1,0,800,0.0000,800,800,0,,4951,0,0
3329,32,26,552579,21117.6688,200,28094,21,18729,0,0,0
3330,66,42,1790204,42793.7211,400,49401,0,,0,0,0
3331,25,22,335886,15407.6147,400,20530,18,13687,0,0,0
3332,25,21,194662,9388.8424,300,11691,17,7794,0,0,0
3333,23,13,106655,8354.1775,100,41417,13,1200,0,0,0
3334,16,28,167571,6078.7545,700,42302,4,700,0,0,0
3335,1,0,1000,0.0000,1000,1000,0,,0,3255,3255
3336,1,0,900,0.0000,900,900,0,,5692,0,0
3337,46,23,1285558,57135.9111,500,49691,0,,0,0,0
3338,38,36,549744,15214.3173,300,20994,30,13996,0,0,0
3339,33,27,243888,9111.6314,600,11496,22,7664,0,0,0
3342,17,14,252549,17702.0327,200,22359,12,14906,0,0,0
3343,20,17,424552,25575.4217,1000,33888,14,22592,0,0,0
3344,42,20,932346,47247.2635,1000,48976,0,,0,0,0
3345,1,0,600,0.0000,600,600,0,,4281,0,0
3346,19,17,440867,26452.0200,400,35673,14,23782,0,0,0
3347,1,0,600,0.0000,600,600,0,,5357,0,0
3348,52,49,974054,19960.1230,1100,27086,40,18057,0,0,0
3349,35,33,660321,20152.2177,500,27238,27,18159,0,0,0
3350,32,29,266866,9108.0546,700,12194,24,8129,0,0,0
3351,1,0,300,0.0000,300,300,0,,5543,0,0
3352,83,62,344740,5563.3136,200,9300,51,4408,0,0,0
3353,45,28,1003161,35405.6824,200,49978,2,19600,0,0,0
3354,75,62,735360,11867.0253,300,15528,51,10352,0,0,0
3355,1,0,1100,0.0000,1100,1100,0,,5768,0,0
3357,1,0,400,0.0000,400,400,0,,6741,0,0
3358,1,0,900,0.0000,900,900,0,,0,3279,3279
3359,13,28,31400,1121.4286,100,9000,3,500,0,3709,3709
3360,19,13,219515,16714.3401,600,20795,10,13863,0,0,0
3361,97,64,750060,11665.0078,100,17600,53,9231,0,0,0
3362,58,47,601742,12803.0213,1000,16413,39,10942,0,0,0
3363,1,0,1100,0.0000,1100,1100,0,,4412,0,0
3364,87,49,2090374,42372.4459,500,49732,2,5700,0,0,0
3365,1,0,1100,0.0000,1100,1100,0,,6994,0,0
3366,37,34,523736,15541.1276,200,20864,28,13909,0,0,0
3367,74,69,1731300,24946.6859,800,33912,57,22608,0,0,0
3368,54,39,687401,17476.2966,100,21671,32,14447,0,0,0
3369,79,49,319425,6505.6008,100,7800,40,4550,0,0,0
3370,9,56,41300,737.5000,600,12300,0,,0,23855,35782
3371,86,63,2063290,32889.8512,400,49555,2,1900,0,0,0
3372,57,55,1440085,26072.7520,600,35960,45,23973,0,0,0
3373,37,35,725013,20675.2757,900,28493,29,18995,0,0,0
3374,69,71,1851240,25939.8412,200,49893,0,,0,0,0
3375,27,23,287350,12350.2865,800,16341,19,10894,0,0,0
3376,27,25,537880,21486.5513,300,29268,20,19512,0,0,0
3377,27,25,583220,23580.3235,200,31752,20,21168,0,0,0
3378,64,58,785055,13637.3191,800,18413,47,12275,0,0,0
3379,25,23,363073,15877.8280,600,21412,19,14275,0,0,0
3380,74,61,466406,7662.7492,500,9846,50,6564,0,0,0
3381,19,16,359569,21836.1741,200,28611,14,19074,0,0,0
3382,10,11,243100,21835.3293,1000,45882,2,5200,0,0,0
3383,44,15,109860,7389.6861,300,13500,15,1600,0,0,0
3384,1,0,1100,0.0000,1100,1100,0,,6211,0,0
3385,21,12,92754,7950.3429,300,12000,10,5181,0,0,0
3386,70,43,1610139,37445.0930,600,49807,2,600,0,0,0
3387,6,24,27900,1162.5000,500,15400,0,,0,33352,50028
3389,69,34,1611837,47360.5387,1100,49884,0,,0,0,0
3390,2,1,3200,0.0000,1100,2100,0,,0,20313,30470
3391,72,69,1286700,18549.2552,300,25470,57,16980,0,0,0
3392,53,43,469962,11014.7344,800,14169,35,9446,0,0,0
3393,3,5,6100,1220.0000,800,4400,0,,0,11970,17955
3394,1,0,200,0.0000,200,200,0,,6522,0,0
3395,15,13,372042,28185.0000,600,35946,11,23964,0,0,0
3396,14,13,218758,16957.9845,1100,22516,10,15011,0,0,0
3397,32,28,629661,22145.1700,400,29841,24,19894,0,0,0
3398,1,0,700,0.0000,700,700,0,,5891,0,0
3399,29,27,504055,18761.3524,900,25335,22,16890,0,0,0
3401,19,15,345984,23751.7620,200,48526,0,,0,0,0
3402,99,46,2242966,48973.0568,300,49849,2,17600,0,0,0
3403,34,20,751625,38348.2143,700,48698,0,,0,0,0
3404,16,13,287941,21704.0955,1000,27614,11,18409,0,0,0
3405,60,58,1292766,22276.2665,200,30723,48,20482,0,0,0
3406,1,0,1100,0.0000,1100,1100,0,,6094,0,0
3407,77,64,1456597,22641.4041,600,48133,0,,0,0,0
3408,65,64,1408494,22157.7451,300,30782,52,20521,0,0,0
3409,1,0,900,0.0000,900,900,0,,4896,0,0
3410,48,42,692260,16534.8726,1000,22265,35,14843,0,0,0
3411,33,24,371500,15351.2397,700,20060,20,13373,0,0,0
3412,1,0,400,0.0000,400,400,0,,5703,0,0
3413,103,66,736916,11182.3369,300,24300,54,7481,0,0,0
3415,20,12,114784,9460.2198,200,10500,10,6268,0,0,0
3417,93,39,258157,6580.0425,700,39366,39,1000,0,0,0
3418,46,28,1129065,40613.8489,400,49153,0,,0,0,0
3419,60,50,665516,13310.3200,100,17772,41,11848,0,0,0
3421,54,47,940157,20031.7543,100,27305,39,18203,0,0,0
3422,36,33,853731,25923.0061,600,35435,27,23623,0,0,0
3423,18,13,99743,7499.4737,100,9900,11,5693,0,0,0
3424,112,71,2379359,33543.5949,900,48154,2,2600,0,0,0
3425,31,52,60900,1171.1538,400,8300,4,900,0,3970,3970
3426,8,19,31100,1636.8421,700,11000,2,700,0,25465,38198
3427,30,28,729529,25961.8861,1100,35510,23,23673,0,0,0
3428,22,17,230788,13366.1004,300,16872,14,11248,0,0,0
3429,1,0,500,0.0000,500,500,0,,6664,0,0
3430,16,24,44600,1858.3333,100,9300,2,2200,0,3844,3844
3431,30,27,619256,22963.7577,300,31310,22,20873,0,0,0
3432,43,30,176715,5903.6192,600,13000,25,4102,0,0,0
3433,1,0,500,0.0000,500,500,0,,4142,0,0
3434,1,0,900,0.0000,900,900,0,,0,2957,2957
3435,1,0,200,0.0000,200,200,0,,4635,0,0
3436,1,0,200,0.0000,200,200,0,,0,3365,3365
3437,54,26,1505818,58592.1401,400,49469,0,,0,0,0
3438,1,0,1000,0.0000,1000,1000,0,,5506,0,0
3439,39,34,662118,19379.0634,100,26571,28,17714,0,0,0
3440,44,39,745980,19078.7724,500,25944,32,17296,0,0,0
3442,1,0,900,0.0000,900,900,0,,0,3345,3345
3443,1,0,400,0.0000,400,400,0,,4133,0,0
3444,7,12,34800,2900.0000,200,17000,0,,0,17164,25746
3445,62,59,702244,11997.3349,1100,16430,48,10953,0,0,0
3446,57,27,1331632,48481.7476,900,49895,0,,0,0,0
3448,28,31,661397,21473.9286,700,48806,0,,0,0,0
3449,76,44,243642,5495.6842,100,43659,45,600,0,0,0
3450,38,25,1034104,41810.1348,500,49728,0,,0,0,0
3451,33,32,657718,20704.6590,800,28154,26,18769,0,0,0
3452,1,0,800,0.0000,800,800,0,,4694,0,0
3453,44,43,1034461,24245.1797,700,32992,35,21995,0,0,0
3454,1,0,500,0.0000,500,500,0,,6596,0,0
3455,2,18,1000,55.5556,400,600,0,,0,33735,50602
3456,1,0,300,0.0000,300,300,0,,6443,0,0
3457,1,0,200,0.0000,200,200,0,,4194,0,0
3458,1,0,600,0.0000,600,600,0,,4280,0,0
3459,32,31,655267,21413.9542,600,28882,25,19255,0,0,0
3460,27,19,519688,27890.2326,300,48538,0,,0,0,0
3461,12,16,38900,2431.2500,300,11200,0,,0,0,0
3462,47,34,376024,11157.9822,500,14028,28,9352,0,0,0
3463,19,15,218004,14730.0000,500,18864,12,12576,0,0,0
3464,63,44,409256,9365.1259,700,11283,36,7522,0,0,0
3465,82,66,762142,11618.0183,300,15486,54,10324,0,0,0
3466,48,46,1204346,25974.3925,600,36076,38,24051,0,0,0
3467,47,28,863262,30830.7857,300,45231,0,,0,0,0
3468,43,34,425300,12351.4037,300,16172,28,10781,0,0,0
3469,1,0,800,0.0000,800,800,0,,5822,0,0
3470,1,0,700,0.0000,700,700,0,,5427,0,0
3471,25,23,550900,24091.8367,400,32952,19,21968,0,0,0
3472,33,29,622614,21469.4483,1100,28734,24,19156,0,0,0
3474,1,0,400,0.0000,400,400,0,,0,3304,3304
3476,40,36,500354,13771.2110,300,18914,30,12609,0,0,0
3477,1,0,700,0.0000,700,700,0,,0,3199,3199
3478,75,52,480240,9241.3085,100,11040,43,7360,0,0,0
3479,72,55,856839,15721.8165,100,20601,45,13734,0,0,0
3480,66,64,940307,14715.2895,300,20433,52,13622,0,0,0
3482,1,0,600,0.0000,600,600,0,,4674,0,0
3483,1,0,300,0.0000,300,300,0,,0,3260,3260
3484,56,55,1460820,26464.1304,300,36513,45,24342,0,0,0
3485,34,30,466825,15543.5627,300,20900,25,13933,0,0,0
3486,1,0,1000,0.0000,1000,1000,0,,4264,0,0
3487,80,72,1263892,17513.5150,700,23871,60,15914,0,0,0
3489,51,49,848060,17425.8904,1000,24305,40,16203,0,0,0
3490,17,33,52300,1584.8485,200,11300,2,2700,0,0,0
3491,31,29,605246,21039.8378,1100,28626,24,19084,0,0,0
3492,41,39,917441,23265.6213,600,32303,32,21535,0,0,0
3493,1,0,800,0.0000,800,800,0,,0,3416,3416
3494,1,0,900,0.0000,900,900,0,,6027,0,0
3495,42,32,801597,25313.5895,500,48101,0,,0,0,0
3496,5,15,35700,2380.0000,700,12000,0,,0,30762,46143
3497,58,53,1126510,21228.2035,500,29202,44,19468,0,0,0
3498,29,25,237218,9339.2913,1100,11922,21,7948,0,0,0
3499,1,0,200,0.0000,200,200,0,,0,42332,63498
3501,17,12,260266,21450.4945,500,29073,10,19382,0,0,0
3502,36,34,835344,24861.4286,700,33768,28,22512,0,0,0
3503,56,53,1156005,21634.5290,400,30081,44,20054,0,0,0
3504,31,28,164220,5921.3942,500,9000,23,5040,0,0,0
3505,66,63,1623544,25634.9053,200,35432,52,23621,0,0,0
3506,24,19,262440,13504.6312,500,17205,16,11470,0,0,0
3507,49,24,1557121,64880.0417,500,49387,0,,0,0,0
3508,29,27,600196,22066.0294,700,30290,22,20193,0,0,0
3509,1,0,1100,0.0000,1100,1100,0,,5812,0,0
3510,104,72,2816242,39187.0408,100,49715,2,46302,0,0,0
3511,1,0,1000,0.0000,1000,1000,0,,5485,0,0
3512,17,29,37100,1279.3103,100,11000,3,500,0,0,0
3513,73,70,1455528,20675.1136,500,28617,58,19078,0,0,0
3514,1,0,600,0.0000,600,600,0,,0,3399,3399
3515,1,0,400,0.0000,400,400,0,,4373,0,0
3516,35,16,872068,55428.0508,400,49858,0,,0,0,0
3517,28,25,342680,13817.7419,600,18272,20,12181,0,0,0
3518,31,29,712022,24412.1829,700,33830,24,22553,0,0,0
3519,76,35,179855,5178.1670,100,23812,59,1600,0,0,0
3520,2,12,1800,150.0000,800,1000,0,,0,16677,25016
3521,128,67,3706971,55688.0971,700,49782,0,,0,0,0
3522,1,0,1000,0.0000,1000,1000,0,,6919,0,0
3523,23,30,62700,2090.0000,200,12800,3,4600,0,0,0
3524,1,0,200,0.0000,200,200,0,,4826,0,0
3525,43,37,205090,5568.0543,600,8700,30,4627,0,0,0
3526,63,29,1795071,61265.2218,200,49390,0,,0,0,0
3527,25,23,640396,27367.3504,200,36934,20,24623,0,0,0
3528,60,58,1382718,23826.2723,900,32829,48,21886,0,0,0
3529,18,17,365439,21246.4535,1100,29541,14,19694,0,0,0
3530,1,0,1100,0.0000,1100,1100,0,,6156,0,0
3531,1,0,900,0.0000,900,900,0,,6962,0,0
3532,45,41,535640,12927.7554,200,17786,34,11857,0,0,0
3533,23,52,51300,986.5385,100,10000,2,4100,0,3191,3191
3534,37,32,480110,14833.4706,600,19689,26,13126,0,0,0
3535,1,0,1100,0.0000,1100,1100,0,,0,3197,3197
3536,1,0,600,0.0000,600,600,0,,6263,0,0
3537,21,16,133901,8474.7468,600,10114,13,6743,0,0,0
3538,66,65,1635996,25233.8715,400,35292,53,23528,0,0,0
3539,115,55,411257,7468.3475,100,48151,55,1500,0,0,0
3540,13,22,34300,1559.0909,400,8100,2,600,0,3848,3848
3541,1,0,400,0.0000,400,400,0,,5485,0,0
3542,1,0,600,0.0000,600,600,0,,0,3401,3401
3543,1,0,900,0.0000,900,900,0,,0,3141,3141
3544,2,1,4500,0.0000,1100,3400,0,,0,17776,26664
3545,72,71,1537722,21709.0165,900,30304,58,20203,0,0,0
3546,25,23,562250,24915.0665,800,33411,19,22274,0,0,0
3547,1,0,300,0.0000,300,300,0,,4026,0,0
3548,1,0,1000,0.0000,1000,1000,0,,6022,0,0
3549,1,0,600,0.0000,600,600,0,,4898,0,0
3550,37,30,453580,15254.9327,1000,19716,25,13144,0,0,0
3551,25,52,51000,980.7692,200,10400,3,700,0,3288,3288
3552,59,40,573279,14452.4118,300,17210,33,11473,0,0,0
3553,42,40,671913,16811.8349,1000,23038,33,15359,0,0,0
3554,167,71,502129,7068.9207,100,46550,71,900,0,0,0
3555,13,49,37700,769.3878,100,7900,0,,0,20548,30822
3556,6,11,18900,1718.1818,100,7100,0,,0,17483,26224
3557,1,0,400,0.0000,400,400,0,,0,3393,3393
3558,1,0,400,0.0000,400,400,0,,0,43743,65614
3559,40,36,554804,15454.1504,300,21054,30,14036,0,0,0
3560,1,0,800,0.0000,800,800,0,,5026,0,0
3561,1,0,600,0.0000,600,600,0,,4324,0,0
3562,53,29,1288305,44526.6705,1000,49720,0,,0,0,0
3563,32,30,590160,19982.8442,1000,27132,25,18088,0,0,0
3564,29,25,208380,8357.4866,1000,10428,20,6952,0,0,0
3565,11,20,32800,1640.0000,100,12000,0,,0,3594,3594
3566,79,67,428609,6384.4439,200,8032,55,5355,0,0,0
3567,69,49,1489516,30690.5769,400,49989,0,,0,0,0
3568,1,0,500,0.0000,500,500,0,,5243,0,0
3569,65,27,202879,7413.3618,200,43016,27,900,0,0,0
3570,102,61,522002,8534.0926,100,13600,50,5755,0,0,0
3571,91,61,444144,7225.7701,100,7900,50,5169,0,0,0
3572,1,0,900,0.0000,900,900,0,,6213,0,0
3573,14,29,109163,3764.2414,400,25299,0,,0,0,0
3574,7,21,21000,1000.0000,100,8900,0,,0,3492,3492
3575,87,64,580253,9066.4531,100,11408,53,7605,0,0,0
3576,1,0,900,0.0000,900,900,0,,4065,0,0
3577,29,19,292712,15140.2759,700,17919,16,11946,0,0,0
3578,40,34,501436,14676.1756,600,19064,28,12709,0,0,0
3579,54,52,1363207,26181.9526,1000,36128,43,24085,0,0,0
3580,72,65,1054580,16149.7703,400,21946,54,14631,0,0,0
3581,24,21,237049,11414.8796,400,14684,17,9789,0,0,0
3582,1,0,700,0.0000,700,700,0,,0,2942,2942
3583,1,0,500,0.0000,500,500,0,,5336,0,0
3584,1,0,200,0.0000,200,200,0,,0,33827,50740
3585,1,0,300,0.0000,300,300,0,,6242,0,0
3586,72,69,978819,14104.0202,300,19426,57,12951,0,0,0
3587,12,36,26500,736.1111,100,11400,2,2000,0,3251,3251
3588,1,0,700,0.0000,700,700,0,,6679,0,0
3589,36,26,999784,39207.2157,1100,48167,0,,0,0,0
3590,32,31,744757,24365.0055,800,32822,25,21881,0,0,0
3591,46,31,860916,27801.3778,200,44780,0,,0,0,0
3592,1,0,600,0.0000,600,600,0,,6007,0,0
3593,72,71,1203918,17012.5012,200,23681,58,15787,0,0,0
3594,59,56,1565270,27884.8575,600,49365,0,,0,0,0
3595,68,56,749388,13373.9679,400,17705,46,11803,0,0,0
3596,34,32,652678,20438.7683,500,27698,26,18465,0,0,0
3597,54,34,1324636,39036.4244,100,49177,0,,0,0,0
3598,16,14,234346,17316.2069,300,22098,11,14732,0,0,0
3599,1,0,700,0.0000,700,700,0,,5440,0,0
3600,1,0,1100,0.0000,1100,1100,0,,6623,0,0
3601,1,0,700,0.0000,700,700,0,,5827,0,0
3602,50,25,1141135,45343.1126,500,45716,0,,0,0,0
3603,18,15,309858,20520.3974,100,27678,12,18452,0,0,0
3604,1,0,500,0.0000,500,500,0,,6945,0,0
3605,34,33,889695,26933.2492,600,37046,27,24697,0,0,0
3606,40,32,258640,8023.9917,100,10176,26,6784,0,0,0
3608,73,52,1312725,25196.2572,200,49636,0,,0,0,0
3609,70,65,1502089,23002.8943,600,31481,54,20987,0,0,0
3610,1,0,700,0.0000,700,700,0,,4279,0,0
3612,59,52,826729,15847.8403,700,21388,43,14259,0,0,0
3613,78,65,664445,10259.0582,200,13892,53,9261,0,0,0
3614,39,28,968921,34197.2118,500,49236,2,500,0,0,0
3615,29,25,293378,11565.4928,300,14862,21,9908,0,0,0
3616,9,12,29300,2441.6667,400,12500,2,1700,0,0,0
3617,69,62,1116116,18118.7662,900,24506,50,16337,0,0,0
3618,73,63,1199490,18929.3530,400,25406,52,16937,0,0,0
3620,43,23,122529,5421.6372,500,28736,23,500,0,0,0
3621,63,48,466804,9664.6791,100,11968,40,7979,0,0,0
3622,72,51,1361474,26695.5686,500,48843,3,14700,0,0,0
3623,16,45,42500,944.4444,500,10600,2,2700,0,3893,3893
3624,41,43,1014057,23766.9609,500,49573,0,,0,0,0
3625,1,0,300,0.0000,300,300,0,,6974,0,0
3626,34,25,376031,14784.9672,800,18549,21,12366,0,0,0
3628,42,39,655026,16639.1025,400,22946,32,15297,0,0,0
3629,23,56,39500,705.3571,100,5100,3,900,0,15873,23810
3631,1,0,800,0.0000,800,800,0,,5224,0,0
3632,22,33,508925,15344.4724,400,45237,0,,0,0,0
3633,32,22,314650,14109.8655,200,17631,19,11754,0,0,0
3634,1,0,1000,0.0000,1000,1000,0,,0,48511,72766
3635,6,18,21800,1211.1111,600,13600,0,,0,3808,3808
3636,88,55,741100,13377.2563,100,17800,45,9820,0,0,0
3637,42,38,672304,17738.8918,400,23964,31,15976,0,0,0
3638,6,25,19400,776.0000,500,4900,0,,0,33948,50922
3639,1,0,200,0.0000,200,200,0,,5038,0,0
3640,1,0,300,0.0000,300,300,0,,6454,0,0
3641,1,0,600,0.0000,600,600,0,,0,3371,3371
3643,27,48,59600,1241.6667,100,10300,2,3000,0,0,0
3644,1,0,1000,0.0000,1000,1000,0,,0,3456,3456
3645,34,30,517535,17136.9205,300,23642,25,15761,0,0,0
3646,79,38,2031647,53558.3568,700,49827,3,7000,0,0,0
3647,42,30,310030,10243.2819,300,13146,25,8764,0,0,0
3648,18,32,46100,1440.6250,100,6800,2,1800,0,3704,3704
3649,69,68,1345429,19814.8601,600,27592,55,18395,0,0,0
3650,70,55,750480,13661.6505,100,17682,45,11788,0,0,0
3651,1,0,800,0.0000,800,800,0,,5081,0,0
3652,1,0,900,0.0000,900,900,0,,6097,0,0
3653,57,56,1346560,24002.8520,900,33090,46,22060,0,0,0
3654,75,66,1483965,22484.3182,700,29895,54,19930,0,0,0
3655,38,36,605668,16777.5069,900,23118,30,15412,0,0,0
3656,111,65,363663,5560.5963,500,43456,65,1500,0,0,0
3657,1,0,1000,0.0000,1000,1000,0,,5569,0,0
3658,46,21,115670,5481.9905,300,23031,21,700,0,0,0
3659,35,23,364427,16054.0529,900,18700,19,11541,0,0,0
3660,153,62,399833,6448.9194,100,49215,62,600,0,0,0
3661,1,0,800,0.0000,800,800,0,,4966,0,0
3662,20,19,408023,21897.4776,600,29102,15,19401,0,0,0
3663,52,50,1345979,26973.5271,400,36993,41,24662,0,0,0
3664,48,32,1256997,39322.1168,800,49851,0,,0,0,0
3665,20,18,298555,16314.4809,500,45719,0,,0,0,0
3667,84,59,350937,5924.6539,300,7900,49,4463,0,0,0
3668,17,28,46600,1664.2857,200,11200,2,2900,0,0,0
3669,72,60,552660,9155.0525,100,12246,50,8164,0,0,0
3670,1,0,400,0.0000,400,400,0,,4442,0,0
3671,1,0,1000,0.0000,1000,1000,0,,4498,0,0
3672,35,33,712056,21404.4890,100,29619,27,19746,0,0,0
3673,17,30,32800,1093.3333,400,8700,2,2000,0,2909,2909
3674,146,70,3497094,49745.2916,400,49136,2,8600,0,0,0
3675,3,23,10100,439.1304,700,5100,0,,0,46099,69148
3676,1,0,1100,0.0000,1100,1100,0,,4979,0,0
3677,1,0,400,0.0000,400,400,0,,0,3425,3425
3678,103,70,794681,11428.7776,200,13352,57,8901,0,0,0
3679,70,41,846487,20900.9136,200,25862,33,17241,0,0,0
3680,1,0,1000,0.0000,1000,1000,0,,5800,0,0
3681,27,23,497350,21750.0000,200,29511,19,19674,0,0,0
3682,116,67,489866,7293.2903,200,14600,55,4142,0,0,0
3683,65,65,1629107,25192.3763,1000,35139,53,23426,0,0,0
3684,1,0,1100,0.0000,1100,1100,0,,6710,0,0
3686,1,0,1100,0.0000,1100,1100,0,,0,3082,3082
3687,69,62,826020,13315.7442,300,17916,51,11944,0,0,0
3688,64,62,1036215,16722.1356,1100,22887,51,15258,0,0,0
3689,49,37,1188023,31708.7989,500,48375,0,,0,0,0
3690,30,27,664414,24915.5250,900,46458,0,,0,0,0
3691,1,0,400,0.0000,400,400,0,,6540,0,0
3692,1,0,500,0.0000,500,500,0,,4895,0,0
3693,91,72,1323925,18516.4336,300,28000,59,15447,0,0,0
3694,32,29,408455,13861.5950,1100,18436,25,12291,0,0,0
3695,25,20,303914,14897.7451,700,19227,17,12818,0,0,0
3696,32,30,728185,24326.8931,100,33567,25,22378,0,0,0
3697,72,68,972564,14239.5900,400,19601,56,13067,0,0,0
3698,20,34,48100,1414.7059,200,11500,2,1900,0,0,0
3699,68,65,1365362,21005.5692,600,28940,54,19293,0,0,0
3700,21,18,415238,22567.2826,800,29217,15,19478,0,0,0
3701,1,0,800,0.0000,800,800,0,,6192,0,0
3702,60,44,834376,18764.0780,500,24509,36,16339,0,0,0
3703,1,0,400,0.0000,400,400,0,,0,3019,3019
3704,1,0,500,0.0000,500,500,0,,6242,0,0
3705,28,14,776522,55864.8921,200,49340,0,,0,0,0
3706,53,33,290889,8950.4308,200,9670,27,6447,0,0,0
3708,65,25,176156,7008.8594,300,32276,25,1900,0,0,0
3709,43,34,445406,13256.1310,100,17157,28,11438,0,0,0
3710,53,46,594900,12941.9869,600,17322,38,11548,0,0,0
3711,18,19,381359,20071.5263,400,49137,0,,0,0,0
3712,1,0,900,0.0000,900,900,0,,6074,0,0
3713,123,67,2847934,42506.4776,600,49573,2,5000,0,0,0
3714,79,57,1901036,33332.0164,400,49239,0,,0,0,0
3715,7,9,23200,2577.7778,600,11500,2,900,0,0,0
3716,12,19,38800,2042.1053,200,11900,2,200,0,0,0
3717,8,22,17600,800.0000,300,5900,0,,0,15582,23373
3718,27,57,80200,1407.0175,100,12500,2,4100,0,3161,3161
3719,20,18,254629,14278.2617,200,19118,15,12745,0,0,0
3720,1,0,800,0.0000,800,800,0,,5657,0,0
3721,1,0,500,0.0000,500,500,0,,0,3391,3391
3722,16,12,179784,14498.7097,400,18278,10,12185,0,0,0
3723,54,31,308181,10104.2951,100,49485,31,1300,0,0,0
3724,13,14,169183,11803.4651,400,43780,0,,0,0,0
3725,45,42,779585,18357.5746,800,25490,35,16993,0,0,0
3726,43,30,1048370,35101.6741,400,49915,2,9700,0,0,0
3727,49,35,512848,14542.0038,300,19044,29,12696,0,0,0
3728,8,45,18200,404.4444,400,6500,0,,0,11213,16820
3729,1,0,300,0.0000,300,300,0,,4412,0,0
3730,1,0,800,0.0000,800,800,0,,5152,0,0
3731,1,0,1100,0.0000,1100,1100,0,,0,2962,2962
3732,1,0,500,0.0000,500,500,0,,4673,0,0
3733,49,29,1244862,42926.2759,1000,49069,0,,0,0,0
3734,83,70,417258,5955.1570,400,10000,58,4939,0,0,0
3735,71,42,2013161,48085.0557,300,49533,0,,0,0,0
3736,1,0,1000,0.0000,1000,1000,0,,6963,0,0
3737,1,0,1100,0.0000,1100,1100,0,,6852,0,0
3738,67,65,1434647,21992.5447,400,30501,54,20334,0,0,0
3739,23,21,430240,20618.5304,600,27870,17,18580,0,0,0
3741,37,28,216631,7736.8214,500,9513,23,6342,0,0,0
3742,1,0,1000,0.0000,1000,1000,0,,4454,0,0
3743,35,33,753940,22709.0361,600,31335,27,20890,0,0,0
3745,29,65,279000,4292.3077,200,32500,2,200,0,26258,39387
3746,32,31,647853,21241.0820,1000,28538,25,19025,0,0,0
3747,86,56,645714,11537.4747,1000,12861,46,8574,0,0,0
3748,1,0,1000,0.0000,1000,1000,0,,0,3192,3192
3749,30,28,718303,25351.8706,800,35169,23,23446,0,0,0
3750,49,45,1005421,22194.7241,600,30350,37,20233,0,0,0
3751,66,64,1370682,21529.0366,700,29954,52,19969,0,0,0
3752,51,49,914896,18633.3198,200,25604,40,17069,0,0,0
3753,1,0,900,0.0000,900,900,0,,5937,0,0
3754,4,30,6900,230.0000,100,4700,0,,0,29561,44342
3755,58,35,1572144,44961.2202,200,48659,0,,0,0,0
3756,77,51,1908441,37298.5212,400,49906,0,,0,0,0
3757,1,0,1100,0.0000,1100,1100,0,,0,29478,44217
3758,62,39,337595,8634.1432,100,9200,32,6014,0,0,0
3759,1,0,600,0.0000,600,600,0,,4930,0,0
3760,105,72,2760640,38236.0111,1000,49992,0,,0,0,0
3763,51,40,480507,11952.9104,300,15424,33,10283,0,0,0
3764,19,36,48300,1341.6667,100,12300,3,2600,0,3911,3911
3765,1,0,600,0.0000,600,600,0,,0,3106,3106
3766,27,26,655385,24888.0380,100,48643,0,,0,0,0
3767,42,37,482148,12891.6578,300,17354,30,11569,0,0,0
3768,30,19,684575,36805.1075,400,48822,0,,0,0,0
3769,1,0,700,0.0000,700,700,0,,6851,0,0
3770,49,39,811986,20784.6246,100,27134,32,18089,0,0,0
3771,79,67,1867397,27816.2413,100,48935,2,700,0,0,0
3772,38,37,955847,25694.8118,1100,35361,30,23574,0,0,0
3773,1,0,700,0.0000,700,700,0,,5791,0,0
3774,32,28,407170,14716.9880,300,19410,23,12940,0,0,0
3775,1,0,300,0.0000,300,300,0,,6136,0,0
3776,28,26,663178,25279.9746,1000,34662,21,23108,0,0,0
3777,1,0,200,0.0000,200,200,0,,0,3223,3223
3778,72,66,1650257,25003.8939,900,34197,55,22798,0,0,0
3779,52,42,532078,12800.5934,100,17106,34,11404,0,0,0
3780,1,0,300,0.0000,300,300,0,,6272,0,0
3781,74,70,1813481,26068.2463,800,36050,57,24033,0,0,0
3782,6,16,25800,1612.5000,1100,7100,0,,0,28522,42783
3783,42,37,378341,10243.8899,300,13313,30,8875,0,0,0
3784,50,35,330267,9409.3162,300,11122,29,7415,0,0,0
3785,85,70,1965850,28258.5050,200,35763,57,23842,0,0,0
3786,112,67,2980488,44330.5107,300,49767,0,,0,0,0
3787,72,71,1594800,22599.9055,800,31425,58,20950,0,0,0
3788,177,69,571283,8247.5890,200,40359,70,1000,0,0,0
3789,40,29,874288,30605.1809,100,48247,2,100,0,0,0
3790,28,19,509558,26818.8421,1100,48320,0,,0,0,0
3791,3,10,1900,190.0000,100,1400,0,,0,27680,41520
3792,1,0,300,0.0000,300,300,0,,5277,0,0
3793,35,30,381090,12759.7098,100,16758,25,11172,0,0,0
3794,25,22,475050,21176.0773,400,28107,19,18738,0,0,0
3795,35,33,692360,20854.2169,900,28665,27,19110,0,0,0
3796,74,67,1149469,17037.5840,100,23362,55,15575,0,0,0
3797,29,50,68900,1378.0000,200,9100,3,1000,0,0,0
3798,18,16,270954,17331.8124,200,23165,13,15443,0,0,0
3799,27,25,443660,18083.9674,900,24096,20,16064,0,0,0
3800,32,27,227396,8422.0741,200,11090,22,7393,0,0,0
3801,31,30,713605,23760.4329,200,32926,25,21951,0,0,0
3802,1,0,200,0.0000,200,200,0,,4914,0,0
3803,45,35,320051,9126.9297,600,11674,29,7783,0,0,0
3804,5,32,8900,278.1250,200,3800,0,,0,31624,47436
3805,66,54,729855,13515.8333,200,17745,45,11830,0,0,0
3806,34,32,792780,24646.0104,200,33852,26,22568,0,0,0
3807,43,40,852842,21500.2185,500,29298,33,19532,0,0,0
3808,74,65,1138436,17505.4229,100,23688,54,15792,0,0,0
3809,33,25,309250,12337.1011,300,15570,20,10380,0,0,0
3810,1,0,500,0.0000,500,500,0,,6541,0,0
3811,17,21,39600,1885.7143,100,8400,3,800,0,3773,3773
3812,1,0,400,0.0000,400,400,0,,4980,0,0
3813,19,14,177815,12492.8571,1100,15465,12,10310,0,0,0
3814,13,21,32400,1542.8571,300,11100,2,3300,0,0,0
3815,35,31,929990,30227.1939,400,46613,2,32559,0,0,0
3816,23,32,70500,2203.1250,100,9800,2,3500,0,0,0
3817,61,47,528794,11331.3000,300,14691,39,9794,0,0,0
3818,82,72,1394648,19298.6347,100,26049,60,17366,0,0,0
3819,31,25,304460,12049.8681,700,15980,20,10653,0,0,0
3820,87,62,912792,14810.0379,200,18122,50,12081,0,0,0
3821,72,32,313852,9666.8994,500,47518,33,500,0,0,0
3822,29,58,128800,2220.6897,200,12300,2,6200,0,17347,26020
3823,12,45,181367,4051.3850,600,47349,0,,0,0,0
3824,63,58,594976,10317.5029,500,13947,47,9298,0,0,0
3825,23,58,264787,4549.6048,100,41105,2,400,0,0,0
3826,69,46,425900,9265.4097,300,10800,38,6778,0,0,0
3827,53,51,513154,10048.7076,200,13664,42,9109,0,0,0
3828,1,0,1100,0.0000,1100,1100,0,,0,3016,3016
3830,11,20,53300,2665.0000,200,15800,0,,0,14313,21470
3832,44,35,316740,8998.2955,200,11670,29,7780,0,0,0
3833,20,18,522764,29368.7640,800,48446,0,,0,0,0
3834,87,72,1116369,15555.5365,700,20812,59,13875,0,0,0
3835,76,70,1088281,15569.1130,800,21350,57,14233,0,0,0
3836,14,12,336600,27440.2174,300,34790,10,23193,0,0,0
3837,17,55,84100,1529.0909,800,11300,2,11300,0,13776,20664
3838,58,56,773258,13783.5651,800,18860,46,12573,0,0,0
3839,1,0,600,0.0000,600,600,0,,0,30721,46082
3840,1,0,700,0.0000,700,700,0,,5970,0,0
3841,1,0,800,0.0000,800,800,0,,4547,0,0
3842,1,0,800,0.0000,800,800,0,,5031,0,0
3843,36,27,209405,7833.1047,100,41413,27,1700,0,0,0
3844,1,0,200,0.0000,200,200,0,,0,3390,3390
3845,45,44,1154774,26546.5287,500,36813,35,24542,0,0,0
3846,1,0,700,0.0000,700,700,0,,0,3024,3024
3847,45,42,924942,21797.5334,1000,30371,35,20247,0,0,0
3848,42,30,391015,13224.8591,100,16293,25,10862,0,0,0
3849,53,50,924225,18325.6775,700,25275,41,16850,0,0,0
3850,70,65,1441005,22135.2535,900,30315,54,20210,0,0,0
3851,25,21,453478,21907.1498,300,46965,0,,0,0,0
3852,1,0,200,0.0000,200,200,0,,5046,0,0
3854,16,31,31500,1016.1290,200,11400,3,300,0,3330,3330
3855,42,40,956721,24139.3019,300,32890,33,21927,0,0,0
3856,1,0,500,0.0000,500,500,0,,4938,0,0
3857,1,0,200,0.0000,200,200,0,,0,3275,3275
3858,69,37,272386,7455.8212,200,39921,36,1700,0,0,0
3859,37,33,905630,27751.6854,200,49998,2,11300,0,0,0
3860,4,17,8800,517.6471,300,5800,0,,0,12485,18728
3861,24,23,619000,27470.4142,700,37098,19,24732,0,0,0
3862,50,25,1322009,52460.6746,600,49627,0,,0,0,0
3863,80,64,919186,14445.0393,300,19134,52,12756,0,0,0
3864,49,30,1017796,34040.0000,100,44117,0,,0,0,0
3865,48,47,990308,21220.8857,500,29112,39,19408,0,0,0
3866,12,40,177812,4478.8917,700,42634,0,,0,0,0
3867,20,17,264000,15621.3018,800,20822,14,13881,0,0,0
3868,1,0,200,0.0000,200,200,0,,5362,0,0
3869,107,52,2831330,54205.4244,200,49897,0,,0,0,0
3870,1,0,800,0.0000,800,800,0,,5510,0,0
3871,1,0,300,0.0000,300,300,0,,4356,0,0
3872,12,18,36300,2016.6667,600,5600,2,2300,0,15013,22520
3874,67,43,483124,11287.9439,200,13188,35,8792,0,0,0
3875,1,0,1100,0.0000,1100,1100,0,,0,38482,57723
3876,71,59,1771675,29943.8028,500,49936,0,,0,0,0
3877,27,26,606980,23315.4930,500,31920,21,21280,0,0,0
3878,24,49,55000,1122.4490,200,8400,3,1500,0,2902,2902
3880,1,0,800,0.0000,800,800,0,,6871,0,0
3881,51,34,285560,8440.1970,200,10142,28,6761,0,0,0
3882,35,66,65100,986.3636,200,8800,5,1600,0,3246,3246
3883,184,70,488852,6970.3232,300,45790,73,500,0,0,0
3884,33,25,241660,9653.5286,100,12680,20,8453,0,0,0
3885,25,20,130132,6358.2410,200,9600,17,5184,0,0,0
3886,78,58,1795527,30957.3621,400,49557,2,1600,0,0,0
3887,18,28,56200,2007.1429,100,13500,2,2100,0,3020,3020
3888,25,53,59800,1128.3019,500,10900,3,2200,0,0,0
3889,1,0,1100,0.0000,1100,1100,0,,0,2910,2910
3890,55,34,381440,11120.6997,100,13700,28,8201,0,0,0
3891,72,65,1154501,17889.9948,600,24477,53,16318,0,0,0
3892,1,0,800,0.0000,800,800,0,,0,3357,3357
3893,37,24,155280,6390.1235,100,7400,20,4553,0,0,0
3894,1,0,600,0.0000,600,600,0,,6868,0,0
3895,45,42,477360,11465.8127,200,15626,34,10417,0,0,0
3896,3,35,9200,262.8571,400,4500,0,,0,33747,50620
3897,22,20,486888,24143.2066,1000,32781,16,21854,0,0,0
3898,1,0,800,0.0000,800,800,0,,6915,0,0
3899,32,30,630660,21186.7861,800,28932,25,19288,0,0,0
3901,18,15,303091,19681.2338,800,25816,13,17211,0,0,0
3902,51,41,453609,11181.8159,600,14480,33,9653,0,0,0
3903,51,49,908192,18712.7473,500,26019,40,17346,0,0,0
3904,1,0,600,0.0000,600,600,0,,0,3113,3113
3905,34,19,703716,37037.6842,800,46345,0,,0,0,0
3906,2,15,9800,653.3333,1100,8700,0,,0,33464,50196
3907,40,32,949547,29489.0373,600,49440,0,,0,0,0
3908,1,0,700,0.0000,700,700,0,,4810,0,0
3909,73,72,1880600,26131.5424,700,36600,59,24400,0,0,0
3910,1,0,1000,0.0000,1000,1000,0,,4506,0,0
3911,1,0,200,0.0000,200,200,0,,0,2920,2920
3912,1,0,700,0.0000,700,700,0,,6241,0,0
3913,30,27,433834,16289.1364,900,21520,22,14347,0,0,0
3914,43,40,949936,23968.1077,200,32543,33,21695,0,0,0
3915,72,69,1735819,25120.3907,100,34696,57,23131,0,0,0
3916,3,10,7400,740.0000,800,3800,0,,0,16162,24243
3917,34,33,758904,23113.8274,600,31596,27,21064,0,0,0
3918,67,61,631953,10365.5495,700,13923,50,9282,0,0,0
3919,16,14,274265,19826.3855,200,25845,11,17230,0,0,0
3920,77,65,1812619,28015.7496,300,49759,2,4300,0,0,0
3921,77,54,1697100,31564.1662,100,49694,2,1300,0,0,0
3922,1,0,900,0.0000,900,900,0,,5673,0,0
3923,73,69,1658619,23887.9357,400,32956,57,21971,0,0,0
3924,1,0,300,0.0000,300,300,0,,4764,0,0
3925,73,40,1642811,41070.2750,400,49419,2,6100,0,0,0
3926,1,0,400,0.0000,400,400,0,,5427,0,0
3927,93,63,435563,6965.2932,100,13500,51,4989,0,0,0
3928,60,32,218826,6895.7773,300,42613,32,1200,0,0,0
3930,46,44,925356,20967.2810,800,28833,36,19222,0,0,0
3931,37,35,750036,21635.6538,1000,29508,29,19672,0,0,0
3932,1,0,600,0.0000,600,600,0,,6957,0,0
3933,36,34,548024,16118.3529,700,46242,2,10500,0,0,0
3934,1,0,700,0.0000,700,700,0,,6362,0,0
3935,20,70,72600,1037.1429,700,7900,2,3900,0,21736,32604
3936,18,40,43200,1080.0000,200,11300,2,1900,0,3628,3628
3937,1,0,800,0.0000,800,800,0,,5258,0,0
3938,62,62,1532861,24897.5799,1100,34551,50,23034,0,0,0
3939,85,66,595603,9033.4125,100,11649,54,7766,0,0,0
3940,6,21,22800,1085.7143,700,9100,0,,0,17895,26842
3941,1,0,300,0.0000,300,300,0,,0,3164,3164
3942,54,32,1242567,38992.6883,100,49647,0,,0,0,0
3943,1,0,300,0.0000,300,300,0,,0,2913,2913
3944,41,39,741064,19198.5492,800,25996,32,17331,0,0,0
3945,25,37,56500,1527.0270,100,12100,2,1600,0,0,0
3946,30,29,557253,19149.5876,900,26493,24,17662,0,0,0
3947,37,35,778137,22232.4857,400,30665,29,20443,0,0,0
3948,66,62,1008485,16300.9429,200,22635,50,15090,0,0,0
3949,19,36,186195,5196.1395,300,46499,3,2000,0,0,0
3950,17,15,422220,27298.7069,400,36156,13,24104,0,0,0
3951,23,19,125733,6771.9749,600,8302,15,5535,0,0,0
3952,1,0,500,0.0000,500,500,0,,6610,0,0
3953,4,13,39900,3069.2308,500,20700,0,,0,31786,47679
3954,1,0,1000,0.0000,1000,1000,0,,6109,0,0
3955,99,66,614780,9352.6369,100,11534,54,7689,0,0,0
3956,39,26,335141,13040.5058,100,15586,21,10391,0,0,0
3957,1,0,700,0.0000,700,700,0,,0,30463,45694
3958,14,11,303122,26589.6491,1000,34526,10,23017,0,0,0
3959,8,22,58300,2650.0000,300,13700,2,7000,0,16806,25209
3960,1,0,500,0.0000,500,500,0,,4807,0,0
3961,1,0,700,0.0000,700,700,0,,0,3464,3464
3962,11,24,39100,1629.1667,100,12000,0,,0,0,0
3963,16,14,209092,15488.2963,600,19296,11,12864,0,0,0
3964,1,0,800,0.0000,800,800,0,,0,3219,3219
3965,23,58,146600,2527.5862,200,21000,2,4400,0,14097,21146
3966,1,0,800,0.0000,800,800,0,,4334,0,0
3967,56,27,1235397,45307.9584,100,49963,0,,0,0,0
3968,37,36,684692,19125.4749,1100,26292,30,17528,0,0,0
3969,68,67,1258194,18863.4783,600,26274,55,17516,0,0,0
3970,2,14,4300,307.1429,200,4100,0,,0,38155,57232
3971,25,22,603130,27624.2748,200,44773,0,,0,0,0
3972,70,63,1186790,18907.9660,700,25902,51,17268,0,0,0
3973,44,37,438686,11845.7066,200,15618,30,10412,0,0,0
3974,36,34,566304,16820.9109,900,22816,28,15211,0,0,0
3975,1,0,400,0.0000,400,400,0,,0,3404,3404
3976,1,0,600,0.0000,600,600,0,,6453,0,0
3977,1,0,800,0.0000,800,800,0,,4636,0,0
3978,49,47,1119000,24064.5161,700,33327,38,22218,0,0,0
3979,38,34,402450,11710.4753,700,15797,28,10531,0,0,0
3980,91,69,730131,10551.0260,100,12833,57,8555,0,0,0
3981,1,0,500,0.0000,500,500,0,,0,3397,3397
3982,1,0,700,0.0000,700,700,0,,0,3230,3230
3983,72,71,1127102,15867.2267,900,21939,59,14626,0,0,0
3984,1,0,500,0.0000,500,500,0,,4041,0,0
3985,1,0,900,0.0000,900,900,0,,4077,0,0
3986,25,18,220933,12411.9663,300,15256,15,10171,0,0,0
3987,19,15,181884,12206.9799,200,15608,12,10405,0,0,0
3988,57,20,137132,6937.5379,100,26346,20,1000,0,0,0
3989,1,0,900,0.0000,900,900,0,,4016,0,0
3990,32,22,645222,29328.2727,300,49456,0,,0,0,0
3991,1,0,300,0.0000,300,300,0,,6943,0,0
3992,14,12,259778,22015.0847,200,29744,10,19829,0,0,0
3993,38,35,763667,21715.6493,400,30022,29,20015,0,0,0
3994,51,33,1222221,36962.3286,200,49808,0,,0,0,0
3995,48,40,451101,11230.7303,200,14710,33,9807,0,0,0
3996,1,0,1100,0.0000,1100,1100,0,,6646,0,0
3997,63,60,523352,8756.5867,200,12027,49,8018,0,0,0
3998,35,32,590710,18421.3098,100,25059,26,16706,0,0,0
3999,94,68,1119236,16395.0586,400,26400,56,12245,0,0,0
4000,167,65,565425,8636.8381,200,48404,66,1600,0,0,0
4001,26,46,56500,1228.2609,100,12800,5,600,0,0,0
4003,34,15,942161,62257.3348,400,49238,0,,0,0,0
4008,25,33,78400,2375.7576,300,9700,2,5100,0,0,0
4009,59,58,1560344,26748.7543,900,37130,48,24753,0,0,0
4010,30,28,434624,15394.0024,900,21252,23,14168,0,0,0
4013,43,63,265800,4219.0476,100,16700,2,9200,0,10030,15045
4014,85,43,2115980,49593.2813,100,49252,0,,0,0,0
4026,7,18,18000,1000.0000,600,6900,0,,0,26204,39306
4033,29,25,340240,13555.3785,500,18368,20,12245,0,0,0
4034,105,72,529960,7398.2317,200,17100,59,5080,0,0,0
4035,13,60,85900,1431.6667,400,18700,0,,0,29880,44820
4047,59,39,1237700,31681.7406,200,49594,2,9100,0,0,0
4052,9,20,52000,2600.0000,900,13900,2,13900,0,18981,28472
4055,73,72,1564943,21856.7458,200,30422,59,20281,0,0,0
4059,26,59,56300,954.2373,100,10900,3,600,0,0,0
4066,2,30,5500,183.3333,400,5100,0,,0,32245,48368
4069,41,25,162840,6470.4636,300,10100,20,4216,0,0,0
4071,2,1,3800,0.0000,1100,2700,0,,0,19872,29808
4078,73,71,1830472,25648.8370,300,35604,59,23736,0,0,0
4079,120,62,2474382,39674.7515,200,49503,2,7600,0,0,0
4081,46,41,540471,13075.9113,200,17817,34,11878,0,0,0
4082,61,50,1121627,22283.9801,100,48559,2,13200,0,0,0
4086,1,0,700,0.0000,700,700,0,,0,42357,63536
4088,42,34,1016018,29882.8824,100,49512,0,,0,0,0
4090,13,26,47700,1834.6154,200,13300,2,200,0,0,0
4091,22,16,282258,17210.8537,400,21580,14,14387,0,0,0
4092,36,33,432212,13005.3761,700,17388,27,11592,0,0,0
4093,91,70,408099,5855.0789,300,49614,69,700,0,0,0
4099,32,31,617696,19968.6207,800,27216,25,18144,0,0,0
4102,12,26,113351,4404.8316,700,48788,0,,0,0,0
4103,75,48,1952073,41038.6755,100,49396,0,,0,0,0
4105,114,44,316303,7188.7045,100,48207,44,1700,0,0,0
4109,106,47,300561,6417.6726,300,44941,48,300,0,0,0
4116,27,15,743283,50108.9663,1000,49467,0,,0,0,0
4119,104,63,329027,5242.0659,100,45681,63,400,0,0,0
4121,64,43,328867,7683.8084,200,40995,43,1900,0,0,0
4127,16,23,287030,12318.8841,700,45402,0,,0,0,0
4128,21,15,450108,29742.8194,700,49319,0,,0,0,0
4130,22,19,404600,21559.5027,300,49326,0,,0,0,0
4131,101,53,2648432,49907.6382,700,49895,0,,0,0,0
4132,12,14,82748,6054.7317,1000,40348,2,2500,0,0,0
4134,100,70,2345135,33374.7865,500,48668,2,800,0,0,0
4140,14,12,306157,24958.4511,800,31589,10,21059,0,0,0
4143,17,14,357530,25060.5140,1000,32294,12,21529,0,0,0
4144,48,28,1023096,37113.5187,1100,49145,2,9200,0,0,0
4150,20,17,343443,19700.3633,600,26026,15,17351,0,0,0
4156,29,18,500989,27832.7222,200,47666,2,5200,0,0,0
4158,3,14,3000,214.2857,600,1500,0,,0,26118,39177
4159,129,66,497171,7502.5805,200,49859,66,400,0,0,0
4161,50,46,568746,12283.9309,500,16756,38,11171,0,0,0
4171,99,67,1986907,29655.3284,200,49827,2,13100,0,0,0
4173,37,62,248500,4001.6103,400,39330,3,400,0,0,0
4186,30,28,634537,22662.0357,900,31094,23,20729,0,0,0
4190,67,39,563215,14503.3906,100,16557,32,11038,0,0,0
4195,95,56,2567537,45903.5221,700,49442,2,7669,0,0,0
4204,9,31,114085,3740.4918,600,36085,0,,0,0,0
4208,35,21,90119,4381.7990,800,14807,21,1200,0,0,0
4214,58,33,1259171,38156.6970,700,48141,2,7900,0,0,0
4225,68,68,1615781,23890.3056,1100,33178,55,22119,0,0,0
4237,66,59,1851763,31439.1002,600,49471,0,,0,0,0
4240,6,49,23400,477.5510,500,7000,0,,0,27666,41499
4245,61,56,943062,16840.3929,500,22856,46,15237,0,0,0
4253,2,25,4400,176.0000,1000,3400,0,,0,41252,61878
4254,93,68,498909,7304.6706,100,44966,68,1900,0,0,0
4255,4,62,13600,219.3548,900,5200,0,,0,34430,51645
4258,50,39,1251532,32090.5641,300,49573,3,300,0,0,0
4259,1,0,900,0.0000,900,900,0,,0,44110,66165
4260,3,6,3100,516.6667,700,1400,0,,0,24453,36680
4263,24,41,309744,7554.7317,100,49269,2,1600,0,0,0
4264,62,61,1429950,23480.2956,200,32250,50,21500,0,0,0
4266,24,22,422600,18950.6726,300,25338,19,16892,0,0,0
4268,39,22,341858,15515.4917,200,16700,18,9969,0,0,0
4269,58,36,1322537,36737.1389,300,49429,0,,0,0,0
4273,33,32,788617,24618.6368,900,47067,0,,0,0,0
4276,82,54,2063352,38233.8233,100,49795,2,100,0,0,0
4283,53,50,1157663,22984.7055,200,31821,41,21214,0,0,0
4286,21,26,516927,20166.2029,1100,49892,0,,0,0,0
4287,71,63,446050,7110.2550,400,9330,51,6220,0,0,0
4293,61,34,1369834,39743.7331,400,49244,2,2400,0,0,0
4296,73,72,1447539,20245.3007,200,28094,59,18729,0,0,0
4301,20,18,258630,14529.7753,900,19110,15,12740,0,0,0
4309,15,18,60227,3345.9444,300,22853,2,1800,0,0,0
4318,7,68,34500,507.3529,200,11100,0,,0,46096,69144
4320,54,30,1454134,49292.6780,600,49781,0,,0,0,0
4321,140,69,3292810,47469.6300,400,49669,0,,0,0,0
4328,64,55,402202,7379.8532,300,9618,45,6412,0,0,0
4329,133,59,536624,9121.0878,300,46557,59,1900,0,0,0
4330,49,42,1379311,32607.8251,1100,49660,0,,0,0,0
4332,17,10,345559,33878.3333,1000,47226,2,1000,0,0,0
4336,30,18,672142,38335.0951,200,49329,0,,0,0,0
4337,104,61,2549374,41611.1099,900,49907,0,,0,0,0
4342,60,32,1299133,40471.4330,500,48666,0,,0,0,0
4343,65,61,1042538,17007.1452,300,23408,50,15605,0,0,0
4346,62,34,1588600,47279.7619,800,48712,0,,0,0,0
4347,117,70,451924,6490.0527,100,48229,71,900,0,0,0
4349,1,0,700,0.0000,700,700,0,,0,32768,49152
4350,88,69,1669881,24166.1505,1000,37900,57,17565,0,0,0
4352,68,66,1737239,26255.5013,400,36404,55,24269,0,0,0
4354,33,23,838203,35922.9857,1000,48563,0,,0,0,0
4355,164,71,512682,7234.4591,400,43825,72,1400,0,0,0
4356,63,59,432088,7290.5737,700,9888,49,6592,0,0,0
4358,38,22,1077303,48746.7421,300,48225,0,,0,0,0
4361,6,32,37600,1175.0000,700,17600,0,,0,45076,67614
4368,17,47,88700,1887.2340,500,10900,2,8000,0,11624,17436
4375,1,0,800,0.0000,800,800,0,,0,47883,71824
4377,92,69,2641173,38240.9218,100,49877,2,3400,0,0,0
4379,32,30,194270,6482.8699,500,9200,25,5679,0,0,0
4383,48,26,1134180,44131.5175,800,49342,0,,0,0,0
4385,91,62,464149,7534.8864,100,48082,61,1900,0,0,0
4386,15,13,272374,21446.7717,600,45412,0,,0,0,0
4389,32,29,457666,15854.4804,400,21494,24,14329,0,0,0
4405,35,26,780035,29848.2781,100,49130,0,,0,0,0
4408,73,56,2046177,36473.7433,800,49767,2,800,0,0,0
4413,1,0,1100,0.0000,1100,1100,0,,0,33452,50178
4414,108,64,904403,14190.4236,200,16257,52,10838,0,0,0
4415,49,42,1119842,26833.2748,600,36486,35,24324,0,0,0
4416,152,59,465668,7892.6780,200,49892,60,1400,0,0,0
4418,62,59,865510,14727.9070,200,20453,48,13635,0,0,0
4423,68,44,1383238,31294.9774,200,48083,0,,0,0,0
4424,39,35,334351,9598.5933,500,12424,29,8283,0,0,0
4427,100,67,811266,12126.5471,100,14886,55,9924,0,0,0
4434,108,49,2518030,51388.3673,400,48108,0,,0,0,0
4437,143,64,436860,6858.0848,300,46899,63,1800,0,0,0
4438,41,29,219199,7558.5862,300,13900,24,5146,0,0,0
4439,44,36,197358,5492.3377,300,6783,30,4522,0,0,0
4442,33,28,404995,14293.9412,300,19328,23,12885,0,0,0
4445,18,16,222271,13720.4321,400,18400,13,12267,0,0,0
4447,39,30,1005947,33272.7784,200,49871,0,,0,0,0
4448,111,67,2366550,35321.6418,200,47519,2,8000,0,0,0
4454,30,24,283416,11858.4100,100,15584,20,10389,0,0,0
4456,49,27,1123795,41265.4223,500,49368,0,,0,0,0
4458,19,32,129256,4039.2500,100,21817,2,1400,0,0,0
4462,49,36,978387,27278.4480,900,49631,2,10000,0,0,0
4463,73,64,540101,8408.4224,600,10904,53,7269,0,0,0
4467,2,1,6300,0.0000,300,6000,0,,0,14367,21550
4470,3,20,3500,175.0000,500,2100,0,,0,40569,60854
4471,2,8,1300,162.5000,600,700,0,,0,30292,45438
4473,40,39,1014941,26362.1039,500,36638,31,24425,0,0,0
4475,2,1,4300,0.0000,500,3800,0,,0,16919,25378
4476,54,50,776897,15684.3271,300,21513,40,14342,0,0,0
4478,66,66,1710284,26058.1615,800,36372,54,24248,0,0,0
4480,34,28,250938,8898.5106,200,11574,23,7716,0,0,0
4484,99,71,2412425,33914.1284,700,49763,2,2300,0,0,0
4488,37,32,322500,10078.1250,300,13290,26,8860,0,0,0
4493,28,26,597538,23011.7330,100,47538,0,,0,0,0
4503,73,48,1973500,40915.6876,200,49528,0,,0,0,0
4511,93,63,504057,7954.6081,100,8883,52,5922,0,0,0
4514,1,0,300,0.0000,300,300,0,,0,49200,73800
4519,36,54,85700,1587.0370,100,10200,3,2100,0,0,0
4526,63,61,833460,13603.8085,900,18710,50,12473,0,0,0
4527,17,17,458609,27030.0000,600,48047,0,,0,0,0
4533,37,17,950762,56147.3622,200,49264,0,,0,0,0
4534,11,22,119042,5411.0000,100,39604,0,,0,0,0
4537,40,26,923965,35400.9579,600,49701,0,,0,0,0
4538,23,40,55700,1392.5000,200,14000,4,3700,0,0,0
4543,76,63,364680,5782.4524,100,12000,52,4680,0,0,0
4550,28,22,225250,10100.8969,200,12945,19,8630,0,0,0
4576,74,67,1393830,20762.1152,200,28365,55,18910,0,0,0
4580,90,52,1976823,38015.8269,400,49537,2,8800,0,0,0
4585,34,30,456495,15016.2829,200,20414,25,13609,0,0,0
4588,32,28,160847,5785.8633,500,7424,23,4949,0,0,0
4589,55,43,264175,6129.3503,100,11100,35,4893,0,0,0
4596,77,70,1559411,22150.7244,100,45503,2,8000,0,0,0
4616,36,14,897443,62035.2304,200,49955,0,,0,0,0
4618,28,28,692369,24379.1901,1100,48810,0,,0,0,0
4626,42,30,1062837,35115.7599,700,49815,0,,0,0,0
4631,4,24,16900,704.1667,800,8700,0,,0,21882,32823
4650,76,38,433433,11326.6463,200,11500,31,5073,0,0,0
4659,76,63,1879468,29785.5468,900,49128,0,,0,0,0
4660,2,6,2200,366.6667,800,1400,0,,0,31480,47220
4681,6,40,16500,412.5000,200,5900,0,,0,20328,30492
4715,1,0,400,0.0000,400,400,0,,0,45859,68788
4725,1,0,700,0.0000,700,700,0,,0,28045,42068
4727,7,45,42700,948.8889,600,9800,0,,0,35742,53613
4729,22,19,201518,10719.0426,300,13737,15,9158,0,0,0
4743,126,69,2853685,41457.8935,400,49772,2,11400,0,0,0
4746,41,22,1224692,54755.2310,200,49849,0,,0,0,0
4753,30,25,289610,11431.9737,400,15382,20,10255,0,0,0
4768,52,31,1332976,43325.3304,200,49849,2,2200,0,0,0
4774,69,60,1521288,25524.9664,200,35163,49,23442,0,0,0
4784,1,0,400,0.0000,400,400,0,,0,29445,44168
4794,32,24,443840,18570.7113,400,24735,20,16490,0,0,0
4803,48,30,202445,6652.0811,600,8000,25,4413,0,0,0
4825,10,30,37600,1253.3333,800,7200,2,5400,0,10699,16048
4851,60,35,1453646,41891.8156,200,49538,2,7100,0,0,0
4852,81,45,510564,11345.8667,100,13600,36,7191,0,0,0
4858,1,0,600,0.0000,600,600,0,,0,41900,62850
4863,3,33,8700,263.6364,300,6100,0,,0,38042,57063
4894,8,61,50700,831.1475,200,20000,0,,0,29255,43882
4907,63,59,1003449,16998.0068,500,23282,49,15521,0,0,0
4937,106,71,2607742,36711.5251,700,49964,2,4400,0,0,0
4948,54,41,1076304,26208.7013,300,47474,2,900,0,0,0
4949,3,16,27700,1731.2500,400,17500,0,,0,36239,54358
4969,51,29,1444018,50667.2982,200,48260,0,,0,0,0
4981,37,35,889863,25424.6571,200,34960,29,23307,0,0,0
4994,52,35,1058906,30254.4571,600,48754,0,,0,0,0
4995,71,53,1560753,29209.3512,700,49685,2,10300,0,0,0
4999,14,34,102100,3002.9412,300,14800,0,,0,27531,41296
5001,60,36,1551650,43101.3889,700,49563,2,13300,0,0,0
5011,103,64,2425386,37896.6563,500,49923,2,4100,0,0,0
5024,43,40,385163,9533.7376,300,13047,33,8698,0,0,0
5033,56,41,345542,8476.0916,100,10734,34,7156,0,0,0
5063,39,38,499366,13141.2105,300,47986,2,16500,0,0,0
5065,94,72,1969400,27480.0000,300,49725,2,5600,0,0,0
5066,47,41,1217566,30038.6349,400,49739,0,,0,0,0
5072,35,33,871421,26785.4816,1100,35938,27,23959,0,0,0
5092,20,59,65600,1103.1390,100,29600,3,600,0,3342,3342
5118,50,41,406604,9982.0949,800,12614,34,8409,0,0,0
5120,108,67,2256090,33706.5239,100,49636,2,18412,0,0,0
5125,49,38,1110177,29525.9840,800,49161,0,,0,0,0
5126,56,45,433834,9655.0593,200,12549,37,8366,0,0,0
5129,143,68,3478405,51531.9259,100,49756,0,,0,0,0
5133,38,25,982182,39287.2800,900,48032,0,,0,0,0
5164,23,19,151424,7845.8031,300,9588,16,6392,0,0,0
5180,19,22,456635,21205.9598,700,49991,0,,0,0,0
5181,37,32,517861,16132.7414,100,48957,2,7600,0,0,0
5194,78,44,1685006,38295.5909,200,49745,2,13700,0,0,0
5196,33,18,853284,48208.1356,300,44574,0,,0,0,0
5213,3,30,14800,493.3333,1000,7000,0,,0,46714,70071
5215,75,66,1135426,17142.8183,200,23231,55,15487,0,0,0
5228,2,67,7700,114.9254,1000,6700,0,,0,49681,74522
5250,42,30,961922,32570.7223,200,49476,0,,0,0,0
5256,85,62,1823378,29600.2922,100,47794,0,,0,0,0
5263,80,42,511366,12292.4519,100,19900,34,5925,0,0,0
5267,55,36,1451059,40760.0843,300,49950,0,,0,0,0
5269,33,30,672395,22716.0473,500,30794,25,20529,0,0,0
5270,5,66,5400,81.8182,300,1700,0,,0,44749,67124
5283,2,12,1700,141.6667,700,1000,0,,0,45222,67833
5290,21,16,484594,29974.8866,500,46115,0,,0,0,0
5305,3,19,9600,505.2632,600,4600,0,,0,30067,45100
5313,113,68,2477550,36434.5588,800,49715,2,13200,0,0,0
5317,3,15,6000,400.0000,200,5400,0,,0,15029,22544
5343,69,67,933360,13923.8190,600,19080,55,12720,0,0,0
5357,54,48,557364,11515.7851,100,15458,40,10305,0,0,0
5358,45,43,1146427,26476.3741,500,36464,35,24309,0,0,0
5362,6,12,19800,1650.0000,300,9000,0,,0,25358,38037
5366,98,66,2328416,35512.1912,200,49867,0,,0,0,0
5369,89,70,477762,6792.8246,100,9600,58,5643,0,0,0
5372,97,68,2423056,35633.1765,600,49988,0,,0,0,0
5385,20,65,92400,1421.5385,200,13400,2,13400,0,14936,22404
5387,69,63,707888,11218.5103,400,15076,52,10051,0,0,0
5395,43,32,902256,28049.4093,400,48437,2,4200,0,0,0
5422,89,51,2351925,46450.1317,1100,49781,2,9700,0,0,0
5423,104,68,1979801,29114.7206,300,49908,3,3400,0,0,0
5428,98,69,2367741,34166.5368,300,49573,2,4100,0,0,0
5429,42,39,387454,9909.3095,400,13318,32,8879,0,0,0
5442,91,70,2203680,31346.7994,300,49890,2,6800,0,0,0
5445,8,19,19600,1031.5789,400,4700,0,,0,13116,19674
5472,84,68,370336,5424.8438,100,11300,56,4345,0,0,0
5477,74,37,1874768,51130.0364,100,47998,2,100,0,0,0
5481,4,56,5800,103.5714,900,2500,0,,0,36430,54645
5483,34,69,187300,2714.4928,600,18300,2,3300,0,16002,24003
5505,55,32,1255133,39345.8621,1000,49059,2,11400,0,0,0
5541,74,45,466903,10299.3309,300,17200,37,7143,0,0,0
5546,7,57,30900,542.1053,600,9800,2,2200,0,25369,38054
5572,19,16,463318,28777.5155,800,49763,2,800,0,0,0
5574,2,14,2400,171.4286,900,1500,0,,0,47710,71565
5591,2,1,2200,0.0000,1000,1200,0,,0,22187,33280
5593,74,34,1837831,53373.6012,800,49967,0,,0,0,0
5602,47,30,1039190,34639.6667,600,49867,0,,0,0,0
5622,108,71,2637996,37154.8732,500,49433,2,16100,0,0,0
5628,61,55,835153,15323.9083,200,20727,45,13818,0,0,0
5632,87,49,2267149,45831.8531,300,48672,2,4200,0,0,0
5648,1,0,1100,0.0000,1100,1100,0,,0,45833,68750
5650,13,48,41100,856.2500,200,7700,2,5500,0,24650,36975
5661,51,36,1283203,35644.5278,600,48752,0,,0,0,0
5692,35,34,556158,16486.8972,500,41707,0,,0,0,0
5698,27,16,643448,40215.5000,300,49853,0,,0,0,0
5700,76,66,717863,10926.3775,100,14423,54,9615,0,0,0
5708,18,15,477840,32286.4865,700,49317,0,,0,0,0
5724,4,33,15600,472.7273,200,9700,0,,0,29070,43605
5726,43,32,874141,27316.9063,300,47407,2,13600,0,0,0
5735,77,48,1643616,34481.4545,300,49763,0,,0,0,0
5740,90,69,1831153,26385.4899,300,49725,2,5900,0,0,0
5742,61,41,1234561,30111.2439,100,48320,0,,0,0,0
5758,3,9,3800,422.2222,200,3100,0,,0,34204,51306
5767,85,67,683772,10236.1078,100,12912,55,8608,0,0,0
5774,44,43,922464,21536.1245,700,29418,35,19612,0,0,0
5794,49,42,993074,23910.2889,100,47109,2,3000,0,0,0
5817,52,25,1439878,57903.9410,400,49654,0,,0,0,0
5837,42,29,911347,31425.7586,800,48515,0,,0,0,0
5868,115,72,2245764,31336.2419,100,48531,2,12200,0,0,0
5870,24,15,668346,43970.1316,600,46427,0,,0,0,0
5878,32,25,318790,12751.6000,200,16210,20,10807,0,0,0
5891,12,71,90900,1280.2817,500,23300,0,,0,32594,48891
5912,5,23,15600,678.2609,200,9600,0,,0,18461,27692
5927,42,61,241200,3954.0984,200,14100,2,8900,0,10904,16356
5944,20,18,450629,24402.2924,1000,32116,15,21411,0,0,0
5952,6,54,9300,172.2222,400,3700,0,,0,35312,52968
5984,64,62,1066227,17215.7212,200,23578,51,15719,0,0,0
5991,65,62,1093992,17778.8516,900,24372,50,16248,0,0,0
6030,68,64,1414777,21979.9637,400,30056,53,20037,0,0,0
6034,105,70,2257004,32059.7159,200,49995,2,7400,0,0,0
6040,70,69,1636616,23845.7892,1100,33098,56,22065,0,0,0
6051,121,64,708591,11031.5153,300,12200,53,4987,0,0,0
6061,23,21,493993,23192.1596,400,32126,17,21417,0,0,0
6062,8,26,37300,1434.6154,100,17500,0,,0,37379,56068
6064,28,23,161100,6924.0688,700,9900,19,5644,0,0,0
6075,38,27,211316,7797.6384,500,9500,22,5553,0,0,0
6083,49,27,1245666,46135.7778,500,49544,2,15300,0,0,0
6097,23,18,173473,9601.8266,1000,12021,15,8014,0,0,0
6118,74,58,1518917,26188.2241,200,48351,3,13000,0,0,0
6138,2,1,4900,0.0000,200,4700,0,,0,16904,25356
6148,66,60,1506770,24946.5232,300,34557,50,23038,0,0,0
6157,53,26,1342679,52516.7797,1000,49536,2,7400,0,0,0
6158,26,32,530478,16577.4375,200,45637,0,,0,0,0
6226,12,65,109900,1690.7692,300,25800,0,,0,39862,59793
6265,46,24,1129823,46622.6823,200,49495,0,,0,0,0
6273,90,66,1816455,27494.2735,200,49926,2,8200,0,0,0
6281,24,52,143200,2753.8462,100,14300,2,5500,0,10707,16060
6289,73,45,1764793,39072.9077,600,49917,0,,0,0,0
6306,19,21,244233,11630.1429,100,49145,0,,0,0,0
6321,64,51,1431054,28059.8824,400,49530,0,,0,0,0
6353,62,61,1624835,26463.1107,700,36635,50,24423,0,0,0
6358,6,29,16600,572.4138,700,6100,0,,0,33797,50696
6363,69,65,846660,12972.3187,900,17580,54,11720,0,0,0
6397,7,44,28600,650.0000,500,8900,0,,0,18100,27150
6400,54,38,1027044,27027.4737,600,49634,2,1300,0,0,0
6425,81,69,960900,13865.8009,200,18552,57,12368,0,0,0
6434,50,44,1319881,30249.3736,100,46967,0,,0,0,0
6440,34,25,725885,29035.4000,1100,49942,2,6300,0,0,0
6453,46,29,181640,6328.9199,300,9100,24,4125,0,0,0
6461,52,29,992118,34528.4687,100,48182,0,,0,0,0
6463,68,40,1404364,34992.4585,300,47582,2,13100,0,0,0
6472,3,13,4000,307.6923,800,2300,0,,0,38453,57680
6473,106,72,2739730,38051.8056,600,49708,3,7000,0,0,0
6495,36,29,598954,20772.9711,200,27722,24,18481,0,0,0
6505,10,14,206115,14652.7251,500,38123,0,,0,0,0
6510,43,24,904879,37703.2917,500,45639,0,,0,0,0
6511,79,54,1522573,28195.7963,300,48558,2,8500,0,0,0
6512,16,34,94400,2776.4706,200,15000,0,,0,10768,16152
6555,105,70,2135988,30398.3112,100,49768,4,8600,0,0,0
6592,61,27,1690566,63555.1128,300,49790,0,,0,0,0
6602,27,16,305780,18797.9508,300,22442,14,14961,0,0,0
6609,50,46,1169538,25704.1319,400,49767,0,,0,0,0
6636,88,64,1906214,29584.2835,200,49324,2,8000,0,0,0
6649,43,41,1026059,24824.0081,1000,46073,0,,0,0,0
6678,79,36,2055838,57479.1612,1100,49850,0,,0,0,0
6686,1,0,600,0.0000,600,600,0,,0,29123,43684
6688,43,30,298535,9951.1667,300,12232,25,8155,0,0,0
6699,27,31,202400,6529.0323,400,17500,2,16400,0,15901,23852
6701,124,69,3171583,45964.9710,200,49943,2,9900,0,0,0
6706,26,24,355932,14997.1348,200,20108,20,13405,0,0,0
6715,38,63,356100,5652.3810,200,27300,3,200,0,13789,20684
6738,3,19,2800,147.3684,800,1200,2,800,0,18954,28431
6792,39,32,429158,13595.2904,300,17690,26,11793,0,0,0
6806,8,60,13900,231.6667,100,4400,2,100,0,24289,36434
6856,51,40,917168,22929.2000,400,48295,0,,0,0,0
6866,6,15,13000,866.6667,400,6000,0,,0,20977,31466
6872,15,40,137000,3425.0000,900,24100,0,,0,20116,30174
6897,99,69,2403927,34940.7994,200,49455,2,12200,0,0,0
6902,28,26,302573,11637.4231,900,15567,21,10378,0,0,0
6910,66,45,1527652,33947.8222,100,49706,2,400,0,0,0
6922,3,13,17300,1330.7692,1100,14300,0,,0,34870,52305
6924,4,46,17100,371.7391,300,8400,0,,0,24357,36536
6927,35,37,751227,20158.1485,200,49990,0,,0,0,0
6930,66,64,1682419,26274.1124,400,36290,53,24193,0,0,0
6950,36,26,707893,27087.7423,700,34100,21,22733,0,0,0
6985,68,41,1858060,44953.0645,900,48172,0,,0,0,0
7011,88,63,1887489,29739.8477,200,49931,3,3200,0,0,0
7033,38,30,159085,5356.3973,300,8000,25,4101,0,0,0
7045,1,0,400,0.0000,400,400,0,,0,36092,54138
7049,1,0,600,0.0000,600,600,0,,0,49519,74278
7052,14,17,98700,5805.8824,300,15300,2,3600,0,10660,15990
7082,42,28,384752,13741.1429,200,17642,22,11761,0,0,0
7099,3,19,6400,336.8421,1000,3900,0,,0,29295,43942
7101,27,27,499538,18501.4074,400,49831,0,,0,0,0
7123,122,69,3189134,46488.8338,200,49101,2,24012,0,0,0
7133,97,64,376764,5911.5690,200,12100,52,4347,0,0,0
7136,59,45,1569637,34880.8222,100,49816,0,,0,0,0
7156,8,13,36400,2800.0000,300,13300,2,2100,0,20646,30969
7176,26,24,646300,26633.2418,400,37200,20,24800,0,0,0
7180,9,17,27000,1588.2353,700,13000,0,,0,24939,37408
7181,53,30,1020418,33751.4223,100,49322,0,,0,0,0
7184,43,42,1046587,24820.2451,500,34486,35,22991,0,0,0
7190,91,64,627302,9801.5938,500,12138,52,8092,0,0,0
7203,64,68,1009553,14846.3676,600,49982,3,1300,0,0,0
7231,115,71,2855977,40472.0406,500,49103,2,9100,0,0,0
7240,5,25,9000,360.0000,500,3300,0,,0,15214,22821
7262,33,28,529644,19074.8139,300,25655,23,17103,0,0,0
7274,19,15,406598,27912.9062,400,44748,0,,0,0,0
7401,12,62,48400,780.6452,200,10200,0,,0,20236,30354
7418,17,29,45800,1579.3103,400,6500,3,2600,0,15139,22708
7424,54,29,1488172,51672.6389,900,49734,0,,0,0,0
7437,14,16,49700,3106.2500,200,8500,2,6600,0,13841,20762
7445,104,70,2385555,34258.8080,100,49936,2,10100,0,0,0
7449,76,61,422569,6893.4584,100,18000,50,5186,0,0,0
7454,86,69,353384,5148.8684,100,10500,56,4166,0,0,0
7465,17,24,331808,13617.2914,600,47016,0,,0,0,0
7485,13,43,40400,939.5349,100,11500,2,700,0,22799,34198
7487,53,39,1240777,32116.7472,800,48064,2,5300,0,0,0
7520,35,33,588087,17911.2792,900,24254,27,16169,0,0,0
7523,57,52,1174969,22581.0826,600,30950,43,20633,0,0,0
7542,58,31,574709,18302.8344,300,15914,25,10609,0,0,0
7546,3,6,4500,750.0000,500,2200,0,,0,20975,31462
7559,31,19,165851,8775.1852,100,9254,15,6169,0,0,0
7562,4,31,7400,238.7097,300,4600,0,,0,38701,58052
7565,2,1,2000,0.0000,300,1700,0,,0,19187,28780
7594,54,35,1230426,35493.0577,200,49455,0,,0,0,0
7606,89,46,2055566,44686.2174,400,49757,0,,0,0,0
7607,73,64,1064433,16579.9533,200,22268,53,14845,0,0,0
7614,1,0,500,0.0000,500,500,0,,0,40072,60108
7618,8,42,32900,783.3333,1000,12000,0,,0,23624,35436
7632,29,27,658825,24310.8856,1000,33225,22,22150,0,0,0
7636,41,27,692212,25637.4815,200,49762,2,200,0,0,0
7637,34,28,761027,27147.2176,800,36178,23,24119,0,0,0
7674,58,29,1408834,48580.4828,800,49595,0,,0,0,0
7713,33,31,687662,21900.0637,400,47857,0,,0,0,0
7721,2,7,13900,1985.7143,1000,12900,0,,0,22730,34095
7733,3,23,6300,273.9130,200,3700,0,,0,42791,64186
7745,41,25,1038522,41485.5659,700,49953,0,,0,0,0
7753,127,71,3188567,44678.6595,500,49327,0,,0,0,0
7765,75,53,1521709,28478.6463,500,47513,3,7100,0,0,0
7769,114,63,2688943,42367.7994,300,48696,2,2500,0,0,0
7774,97,64,1891510,29554.8438,200,49273,3,8000,0,0,0
7795,94,48,2522765,53073.5975,500,49845,0,,0,0,0
7815,73,45,1574543,34989.8444,700,49775,0,,0,0,0
7819,83,65,655597,10039.7703,200,13251,54,8834,0,0,0
7824,67,56,1711016,30773.6691,200,49958,0,,0,0,0
7828,62,36,370896,10447.7746,500,16700,29,5592,0,0,0
7844,3,16,3600,225.0000,1000,1300,2,1300,0,31937,47906
7857,4,59,12500,211.8644,200,9400,0,,0,38109,57164
7859,2,28,10100,360.7143,1000,9100,0,,0,36061,54092
7861,50,44,898572,20238.1081,700,27737,36,18491,0,0,0
7890,57,33,329555,9986.5152,100,11300,27,6457,0,0,0
7894,59,33,1460056,44021.7889,300,49910,0,,0,0,0
7907,49,28,1059102,37780.0951,200,47841,0,,0,0,0
7926,50,31,1213727,39236.8642,900,47952,0,,0,0,0
7944,63,60,1341220,22254.7566,600,30852,50,20568,0,0,0
7957,79,40,1856595,46962.7740,500,49432,2,6600,0,0,0
7965,94,62,1697549,27306.4182,200,49987,2,9900,0,0,0
7966,35,24,708929,29538.7083,500,46632,0,,0,0,0
7990,57,28,1462039,52465.5144,700,49815,0,,0,0,0
7997,56,32,1408749,44722.1905,400,48820,0,,0,0,0
8026,23,21,551487,26344.9204,100,35914,17,23943,0,0,0
8027,3,31,6900,222.5806,700,4100,0,,0,38818,58227
8038,30,28,676488,23904.1696,600,33024,23,22016,0,0,0
8039,47,36,975914,26934.1490,900,48584,0,,0,0,0
8041,117,64,2836101,44639.5750,300,48994,2,2600,0,0,0
8051,4,28,4700,167.8571,200,2500,0,,0,26040,39060
8073,120,64,2628789,40904.3932,100,48938,2,9600,0,0,0
8085,43,33,1077603,32987.8469,200,49337,0,,0,0,0
8092,52,48,486524,10228.2551,400,13986,39,9324,0,0,0
8094,1,0,600,0.0000,600,600,0,,0,46008,69012
8114,40,38,777343,20313.8415,600,27963,31,18642,0,0,0
8127,100,51,2439669,47711.9100,1000,49951,0,,0,0,0
8129,67,67,1474458,22161.1924,700,30918,55,20612,0,0,0
8132,12,68,59000,867.6471,400,15800,0,,0,25142,37713
8149,29,19,663175,34420.8478,700,45865,3,10500,0,0,0
8153,39,18,960620,52878.1651,200,49876,0,,0,0,0
8158,2,8,5800,725.0000,1000,4800,0,,0,39784,59676
8159,52,47,586000,12593.1232,100,17241,38,11494,0,0,0
8169,44,37,461286,12444.7662,100,16518,30,11012,0,0,0
8173,3,7,15300,2185.7143,1100,12900,0,,0,40840,61260
8212,126,65,2948206,45357.0154,600,47202,0,,0,0,0
8225,4,21,6300,300.0000,1100,1900,0,,0,18103,27154
8260,16,69,246300,3569.5652,200,31600,0,,0,37435,56152
8261,5,17,11500,676.4706,500,4800,0,,0,21959,32938
8268,39,27,423782,15599.3374,400,19052,22,12701,0,0,0
8316,87,56,2292963,41190.9521,100,49823,0,,0,0,0
8320,1,0,1100,0.0000,1100,1100,0,,0,30967,46450
8321,106,69,917350,13282.0946,100,15843,57,10562,0,0,0
8327,60,40,1288640,32242.8691,200,48709,0,,0,0,0
8330,71,69,1584850,22869.4084,400,31677,57,21118,0,0,0
8341,31,24,840126,34431.3934,800,48913,0,,0,0,0
8377,79,62,1413203,22769.1139,100,48798,3,12800,0,0,0
8381,55,27,1372253,50824.1852,200,48318,0,,0,0,0
8405,62,56,1339515,24063.1437,900,33190,45,22127,0,0,0
8411,3,17,4900,288.2353,800,3000,0,,0,22064,33096
8475,99,64,549302,8605.2533,300,9738,52,6492,0,0,0
8489,68,64,1213011,19102.5354,400,26409,52,17606,0,0,0
8492,75,54,721707,13307.4431,100,16713,45,11142,0,0,0
8505,23,21,357656,17167.4880,1100,22908,17,15272,0,0,0
8519,4,69,7100,102.8986,1000,2700,0,,0,37346,56019
8523,2,5,4800,960.0000,400,4400,0,,0,46520,69780
8533,64,38,1570993,41707.7788,300,49461,0,,0,0,0
8547,78,41,1705370,41594.3902,300,49769,2,6900,0,0,0
8558,55,57,1017054,17916.3946,700,45921,0,,0,0,0
8564,2,18,1600,88.8889,600,1000,0,,0,38369,57554
8566,71,63,1531010,24314.6109,900,49931,2,30332,0,0,0
8625,119,60,3154873,52377.5263,200,49060,0,,0,0,0
8628,35,27,787868,29582.0275,400,47924,0,,0,0,0
8639,3,6,2700,450.0000,400,1700,0,,0,18567,27850
8645,21,18,335117,18652.1521,700,25394,15,16929,0,0,0
8680,10,32,19200,600.0000,200,6600,2,300,0,14287,21430
8688,26,25,485390,19598.5195,400,26454,20,17636,0,0,0
8713,8,16,23700,1481.2500,400,7800,0,,0,17070,25605
8742,28,23,396200,17402.6354,500,23496,19,15664,0,0,0
8759,97,64,2093963,32718.1719,300,49919,2,11600,0,0,0
8772,3,10,5900,590.0000,800,4000,0,,0,11036,16554
8776,54,52,766016,14674.6360,600,20196,43,13464,0,0,0
8784,1,0,1100,0.0000,1100,1100,0,,0,36791,55186
8856,81,49,2133447,43569.3737,200,49451,0,,0,0,0
8896,66,32,1703696,52637.3635,300,48699,2,1600,0,0,0
8899,97,52,2342100,44982.7145,500,49974,2,14000,0,0,0
8919,33,17,139053,7991.5517,500,9200,15,4254,0,0,0
8926,30,21,442049,21016.5927,200,26384,17,17589,0,0,0
8931,77,36,1934946,53255.3945,200,49983,0,,0,0,0
8934,26,66,168700,2556.0606,300,15000,2,7400,0,14918,22377
8957,82,62,1728221,27994.9406,200,48668,2,17600,0,0,0
8972,32,31,717897,23207.8772,800,31637,25,21091,0,0,0
8982,101,64,2215208,34702.9974,300,49727,2,7600,0,0,0
8998,40,42,906792,21728.2428,1100,49236,0,,0,0,0
9006,88,53,2274876,43248.5932,700,49424,0,,0,0,0
9017,4,17,6500,382.3529,700,2400,0,,0,12528,18792
9024,38,36,585442,16368.3691,600,22317,30,14878,0,0,0
9030,50,47,902392,19131.9859,200,26388,39,17592,0,0,0
9031,24,23,384543,16719.2609,600,48790,0,,0,0,0
9034,26,66,88000,1333.3333,400,9800,2,2000,0,21804,32706
9037,46,26,449227,17277.9615,200,19533,21,13022,0,0,0
9041,86,64,2175841,33909.2104,400,49077,2,2900,0,0,0
9051,27,35,415586,11750.7823,100,49377,0,,0,0,0
9052,58,40,1582075,39387.7593,600,49531,0,,0,0,0
9093,69,67,1359453,20391.7950,800,28413,55,18942,0,0,0
9104,79,59,1717511,29110.3559,200,49754,0,,0,0,0
9138,38,30,805013,27044.1097,1100,44581,0,,0,0,0
9140,20,16,249659,15767.9368,400,21014,13,14009,0,0,0
9153,39,24,254240,10520.2759,200,12600,20,7563,0,0,0
9156,12,16,309900,19780.8511,600,48983,0,,0,0,0
9159,40,29,534801,18721.1552,700,24329,24,16219,0,0,0
9167,38,21,749553,36445.0405,400,49081,0,,0,0,0
9179,1,0,1000,0.0000,1000,1000,0,,0,21502,32253
9188,11,26,19200,738.4615,100,3700,0,,0,12710,19065
9192,54,53,1314495,24974.5725,500,34845,43,23230,0,0,0
9199,6,30,15700,523.3333,800,4400,0,,0,14727,22090
9201,4,24,5700,237.5000,400,2700,0,,0,43002,64503
9203,133,70,3274648,47072.0843,900,49803,2,2600,0,0,0
9208,5,18,13300,738.8889,1100,6800,0,,0,20529,30794
9225,57,36,1314208,36270.6900,600,49398,0,,0,0,0
9227,24,13,109655,8224.1250,100,7700,11,4423,0,0,0
9235,45,42,725559,17220.5459,700,23547,35,15698,0,0,0
9236,115,65,1065467,16467.8053,200,21700,53,11906,0,0,0
9241,1,0,1100,0.0000,1100,1100,0,,0,28522,42783
9242,45,33,315552,9428.8446,200,11748,27,7832,0,0,0
9263,2,1,1700,0.0000,700,1000,0,,0,19790,29685
9265,125,72,2808349,39222.7514,300,49803,2,2800,0,0,0
9307,120,72,2511995,34840.4300,800,48958,2,17800,0,0,0
9333,51,26,1126810,43506.1776,500,49271,0,,0,0,0
9337,81,63,1574855,24997.6984,700,48506,2,14900,0,0,0
9353,57,38,1202948,31656.5263,100,49720,2,1700,0,0,0
9377,62,39,1398530,35859.7436,400,49312,0,,0,0,0
9403,81,69,1340482,19427.2754,300,49297,2,10500,0,0,0
9422,3,25,2800,112.0000,100,2400,0,,0,43095,64642
9424,2,1,6500,0.0000,500,6000,0,,0,13936,20904
9433,18,16,304214,19092.9289,600,25913,13,17275,0,0,0
9455,5,22,13900,631.8182,600,8000,0,,0,37475,56212
9472,87,66,2256491,34137.5340,600,49943,2,800,0,0,0
9484,23,20,194260,9794.6218,900,12570,16,8380,0,0,0
9491,1,0,800,0.0000,800,800,0,,0,43825,65738
9493,8,44,17100,388.6364,300,4200,0,,0,23585,35378
9494,58,32,548340,17352.5316,400,17136,26,11424,0,0,0
9504,1,0,700,0.0000,700,700,0,,0,37085,55628
9510,35,30,516503,16953.0525,500,22288,25,14859,0,0,0
9513,33,32,712110,22582.7696,700,30489,26,20326,0,0,0
9528,40,25,808826,32396.2350,700,46309,0,,0,0,0
9548,34,30,598045,19694.1273,100,27164,25,18109,0,0,0
9549,47,23,1121762,48075.5143,1100,49414,0,,0,0,0
9560,21,17,531366,31256.8235,300,48312,0,,0,0,0
9583,122,55,2740544,49737.6407,300,49366,2,300,0,0,0
9591,96,65,2178626,33759.7004,200,49831,0,,0,0,0
9627,98,54,2379327,44418.0523,200,49769,2,5700,0,0,0
9631,11,20,23500,1175.0000,200,6800,0,,0,14861,22292
9633,58,35,1322702,37899.7708,500,48601,0,,0,0,0
9635,1,0,400,0.0000,400,400,0,,4470,0,0
9640,49,70,316500,4521.4286,500,25000,2,2500,0,19106,28659
9645,2,7,4600,657.1429,1100,3500,0,,0,34881,52322
9646,43,29,916566,31282.1160,300,48661,0,,0,0,0
9656,118,62,2804402,45354.2102,300,49193,2,800,0,0,0
9673,7,18,19100,1061.1111,1100,4100,2,4100,0,14701,22052
9677,31,26,404427,15416.5311,500,20433,21,13622,0,0,0
9703,5,55,22100,401.8182,800,9400,0,,0,33936,50904
9707,118,69,2600882,37675.7412,500,49967,2,3800,0,0,0
9730,26,24,281644,11967.8754,900,16041,20,10694,0,0,0
9731,5,21,5000,238.0952,100,2700,0,,0,18964,28446
9750,93,56,2191036,38940.2133,300,49888,2,11100,0,0,0
9790,77,37,1843975,49304.1444,200,49512,2,12600,0,0,0
9814,79,48,1840975,38703.0484,600,48615,2,14200,0,0,0
9826,44,29,1037617,36322.6488,1000,47285,0,,0,0,0
9828,1,0,400,0.0000,400,400,0,,0,31648,47472
9833,12,63,82400,1307.9365,1100,16400,2,6300,0,48816,73224
9859,3,7,13700,1957.1429,400,12000,0,,0,30063,45094
9869,68,65,1549488,23961.1546,600,33276,53,22184,0,0,0
9883,93,70,2258427,32125.5619,500,49805,2,9600,0,0,0
9897,25,46,107700,2341.3043,100,12900,2,5300,0,18081,27122
9928,54,38,537693,14287.6794,300,17313,31,11542,0,0,0
10001,45,43,757348,17640.0932,600,24126,35,16084,0,0,0
10005,1,0,200,0.0000,200,200,0,,0,35125,52688
10018,43,41,899832,21805.2989,1000,30264,34,20176,0,0,0
10019,57,42,1306177,31099.4524,600,49043,0,,0,0,0
10022,5,18,16000,888.8889,400,8400,0,,0,27256,40884
10036,66,63,1450721,23027.3175,100,49227,2,4500,0,0,0
10049,65,33,368257,11159.3030,300,12900,27,4335,0,0,0
10063,4,20,10500,525.0000,200,4500,0,,0,38902,58353
10065,79,33,2133137,63994.1100,1100,49243,0,,0,0,0
10068,36,20,867358,43732.3361,100,49399,0,,0,0,0
10079,104,67,2656448,39668.2130,200,49980,0,,0,0,0
10093,4,53,4900,92.4528,200,2800,0,,0,40377,60566
10105,136,69,2970661,43032.2694,200,49558,2,3000,0,0,0
10131,75,61,1440512,23614.9508,1000,49949,2,18500,0,0,0
10134,36,20,941596,47555.3535,200,48627,0,,0,0,0
10148,27,23,349500,15173.6614,700,20262,19,13508,0,0,0
10152,25,15,408470,27231.3333,1100,48301,0,,0,0,0
10202,41,30,804828,26827.6000,300,49252,2,10600,0,0,0
10215,35,32,510582,15742.5077,300,21466,26,14311,0,0,0
10220,30,28,594622,21312.6165,200,29106,23,19404,0,0,0
10227,84,63,1942520,30833.6508,200,49778,2,13700,0,0,0
10233,2,1,700,0.0000,200,500,0,,0,23914,35871
10243,42,16,1198719,76189.7670,200,49919,0,,0,0,0
10257,41,20,1161409,57306.3651,900,49874,0,,0,0,0
10266,84,61,2194701,35763.7317,400,49887,0,,0,0,0
10280,1,0,600,0.0000,600,600,0,,0,34814,52221
10297,56,35,891623,25306.2346,100,31540,29,21027,0,0,0
10320,21,64,56800,887.5000,200,6500,2,4700,0,25973,38960
10343,21,19,174405,9309.8754,800,11800,15,7867,0,0,0
10345,41,33,380204,11674.6366,100,15171,27,10114,0,0,0
10351,61,44,354968,8116.6463,200,11800,36,6616,0,0,0
10361,1,0,500,0.0000,500,500,0,,0,43440,65160
10364,88,72,1183467,16513.4930,300,21740,59,14493,0,0,0
10365,64,40,1589104,39760.7339,100,48974,2,1000,0,0,0
10404,25,24,640448,27214.5042,300,36932,20,24621,0,0,0
10411,63,37,1220755,32582.4288,100,47810,2,5900,0,0,0
10436,43,33,298856,9028.8822,300,11244,27,7496,0,0,0
10439,3,52,19300,371.1538,300,10800,0,,0,37890,56835
10440,98,64,610971,9601.4301,100,11049,52,7366,0,0,0
10445,33,31,816340,26619.7826,800,35865,25,23910,0,0,0
10451,105,64,1119977,17445.1246,200,21056,53,14037,0,0,0
10478,58,34,1163207,34653.6346,100,48501,0,,0,0,0
10493,40,24,867442,36294.6444,300,47382,0,,0,0,0
10520,46,38,1172683,31271.5467,200,49874,0,,0,0,0
10558,42,35,1110922,31411.5551,200,49625,0,,0,0,0
10562,53,26,1399938,53027.9545,800,49292,0,,0,0,0
10607,42,27,1036670,39021.4555,300,48740,0,,0,0,0
10613,4,12,20500,1708.3333,300,13000,0,,0,31225,46838
10630,85,48,821270,17253.5714,100,19455,39,12970,0,0,0
10644,1,0,400,0.0000,400,400,0,,0,44992,67488
10645,1,0,500,0.0000,500,500,0,,0,49260,73890
10650,1,0,300,0.0000,300,300,0,,0,46901,70352
10652,1,0,700,0.0000,700,700,0,,0,30142,45213
10656,70,68,1386040,20353.0103,200,27990,56,18660,0,0,0
10663,4,18,18900,1050.0000,200,10300,0,,0,43339,65008
10670,117,62,2778471,44693.9035,400,49535,2,2700,0,0,0
10679,1,0,900,0.0000,900,900,0,,0,49451,74176
10694,26,32,620752,19459.3103,1000,49571,0,,0,0,0
10710,39,38,713940,18640.7311,900,49862,0,,0,0,0
10711,31,29,698386,23754.6259,1100,33066,24,22044,0,0,0
10728,16,46,77800,1691.3043,900,14700,2,7000,0,19329,28994
10738,110,69,2560248,37158.8970,200,49920,0,,0,0,0
10762,42,38,790433,20746.2730,700,28353,31,18902,0,0,0
10774,35,17,228765,13223.4104,900,15600,15,5593,0,0,0
10788,60,62,1139649,18371.5583,300,46212,3,300,0,0,0
10789,63,27,1662952,61212.9571,900,49915,0,,0,0,0
10799,27,16,119241,7531.0105,800,9400,13,4911,0,0,0
10807,2,18,1000,55.5556,400,600,0,,0,33735,50602
10812,27,19,519688,27890.2326,300,48538,0,,0,0,0
10857,26,26,667734,25715.0449,700,47483,0,,0,0,0
10884,25,46,227500,4945.6522,100,30100,2,10300,0,18924,28386
10904,79,61,399852,6522.8711,200,12300,50,5088,0,0,0
10905,34,25,290070,11680.6711,200,14300,20,9148,0,0,0
10906,90,62,2127892,34376.2843,600,48837,0,,0,0,0
10911,16,67,60100,897.0149,100,9200,0,,0,21882,32823
10915,6,15,27100,1806.6667,600,8200,2,5400,0,15245,22868
10940,66,64,1657264,25989.5034,300,36216,52,24144,0,0,0
10942,119,56,3150073,56622.0431,500,49736,0,,0,0,0
10954,31,29,410777,14346.1118,300,19137,24,12758,0,0,0
10963,70,44,1684174,38568.8702,800,49887,2,1100,0,0,0
10973,118,69,3137980,45281.0967,400,49024,2,25422,0,0,0
11013,4,41,3300,80.4878,600,1200,2,600,0,42244,63366
11021,106,65,2548952,38974.8012,300,49960,0,,0,0,0
11027,14,29,69400,2393.1034,400,14300,0,,0,12025,18038
11042,2,12,4000,333.3333,400,3600,0,,0,36191,54286
11053,34,18,919683,51474.7948,1100,48844,0,,0,0,0
11054,31,35,194900,5568.5714,400,11900,2,5300,0,14892,22338
11065,71,70,896219,12876.7098,1100,17782,57,11855,0,0,0
11069,52,43,1192751,27440.5905,700,49915,3,4200,0,0,0
11079,9,32,20100,628.1250,200,6200,0,,0,49149,73724
11096,28,24,636472,26336.7724,100,36368,20,24245,0,0,0
11111,121,68,2816451,41236.4714,100,49745,2,6200,0,0,0
11123,23,26,516723,19873.9615,700,47798,0,,0,0,0
11135,70,63,1066663,16976.0690,400,23204,51,15469,0,0,0
11138,90,41,2702121,66554.7044,800,49797,0,,0,0,0
11141,45,22,889272,39699.6429,200,49281,0,,0,0,0
11186,8,46,41700,906.5217,200,13900,0,,0,39247,58870
11231,2,12,6800,566.6667,900,5900,0,,0,44643,66964
11244,44,23,1012868,44101.6546,200,47085,0,,0,0,0
11265,97,72,650086,9066.7503,100,11427,59,7618,0,0,0
11271,17,38,52300,1376.3158,100,9200,2,3500,0,11222,16833
11295,83,72,1464713,20466.4136,1100,27520,59,18347,0,0,0
11317,36,17,1124913,65912.8711,700,49407,0,,0,0,0
11320,69,67,1263261,18752.0188,600,25918,55,17279,0,0,0
11325,19,14,484040,33458.9862,500,49858,0,,0,0,0
11327,16,14,315374,22314.1981,300,30462,11,20308,0,0,0
11328,38,25,690261,27391.3095,600,48485,2,1000,0,0,0
11333,78,54,1660195,31012.3599,500,49368,0,,0,0,0
11349,5,40,14800,370.0000,200,7100,0,,0,41988,62982
11359,2,41,4000,97.5610,1000,3000,0,,0,27014,40521
11362,43,38,680055,17771.4721,1000,24212,31,16141,0,0,0
11382,1,0,200,0.0000,200,200,0,,0,30832,46248
