account_id,Loan,LoanStatus,LoanDate,LoanDuration,LoanPayments,loanAmount
2,YES,A,1994-01-05,24,3373.00,80952
17,NO,NULL,NULL,NULL,NULL,NULL
22,NO,NULL,NULL,NULL,NULL,NULL
36,NO,NULL,NULL,NULL,NULL,NULL
49,NO,NULL,NULL,NULL,NULL,NULL
50,NO,NULL,NULL,NULL,NULL,NULL
57,NO,NULL,NULL,NULL,NULL,NULL
71,NO,NULL,NULL,NULL,NULL,NULL
72,NO,NULL,NULL,NULL,NULL,NULL
75,NO,NULL,NULL,NULL,NULL,NULL
90,NO,NULL,NULL,NULL,NULL,NULL
95,NO,NULL,NULL,NULL,NULL,NULL
99,NO,NULL,NULL,NULL,NULL,NULL
152,NO,NULL,NULL,NULL,NULL,NULL
177,NO,NULL,NULL,NULL,NULL,NULL
179,NO,NULL,NULL,NULL,NULL,NULL
186,NO,NULL,NULL,NULL,NULL,NULL
197,NO,NULL,NULL,NULL,NULL,NULL
205,NO,NULL,NULL,NULL,NULL,NULL
225,NO,NULL,NULL,NULL,NULL,NULL
229,NO,NULL,NULL,NULL,NULL,NULL
230,NO,NULL,NULL,NULL,NULL,NULL
248,NO,NULL,NULL,NULL,NULL,NULL
271,NO,NULL,NULL,NULL,NULL,NULL
281,NO,NULL,NULL,NULL,NULL,NULL
289,NO,NULL,NULL,NULL,NULL,NULL
293,NO,NULL,NULL,NULL,NULL,NULL
300,NO,NULL,NULL,NULL,NULL,NULL
322,NO,NULL,NULL,NULL,NULL,NULL
324,NO,NULL,NULL,NULL,NULL,NULL
328,NO,NULL,NULL,NULL,NULL,NULL
334,NO,NULL,NULL,NULL,NULL,NULL
340,NO,NULL,NULL,NULL,NULL,NULL
363,NO,NULL,NULL,NULL,NULL,NULL
364,NO,NULL,NULL,NULL,NULL,NULL
366,NO,NULL,NULL,NULL,NULL,NULL
386,NO,NULL,NULL,NULL,NULL,NULL
392,NO,NULL,NULL,NULL,NULL,NULL
395,NO,NULL,NULL,NULL,NULL,NULL
399,NO,NULL,NULL,NULL,NULL,NULL
403,NO,NULL,NULL,NULL,NULL,NULL
409,NO,NULL,NULL,NULL,NULL,NULL
414,NO,NULL,NULL,NULL,NULL,NULL
426,YES,D,1994-07-19,60,4201.00,252060
428,NO,NULL,NULL,NULL,NULL,NULL
434,NO,NULL,NULL,NULL,NULL,NULL
460,NO,NULL,NULL,NULL,NULL,NULL
477,NO,NULL,NULL,NULL,NULL,NULL
479,NO,NULL,NULL,NULL,NULL,NULL
484,NO,NULL,NULL,NULL,NULL,NULL
498,NO,NULL,NULL,NULL,NULL,NULL
502,NO,NULL,NULL,NULL,NULL,NULL
503,NO,NULL,NULL,NULL,NULL,NULL
510,NO,NULL,NULL,NULL,NULL,NULL
523,NO,NULL,NULL,NULL,NULL,NULL
534,NO,NULL,NULL,NULL,NULL,NULL
542,NO,NULL,NULL,NULL,NULL,NULL
557,NO,NULL,NULL,NULL,NULL,NULL
573,NO,NULL,NULL,NULL,NULL,NULL
579,NO,NULL,NULL,NULL,NULL,NULL
589,NO,NULL,NULL,NULL,NULL,NULL
591,NO,NULL,NULL,NULL,NULL,NULL
598,NO,NULL,NULL,NULL,NULL,NULL
612,NO,NULL,NULL,NULL,NULL,NULL
618,NO,NULL,NULL,NULL,NULL,NULL
619,NO,NULL,NULL,NULL,NULL,NULL
623,NO,NULL,NULL,NULL,NULL,NULL
639,NO,NULL,NULL,NULL,NULL,NULL
647,NO,NULL,NULL,NULL,NULL,NULL
664,NO,NULL,NULL,NULL,NULL,NULL
689,NO,NULL,NULL,NULL,NULL,NULL
699,NO,NULL,NULL,NULL,NULL,NULL
718,YES,A,1997-08-20,12,6412.00,76944
754,NO,NULL,NULL,NULL,NULL,NULL
760,NO,NULL,NULL,NULL,NULL,NULL
763,NO,NULL,NULL,NULL,NULL,NULL
764,NO,NULL,NULL,NULL,NULL,NULL
774,NO,NULL,NULL,NULL,NULL,NULL
775,NO,NULL,NULL,NULL,NULL,NULL
783,NO,NULL,NULL,NULL,NULL,NULL
796,NO,NULL,NULL,NULL,NULL,NULL
798,NO,NULL,NULL,NULL,NULL,NULL
812,NO,NULL,NULL,NULL,NULL,NULL
828,NO,NULL,NULL,NULL,NULL,NULL
841,NO,NULL,NULL,NULL,NULL,NULL
849,NO,NULL,NULL,NULL,NULL,NULL
853,NO,NULL,NULL,NULL,NULL,NULL
855,NO,NULL,NULL,NULL,NULL,NULL
860,NO,NULL,NULL,NULL,NULL,NULL
868,NO,NULL,NULL,NULL,NULL,NULL
871,NO,NULL,NULL,NULL,NULL,NULL
877,NO,NULL,NULL,NULL,NULL,NULL
883,NO,NULL,NULL,NULL,NULL,NULL
885,NO,NULL,NULL,NULL,NULL,NULL
886,NO,NULL,NULL,NULL,NULL,NULL
887,NO,NULL,NULL,NULL,NULL,NULL
904,NO,NULL,NULL,NULL,NULL,NULL
910,NO,NULL,NULL,NULL,NULL,NULL
916,NO,NULL,NULL,NULL,NULL,NULL
943,NO,NULL,NULL,NULL,NULL,NULL
959,NO,NULL,NULL,NULL,NULL,NULL
961,NO,NULL,NULL,NULL,NULL,NULL
975,NO,NULL,NULL,NULL,NULL,NULL
977,NO,NULL,NULL,NULL,NULL,NULL
980,NO,NULL,NULL,NULL,NULL,NULL
1007,NO,NULL,NULL,NULL,NULL,NULL
1009,NO,NULL,NULL,NULL,NULL,NULL
1015,NO,NULL,NULL,NULL,NULL,NULL
1037,NO,NULL,NULL,NULL,NULL,NULL
1043,NO,NULL,NULL,NULL,NULL,NULL
1046,NO,NULL,NULL,NULL,NULL,NULL
1056,NO,NULL,NULL,NULL,NULL,NULL
1076,NO,NULL,NULL,NULL,NULL,NULL
1078,NO,NULL,NULL,NULL,NULL,NULL
1116,NO,NULL,NULL,NULL,NULL,NULL
1120,NO,NULL,NULL,NULL,NULL,NULL
1125,NO,NULL,NULL,NULL,NULL,NULL
1130,NO,NULL,NULL,NULL,NULL,NULL
1132,NO,NULL,NULL,NULL,NULL,NULL
1133,NO,NULL,NULL,NULL,NULL,NULL
1135,NO,NULL,NULL,NULL,NULL,NULL
1194,NO,NULL,NULL,NULL,NULL,NULL
1218,NO,NULL,NULL,NULL,NULL,NULL
1219,NO,NULL,NULL,NULL,NULL,NULL
1220,NO,NULL,NULL,NULL,NULL,NULL
1226,NO,NULL,NULL,NULL,NULL,NULL
1230,NO,NULL,NULL,NULL,NULL,NULL
1238,NO,NULL,NULL,NULL,NULL,NULL
1239,NO,NULL,NULL,NULL,NULL,NULL
1240,NO,NULL,NULL,NULL,NULL,NULL
1243,NO,NULL,NULL,NULL,NULL,NULL
1264,NO,NULL,NULL,NULL,NULL,NULL
1291,NO,NULL,NULL,NULL,NULL,NULL
1299,NO,NULL,NULL,NULL,NULL,NULL
1306,NO,NULL,NULL,NULL,NULL,NULL
1309,NO,NULL,NULL,NULL,NULL,NULL
1310,NO,NULL,NULL,NULL,NULL,NULL
1352,NO,NULL,NULL,NULL,NULL,NULL
1355,NO,NULL,NULL,NULL,NULL,NULL
1362,NO,NULL,NULL,NULL,NULL,NULL
1371,NO,NULL,NULL,NULL,NULL,NULL
1372,NO,NULL,NULL,NULL,NULL,NULL
1377,NO,NULL,NULL,NULL,NULL,NULL
1393,NO,NULL,NULL,NULL,NULL,NULL
1395,NO,NULL,NULL,NULL,NULL,NULL
1401,NO,NULL,NULL,NULL,NULL,NULL
1435,NO,NULL,NULL,NULL,NULL,NULL
1448,NO,NULL,NULL,NULL,NULL,NULL
1471,NO,NULL,NULL,NULL,NULL,NULL
1475,NO,NULL,NULL,NULL,NULL,NULL
1477,NO,NULL,NULL,NULL,NULL,NULL
1494,NO,NULL,NULL,NULL,NULL,NULL
1497,NO,NULL,NULL,NULL,NULL,NULL
1502,NO,NULL,NULL,NULL,NULL,NULL
1504,NO,NULL,NULL,NULL,NULL,NULL
1512,NO,NULL,NULL,NULL,NULL,NULL
1529,NO,NULL,NULL,NULL,NULL,NULL
1534,NO,NULL,NULL,NULL,NULL,NULL
1539,NO,NULL,NULL,NULL,NULL,NULL
1540,NO,NULL,NULL,NULL,NULL,NULL
1542,NO,NULL,NULL,NULL,NULL,NULL
1543,NO,NULL,NULL,NULL,NULL,NULL
1545,NO,NULL,NULL,NULL,NULL,NULL
1550,NO,NULL,NULL,NULL,NULL,NULL
1562,NO,NULL,NULL,NULL,NULL,NULL
1570,NO,NULL,NULL,NULL,NULL,NULL
1575,NO,NULL,NULL,NULL,NULL,NULL
1586,NO,NULL,NULL,NULL,NULL,NULL
1587,NO,NULL,NULL,NULL,NULL,NULL
1600,NO,NULL,NULL,NULL,NULL,NULL
1603,YES,A,1994-02-06,12,6578.00,78936
1613,NO,NULL,NULL,NULL,NULL,NULL
1615,NO,NULL,NULL,NULL,NULL,NULL
1623,NO,NULL,NULL,NULL,NULL,NULL
1625,NO,NULL,NULL,NULL,NULL,NULL
1627,NO,NULL,NULL,NULL,NULL,NULL
1637,NO,NULL,NULL,NULL,NULL,NULL
1644,NO,NULL,NULL,NULL,NULL,NULL
1646,NO,NULL,NULL,NULL,NULL,NULL
1647,NO,NULL,NULL,NULL,NULL,NULL
1653,NO,NULL,NULL,NULL,NULL,NULL
1660,NO,NULL,NULL,NULL,NULL,NULL
1662,NO,NULL,NULL,NULL,NULL,NULL
1674,NO,NULL,NULL,NULL,NULL,NULL
1678,NO,NULL,NULL,NULL,NULL,NULL
1693,NO,NULL,NULL,NULL,NULL,NULL
1701,NO,NULL,NULL,NULL,NULL,NULL
1706,NO,NULL,NULL,NULL,NULL,NULL
1719,NO,NULL,NULL,NULL,NULL,NULL
1730,NO,NULL,NULL,NULL,NULL,NULL
1746,NO,NULL,NULL,NULL,NULL,NULL
1750,NO,NULL,NULL,NULL,NULL,NULL
1780,NO,NULL,NULL,NULL,NULL,NULL
1786,NO,NULL,NULL,NULL,NULL,NULL
1788,NO,NULL,NULL,NULL,NULL,NULL
1791,NO,NULL,NULL,NULL,NULL,NULL
1805,NO,NULL,NULL,NULL,NULL,NULL
1809,NO,NULL,NULL,NULL,NULL,NULL
1828,NO,NULL,NULL,NULL,NULL,NULL
1831,NO,NULL,NULL,NULL,NULL,NULL
1848,NO,NULL,NULL,NULL,NULL,NULL
1865,NO,NULL,NULL,NULL,NULL,NULL
1869,YES,C,1998-01-29,36,1054.00,37944
1876,YES,C,1998-09-10,24,8710.00,209040
1882,NO,NULL,NULL,NULL,NULL,NULL
1890,NO,NULL,NULL,NULL,NULL,NULL
1906,YES,C,1997-10-08,24,1873.00,44952
1907,NO,NULL,NULL,NULL,NULL,NULL
1929,NO,NULL,NULL,NULL,NULL,NULL
1938,NO,NULL,NULL,NULL,NULL,NULL
1990,NO,NULL,NULL,NULL,NULL,NULL
1991,NO,NULL,NULL,NULL,NULL,NULL
1998,NO,NULL,NULL,NULL,NULL,NULL
2002,NO,NULL,NULL,NULL,NULL,NULL
2010,NO,NULL,NULL,NULL,NULL,NULL
2016,NO,NULL,NULL,NULL,NULL,NULL
2050,NO,NULL,NULL,NULL,NULL,NULL
2054,NO,NULL,NULL,NULL,NULL,NULL
2057,NO,NULL,NULL,NULL,NULL,NULL
2063,NO,NULL,NULL,NULL,NULL,NULL
2083,NO,NULL,NULL,NULL,NULL,NULL
2091,NO,NULL,NULL,NULL,NULL,NULL
2092,NO,NULL,NULL,NULL,NULL,NULL
2106,YES,A,1996-10-03,12,8460.00,101520
2126,NO,NULL,NULL,NULL,NULL,NULL
2127,NO,NULL,NULL,NULL,NULL,NULL
2143,YES,C,1996-09-09,36,1985.00,71460
2148,NO,NULL,NULL,NULL,NULL,NULL
2156,NO,NULL,NULL,NULL,NULL,NULL
2159,NO,NULL,NULL,NULL,NULL,NULL
2170,NO,NULL,NULL,NULL,NULL,NULL
2172,NO,NULL,NULL,NULL,NULL,NULL
2175,NO,NULL,NULL,NULL,NULL,NULL
2179,NO,NULL,NULL,NULL,NULL,NULL
2191,NO,NULL,NULL,NULL,NULL,NULL
2199,NO,NULL,NULL,NULL,NULL,NULL
2200,NO,NULL,NULL,NULL,NULL,NULL
2229,NO,NULL,NULL,NULL,NULL,NULL
2232,NO,NULL,NULL,NULL,NULL,NULL
2246,YES,C,1997-02-05,60,6930.00,415800
2252,NO,NULL,NULL,NULL,NULL,NULL
2254,NO,NULL,NULL,NULL,NULL,NULL
2260,NO,NULL,NULL,NULL,NULL,NULL
2261,NO,NULL,NULL,NULL,NULL,NULL
2268,YES,C,1996-07-18,36,561.00,20196
2275,NO,NULL,NULL,NULL,NULL,NULL
2278,NO,NULL,NULL,NULL,NULL,NULL
2281,NO,NULL,NULL,NULL,NULL,NULL
2287,NO,NULL,NULL,NULL,NULL,NULL
2289,NO,NULL,NULL,NULL,NULL,NULL
2299,NO,NULL,NULL,NULL,NULL,NULL
2305,NO,NULL,NULL,NULL,NULL,NULL
2316,NO,NULL,NULL,NULL,NULL,NULL
2324,NO,NULL,NULL,NULL,NULL,NULL
2329,NO,NULL,NULL,NULL,NULL,NULL
2355,NO,NULL,NULL,NULL,NULL,NULL
2372,NO,NULL,NULL,NULL,NULL,NULL
2374,NO,NULL,NULL,NULL,NULL,NULL
2381,NO,NULL,NULL,NULL,NULL,NULL
2390,NO,NULL,NULL,NULL,NULL,NULL
2392,NO,NULL,NULL,NULL,NULL,NULL
2399,NO,NULL,NULL,NULL,NULL,NULL
2407,NO,NULL,NULL,NULL,NULL,NULL
2414,NO,NULL,NULL,NULL,NULL,NULL
2424,NO,NULL,NULL,NULL,NULL,NULL
2437,NO,NULL,NULL,NULL,NULL,NULL
2452,NO,NULL,NULL,NULL,NULL,NULL
2453,NO,NULL,NULL,NULL,NULL,NULL
2460,NO,NULL,NULL,NULL,NULL,NULL
2461,NO,NULL,NULL,NULL,NULL,NULL
2481,NO,NULL,NULL,NULL,NULL,NULL
2482,NO,NULL,NULL,NULL,NULL,NULL
2483,NO,NULL,NULL,NULL,NULL,NULL
2486,YES,A,1994-01-10,12,2043.00,24516
2503,NO,NULL,NULL,NULL,NULL,NULL
2524,NO,NULL,NULL,NULL,NULL,NULL
2545,YES,C,1998-02-13,48,8933.00,428784
2546,NO,NULL,NULL,NULL,NULL,NULL
2570,NO,NULL,NULL,NULL,NULL,NULL
2576,NO,NULL,NULL,NULL,NULL,NULL
2587,NO,NULL,NULL,NULL,NULL,NULL
2591,NO,NULL,NULL,NULL,NULL,NULL
2595,NO,NULL,NULL,NULL,NULL,NULL
2596,NO,NULL,NULL,NULL,NULL,NULL
2598,NO,NULL,NULL,NULL,NULL,NULL
2600,NO,NULL,NULL,NULL,NULL,NULL
2606,NO,NULL,NULL,NULL,NULL,NULL
2607,NO,NULL,NULL,NULL,NULL,NULL
2611,NO,NULL,NULL,NULL,NULL,NULL
2612,NO,NULL,NULL,NULL,NULL,NULL
2616,NO,NULL,NULL,NULL,NULL,NULL
2617,NO,NULL,NULL,NULL,NULL,NULL
2622,YES,C,1998-05-21,24,5681.00,136344
2631,NO,NULL,NULL,NULL,NULL,NULL
2640,NO,NULL,NULL,NULL,NULL,NULL
2644,NO,NULL,NULL,NULL,NULL,NULL
2652,NO,NULL,NULL,NULL,NULL,NULL
2655,NO,NULL,NULL,NULL,NULL,NULL
2656,NO,NULL,NULL,NULL,NULL,NULL
2660,NO,NULL,NULL,NULL,NULL,NULL
2661,NO,NULL,NULL,NULL,NULL,NULL
2671,NO,NULL,NULL,NULL,NULL,NULL
2675,NO,NULL,NULL,NULL,NULL,NULL
2678,NO,NULL,NULL,NULL,NULL,NULL
2696,NO,NULL,NULL,NULL,NULL,NULL
2708,NO,NULL,NULL,NULL,NULL,NULL
2714,NO,NULL,NULL,NULL,NULL,NULL
2727,NO,NULL,NULL,NULL,NULL,NULL
2731,NO,NULL,NULL,NULL,NULL,NULL
2747,NO,NULL,NULL,NULL,NULL,NULL
2749,NO,NULL,NULL,NULL,NULL,NULL
2761,NO,NULL,NULL,NULL,NULL,NULL
2782,NO,NULL,NULL,NULL,NULL,NULL
2787,NO,NULL,NULL,NULL,NULL,NULL
2790,NO,NULL,NULL,NULL,NULL,NULL
2792,NO,NULL,NULL,NULL,NULL,NULL
2802,NO,NULL,NULL,NULL,NULL,NULL
2808,NO,NULL,NULL,NULL,NULL,NULL
2831,NO,NULL,NULL,NULL,NULL,NULL
2846,NO,NULL,NULL,NULL,NULL,NULL
2849,NO,NULL,NULL,NULL,NULL,NULL
2854,NO,NULL,NULL,NULL,NULL,NULL
2865,NO,NULL,NULL,NULL,NULL,NULL
2868,NO,NULL,NULL,NULL,NULL,NULL
2870,NO,NULL,NULL,NULL,NULL,NULL
2872,YES,C,1997-05-19,60,4472.00,268320
2878,NO,NULL,NULL,NULL,NULL,NULL
2884,NO,NULL,NULL,NULL,NULL,NULL
2885,NO,NULL,NULL,NULL,NULL,NULL
2886,NO,NULL,NULL,NULL,NULL,NULL
2901,NO,NULL,NULL,NULL,NULL,NULL
2925,NO,NULL,NULL,NULL,NULL,NULL
2930,NO,NULL,NULL,NULL,NULL,NULL
2934,NO,NULL,NULL,NULL,NULL,NULL
2937,NO,NULL,NULL,NULL,NULL,NULL
2938,NO,NULL,NULL,NULL,NULL,NULL
2949,NO,NULL,NULL,NULL,NULL,NULL
2953,NO,NULL,NULL,NULL,NULL,NULL
2954,NO,NULL,NULL,NULL,NULL,NULL
2962,YES,A,1994-12-21,12,2604.00,31248
2993,NO,NULL,NULL,NULL,NULL,NULL
3001,NO,NULL,NULL,NULL,NULL,NULL
3009,NO,NULL,NULL,NULL,NULL,NULL
3024,NO,NULL,NULL,NULL,NULL,NULL
3039,NO,NULL,NULL,NULL,NULL,NULL
3043,NO,NULL,NULL,NULL,NULL,NULL
3045,NO,NULL,NULL,NULL,NULL,NULL
3059,NO,NULL,NULL,NULL,NULL,NULL
3078,NO,NULL,NULL,NULL,NULL,NULL
3086,NO,NULL,NULL,NULL,NULL,NULL
3090,NO,NULL,NULL,NULL,NULL,NULL
3098,NO,NULL,NULL,NULL,NULL,NULL
3101,NO,NULL,NULL,NULL,NULL,NULL
3103,NO,NULL,NULL,NULL,NULL,NULL
3104,NO,NULL,NULL,NULL,NULL,NULL
3114,NO,NULL,NULL,NULL,NULL,NULL
3120,NO,NULL,NULL,NULL,NULL,NULL
3128,NO,NULL,NULL,NULL,NULL,NULL
3141,NO,NULL,NULL,NULL,NULL,NULL
3152,NO,NULL,NULL,NULL,NULL,NULL
3154,NO,NULL,NULL,NULL,NULL,NULL
3156,NO,NULL,NULL,NULL,NULL,NULL
3170,NO,NULL,NULL,NULL,NULL,NULL
3180,NO,NULL,NULL,NULL,NULL,NULL
3184,NO,NULL,NULL,NULL,NULL,NULL
3190,NO,NULL,NULL,NULL,NULL,NULL
3196,NO,NULL,NULL,NULL,NULL,NULL
3197,NO,NULL,NULL,NULL,NULL,NULL
3205,NO,NULL,NULL,NULL,NULL,NULL
3210,NO,NULL,NULL,NULL,NULL,NULL
3219,NO,NULL,NULL,NULL,NULL,NULL
3223,NO,NULL,NULL,NULL,NULL,NULL
3225,NO,NULL,NULL,NULL,NULL,NULL
3227,NO,NULL,NULL,NULL,NULL,NULL
3230,YES,C,1996-10-04,36,2144.00,77184
3234,NO,NULL,NULL,NULL,NULL,NULL
3243,NO,NULL,NULL,NULL,NULL,NULL
3250,NO,NULL,NULL,NULL,NULL,NULL
3255,NO,NULL,NULL,NULL,NULL,NULL
3259,NO,NULL,NULL,NULL,NULL,NULL
3261,NO,NULL,NULL,NULL,NULL,NULL
3276,NO,NULL,NULL,NULL,NULL,NULL
3280,NO,NULL,NULL,NULL,NULL,NULL
3281,NO,NULL,NULL,NULL,NULL,NULL
3282,NO,NULL,NULL,NULL,NULL,NULL
3289,NO,NULL,NULL,NULL,NULL,NULL
3292,NO,NULL,NULL,NULL,NULL,NULL
3293,YES,C,1998-11-27,36,7669.00,276084
3303,NO,NULL,NULL,NULL,NULL,NULL
3320,NO,NULL,NULL,NULL,NULL,NULL
3328,NO,NULL,NULL,NULL,NULL,NULL
3339,NO,NULL,NULL,NULL,NULL,NULL
3343,NO,NULL,NULL,NULL,NULL,NULL
3346,NO,NULL,NULL,NULL,NULL,NULL
3367,NO,NULL,NULL,NULL,NULL,NULL
3385,NO,NULL,NULL,NULL,NULL,NULL
3392,NO,NULL,NULL,NULL,NULL,NULL
3396,NO,NULL,NULL,NULL,NULL,NULL
3419,NO,NULL,NULL,NULL,NULL,NULL
3432,NO,NULL,NULL,NULL,NULL,NULL
3437,NO,NULL,NULL,NULL,NULL,NULL
3445,NO,NULL,NULL,NULL,NULL,NULL
3449,NO,NULL,NULL,NULL,NULL,NULL
3450,NO,NULL,NULL,NULL,NULL,NULL
3465,NO,NULL,NULL,NULL,NULL,NULL
3503,NO,NULL,NULL,NULL,NULL,NULL
3526,NO,NULL,NULL,NULL,NULL,NULL
3535,NO,NULL,NULL,NULL,NULL,NULL
3563,NO,NULL,NULL,NULL,NULL,NULL
3569,NO,NULL,NULL,NULL,NULL,NULL
3578,NO,NULL,NULL,NULL,NULL,NULL
3585,NO,NULL,NULL,NULL,NULL,NULL
3591,NO,NULL,NULL,NULL,NULL,NULL
3593,NO,NULL,NULL,NULL,NULL,NULL
3597,NO,NULL,NULL,NULL,NULL,NULL
3606,NO,NULL,NULL,NULL,NULL,NULL
3610,NO,NULL,NULL,NULL,NULL,NULL
3631,NO,NULL,NULL,NULL,NULL,NULL
3643,NO,NULL,NULL,NULL,NULL,NULL
3655,NO,NULL,NULL,NULL,NULL,NULL
3664,YES,C,1997-09-20,48,5658.00,271584
3668,NO,NULL,NULL,NULL,NULL,NULL
3677,NO,NULL,NULL,NULL,NULL,NULL
3678,YES,D,1995-02-05,60,5269.00,316140
3696,NO,NULL,NULL,NULL,NULL,NULL
3698,NO,NULL,NULL,NULL,NULL,NULL
3700,NO,NULL,NULL,NULL,NULL,NULL
3710,NO,NULL,NULL,NULL,NULL,NULL
3716,NO,NULL,NULL,NULL,NULL,NULL
3735,NO,NULL,NULL,NULL,NULL,NULL
3739,NO,NULL,NULL,NULL,NULL,NULL
3743,NO,NULL,NULL,NULL,NULL,NULL
3747,YES,A,1995-01-02,12,6365.00,76380
3748,NO,NULL,NULL,NULL,NULL,NULL
3752,YES,A,1995-04-02,12,1547.00,18564
3759,NO,NULL,NULL,NULL,NULL,NULL
3767,NO,NULL,NULL,NULL,NULL,NULL
3776,NO,NULL,NULL,NULL,NULL,NULL
3790,NO,NULL,NULL,NULL,NULL,NULL
3791,NO,NULL,NULL,NULL,NULL,NULL
3801,NO,NULL,NULL,NULL,NULL,NULL
3809,NO,NULL,NULL,NULL,NULL,NULL
3811,NO,NULL,NULL,NULL,NULL,NULL
3813,NO,NULL,NULL,NULL,NULL,NULL
3815,NO,NULL,NULL,NULL,NULL,NULL
3820,NO,NULL,NULL,NULL,NULL,NULL
3827,NO,NULL,NULL,NULL,NULL,NULL
3839,NO,NULL,NULL,NULL,NULL,NULL
3842,NO,NULL,NULL,NULL,NULL,NULL
3851,NO,NULL,NULL,NULL,NULL,NULL
3862,YES,C,1998-09-18,36,2081.00,74916
3867,NO,NULL,NULL,NULL,NULL,NULL
3884,NO,NULL,NULL,NULL,NULL,NULL
3886,NO,NULL,NULL,NULL,NULL,NULL
3891,NO,NULL,NULL,NULL,NULL,NULL
3902,NO,NULL,NULL,NULL,NULL,NULL
3909,NO,NULL,NULL,NULL,NULL,NULL
3917,NO,NULL,NULL,NULL,NULL,NULL
3925,NO,NULL,NULL,NULL,NULL,NULL
3948,NO,NULL,NULL,NULL,NULL,NULL
3953,YES,C,1998-01-04,12,5298.00,63576
3959,NO,NULL,NULL,NULL,NULL,NULL
3985,NO,NULL,NULL,NULL,NULL,NULL
3991,NO,NULL,NULL,NULL,NULL,NULL
3996,NO,NULL,NULL,NULL,NULL,NULL
4034,NO,NULL,NULL,NULL,NULL,NULL
4035,NO,NULL,NULL,NULL,NULL,NULL
4093,NO,NULL,NULL,NULL,NULL,NULL
4144,YES,C,1998-06-21,36,5916.00,212976
4161,NO,NULL,NULL,NULL,NULL,NULL
4173,NO,NULL,NULL,NULL,NULL,NULL
4186,NO,NULL,NULL,NULL,NULL,NULL
4208,NO,NULL,NULL,NULL,NULL,NULL
4214,NO,NULL,NULL,NULL,NULL,NULL
4287,NO,NULL,NULL,NULL,NULL,NULL
4301,NO,NULL,NULL,NULL,NULL,NULL
4329,NO,NULL,NULL,NULL,NULL,NULL
4347,NO,NULL,NULL,NULL,NULL,NULL
4368,NO,NULL,NULL,NULL,NULL,NULL
4616,YES,C,1998-01-12,24,2779.00,66696
4753,NO,NULL,NULL,NULL,NULL,NULL
4994,YES,C,1996-08-03,36,7179.00,258444
4999,YES,C,1997-05-18,36,4588.00,165168
5120,YES,A,1994-08-10,48,6739.00,323472
5125,NO,NULL,NULL,NULL,NULL,NULL
5194,NO,NULL,NULL,NULL,NULL,NULL
5213,YES,D,1996-04-25,48,6687.00,320976
5387,NO,NULL,NULL,NULL,NULL,NULL
5472,NO,NULL,NULL,NULL,NULL,NULL
5505,NO,NULL,NULL,NULL,NULL,NULL
5698,YES,C,1998-11-21,36,2756.00,99216
5774,YES,A,1995-11-28,24,1299.00,31176
5991,YES,A,1994-11-03,48,1272.00,61056
6040,YES,A,1994-10-02,24,489.00,11736
6061,YES,C,1998-05-28,12,429.00,5148
6118,YES,B,1995-01-08,36,7518.00,270648
6321,NO,NULL,NULL,NULL,NULL,NULL
6434,YES,A,1996-11-11,24,4589.00,110136
6440,YES,A,1997-06-17,12,2881.00,34572
6592,YES,C,1997-08-24,60,6511.00,390660
6649,YES,C,1997-05-22,60,1671.00,100260
6792,YES,A,1997-03-17,12,1432.00,17184
6806,NO,NULL,NULL,NULL,NULL,NULL
7099,YES,C,1998-06-10,48,4882.00,234336
7133,YES,A,1994-11-06,36,1352.00,48672
7176,YES,C,1997-11-30,60,3399.00,203940
7401,YES,A,1994-01-05,24,3373.00,80952
7449,NO,NULL,NULL,NULL,NULL,NULL
7465,NO,NULL,NULL,NULL,NULL,NULL
7607,YES,A,1995-03-27,24,1322.00,31728
7674,YES,C,1997-03-21,24,3937.00,94488
7844,YES,A,1994-06-25,24,3816.00,91584
8041,YES,A,1994-11-06,36,3900.00,140400
8051,YES,A,1994-06-01,48,4340.00,208320
8327,YES,C,1996-03-10,48,5161.00,247728
8558,YES,C,1994-06-14,60,4806.00,288360
8759,NO,NULL,NULL,NULL,NULL,NULL
8772,YES,C,1997-06-19,48,1839.00,88272
8784,YES,C,1998-04-28,24,3098.00,74352
8899,YES,C,1995-12-25,60,2089.00,125340
8926,YES,C,1998-01-23,60,9444.00,566640
8957,NO,NULL,NULL,NULL,NULL,NULL
9024,YES,C,1996-10-04,48,1472.00,70656
9034,YES,A,1993-12-16,12,3179.00,38148
9037,YES,C,1998-09-15,48,6707.00,321936
9041,NO,NULL,NULL,NULL,NULL,NULL
9192,NO,NULL,NULL,NULL,NULL,NULL
9265,YES,A,1994-07-11,12,3298.00,39576
9377,YES,C,1997-04-29,24,4164.00,99936
9403,YES,A,1994-08-05,36,3358.00,120888
9472,YES,A,1995-05-08,12,3033.00,36396
9510,YES,C,1996-11-22,36,6341.00,228276
9560,YES,C,1998-03-15,36,4363.00,157068
9640,YES,A,1995-01-11,24,3184.00,76416
9646,YES,C,1998-04-02,48,5814.00,279072
9883,NO,NULL,NULL,NULL,NULL,NULL
9897,YES,A,1995-09-22,12,3014.00,36168
10022,YES,C,1998-01-03,48,4543.00,218064
10036,NO,NULL,NULL,NULL,NULL,NULL
10068,YES,A,1997-07-28,12,6484.00,77808
10093,YES,A,1995-10-20,36,6436.00,231696
10131,YES,B,1994-05-02,36,5983.00,215388
10404,YES,C,1998-03-01,60,3238.00,194280
10451,YES,D,1994-12-19,60,8049.00,482940
10652,YES,C,1998-05-07,12,3810.00,45720
10679,YES,C,1997-10-02,24,8242.00,197808
10762,YES,C,1996-09-17,36,1912.00,68832
10911,YES,A,1994-07-28,36,3647.00,131292
11013,YES,A,1993-09-06,60,4579.00,274740
11021,YES,B,1995-03-04,24,7041.00,168984
11111,YES,A,1994-01-31,36,3004.00,108144
11141,YES,A,1997-10-07,12,3745.00,44940
11231,YES,A,1997-10-24,12,7440.00,89280
11349,YES,C,1995-10-29,60,6998.00,419880
93,NO,NULL,NULL,NULL,NULL,NULL
125,NO,NULL,NULL,NULL,NULL,NULL
128,NO,NULL,NULL,NULL,NULL,NULL
207,NO,NULL,NULL,NULL,NULL,NULL
259,NO,NULL,NULL,NULL,NULL,NULL
693,NO,NULL,NULL,NULL,NULL,NULL
847,NO,NULL,NULL,NULL,NULL,NULL
856,NO,NULL,NULL,NULL,NULL,NULL
884,NO,NULL,NULL,NULL,NULL,NULL
984,NO,NULL,NULL,NULL,NULL,NULL
1082,NO,NULL,NULL,NULL,NULL,NULL
1472,NO,NULL,NULL,NULL,NULL,NULL
1915,NO,NULL,NULL,NULL,NULL,NULL
2226,NO,NULL,NULL,NULL,NULL,NULL
2231,NO,NULL,NULL,NULL,NULL,NULL
2279,YES,C,1998-06-01,48,6556.00,314688
2314,NO,NULL,NULL,NULL,NULL,NULL
2391,NO,NULL,NULL,NULL,NULL,NULL
2396,NO,NULL,NULL,NULL,NULL,NULL
2499,NO,NULL,NULL,NULL,NULL,NULL
2569,NO,NULL,NULL,NULL,NULL,NULL
2649,NO,NULL,NULL,NULL,NULL,NULL
2651,NO,NULL,NULL,NULL,NULL,NULL
2709,NO,NULL,NULL,NULL,NULL,NULL
2720,YES,C,1998-04-27,36,2608.00,93888
3142,NO,NULL,NULL,NULL,NULL,NULL
3153,NO,NULL,NULL,NULL,NULL,NULL
3386,NO,NULL,NULL,NULL,NULL,NULL
3509,NO,NULL,NULL,NULL,NULL,NULL
3714,NO,NULL,NULL,NULL,NULL,NULL
3723,NO,NULL,NULL,NULL,NULL,NULL
3858,NO,NULL,NULL,NULL,NULL,NULL
3861,NO,NULL,NULL,NULL,NULL,NULL
3912,NO,NULL,NULL,NULL,NULL,NULL
3998,NO,NULL,NULL,NULL,NULL,NULL
4336,NO,NULL,NULL,NULL,NULL,NULL
4352,NO,NULL,NULL,NULL,NULL,NULL
4727,YES,A,1995-08-11,24,4485.00,107640
7745,YES,C,1997-12-20,36,2154.00,77544
8492,YES,C,1995-09-03,60,1431.00,85860
8628,NO,NULL,NULL,NULL,NULL,NULL
10645,YES,C,1998-07-05,36,5787.00,208332
79,NO,NULL,NULL,NULL,NULL,NULL
268,NO,NULL,NULL,NULL,NULL,NULL
269,NO,NULL,NULL,NULL,NULL,NULL
329,NO,NULL,NULL,NULL,NULL,NULL
475,NO,NULL,NULL,NULL,NULL,NULL
570,NO,NULL,NULL,NULL,NULL,NULL
650,NO,NULL,NULL,NULL,NULL,NULL
656,NO,NULL,NULL,NULL,NULL,NULL
751,NO,NULL,NULL,NULL,NULL,NULL
766,NO,NULL,NULL,NULL,NULL,NULL
780,NO,NULL,NULL,NULL,NULL,NULL
792,NO,NULL,NULL,NULL,NULL,NULL
834,NO,NULL,NULL,NULL,NULL,NULL
896,NO,NULL,NULL,NULL,NULL,NULL
951,NO,NULL,NULL,NULL,NULL,NULL
1045,NO,NULL,NULL,NULL,NULL,NULL
1258,NO,NULL,NULL,NULL,NULL,NULL
1292,NO,NULL,NULL,NULL,NULL,NULL
1436,NO,NULL,NULL,NULL,NULL,NULL
1626,NO,NULL,NULL,NULL,NULL,NULL
1739,NO,NULL,NULL,NULL,NULL,NULL
1823,NO,NULL,NULL,NULL,NULL,NULL
1825,NO,NULL,NULL,NULL,NULL,NULL
1930,NO,NULL,NULL,NULL,NULL,NULL
2099,NO,NULL,NULL,NULL,NULL,NULL
2234,NO,NULL,NULL,NULL,NULL,NULL
2258,NO,NULL,NULL,NULL,NULL,NULL
2395,NO,NULL,NULL,NULL,NULL,NULL
2430,NO,NULL,NULL,NULL,NULL,NULL
2446,NO,NULL,NULL,NULL,NULL,NULL
2838,NO,NULL,NULL,NULL,NULL,NULL
2936,YES,C,1998-01-20,60,8400.00,504000
3020,NO,NULL,NULL,NULL,NULL,NULL
3091,NO,NULL,NULL,NULL,NULL,NULL
3140,NO,NULL,NULL,NULL,NULL,NULL
3216,NO,NULL,NULL,NULL,NULL,NULL
3324,NO,NULL,NULL,NULL,NULL,NULL
3329,YES,A,1997-12-08,12,1604.00,19248
3476,NO,NULL,NULL,NULL,NULL,NULL
3603,NO,NULL,NULL,NULL,NULL,NULL
3605,NO,NULL,NULL,NULL,NULL,NULL
3625,NO,NULL,NULL,NULL,NULL,NULL
3711,YES,D,1997-11-05,60,7683.00,460980
3712,NO,NULL,NULL,NULL,NULL,NULL
3769,NO,NULL,NULL,NULL,NULL,NULL
3838,NO,NULL,NULL,NULL,NULL,NULL
3880,NO,NULL,NULL,NULL,NULL,NULL
4618,YES,D,1997-03-17,24,2779.00,66696
6358,YES,C,1996-08-06,48,5633.00,270384
6922,YES,C,1998-12-06,24,5812.00,139488
54,NO,NULL,NULL,NULL,NULL,NULL
146,NO,NULL,NULL,NULL,NULL,NULL
169,NO,NULL,NULL,NULL,NULL,NULL
196,NO,NULL,NULL,NULL,NULL,NULL
304,NO,NULL,NULL,NULL,NULL,NULL
585,NO,NULL,NULL,NULL,NULL,NULL
644,NO,NULL,NULL,NULL,NULL,NULL
658,NO,NULL,NULL,NULL,NULL,NULL
730,NO,NULL,NULL,NULL,NULL,NULL
876,NO,NULL,NULL,NULL,NULL,NULL
960,YES,C,1995-05-24,60,3151.00,189060
1101,NO,NULL,NULL,NULL,NULL,NULL
1208,NO,NULL,NULL,NULL,NULL,NULL
1225,NO,NULL,NULL,NULL,NULL,NULL
1866,NO,NULL,NULL,NULL,NULL,NULL
2012,NO,NULL,NULL,NULL,NULL,NULL
2088,NO,NULL,NULL,NULL,NULL,NULL
2137,NO,NULL,NULL,NULL,NULL,NULL
2468,NO,NULL,NULL,NULL,NULL,NULL
2519,NO,NULL,NULL,NULL,NULL,NULL
2573,NO,NULL,NULL,NULL,NULL,NULL
2811,NO,NULL,NULL,NULL,NULL,NULL
2914,NO,NULL,NULL,NULL,NULL,NULL
2989,NO,NULL,NULL,NULL,NULL,NULL
3145,NO,NULL,NULL,NULL,NULL,NULL
3178,NO,NULL,NULL,NULL,NULL,NULL
3201,NO,NULL,NULL,NULL,NULL,NULL
3222,NO,NULL,NULL,NULL,NULL,NULL
3278,NO,NULL,NULL,NULL,NULL,NULL
3317,NO,NULL,NULL,NULL,NULL,NULL
3347,NO,NULL,NULL,NULL,NULL,NULL
3348,NO,NULL,NULL,NULL,NULL,NULL
3393,NO,NULL,NULL,NULL,NULL,NULL
3442,NO,NULL,NULL,NULL,NULL,NULL
3558,NO,NULL,NULL,NULL,NULL,NULL
3639,NO,NULL,NULL,NULL,NULL,NULL
3662,NO,NULL,NULL,NULL,NULL,NULL
3860,NO,NULL,NULL,NULL,NULL,NULL
4471,NO,NULL,NULL,NULL,NULL,NULL
4589,NO,NULL,NULL,NULL,NULL,NULL
4650,YES,C,1996-08-25,60,6700.00,402000
5267,YES,D,1997-11-26,24,5388.00,129312
5358,YES,C,1997-01-24,60,1139.00,68340
7454,YES,A,1994-05-26,48,1319.00,63312
7487,NO,NULL,NULL,NULL,NULL,NULL
8475,YES,A,1994-01-21,24,878.00,21072
9549,NO,NULL,NULL,NULL,NULL,NULL
10063,YES,C,1997-06-24,36,6484.00,233424
3,NO,NULL,NULL,NULL,NULL,NULL
32,NO,NULL,NULL,NULL,NULL,NULL
126,NO,NULL,NULL,NULL,NULL,NULL
187,NO,NULL,NULL,NULL,NULL,NULL
228,NO,NULL,NULL,NULL,NULL,NULL
345,NO,NULL,NULL,NULL,NULL,NULL
385,NO,NULL,NULL,NULL,NULL,NULL
447,NO,NULL,NULL,NULL,NULL,NULL
492,NO,NULL,NULL,NULL,NULL,NULL
549,NO,NULL,NULL,NULL,NULL,NULL
564,NO,NULL,NULL,NULL,NULL,NULL
695,NO,NULL,NULL,NULL,NULL,NULL
731,NO,NULL,NULL,NULL,NULL,NULL
734,NO,NULL,NULL,NULL,NULL,NULL
817,YES,C,1995-02-17,60,8975.00,538500
1111,NO,NULL,NULL,NULL,NULL,NULL
1154,NO,NULL,NULL,NULL,NULL,NULL
1253,NO,NULL,NULL,NULL,NULL,NULL
1260,NO,NULL,NULL,NULL,NULL,NULL
1336,NO,NULL,NULL,NULL,NULL,NULL
1478,NO,NULL,NULL,NULL,NULL,NULL
1490,NO,NULL,NULL,NULL,NULL,NULL
1517,NO,NULL,NULL,NULL,NULL,NULL
1672,NO,NULL,NULL,NULL,NULL,NULL
1826,NO,NULL,NULL,NULL,NULL,NULL
1839,NO,NULL,NULL,NULL,NULL,NULL
1969,NO,NULL,NULL,NULL,NULL,NULL
2000,YES,C,1998-07-14,60,4847.00,290820
2053,NO,NULL,NULL,NULL,NULL,NULL
2345,YES,C,1994-12-11,60,3328.00,199680
2406,NO,NULL,NULL,NULL,NULL,NULL
2416,NO,NULL,NULL,NULL,NULL,NULL
2488,NO,NULL,NULL,NULL,NULL,NULL
2551,NO,NULL,NULL,NULL,NULL,NULL
2588,NO,NULL,NULL,NULL,NULL,NULL
2593,NO,NULL,NULL,NULL,NULL,NULL
2638,NO,NULL,NULL,NULL,NULL,NULL
2677,NO,NULL,NULL,NULL,NULL,NULL
2732,NO,NULL,NULL,NULL,NULL,NULL
2796,NO,NULL,NULL,NULL,NULL,NULL
2939,NO,NULL,NULL,NULL,NULL,NULL
3032,NO,NULL,NULL,NULL,NULL,NULL
3107,NO,NULL,NULL,NULL,NULL,NULL
3129,NO,NULL,NULL,NULL,NULL,NULL
3221,NO,NULL,NULL,NULL,NULL,NULL
3239,NO,NULL,NULL,NULL,NULL,NULL
3326,NO,NULL,NULL,NULL,NULL,NULL
3436,NO,NULL,NULL,NULL,NULL,NULL
3567,NO,NULL,NULL,NULL,NULL,NULL
3589,NO,NULL,NULL,NULL,NULL,NULL
3745,NO,NULL,NULL,NULL,NULL,NULL
3793,NO,NULL,NULL,NULL,NULL,NULL
4131,NO,NULL,NULL,NULL,NULL,NULL
4263,NO,NULL,NULL,NULL,NULL,NULL
4358,NO,NULL,NULL,NULL,NULL,NULL
4863,YES,A,1997-03-18,12,6340.00,76080
5164,YES,C,1998-03-23,36,621.00,22356
5632,YES,C,1995-07-25,60,4760.00,285600
5837,YES,C,1997-09-14,36,4939.00,177804
6265,YES,C,1997-06-10,24,3640.00,87360
7184,YES,A,1996-08-04,24,6485.00,155640
8132,NO,NULL,NULL,NULL,NULL,NULL
9051,NO,NULL,NULL,NULL,NULL,NULL
9484,NO,NULL,NULL,NULL,NULL,NULL
11271,YES,C,1997-01-31,36,1870.00,67320
112,NO,NULL,NULL,NULL,NULL,NULL
238,NO,NULL,NULL,NULL,NULL,NULL
416,NO,NULL,NULL,NULL,NULL,NULL
485,NO,NULL,NULL,NULL,NULL,NULL
516,NO,NULL,NULL,NULL,NULL,NULL
843,NO,NULL,NULL,NULL,NULL,NULL
993,YES,C,1998-07-01,60,1812.00,108720
1006,NO,NULL,NULL,NULL,NULL,NULL
1060,NO,NULL,NULL,NULL,NULL,NULL
1062,NO,NULL,NULL,NULL,NULL,NULL
1114,NO,NULL,NULL,NULL,NULL,NULL
1134,NO,NULL,NULL,NULL,NULL,NULL
1172,NO,NULL,NULL,NULL,NULL,NULL
1234,NO,NULL,NULL,NULL,NULL,NULL
1524,NO,NULL,NULL,NULL,NULL,NULL
1618,NO,NULL,NULL,NULL,NULL,NULL
1638,YES,C,1998-01-26,24,2676.00,64224
1671,NO,NULL,NULL,NULL,NULL,NULL
1694,NO,NULL,NULL,NULL,NULL,NULL
1846,NO,NULL,NULL,NULL,NULL,NULL
1888,YES,B,1997-08-30,12,4780.00,57360
1894,NO,NULL,NULL,NULL,NULL,NULL
1939,NO,NULL,NULL,NULL,NULL,NULL
1982,NO,NULL,NULL,NULL,NULL,NULL
1996,NO,NULL,NULL,NULL,NULL,NULL
2044,NO,NULL,NULL,NULL,NULL,NULL
2184,NO,NULL,NULL,NULL,NULL,NULL
2241,NO,NULL,NULL,NULL,NULL,NULL
2269,NO,NULL,NULL,NULL,NULL,NULL
2471,NO,NULL,NULL,NULL,NULL,NULL
2516,YES,C,1997-06-13,48,9721.00,466608
2646,NO,NULL,NULL,NULL,NULL,NULL
2916,NO,NULL,NULL,NULL,NULL,NULL
2945,NO,NULL,NULL,NULL,NULL,NULL
2965,NO,NULL,NULL,NULL,NULL,NULL
3124,NO,NULL,NULL,NULL,NULL,NULL
3151,NO,NULL,NULL,NULL,NULL,NULL
3182,NO,NULL,NULL,NULL,NULL,NULL
3446,NO,NULL,NULL,NULL,NULL,NULL
3551,NO,NULL,NULL,NULL,NULL,NULL
3789,NO,NULL,NULL,NULL,NULL,NULL
3934,NO,NULL,NULL,NULL,NULL,NULL
3956,NO,NULL,NULL,NULL,NULL,NULL
4116,YES,C,1998-06-03,36,4200.00,151200
5072,YES,C,1997-02-09,60,5292.00,317520
6034,YES,B,1993-12-01,60,7742.00,464520
6083,YES,D,1997-09-28,48,7518.00,360864
6495,YES,C,1998-04-28,12,8747.00,104964
29,NO,NULL,NULL,NULL,NULL,NULL
291,NO,NULL,NULL,NULL,NULL,NULL
294,NO,NULL,NULL,NULL,NULL,NULL
302,NO,NULL,NULL,NULL,NULL,NULL
454,NO,NULL,NULL,NULL,NULL,NULL
458,NO,NULL,NULL,NULL,NULL,NULL
770,NO,NULL,NULL,NULL,NULL,NULL
936,NO,NULL,NULL,NULL,NULL,NULL
963,NO,NULL,NULL,NULL,NULL,NULL
1018,NO,NULL,NULL,NULL,NULL,NULL
1157,NO,NULL,NULL,NULL,NULL,NULL
1231,NO,NULL,NULL,NULL,NULL,NULL
1298,NO,NULL,NULL,NULL,NULL,NULL
1404,NO,NULL,NULL,NULL,NULL,NULL
1514,NO,NULL,NULL,NULL,NULL,NULL
1792,NO,NULL,NULL,NULL,NULL,NULL
1853,NO,NULL,NULL,NULL,NULL,NULL
2028,NO,NULL,NULL,NULL,NULL,NULL
2087,NO,NULL,NULL,NULL,NULL,NULL
2113,NO,NULL,NULL,NULL,NULL,NULL
2149,NO,NULL,NULL,NULL,NULL,NULL
2208,NO,NULL,NULL,NULL,NULL,NULL
2230,NO,NULL,NULL,NULL,NULL,NULL
2242,NO,NULL,NULL,NULL,NULL,NULL
2354,NO,NULL,NULL,NULL,NULL,NULL
2358,NO,NULL,NULL,NULL,NULL,NULL
2577,NO,NULL,NULL,NULL,NULL,NULL
2641,NO,NULL,NULL,NULL,NULL,NULL
2684,NO,NULL,NULL,NULL,NULL,NULL
2694,YES,A,1994-03-08,12,7636.00,91632
3514,NO,NULL,NULL,NULL,NULL,NULL
3575,NO,NULL,NULL,NULL,NULL,NULL
3641,NO,NULL,NULL,NULL,NULL,NULL
3772,NO,NULL,NULL,NULL,NULL,NULL
3804,YES,A,1996-02-08,12,5271.00,63252
3825,NO,NULL,NULL,NULL,NULL,NULL
3941,NO,NULL,NULL,NULL,NULL,NULL
3977,NO,NULL,NULL,NULL,NULL,NULL
4000,NO,NULL,NULL,NULL,NULL,NULL
4134,NO,NULL,NULL,NULL,NULL,NULL
6505,YES,C,1998-10-08,12,3208.00,38496
7180,YES,C,1998-11-17,24,4156.00,99744
9491,YES,C,1998-06-25,48,4698.00,225504
11327,YES,C,1998-09-27,24,1632.00,39168
70,NO,NULL,NULL,NULL,NULL,NULL
116,NO,NULL,NULL,NULL,NULL,NULL
148,NO,NULL,NULL,NULL,NULL,NULL
427,NO,NULL,NULL,NULL,NULL,NULL
472,YES,D,1997-04-28,24,8200.00,196800
546,NO,NULL,NULL,NULL,NULL,NULL
566,NO,NULL,NULL,NULL,NULL,NULL
665,NO,NULL,NULL,NULL,NULL,NULL
941,NO,NULL,NULL,NULL,NULL,NULL
1059,NO,NULL,NULL,NULL,NULL,NULL
1113,NO,NULL,NULL,NULL,NULL,NULL
1182,NO,NULL,NULL,NULL,NULL,NULL
1281,NO,NULL,NULL,NULL,NULL,NULL
1328,NO,NULL,NULL,NULL,NULL,NULL
1347,NO,NULL,NULL,NULL,NULL,NULL
1359,NO,NULL,NULL,NULL,NULL,NULL
1782,NO,NULL,NULL,NULL,NULL,NULL
1970,NO,NULL,NULL,NULL,NULL,NULL
2115,NO,NULL,NULL,NULL,NULL,NULL
2139,NO,NULL,NULL,NULL,NULL,NULL
2201,NO,NULL,NULL,NULL,NULL,NULL
2331,NO,NULL,NULL,NULL,NULL,NULL
2404,NO,NULL,NULL,NULL,NULL,NULL
2432,NO,NULL,NULL,NULL,NULL,NULL
2454,NO,NULL,NULL,NULL,NULL,NULL
2697,NO,NULL,NULL,NULL,NULL,NULL
2889,NO,NULL,NULL,NULL,NULL,NULL
2913,NO,NULL,NULL,NULL,NULL,NULL
2959,NO,NULL,NULL,NULL,NULL,NULL
3072,NO,NULL,NULL,NULL,NULL,NULL
3202,NO,NULL,NULL,NULL,NULL,NULL
3235,NO,NULL,NULL,NULL,NULL,NULL
3271,NO,NULL,NULL,NULL,NULL,NULL
3286,NO,NULL,NULL,NULL,NULL,NULL
3311,NO,NULL,NULL,NULL,NULL,NULL
3359,NO,NULL,NULL,NULL,NULL,NULL
3369,NO,NULL,NULL,NULL,NULL,NULL
3461,NO,NULL,NULL,NULL,NULL,NULL
3470,NO,NULL,NULL,NULL,NULL,NULL
3650,NO,NULL,NULL,NULL,NULL,NULL
3689,NO,NULL,NULL,NULL,NULL,NULL
3706,NO,NULL,NULL,NULL,NULL,NULL
3822,NO,NULL,NULL,NULL,NULL,NULL
3841,NO,NULL,NULL,NULL,NULL,NULL
3850,NO,NULL,NULL,NULL,NULL,NULL
3854,NO,NULL,NULL,NULL,NULL,NULL
3916,YES,C,1998-07-12,36,2694.00,96984
4519,NO,NULL,NULL,NULL,NULL,NULL
4715,YES,C,1997-03-14,24,4049.00,97176
5250,NO,NULL,NULL,NULL,NULL,NULL
9677,YES,C,1997-06-17,60,527.00,31620
10018,NO,NULL,NULL,NULL,NULL,NULL
10019,YES,C,1996-09-25,36,5415.00,194940
10343,NO,NULL,NULL,NULL,NULL,NULL
10656,NO,NULL,NULL,NULL,NULL,NULL
11333,NO,NULL,NULL,NULL,NULL,NULL
425,NO,NULL,NULL,NULL,NULL,NULL
521,NO,NULL,NULL,NULL,NULL,NULL
866,NO,NULL,NULL,NULL,NULL,NULL
879,NO,NULL,NULL,NULL,NULL,NULL
882,NO,NULL,NULL,NULL,NULL,NULL
934,NO,NULL,NULL,NULL,NULL,NULL
942,NO,NULL,NULL,NULL,NULL,NULL
1237,NO,NULL,NULL,NULL,NULL,NULL
1342,NO,NULL,NULL,NULL,NULL,NULL
1456,NO,NULL,NULL,NULL,NULL,NULL
1519,NO,NULL,NULL,NULL,NULL,NULL
1727,NO,NULL,NULL,NULL,NULL,NULL
1799,NO,NULL,NULL,NULL,NULL,NULL
1874,NO,NULL,NULL,NULL,NULL,NULL
1943,NO,NULL,NULL,NULL,NULL,NULL
1953,NO,NULL,NULL,NULL,NULL,NULL
2101,NO,NULL,NULL,NULL,NULL,NULL
2187,YES,A,1997-11-04,12,4456.00,53472
2204,NO,NULL,NULL,NULL,NULL,NULL
2603,NO,NULL,NULL,NULL,NULL,NULL
2712,NO,NULL,NULL,NULL,NULL,NULL
2961,NO,NULL,NULL,NULL,NULL,NULL
2974,NO,NULL,NULL,NULL,NULL,NULL
3051,NO,NULL,NULL,NULL,NULL,NULL
3057,NO,NULL,NULL,NULL,NULL,NULL
3375,NO,NULL,NULL,NULL,NULL,NULL
3426,NO,NULL,NULL,NULL,NULL,NULL
3430,NO,NULL,NULL,NULL,NULL,NULL
3489,YES,A,1995-08-01,24,1837.00,44088
3507,NO,NULL,NULL,NULL,NULL,NULL
3518,NO,NULL,NULL,NULL,NULL,NULL
3751,NO,NULL,NULL,NULL,NULL,NULL
3782,NO,NULL,NULL,NULL,NULL,NULL
3805,NO,NULL,NULL,NULL,NULL,NULL
3963,NO,NULL,NULL,NULL,NULL,NULL
4091,NO,NULL,NULL,NULL,NULL,NULL
4527,NO,NULL,NULL,NULL,NULL,NULL
4580,YES,A,1995-08-05,12,1685.00,20220
4626,YES,A,1997-06-18,12,2779.00,33348
5591,YES,C,1997-01-21,60,3698.00,221880
7520,NO,NULL,NULL,NULL,NULL,NULL
7990,YES,C,1998-04-23,48,3020.00,144960
8039,YES,A,1996-10-20,24,3900.00,93600
8153,NO,NULL,NULL,NULL,NULL,NULL
9153,YES,C,1998-03-01,36,1451.00,52236
9504,YES,C,1997-03-10,60,5688.00,341280
144,NO,NULL,NULL,NULL,NULL,NULL
558,NO,NULL,NULL,NULL,NULL,NULL
690,NO,NULL,NULL,NULL,NULL,NULL
743,NO,NULL,NULL,NULL,NULL,NULL
748,NO,NULL,NULL,NULL,NULL,NULL
787,NO,NULL,NULL,NULL,NULL,NULL
805,NO,NULL,NULL,NULL,NULL,NULL
921,NO,NULL,NULL,NULL,NULL,NULL
988,NO,NULL,NULL,NULL,NULL,NULL
1054,NO,NULL,NULL,NULL,NULL,NULL
1408,NO,NULL,NULL,NULL,NULL,NULL
1483,NO,NULL,NULL,NULL,NULL,NULL
1567,NO,NULL,NULL,NULL,NULL,NULL
1601,NO,NULL,NULL,NULL,NULL,NULL
1629,NO,NULL,NULL,NULL,NULL,NULL
1631,NO,NULL,NULL,NULL,NULL,NULL
1781,NO,NULL,NULL,NULL,NULL,NULL
1817,NO,NULL,NULL,NULL,NULL,NULL
1820,NO,NULL,NULL,NULL,NULL,NULL
1827,NO,NULL,NULL,NULL,NULL,NULL
1830,NO,NULL,NULL,NULL,NULL,NULL
1870,NO,NULL,NULL,NULL,NULL,NULL
1879,NO,NULL,NULL,NULL,NULL,NULL
2393,NO,NULL,NULL,NULL,NULL,NULL
2523,NO,NULL,NULL,NULL,NULL,NULL
2589,NO,NULL,NULL,NULL,NULL,NULL
2719,NO,NULL,NULL,NULL,NULL,NULL
2760,NO,NULL,NULL,NULL,NULL,NULL
2933,YES,C,1994-05-17,60,4542.00,272520
2979,NO,NULL,NULL,NULL,NULL,NULL
3021,YES,C,1996-12-04,48,3242.00,155616
3036,NO,NULL,NULL,NULL,NULL,NULL
3038,NO,NULL,NULL,NULL,NULL,NULL
3042,NO,NULL,NULL,NULL,NULL,NULL
3186,NO,NULL,NULL,NULL,NULL,NULL
3528,NO,NULL,NULL,NULL,NULL,NULL
3635,NO,NULL,NULL,NULL,NULL,NULL
3640,NO,NULL,NULL,NULL,NULL,NULL
3728,NO,NULL,NULL,NULL,NULL,NULL
3773,NO,NULL,NULL,NULL,NULL,NULL
3785,NO,NULL,NULL,NULL,NULL,NULL
3792,NO,NULL,NULL,NULL,NULL,NULL
3882,NO,NULL,NULL,NULL,NULL,NULL
3910,NO,NULL,NULL,NULL,NULL,NULL
5650,YES,A,1995-07-10,24,4108.00,98592
7231,NO,NULL,NULL,NULL,NULL,NULL
7997,YES,C,1998-02-05,24,6694.00,160656
9104,YES,A,1994-08-07,48,3585.00,172080
102,NO,NULL,NULL,NULL,NULL,NULL
157,NO,NULL,NULL,NULL,NULL,NULL
257,NO,NULL,NULL,NULL,NULL,NULL
272,NO,NULL,NULL,NULL,NULL,NULL
359,NO,NULL,NULL,NULL,NULL,NULL
397,NO,NULL,NULL,NULL,NULL,NULL
451,NO,NULL,NULL,NULL,NULL,NULL
561,NO,NULL,NULL,NULL,NULL,NULL
800,NO,NULL,NULL,NULL,NULL,NULL
924,NO,NULL,NULL,NULL,NULL,NULL
1032,NO,NULL,NULL,NULL,NULL,NULL
1036,NO,NULL,NULL,NULL,NULL,NULL
1166,YES,A,1994-02-07,48,3105.00,149040
1173,NO,NULL,NULL,NULL,NULL,NULL
1288,NO,NULL,NULL,NULL,NULL,NULL
1363,NO,NULL,NULL,NULL,NULL,NULL
1383,NO,NULL,NULL,NULL,NULL,NULL
1439,NO,NULL,NULL,NULL,NULL,NULL
1515,NO,NULL,NULL,NULL,NULL,NULL
1686,NO,NULL,NULL,NULL,NULL,NULL
1903,NO,NULL,NULL,NULL,NULL,NULL
2133,NO,NULL,NULL,NULL,NULL,NULL
2196,NO,NULL,NULL,NULL,NULL,NULL
2469,NO,NULL,NULL,NULL,NULL,NULL
2477,NO,NULL,NULL,NULL,NULL,NULL
2724,NO,NULL,NULL,NULL,NULL,NULL
2772,NO,NULL,NULL,NULL,NULL,NULL
2795,NO,NULL,NULL,NULL,NULL,NULL
2801,NO,NULL,NULL,NULL,NULL,NULL
2824,YES,C,1994-07-16,60,841.00,50460
2859,NO,NULL,NULL,NULL,NULL,NULL
3004,NO,NULL,NULL,NULL,NULL,NULL
3053,NO,NULL,NULL,NULL,NULL,NULL
3194,NO,NULL,NULL,NULL,NULL,NULL
3299,NO,NULL,NULL,NULL,NULL,NULL
3325,NO,NULL,NULL,NULL,NULL,NULL
3365,NO,NULL,NULL,NULL,NULL,NULL
3423,NO,NULL,NULL,NULL,NULL,NULL
4081,YES,B,1995-11-28,24,5746.00,137904
5984,NO,NULL,NULL,NULL,NULL,NULL
7274,YES,C,1998-03-12,12,4087.00,49044
8173,YES,A,1994-05-20,12,6695.00,80340
9225,YES,C,1997-04-13,48,3422.00,164256
9236,YES,A,1993-12-21,12,7218.00,86616
9631,YES,C,1997-11-09,24,2477.00,59448
9828,YES,A,1995-04-13,24,5275.00,126600
10663,YES,A,1995-10-28,36,7223.00,260028
11065,YES,A,1994-06-12,48,1445.00,69360
4,NO,NULL,NULL,NULL,NULL,NULL
16,NO,NULL,NULL,NULL,NULL,NULL
358,NO,NULL,NULL,NULL,NULL,NULL
371,NO,NULL,NULL,NULL,NULL,NULL
423,NO,NULL,NULL,NULL,NULL,NULL
424,NO,NULL,NULL,NULL,NULL,NULL
556,NO,NULL,NULL,NULL,NULL,NULL
582,NO,NULL,NULL,NULL,NULL,NULL
604,NO,NULL,NULL,NULL,NULL,NULL
702,NO,NULL,NULL,NULL,NULL,NULL
765,NO,NULL,NULL,NULL,NULL,NULL
788,NO,NULL,NULL,NULL,NULL,NULL
971,NO,NULL,NULL,NULL,NULL,NULL
1136,NO,NULL,NULL,NULL,NULL,NULL
1183,NO,NULL,NULL,NULL,NULL,NULL
1185,NO,NULL,NULL,NULL,NULL,NULL
1344,NO,NULL,NULL,NULL,NULL,NULL
1459,NO,NULL,NULL,NULL,NULL,NULL
1657,NO,NULL,NULL,NULL,NULL,NULL
1670,NO,NULL,NULL,NULL,NULL,NULL
1843,YES,A,1993-08-03,36,2939.00,105804
1925,NO,NULL,NULL,NULL,NULL,NULL
2074,NO,NULL,NULL,NULL,NULL,NULL
2386,NO,NULL,NULL,NULL,NULL,NULL
2710,NO,NULL,NULL,NULL,NULL,NULL
2832,NO,NULL,NULL,NULL,NULL,NULL
2972,NO,NULL,NULL,NULL,NULL,NULL
3089,NO,NULL,NULL,NULL,NULL,NULL
3106,NO,NULL,NULL,NULL,NULL,NULL
3139,NO,NULL,NULL,NULL,NULL,NULL
3252,NO,NULL,NULL,NULL,NULL,NULL
3390,YES,C,1998-03-11,12,3386.00,40632
3529,NO,NULL,NULL,NULL,NULL,NULL
3901,NO,NULL,NULL,NULL,NULL,NULL
3995,NO,NULL,NULL,NULL,NULL,NULL
4588,NO,NULL,NULL,NULL,NULL,NULL
4937,YES,A,1994-07-23,24,5996.00,143904
6473,YES,B,1994-05-26,12,6409.00,76908
7136,YES,C,1996-09-19,36,2059.00,74124
9869,YES,C,1995-03-15,60,5526.00,331560
10493,YES,C,1998-02-18,24,5575.00,133800
11186,YES,C,1996-10-02,60,6541.00,392460
172,NO,NULL,NULL,NULL,NULL,NULL
419,NO,NULL,NULL,NULL,NULL,NULL
501,YES,C,1996-10-24,60,4383.00,262980
539,NO,NULL,NULL,NULL,NULL,NULL
648,NO,NULL,NULL,NULL,NULL,NULL
806,NO,NULL,NULL,NULL,NULL,NULL
859,NO,NULL,NULL,NULL,NULL,NULL
923,NO,NULL,NULL,NULL,NULL,NULL
1008,NO,NULL,NULL,NULL,NULL,NULL
1057,NO,NULL,NULL,NULL,NULL,NULL
1122,NO,NULL,NULL,NULL,NULL,NULL
1123,NO,NULL,NULL,NULL,NULL,NULL
1252,YES,C,1997-04-01,36,4115.00,148140
1315,NO,NULL,NULL,NULL,NULL,NULL
1640,NO,NULL,NULL,NULL,NULL,NULL
1961,NO,NULL,NULL,NULL,NULL,NULL
2020,NO,NULL,NULL,NULL,NULL,NULL
2060,NO,NULL,NULL,NULL,NULL,NULL
2262,YES,C,1998-12-02,36,6395.00,230220
2344,NO,NULL,NULL,NULL,NULL,NULL
2670,NO,NULL,NULL,NULL,NULL,NULL
2750,NO,NULL,NULL,NULL,NULL,NULL
2904,NO,NULL,NULL,NULL,NULL,NULL
2976,NO,NULL,NULL,NULL,NULL,NULL
3130,NO,NULL,NULL,NULL,NULL,NULL
3305,NO,NULL,NULL,NULL,NULL,NULL
3323,NO,NULL,NULL,NULL,NULL,NULL
3389,NO,NULL,NULL,NULL,NULL,NULL
3453,NO,NULL,NULL,NULL,NULL,NULL
3897,NO,NULL,NULL,NULL,NULL,NULL
3908,NO,NULL,NULL,NULL,NULL,NULL
5066,YES,B,1996-02-10,24,2569.00,61656
5196,YES,A,1997-12-28,12,6652.00,79824
5483,NO,NULL,NULL,NULL,NULL,NULL
5574,YES,A,1996-04-10,12,3719.00,44628
7721,YES,C,1998-05-28,12,3788.00,45456
8261,YES,A,1993-09-13,24,3660.00,87840
309,YES,C,1998-11-25,48,1901.00,91248
382,NO,NULL,NULL,NULL,NULL,NULL
511,NO,NULL,NULL,NULL,NULL,NULL
536,NO,NULL,NULL,NULL,NULL,NULL
552,NO,NULL,NULL,NULL,NULL,NULL
729,NO,NULL,NULL,NULL,NULL,NULL
811,NO,NULL,NULL,NULL,NULL,NULL
845,NO,NULL,NULL,NULL,NULL,NULL
890,NO,NULL,NULL,NULL,NULL,NULL
953,NO,NULL,NULL,NULL,NULL,NULL
1017,NO,NULL,NULL,NULL,NULL,NULL
1044,NO,NULL,NULL,NULL,NULL,NULL
1077,NO,NULL,NULL,NULL,NULL,NULL
1184,NO,NULL,NULL,NULL,NULL,NULL
1559,NO,NULL,NULL,NULL,NULL,NULL
1909,NO,NULL,NULL,NULL,NULL,NULL
2270,NO,NULL,NULL,NULL,NULL,NULL
2340,NO,NULL,NULL,NULL,NULL,NULL
2373,NO,NULL,NULL,NULL,NULL,NULL
2442,NO,NULL,NULL,NULL,NULL,NULL
2473,NO,NULL,NULL,NULL,NULL,NULL
2659,NO,NULL,NULL,NULL,NULL,NULL
2740,NO,NULL,NULL,NULL,NULL,NULL
2789,NO,NULL,NULL,NULL,NULL,NULL
2842,NO,NULL,NULL,NULL,NULL,NULL
2863,NO,NULL,NULL,NULL,NULL,NULL
3115,YES,C,1996-11-15,60,5353.00,321180
3266,NO,NULL,NULL,NULL,NULL,NULL
3301,NO,NULL,NULL,NULL,NULL,NULL
3384,NO,NULL,NULL,NULL,NULL,NULL
3564,NO,NULL,NULL,NULL,NULL,NULL
3620,NO,NULL,NULL,NULL,NULL,NULL
3713,NO,NULL,NULL,NULL,NULL,NULL
4416,NO,NULL,NULL,NULL,NULL,NULL
4456,YES,C,1998-02-09,60,5354.00,321240
4894,YES,A,1993-11-04,24,4876.00,117024
5724,YES,C,1997-01-08,48,4845.00,232560
6866,NO,NULL,NULL,NULL,NULL,NULL
8381,YES,D,1997-07-25,48,6951.00,333648
8547,YES,C,1996-05-30,36,4806.00,173016
10297,YES,C,1996-11-18,48,8771.00,421008
5,NO,NULL,NULL,NULL,NULL,NULL
224,NO,NULL,NULL,NULL,NULL,NULL
241,NO,NULL,NULL,NULL,NULL,NULL
264,NO,NULL,NULL,NULL,NULL,NULL
314,YES,C,1997-05-03,24,2785.00,66840
362,NO,NULL,NULL,NULL,NULL,NULL
567,NO,NULL,NULL,NULL,NULL,NULL
773,NO,NULL,NULL,NULL,NULL,NULL
802,NO,NULL,NULL,NULL,NULL,NULL
851,NO,NULL,NULL,NULL,NULL,NULL
966,NO,NULL,NULL,NULL,NULL,NULL
967,NO,NULL,NULL,NULL,NULL,NULL
987,NO,NULL,NULL,NULL,NULL,NULL
1295,NO,NULL,NULL,NULL,NULL,NULL
1391,NO,NULL,NULL,NULL,NULL,NULL
1481,NO,NULL,NULL,NULL,NULL,NULL
1546,NO,NULL,NULL,NULL,NULL,NULL
1594,NO,NULL,NULL,NULL,NULL,NULL
1598,NO,NULL,NULL,NULL,NULL,NULL
1738,NO,NULL,NULL,NULL,NULL,NULL
1768,NO,NULL,NULL,NULL,NULL,NULL
1778,NO,NULL,NULL,NULL,NULL,NULL
1901,NO,NULL,NULL,NULL,NULL,NULL
2161,NO,NULL,NULL,NULL,NULL,NULL
2225,NO,NULL,NULL,NULL,NULL,NULL
2310,NO,NULL,NULL,NULL,NULL,NULL
2371,NO,NULL,NULL,NULL,NULL,NULL
2560,NO,NULL,NULL,NULL,NULL,NULL
2741,NO,NULL,NULL,NULL,NULL,NULL
2840,NO,NULL,NULL,NULL,NULL,NULL
2879,NO,NULL,NULL,NULL,NULL,NULL
2918,NO,NULL,NULL,NULL,NULL,NULL
2956,NO,NULL,NULL,NULL,NULL,NULL
2968,NO,NULL,NULL,NULL,NULL,NULL
3035,NO,NULL,NULL,NULL,NULL,NULL
3055,NO,NULL,NULL,NULL,NULL,NULL
3087,NO,NULL,NULL,NULL,NULL,NULL
3798,NO,NULL,NULL,NULL,NULL,NULL
3863,NO,NULL,NULL,NULL,NULL,NULL
3994,NO,NULL,NULL,NULL,NULL,NULL
4273,NO,NULL,NULL,NULL,NULL,NULL
4825,YES,A,1995-08-18,12,1783.00,21396
5283,YES,C,1998-09-09,48,3559.00,170832
5423,NO,NULL,NULL,NULL,NULL,NULL
5572,YES,C,1998-04-19,60,2348.00,140880
5593,YES,A,1996-08-09,12,3698.00,44376
5927,YES,B,1994-06-06,48,1817.00,87216
6872,NO,NULL,NULL,NULL,NULL,NULL
8856,NO,NULL,NULL,NULL,NULL,NULL
11265,YES,A,1993-09-15,12,4399.00,52788
52,NO,NULL,NULL,NULL,NULL,NULL
67,YES,A,1996-05-02,24,6915.00,165960
287,NO,NULL,NULL,NULL,NULL,NULL
306,NO,NULL,NULL,NULL,NULL,NULL
489,NO,NULL,NULL,NULL,NULL,NULL
548,NO,NULL,NULL,NULL,NULL,NULL
607,NO,NULL,NULL,NULL,NULL,NULL
779,NO,NULL,NULL,NULL,NULL,NULL
801,NO,NULL,NULL,NULL,NULL,NULL
813,YES,A,1994-05-11,12,2026.00,24312
839,NO,NULL,NULL,NULL,NULL,NULL
869,NO,NULL,NULL,NULL,NULL,NULL
1066,NO,NULL,NULL,NULL,NULL,NULL
1091,NO,NULL,NULL,NULL,NULL,NULL
1188,NO,NULL,NULL,NULL,NULL,NULL
1593,NO,NULL,NULL,NULL,NULL,NULL
1690,NO,NULL,NULL,NULL,NULL,NULL
1868,NO,NULL,NULL,NULL,NULL,NULL
1968,NO,NULL,NULL,NULL,NULL,NULL
2005,NO,NULL,NULL,NULL,NULL,NULL
2167,YES,A,1994-10-30,24,7094.00,170256
2220,NO,NULL,NULL,NULL,NULL,NULL
2362,NO,NULL,NULL,NULL,NULL,NULL
2378,NO,NULL,NULL,NULL,NULL,NULL
2401,NO,NULL,NULL,NULL,NULL,NULL
2415,NO,NULL,NULL,NULL,NULL,NULL
2470,NO,NULL,NULL,NULL,NULL,NULL
2504,NO,NULL,NULL,NULL,NULL,NULL
2514,NO,NULL,NULL,NULL,NULL,NULL
2526,NO,NULL,NULL,NULL,NULL,NULL
2695,NO,NULL,NULL,NULL,NULL,NULL
2781,NO,NULL,NULL,NULL,NULL,NULL
2922,NO,NULL,NULL,NULL,NULL,NULL
3007,NO,NULL,NULL,NULL,NULL,NULL
3047,NO,NULL,NULL,NULL,NULL,NULL
3093,NO,NULL,NULL,NULL,NULL,NULL
3331,NO,NULL,NULL,NULL,NULL,NULL
3395,NO,NULL,NULL,NULL,NULL,NULL
3439,NO,NULL,NULL,NULL,NULL,NULL
3460,YES,C,1998-05-29,48,2931.00,140688
3522,NO,NULL,NULL,NULL,NULL,NULL
3724,NO,NULL,NULL,NULL,NULL,NULL
3889,NO,NULL,NULL,NULL,NULL,NULL
4470,NO,NULL,NULL,NULL,NULL,NULL
6463,NO,NULL,NULL,NULL,NULL,NULL
6609,YES,B,1995-11-12,36,1671.00,60156
6688,YES,C,1996-10-23,36,638.00,22968
7594,YES,C,1997-12-11,48,2718.00,130464
10644,YES,C,1998-06-18,36,7499.00,269964
10812,YES,C,1998-05-29,48,2931.00,140688
10963,YES,C,1996-12-25,36,3217.00,115812
11079,YES,A,1997-04-26,12,8192.00,98304
91,NO,NULL,NULL,NULL,NULL,NULL
166,NO,NULL,NULL,NULL,NULL,NULL
200,NO,NULL,NULL,NULL,NULL,NULL
285,NO,NULL,NULL,NULL,NULL,NULL
337,NO,NULL,NULL,NULL,NULL,NULL
522,NO,NULL,NULL,NULL,NULL,NULL
528,NO,NULL,NULL,NULL,NULL,NULL
678,NO,NULL,NULL,NULL,NULL,NULL
680,NO,NULL,NULL,NULL,NULL,NULL
865,NO,NULL,NULL,NULL,NULL,NULL
990,NO,NULL,NULL,NULL,NULL,NULL
1271,NO,NULL,NULL,NULL,NULL,NULL
1322,NO,NULL,NULL,NULL,NULL,NULL
1397,NO,NULL,NULL,NULL,NULL,NULL
1403,NO,NULL,NULL,NULL,NULL,NULL
1427,NO,NULL,NULL,NULL,NULL,NULL
1620,NO,NULL,NULL,NULL,NULL,NULL
1775,NO,NULL,NULL,NULL,NULL,NULL
1814,NO,NULL,NULL,NULL,NULL,NULL
2009,NO,NULL,NULL,NULL,NULL,NULL
2163,NO,NULL,NULL,NULL,NULL,NULL
2434,NO,NULL,NULL,NULL,NULL,NULL
2475,NO,NULL,NULL,NULL,NULL,NULL
2567,NO,NULL,NULL,NULL,NULL,NULL
2568,NO,NULL,NULL,NULL,NULL,NULL
2639,NO,NULL,NULL,NULL,NULL,NULL
2693,NO,NULL,NULL,NULL,NULL,NULL
2851,NO,NULL,NULL,NULL,NULL,NULL
2894,NO,NULL,NULL,NULL,NULL,NULL
3040,NO,NULL,NULL,NULL,NULL,NULL
3062,NO,NULL,NULL,NULL,NULL,NULL
3126,NO,NULL,NULL,NULL,NULL,NULL
3200,NO,NULL,NULL,NULL,NULL,NULL
3321,NO,NULL,NULL,NULL,NULL,NULL
3332,NO,NULL,NULL,NULL,NULL,NULL
3467,NO,NULL,NULL,NULL,NULL,NULL
3730,NO,NULL,NULL,NULL,NULL,NULL
4467,YES,C,1998-08-03,36,2394.00,86184
5726,NO,NULL,NULL,NULL,NULL,NULL
7240,YES,C,1998-01-15,60,2536.00,152160
8680,YES,C,1996-07-14,36,2381.00,85716
10049,YES,A,1997-03-28,12,7636.00,91632
1,NO,NULL,NULL,NULL,NULL,NULL
343,NO,NULL,NULL,NULL,NULL,NULL
413,NO,NULL,NULL,NULL,NULL,NULL
431,NO,NULL,NULL,NULL,NULL,NULL
568,NO,NULL,NULL,NULL,NULL,NULL
945,NO,NULL,NULL,NULL,NULL,NULL
970,NO,NULL,NULL,NULL,NULL,NULL
1049,NO,NULL,NULL,NULL,NULL,NULL
1149,NO,NULL,NULL,NULL,NULL,NULL
1171,NO,NULL,NULL,NULL,NULL,NULL
1301,NO,NULL,NULL,NULL,NULL,NULL
1552,NO,NULL,NULL,NULL,NULL,NULL
1632,NO,NULL,NULL,NULL,NULL,NULL
1733,NO,NULL,NULL,NULL,NULL,NULL
1765,NO,NULL,NULL,NULL,NULL,NULL
1796,NO,NULL,NULL,NULL,NULL,NULL
1919,NO,NULL,NULL,NULL,NULL,NULL
2076,NO,NULL,NULL,NULL,NULL,NULL
2174,NO,NULL,NULL,NULL,NULL,NULL
2309,NO,NULL,NULL,NULL,NULL,NULL
2350,YES,C,1997-05-11,48,3328.00,159744
2402,NO,NULL,NULL,NULL,NULL,NULL
2421,NO,NULL,NULL,NULL,NULL,NULL
2479,NO,NULL,NULL,NULL,NULL,NULL
2520,NO,NULL,NULL,NULL,NULL,NULL
2636,NO,NULL,NULL,NULL,NULL,NULL
2726,NO,NULL,NULL,NULL,NULL,NULL
2812,NO,NULL,NULL,NULL,NULL,NULL
2987,NO,NULL,NULL,NULL,NULL,NULL
3003,NO,NULL,NULL,NULL,NULL,NULL
3079,NO,NULL,NULL,NULL,NULL,NULL
3088,NO,NULL,NULL,NULL,NULL,NULL
3109,NO,NULL,NULL,NULL,NULL,NULL
3167,NO,NULL,NULL,NULL,NULL,NULL
3192,NO,NULL,NULL,NULL,NULL,NULL
3287,NO,NULL,NULL,NULL,NULL,NULL
3540,NO,NULL,NULL,NULL,NULL,NULL
3559,NO,NULL,NULL,NULL,NULL,NULL
3602,NO,NULL,NULL,NULL,NULL,NULL
3633,NO,NULL,NULL,NULL,NULL,NULL
3821,NO,NULL,NULL,NULL,NULL,NULL
3904,NO,NULL,NULL,NULL,NULL,NULL
3921,NO,NULL,NULL,NULL,NULL,NULL
4237,NO,NULL,NULL,NULL,NULL,NULL
9156,YES,C,1998-12-01,36,4537.00,163332
10973,YES,A,1993-10-13,48,3217.00,154416
38,YES,C,1998-04-19,48,2307.00,110736
221,NO,NULL,NULL,NULL,NULL,NULL
252,NO,NULL,NULL,NULL,NULL,NULL
265,NO,NULL,NULL,NULL,NULL,NULL
449,NO,NULL,NULL,NULL,NULL,NULL
587,NO,NULL,NULL,NULL,NULL,NULL
709,NO,NULL,NULL,NULL,NULL,NULL
803,NO,NULL,NULL,NULL,NULL,NULL
825,YES,A,1997-02-02,12,4423.00,53076
969,NO,NULL,NULL,NULL,NULL,NULL
989,NO,NULL,NULL,NULL,NULL,NULL
1024,NO,NULL,NULL,NULL,NULL,NULL
1040,NO,NULL,NULL,NULL,NULL,NULL
1176,NO,NULL,NULL,NULL,NULL,NULL
1236,NO,NULL,NULL,NULL,NULL,NULL
1375,YES,A,1995-08-29,24,1889.00,45336
1407,YES,C,1998-01-17,24,5228.00,125472
1470,NO,NULL,NULL,NULL,NULL,NULL
1622,NO,NULL,NULL,NULL,NULL,NULL
1635,NO,NULL,NULL,NULL,NULL,NULL
1862,YES,C,1996-10-16,60,6602.00,396120
1975,NO,NULL,NULL,NULL,NULL,NULL
2025,NO,NULL,NULL,NULL,NULL,NULL
2027,NO,NULL,NULL,NULL,NULL,NULL
2218,YES,C,1995-11-18,60,3034.00,182040
2327,NO,NULL,NULL,NULL,NULL,NULL
2357,NO,NULL,NULL,NULL,NULL,NULL
2440,NO,NULL,NULL,NULL,NULL,NULL
2594,NO,NULL,NULL,NULL,NULL,NULL
2608,NO,NULL,NULL,NULL,NULL,NULL
2762,YES,A,1994-07-05,24,4641.00,111384
2857,NO,NULL,NULL,NULL,NULL,NULL
2875,NO,NULL,NULL,NULL,NULL,NULL
2888,NO,NULL,NULL,NULL,NULL,NULL
2895,NO,NULL,NULL,NULL,NULL,NULL
2960,NO,NULL,NULL,NULL,NULL,NULL
2982,YES,C,1998-04-17,12,3438.00,41256
2991,NO,NULL,NULL,NULL,NULL,NULL
3015,NO,NULL,NULL,NULL,NULL,NULL
3169,NO,NULL,NULL,NULL,NULL,NULL
3290,NO,NULL,NULL,NULL,NULL,NULL
3411,NO,NULL,NULL,NULL,NULL,NULL
3582,NO,NULL,NULL,NULL,NULL,NULL
3614,NO,NULL,NULL,NULL,NULL,NULL
3775,NO,NULL,NULL,NULL,NULL,NULL
3986,NO,NULL,NULL,NULL,NULL,NULL
3989,NO,NULL,NULL,NULL,NULL,NULL
5602,YES,C,1997-12-28,48,3698.00,177504
6075,YES,D,1998-01-06,48,8499.00,407952
7437,YES,C,1998-04-19,48,2307.00,110736
7733,YES,C,1998-05-12,24,5836.00,140064
7815,YES,A,1996-01-01,24,7904.00,189696
8489,YES,A,1995-06-23,36,7370.00,265320
9528,NO,NULL,NULL,NULL,NULL,NULL
10710,NO,NULL,NULL,NULL,NULL,NULL
37,YES,D,1998-10-14,60,5308.00,318480
55,NO,NULL,NULL,NULL,NULL,NULL
357,NO,NULL,NULL,NULL,NULL,NULL
433,NO,NULL,NULL,NULL,NULL,NULL
595,NO,NULL,NULL,NULL,NULL,NULL
700,NO,NULL,NULL,NULL,NULL,NULL
819,NO,NULL,NULL,NULL,NULL,NULL
928,NO,NULL,NULL,NULL,NULL,NULL
932,NO,NULL,NULL,NULL,NULL,NULL
965,NO,NULL,NULL,NULL,NULL,NULL
1026,NO,NULL,NULL,NULL,NULL,NULL
1106,YES,B,1994-11-12,24,8023.00,192552
1180,NO,NULL,NULL,NULL,NULL,NULL
1804,NO,NULL,NULL,NULL,NULL,NULL
1908,NO,NULL,NULL,NULL,NULL,NULL
1931,NO,NULL,NULL,NULL,NULL,NULL
1985,NO,NULL,NULL,NULL,NULL,NULL
2024,NO,NULL,NULL,NULL,NULL,NULL
2037,NO,NULL,NULL,NULL,NULL,NULL
2047,NO,NULL,NULL,NULL,NULL,NULL
2619,NO,NULL,NULL,NULL,NULL,NULL
2755,NO,NULL,NULL,NULL,NULL,NULL
2830,NO,NULL,NULL,NULL,NULL,NULL
2900,NO,NULL,NULL,NULL,NULL,NULL
3237,NO,NULL,NULL,NULL,NULL,NULL
3513,NO,NULL,NULL,NULL,NULL,NULL
3705,NO,NULL,NULL,NULL,NULL,NULL
3794,NO,NULL,NULL,NULL,NULL,NULL
3848,NO,NULL,NULL,NULL,NULL,NULL
3852,NO,NULL,NULL,NULL,NULL,NULL
3973,NO,NULL,NULL,NULL,NULL,NULL
3975,NO,NULL,NULL,NULL,NULL,NULL
4995,YES,D,1996-02-03,36,3583.00,128988
8405,YES,C,1995-10-14,60,4437.00,266220
8411,YES,C,1996-05-06,60,3677.00,220620
9833,YES,A,1994-05-21,12,8136.00,97632
12,NO,NULL,NULL,NULL,NULL,NULL
19,YES,B,1996-04-29,12,2523.00,30276
48,NO,NULL,NULL,NULL,NULL,NULL
105,YES,C,1998-12-05,48,7348.00,352704
123,NO,NULL,NULL,NULL,NULL,NULL
143,NO,NULL,NULL,NULL,NULL,NULL
181,NO,NULL,NULL,NULL,NULL,NULL
396,NO,NULL,NULL,NULL,NULL,NULL
635,NO,NULL,NULL,NULL,NULL,NULL
652,NO,NULL,NULL,NULL,NULL,NULL
662,NO,NULL,NULL,NULL,NULL,NULL
785,YES,C,1998-02-12,36,4336.00,156096
933,NO,NULL,NULL,NULL,NULL,NULL
946,NO,NULL,NULL,NULL,NULL,NULL
979,NO,NULL,NULL,NULL,NULL,NULL
1023,NO,NULL,NULL,NULL,NULL,NULL
1333,NO,NULL,NULL,NULL,NULL,NULL
1350,NO,NULL,NULL,NULL,NULL,NULL
1549,NO,NULL,NULL,NULL,NULL,NULL
1741,NO,NULL,NULL,NULL,NULL,NULL
1758,NO,NULL,NULL,NULL,NULL,NULL
1767,NO,NULL,NULL,NULL,NULL,NULL
1807,NO,NULL,NULL,NULL,NULL,NULL
1840,NO,NULL,NULL,NULL,NULL,NULL
2068,NO,NULL,NULL,NULL,NULL,NULL
2141,NO,NULL,NULL,NULL,NULL,NULL
2542,NO,NULL,NULL,NULL,NULL,NULL
2605,NO,NULL,NULL,NULL,NULL,NULL
2668,NO,NULL,NULL,NULL,NULL,NULL
2998,NO,NULL,NULL,NULL,NULL,NULL
3131,NO,NULL,NULL,NULL,NULL,NULL
3268,NO,NULL,NULL,NULL,NULL,NULL
3302,NO,NULL,NULL,NULL,NULL,NULL
3364,NO,NULL,NULL,NULL,NULL,NULL
3374,NO,NULL,NULL,NULL,NULL,NULL
3422,NO,NULL,NULL,NULL,NULL,NULL
3566,NO,NULL,NULL,NULL,NULL,NULL
3634,NO,NULL,NULL,NULL,NULL,NULL
3636,NO,NULL,NULL,NULL,NULL,NULL
3671,NO,NULL,NULL,NULL,NULL,NULL
3732,NO,NULL,NULL,NULL,NULL,NULL
3786,NO,NULL,NULL,NULL,NULL,NULL
3881,NO,NULL,NULL,NULL,NULL,NULL
4204,NO,NULL,NULL,NULL,NULL,NULL
7418,YES,B,1996-04-29,12,2523.00,30276
7606,YES,C,1995-12-12,60,3198.00,191880
9494,YES,A,1997-02-09,12,9736.00,116832
10361,YES,A,1997-06-02,12,7240.00,86880
33,NO,NULL,NULL,NULL,NULL,NULL
63,NO,NULL,NULL,NULL,NULL,NULL
138,NO,NULL,NULL,NULL,NULL,NULL
214,NO,NULL,NULL,NULL,NULL,NULL
231,NO,NULL,NULL,NULL,NULL,NULL
679,NO,NULL,NULL,NULL,NULL,NULL
771,NO,NULL,NULL,NULL,NULL,NULL
861,NO,NULL,NULL,NULL,NULL,NULL
992,NO,NULL,NULL,NULL,NULL,NULL
1248,NO,NULL,NULL,NULL,NULL,NULL
1368,NO,NULL,NULL,NULL,NULL,NULL
1538,NO,NULL,NULL,NULL,NULL,NULL
1616,NO,NULL,NULL,NULL,NULL,NULL
1708,NO,NULL,NULL,NULL,NULL,NULL
2128,NO,NULL,NULL,NULL,NULL,NULL
2152,NO,NULL,NULL,NULL,NULL,NULL
2182,NO,NULL,NULL,NULL,NULL,NULL
2301,NO,NULL,NULL,NULL,NULL,NULL
2490,NO,NULL,NULL,NULL,NULL,NULL
2506,NO,NULL,NULL,NULL,NULL,NULL
2620,NO,NULL,NULL,NULL,NULL,NULL
2944,NO,NULL,NULL,NULL,NULL,NULL
3160,NO,NULL,NULL,NULL,NULL,NULL
3345,NO,NULL,NULL,NULL,NULL,NULL
3440,NO,NULL,NULL,NULL,NULL,NULL
3479,NO,NULL,NULL,NULL,NULL,NULL
3484,NO,NULL,NULL,NULL,NULL,NULL
3617,NO,NULL,NULL,NULL,NULL,NULL
3721,NO,NULL,NULL,NULL,NULL,NULL
3771,NO,NULL,NULL,NULL,NULL,NULL
3899,NO,NULL,NULL,NULL,NULL,NULL
3944,NO,NULL,NULL,NULL,NULL,NULL
3951,NO,NULL,NULL,NULL,NULL,NULL
3954,NO,NULL,NULL,NULL,NULL,NULL
10134,YES,C,1998-01-11,24,5682.00,136368
10365,YES,D,1997-01-04,36,7240.00,260640
160,NO,NULL,NULL,NULL,NULL,NULL
367,NO,NULL,NULL,NULL,NULL,NULL
480,NO,NULL,NULL,NULL,NULL,NULL
592,NO,NULL,NULL,NULL,NULL,NULL
714,NO,NULL,NULL,NULL,NULL,NULL
752,NO,NULL,NULL,NULL,NULL,NULL
759,NO,NULL,NULL,NULL,NULL,NULL
935,NO,NULL,NULL,NULL,NULL,NULL
1028,NO,NULL,NULL,NULL,NULL,NULL
1209,NO,NULL,NULL,NULL,NULL,NULL
1303,NO,NULL,NULL,NULL,NULL,NULL
1312,NO,NULL,NULL,NULL,NULL,NULL
1337,NO,NULL,NULL,NULL,NULL,NULL
1438,NO,NULL,NULL,NULL,NULL,NULL
1442,NO,NULL,NULL,NULL,NULL,NULL
1568,NO,NULL,NULL,NULL,NULL,NULL
1606,NO,NULL,NULL,NULL,NULL,NULL
1687,NO,NULL,NULL,NULL,NULL,NULL
1837,NO,NULL,NULL,NULL,NULL,NULL
1951,NO,NULL,NULL,NULL,NULL,NULL
2448,NO,NULL,NULL,NULL,NULL,NULL
2449,NO,NULL,NULL,NULL,NULL,NULL
2667,NO,NULL,NULL,NULL,NULL,NULL
2730,NO,NULL,NULL,NULL,NULL,NULL
2742,NO,NULL,NULL,NULL,NULL,NULL
2776,NO,NULL,NULL,NULL,NULL,NULL
2973,NO,NULL,NULL,NULL,NULL,NULL
3203,NO,NULL,NULL,NULL,NULL,NULL
3262,NO,NULL,NULL,NULL,NULL,NULL
3315,NO,NULL,NULL,NULL,NULL,NULL
3372,NO,NULL,NULL,NULL,NULL,NULL
3382,NO,NULL,NULL,NULL,NULL,NULL
3394,NO,NULL,NULL,NULL,NULL,NULL
3409,NO,NULL,NULL,NULL,NULL,NULL
3474,NO,NULL,NULL,NULL,NULL,NULL
3548,NO,NULL,NULL,NULL,NULL,NULL
3651,NO,NULL,NULL,NULL,NULL,NULL
3684,NO,NULL,NULL,NULL,NULL,NULL
3770,NO,NULL,NULL,NULL,NULL,NULL
3878,NO,NULL,NULL,NULL,NULL,NULL
3913,NO,NULL,NULL,NULL,NULL,NULL
3935,NO,NULL,NULL,NULL,NULL,NULL
3981,NO,NULL,NULL,NULL,NULL,NULL
3988,NO,NULL,NULL,NULL,NULL,NULL
4055,NO,NULL,NULL,NULL,NULL,NULL
4385,NO,NULL,NULL,NULL,NULL,NULL
7769,YES,A,1994-05-22,48,4085.00,196080
7890,YES,C,1997-10-14,48,1653.00,79344
8519,YES,A,1994-08-11,12,6224.00,74688
10351,YES,C,1997-03-04,48,1848.00,88704
140,NO,NULL,NULL,NULL,NULL,NULL
244,NO,NULL,NULL,NULL,NULL,NULL
260,NO,NULL,NULL,NULL,NULL,NULL
273,NO,NULL,NULL,NULL,NULL,NULL
353,NO,NULL,NULL,NULL,NULL,NULL
384,NO,NULL,NULL,NULL,NULL,NULL
519,NO,NULL,NULL,NULL,NULL,NULL
547,NO,NULL,NULL,NULL,NULL,NULL
550,NO,NULL,NULL,NULL,NULL,NULL
555,NO,NULL,NULL,NULL,NULL,NULL
622,NO,NULL,NULL,NULL,NULL,NULL
691,NO,NULL,NULL,NULL,NULL,NULL
895,NO,NULL,NULL,NULL,NULL,NULL
1492,NO,NULL,NULL,NULL,NULL,NULL
1709,NO,NULL,NULL,NULL,NULL,NULL
1761,NO,NULL,NULL,NULL,NULL,NULL
1797,NO,NULL,NULL,NULL,NULL,NULL
1803,NO,NULL,NULL,NULL,NULL,NULL
1918,NO,NULL,NULL,NULL,NULL,NULL
2061,NO,NULL,NULL,NULL,NULL,NULL
2247,YES,C,1997-02-24,24,3021.00,72504
2302,NO,NULL,NULL,NULL,NULL,NULL
2419,YES,A,1995-01-30,12,7984.00,95808
2539,NO,NULL,NULL,NULL,NULL,NULL
2579,NO,NULL,NULL,NULL,NULL,NULL
2632,NO,NULL,NULL,NULL,NULL,NULL
2746,NO,NULL,NULL,NULL,NULL,NULL
2756,NO,NULL,NULL,NULL,NULL,NULL
2813,NO,NULL,NULL,NULL,NULL,NULL
3026,NO,NULL,NULL,NULL,NULL,NULL
3188,NO,NULL,NULL,NULL,NULL,NULL
3368,NO,NULL,NULL,NULL,NULL,NULL
3536,NO,NULL,NULL,NULL,NULL,NULL
3658,NO,NULL,NULL,NULL,NULL,NULL
3928,NO,NULL,NULL,NULL,NULL,NULL
3970,NO,NULL,NULL,NULL,NULL,NULL
4414,YES,A,1995-02-23,24,4051.00,97224
4476,YES,A,1996-09-25,24,633.00,15192
5428,YES,B,1993-09-24,24,7281.00,174744
6062,YES,C,1998-04-19,60,5356.00,321360
8073,YES,B,1994-02-17,12,4110.00,49320
10001,YES,C,1996-07-11,36,529.00,19044
165,NO,NULL,NULL,NULL,NULL,NULL
280,NO,NULL,NULL,NULL,NULL,NULL
288,NO,NULL,NULL,NULL,NULL,NULL
348,NO,NULL,NULL,NULL,NULL,NULL
370,NO,NULL,NULL,NULL,NULL,NULL
376,NO,NULL,NULL,NULL,NULL,NULL
415,NO,NULL,NULL,NULL,NULL,NULL
488,NO,NULL,NULL,NULL,NULL,NULL
614,NO,NULL,NULL,NULL,NULL,NULL
710,NO,NULL,NULL,NULL,NULL,NULL
767,NO,NULL,NULL,NULL,NULL,NULL
795,NO,NULL,NULL,NULL,NULL,NULL
850,NO,NULL,NULL,NULL,NULL,NULL
1170,NO,NULL,NULL,NULL,NULL,NULL
1247,YES,D,1995-03-16,48,2077.00,99696
1488,NO,NULL,NULL,NULL,NULL,NULL
1964,NO,NULL,NULL,NULL,NULL,NULL
2006,NO,NULL,NULL,NULL,NULL,NULL
2066,NO,NULL,NULL,NULL,NULL,NULL
2085,NO,NULL,NULL,NULL,NULL,NULL
2239,NO,NULL,NULL,NULL,NULL,NULL
2243,NO,NULL,NULL,NULL,NULL,NULL
2403,NO,NULL,NULL,NULL,NULL,NULL
2633,NO,NULL,NULL,NULL,NULL,NULL
2791,NO,NULL,NULL,NULL,NULL,NULL
2856,NO,NULL,NULL,NULL,NULL,NULL
2957,NO,NULL,NULL,NULL,NULL,NULL
3025,NO,NULL,NULL,NULL,NULL,NULL
3310,NO,NULL,NULL,NULL,NULL,NULL
3314,NO,NULL,NULL,NULL,NULL,NULL
3338,NO,NULL,NULL,NULL,NULL,NULL
3387,NO,NULL,NULL,NULL,NULL,NULL
3464,NO,NULL,NULL,NULL,NULL,NULL
3784,NO,NULL,NULL,NULL,NULL,NULL
3816,NO,NULL,NULL,NULL,NULL,NULL
3872,NO,NULL,NULL,NULL,NULL,NULL
3964,NO,NULL,NULL,NULL,NULL,NULL
3987,NO,NULL,NULL,NULL,NULL,NULL
4003,NO,NULL,NULL,NULL,NULL,NULL
4346,NO,NULL,NULL,NULL,NULL,NULL
10915,YES,C,1998-06-11,60,2541.00,152460
10954,YES,C,1997-04-02,60,312.00,18720
82,NO,NULL,NULL,NULL,NULL,NULL
83,NO,NULL,NULL,NULL,NULL,NULL
307,NO,NULL,NULL,NULL,NULL,NULL
444,NO,NULL,NULL,NULL,NULL,NULL
493,NO,NULL,NULL,NULL,NULL,NULL
532,NO,NULL,NULL,NULL,NULL,NULL
553,NO,NULL,NULL,NULL,NULL,NULL
554,NO,NULL,NULL,NULL,NULL,NULL
581,NO,NULL,NULL,NULL,NULL,NULL
620,NO,NULL,NULL,NULL,NULL,NULL
708,NO,NULL,NULL,NULL,NULL,NULL
768,NO,NULL,NULL,NULL,NULL,NULL
880,NO,NULL,NULL,NULL,NULL,NULL
964,NO,NULL,NULL,NULL,NULL,NULL
1029,NO,NULL,NULL,NULL,NULL,NULL
1108,NO,NULL,NULL,NULL,NULL,NULL
1124,NO,NULL,NULL,NULL,NULL,NULL
1325,NO,NULL,NULL,NULL,NULL,NULL
1430,NO,NULL,NULL,NULL,NULL,NULL
1608,NO,NULL,NULL,NULL,NULL,NULL
1856,NO,NULL,NULL,NULL,NULL,NULL
1899,NO,NULL,NULL,NULL,NULL,NULL
1967,YES,C,1996-04-21,48,5194.00,249312
1976,NO,NULL,NULL,NULL,NULL,NULL
1979,NO,NULL,NULL,NULL,NULL,NULL
2237,NO,NULL,NULL,NULL,NULL,NULL
2313,NO,NULL,NULL,NULL,NULL,NULL
2360,NO,NULL,NULL,NULL,NULL,NULL
2408,NO,NULL,NULL,NULL,NULL,NULL
2613,NO,NULL,NULL,NULL,NULL,NULL
2686,NO,NULL,NULL,NULL,NULL,NULL
2713,NO,NULL,NULL,NULL,NULL,NULL
2753,YES,C,1997-09-30,24,2768.00,66432
3016,NO,NULL,NULL,NULL,NULL,NULL
3176,NO,NULL,NULL,NULL,NULL,NULL
3517,NO,NULL,NULL,NULL,NULL,NULL
3672,NO,NULL,NULL,NULL,NULL,NULL
3871,NO,NULL,NULL,NULL,NULL,NULL
3952,NO,NULL,NULL,NULL,NULL,NULL
3982,NO,NULL,NULL,NULL,NULL,NULL
4269,NO,NULL,NULL,NULL,NULL,NULL
4803,YES,C,1997-02-25,48,1232.00,59136
6353,YES,C,1995-02-12,60,1332.00,79920
8159,YES,A,1995-06-13,24,1241.00,29784
9138,YES,D,1997-06-03,60,4537.00,272220
119,NO,NULL,NULL,NULL,NULL,NULL
212,NO,NULL,NULL,NULL,NULL,NULL
227,NO,NULL,NULL,NULL,NULL,NULL
270,NO,NULL,NULL,NULL,NULL,NULL
441,NO,NULL,NULL,NULL,NULL,NULL
653,NO,NULL,NULL,NULL,NULL,NULL
666,YES,A,1997-11-28,12,1045.00,12540
687,NO,NULL,NULL,NULL,NULL,NULL
872,NO,NULL,NULL,NULL,NULL,NULL
1127,NO,NULL,NULL,NULL,NULL,NULL
1177,NO,NULL,NULL,NULL,NULL,NULL
1432,NO,NULL,NULL,NULL,NULL,NULL
1900,NO,NULL,NULL,NULL,NULL,NULL
1914,NO,NULL,NULL,NULL,NULL,NULL
1966,NO,NULL,NULL,NULL,NULL,NULL
2346,NO,NULL,NULL,NULL,NULL,NULL
2422,NO,NULL,NULL,NULL,NULL,NULL
2537,NO,NULL,NULL,NULL,NULL,NULL
2635,NO,NULL,NULL,NULL,NULL,NULL
2658,NO,NULL,NULL,NULL,NULL,NULL
2855,NO,NULL,NULL,NULL,NULL,NULL
3028,NO,NULL,NULL,NULL,NULL,NULL
3373,NO,NULL,NULL,NULL,NULL,NULL
3428,NO,NULL,NULL,NULL,NULL,NULL
3549,NO,NULL,NULL,NULL,NULL,NULL
3600,NO,NULL,NULL,NULL,NULL,NULL
3670,NO,NULL,NULL,NULL,NULL,NULL
3680,NO,NULL,NULL,NULL,NULL,NULL
3895,NO,NULL,NULL,NULL,NULL,NULL
3942,YES,C,1997-10-14,36,2982.00,107352
4008,NO,NULL,NULL,NULL,NULL,NULL
4158,NO,NULL,NULL,NULL,NULL,NULL
4576,YES,A,1994-06-04,36,8339.00,300204
4585,YES,C,1996-10-10,48,1347.00,64656
5944,YES,C,1998-06-18,48,1640.00,78720
7894,YES,C,1997-10-21,36,4254.00,153144
9859,YES,C,1997-08-10,60,5010.00,300600
10233,YES,C,1997-05-03,60,3986.00,239160
10257,YES,C,1998-09-02,12,3151.00,37812
161,NO,NULL,NULL,NULL,NULL,NULL
211,NO,NULL,NULL,NULL,NULL,NULL
219,NO,NULL,NULL,NULL,NULL,NULL
249,NO,NULL,NULL,NULL,NULL,NULL
341,NO,NULL,NULL,NULL,NULL,NULL
400,NO,NULL,NULL,NULL,NULL,NULL
578,NO,NULL,NULL,NULL,NULL,NULL
697,NO,NULL,NULL,NULL,NULL,NULL
740,NO,NULL,NULL,NULL,NULL,NULL
1003,NO,NULL,NULL,NULL,NULL,NULL
1141,NO,NULL,NULL,NULL,NULL,NULL
1210,NO,NULL,NULL,NULL,NULL,NULL
1279,NO,NULL,NULL,NULL,NULL,NULL
1345,NO,NULL,NULL,NULL,NULL,NULL
1582,NO,NULL,NULL,NULL,NULL,NULL
1685,NO,NULL,NULL,NULL,NULL,NULL
1762,YES,A,1995-04-28,36,6893.00,248148
1766,YES,C,1996-06-15,60,501.00,30060
1808,YES,C,1998-09-30,48,8033.00,385584
1892,NO,NULL,NULL,NULL,NULL,NULL
2147,NO,NULL,NULL,NULL,NULL,NULL
2311,NO,NULL,NULL,NULL,NULL,NULL
2361,YES,A,1995-04-01,36,4352.00,156672
2367,NO,NULL,NULL,NULL,NULL,NULL
2582,NO,NULL,NULL,NULL,NULL,NULL
2681,NO,NULL,NULL,NULL,NULL,NULL
2692,NO,NULL,NULL,NULL,NULL,NULL
2977,NO,NULL,NULL,NULL,NULL,NULL
3000,NO,NULL,NULL,NULL,NULL,NULL
3155,NO,NULL,NULL,NULL,NULL,NULL
3242,NO,NULL,NULL,NULL,NULL,NULL
3316,NO,NULL,NULL,NULL,NULL,NULL
3407,NO,NULL,NULL,NULL,NULL,NULL
3609,NO,NULL,NULL,NULL,NULL,NULL
3665,NO,NULL,NULL,NULL,NULL,NULL
3753,NO,NULL,NULL,NULL,NULL,NULL
3931,NO,NULL,NULL,NULL,NULL,NULL
4140,NO,NULL,NULL,NULL,NULL,NULL
4171,NO,NULL,NULL,NULL,NULL,NULL
4264,NO,NULL,NULL,NULL,NULL,NULL
4377,NO,NULL,NULL,NULL,NULL,NULL
5317,YES,C,1997-03-07,36,2505.00,90180
8896,NO,NULL,NULL,NULL,NULL,NULL
9179,YES,C,1998-02-28,60,3584.00,215040
11096,YES,C,1997-06-09,60,3555.00,213300
58,NO,NULL,NULL,NULL,NULL,NULL
127,NO,NULL,NULL,NULL,NULL,NULL
167,NO,NULL,NULL,NULL,NULL,NULL
275,NO,NULL,NULL,NULL,NULL,NULL
440,YES,C,1998-03-13,48,1756.00,84288
462,NO,NULL,NULL,NULL,NULL,NULL
577,NO,NULL,NULL,NULL,NULL,NULL
601,NO,NULL,NULL,NULL,NULL,NULL
632,NO,NULL,NULL,NULL,NULL,NULL
974,NO,NULL,NULL,NULL,NULL,NULL
1055,NO,NULL,NULL,NULL,NULL,NULL
1150,NO,NULL,NULL,NULL,NULL,NULL
1168,NO,NULL,NULL,NULL,NULL,NULL
1192,NO,NULL,NULL,NULL,NULL,NULL
1193,NO,NULL,NULL,NULL,NULL,NULL
1196,NO,NULL,NULL,NULL,NULL,NULL
1204,NO,NULL,NULL,NULL,NULL,NULL
1262,NO,NULL,NULL,NULL,NULL,NULL
1388,NO,NULL,NULL,NULL,NULL,NULL
1458,NO,NULL,NULL,NULL,NULL,NULL
2077,NO,NULL,NULL,NULL,NULL,NULL
2089,NO,NULL,NULL,NULL,NULL,NULL
2245,YES,C,1995-01-16,48,7249.00,347952
2282,NO,NULL,NULL,NULL,NULL,NULL
2296,NO,NULL,NULL,NULL,NULL,NULL
2375,NO,NULL,NULL,NULL,NULL,NULL
2718,NO,NULL,NULL,NULL,NULL,NULL
2896,NO,NULL,NULL,NULL,NULL,NULL
2969,NO,NULL,NULL,NULL,NULL,NULL
3189,YES,D,1996-12-15,60,3703.00,222180
3208,NO,NULL,NULL,NULL,NULL,NULL
3220,NO,NULL,NULL,NULL,NULL,NULL
3228,NO,NULL,NULL,NULL,NULL,NULL
3298,NO,NULL,NULL,NULL,NULL,NULL
3383,NO,NULL,NULL,NULL,NULL,NULL
3594,NO,NULL,NULL,NULL,NULL,NULL
3618,NO,NULL,NULL,NULL,NULL,NULL
3766,NO,NULL,NULL,NULL,NULL,NULL
4337,YES,A,1994-12-08,24,2142.00,51408
6097,YES,C,1997-10-22,36,728.00,26208
8169,YES,C,1997-08-12,60,1633.00,97980
8377,YES,C,1995-06-01,60,6951.00,417060
9208,YES,C,1998-10-12,24,3422.00,82128
23,NO,NULL,NULL,NULL,NULL,NULL
163,NO,NULL,NULL,NULL,NULL,NULL
389,NO,NULL,NULL,NULL,NULL,NULL
436,NO,NULL,NULL,NULL,NULL,NULL
461,NO,NULL,NULL,NULL,NULL,NULL
719,NO,NULL,NULL,NULL,NULL,NULL
777,NO,NULL,NULL,NULL,NULL,NULL
909,NO,NULL,NULL,NULL,NULL,NULL
1263,NO,NULL,NULL,NULL,NULL,NULL
1465,NO,NULL,NULL,NULL,NULL,NULL
1513,NO,NULL,NULL,NULL,NULL,NULL
1584,NO,NULL,NULL,NULL,NULL,NULL
1654,NO,NULL,NULL,NULL,NULL,NULL
1747,NO,NULL,NULL,NULL,NULL,NULL
1787,YES,B,1993-07-05,12,8033.00,96396
1822,NO,NULL,NULL,NULL,NULL,NULL
2114,NO,NULL,NULL,NULL,NULL,NULL
2388,NO,NULL,NULL,NULL,NULL,NULL
2423,NO,NULL,NULL,NULL,NULL,NULL
2455,NO,NULL,NULL,NULL,NULL,NULL
2501,NO,NULL,NULL,NULL,NULL,NULL
2775,NO,NULL,NULL,NULL,NULL,NULL
2843,NO,NULL,NULL,NULL,NULL,NULL
2867,NO,NULL,NULL,NULL,NULL,NULL
2990,NO,NULL,NULL,NULL,NULL,NULL
3270,NO,NULL,NULL,NULL,NULL,NULL
3307,NO,NULL,NULL,NULL,NULL,NULL
3312,NO,NULL,NULL,NULL,NULL,NULL
3363,NO,NULL,NULL,NULL,NULL,NULL
3478,NO,NULL,NULL,NULL,NULL,NULL
3565,NO,NULL,NULL,NULL,NULL,NULL
3595,NO,NULL,NULL,NULL,NULL,NULL
3673,NO,NULL,NULL,NULL,NULL,NULL
3695,NO,NULL,NULL,NULL,NULL,NULL
3800,NO,NULL,NULL,NULL,NULL,NULL
4010,NO,NULL,NULL,NULL,NULL,NULL
4439,NO,NULL,NULL,NULL,NULL,NULL
9337,YES,A,1994-06-04,24,2172.00,52128
88,NO,NULL,NULL,NULL,NULL,NULL
117,NO,NULL,NULL,NULL,NULL,NULL
122,NO,NULL,NULL,NULL,NULL,NULL
145,NO,NULL,NULL,NULL,NULL,NULL
168,NO,NULL,NULL,NULL,NULL,NULL
215,NO,NULL,NULL,NULL,NULL,NULL
531,NO,NULL,NULL,NULL,NULL,NULL
584,NO,NULL,NULL,NULL,NULL,NULL
596,NO,NULL,NULL,NULL,NULL,NULL
629,NO,NULL,NULL,NULL,NULL,NULL
673,NO,NULL,NULL,NULL,NULL,NULL
753,NO,NULL,NULL,NULL,NULL,NULL
833,NO,NULL,NULL,NULL,NULL,NULL
848,NO,NULL,NULL,NULL,NULL,NULL
1145,NO,NULL,NULL,NULL,NULL,NULL
1233,NO,NULL,NULL,NULL,NULL,NULL
1277,NO,NULL,NULL,NULL,NULL,NULL
1354,NO,NULL,NULL,NULL,NULL,NULL
1527,YES,B,1994-11-19,36,4557.00,164052
1772,YES,C,1996-03-13,36,5633.00,202788
1812,NO,NULL,NULL,NULL,NULL,NULL
1960,NO,NULL,NULL,NULL,NULL,NULL
2042,NO,NULL,NULL,NULL,NULL,NULL
2146,NO,NULL,NULL,NULL,NULL,NULL
2153,YES,A,1996-11-28,12,5130.00,61560
2210,NO,NULL,NULL,NULL,NULL,NULL
2227,YES,A,1995-12-12,24,3874.00,92976
2276,NO,NULL,NULL,NULL,NULL,NULL
2293,NO,NULL,NULL,NULL,NULL,NULL
2298,NO,NULL,NULL,NULL,NULL,NULL
2597,NO,NULL,NULL,NULL,NULL,NULL
2624,NO,NULL,NULL,NULL,NULL,NULL
2751,NO,NULL,NULL,NULL,NULL,NULL
2766,NO,NULL,NULL,NULL,NULL,NULL
2963,NO,NULL,NULL,NULL,NULL,NULL
3233,NO,NULL,NULL,NULL,NULL,NULL
3412,NO,NULL,NULL,NULL,NULL,NULL
3421,NO,NULL,NULL,NULL,NULL,NULL
3498,NO,NULL,NULL,NULL,NULL,NULL
3653,NO,NULL,NULL,NULL,NULL,NULL
3729,NO,NULL,NULL,NULL,NULL,NULL
3781,NO,NULL,NULL,NULL,NULL,NULL
3965,NO,NULL,NULL,NULL,NULL,NULL
4343,NO,NULL,NULL,NULL,NULL,NULL
4355,NO,NULL,NULL,NULL,NULL,NULL
5011,NO,NULL,NULL,NULL,NULL,NULL
6400,YES,B,1996-02-12,24,3017.00,72408
6425,YES,A,1994-12-20,12,3057.00,36684
8260,YES,A,1994-08-25,36,6239.00,224604
9583,YES,A,1995-12-12,24,4363.00,104712
44,NO,NULL,NULL,NULL,NULL,NULL
185,NO,NULL,NULL,NULL,NULL,NULL
277,NO,NULL,NULL,NULL,NULL,NULL
360,NO,NULL,NULL,NULL,NULL,NULL
379,NO,NULL,NULL,NULL,NULL,NULL
401,NO,NULL,NULL,NULL,NULL,NULL
465,NO,NULL,NULL,NULL,NULL,NULL
544,YES,A,1996-08-22,24,3798.00,91152
572,NO,NULL,NULL,NULL,NULL,NULL
608,NO,NULL,NULL,NULL,NULL,NULL
640,NO,NULL,NULL,NULL,NULL,NULL
715,NO,NULL,NULL,NULL,NULL,NULL
824,NO,NULL,NULL,NULL,NULL,NULL
985,NO,NULL,NULL,NULL,NULL,NULL
1033,NO,NULL,NULL,NULL,NULL,NULL
1088,NO,NULL,NULL,NULL,NULL,NULL
1121,NO,NULL,NULL,NULL,NULL,NULL
1275,NO,NULL,NULL,NULL,NULL,NULL
1369,NO,NULL,NULL,NULL,NULL,NULL
1394,NO,NULL,NULL,NULL,NULL,NULL
1424,NO,NULL,NULL,NULL,NULL,NULL
1463,NO,NULL,NULL,NULL,NULL,NULL
1558,NO,NULL,NULL,NULL,NULL,NULL
1684,NO,NULL,NULL,NULL,NULL,NULL
1722,NO,NULL,NULL,NULL,NULL,NULL
1854,NO,NULL,NULL,NULL,NULL,NULL
1886,YES,C,1996-07-31,36,4513.00,162468
1891,NO,NULL,NULL,NULL,NULL,NULL
2003,NO,NULL,NULL,NULL,NULL,NULL
2096,NO,NULL,NULL,NULL,NULL,NULL
2476,NO,NULL,NULL,NULL,NULL,NULL
2502,NO,NULL,NULL,NULL,NULL,NULL
2559,NO,NULL,NULL,NULL,NULL,NULL
2874,NO,NULL,NULL,NULL,NULL,NULL
2902,NO,NULL,NULL,NULL,NULL,NULL
3434,NO,NULL,NULL,NULL,NULL,NULL
3454,NO,NULL,NULL,NULL,NULL,NULL
3456,NO,NULL,NULL,NULL,NULL,NULL
3468,NO,NULL,NULL,NULL,NULL,NULL
3555,NO,NULL,NULL,NULL,NULL,NULL
3621,NO,NULL,NULL,NULL,NULL,NULL
3624,NO,NULL,NULL,NULL,NULL,NULL
3765,NO,NULL,NULL,NULL,NULL,NULL
3911,NO,NULL,NULL,NULL,NULL,NULL
4427,YES,A,1994-09-26,12,7318.00,87816
9140,YES,C,1998-11-10,48,334.00,16032
10905,YES,C,1997-08-23,48,1190.00,57120
11027,YES,C,1997-10-23,24,2004.00,48096
486,NO,NULL,NULL,NULL,NULL,NULL
781,NO,NULL,NULL,NULL,NULL,NULL
1022,NO,NULL,NULL,NULL,NULL,NULL
1200,NO,NULL,NULL,NULL,NULL,NULL
1419,NO,NULL,NULL,NULL,NULL,NULL
1510,NO,NULL,NULL,NULL,NULL,NULL
1602,NO,NULL,NULL,NULL,NULL,NULL
1731,NO,NULL,NULL,NULL,NULL,NULL
1773,NO,NULL,NULL,NULL,NULL,NULL
1779,NO,NULL,NULL,NULL,NULL,NULL
1957,NO,NULL,NULL,NULL,NULL,NULL
2075,NO,NULL,NULL,NULL,NULL,NULL
2212,NO,NULL,NULL,NULL,NULL,NULL
2322,YES,A,1996-06-29,24,1930.00,46320
2341,NO,NULL,NULL,NULL,NULL,NULL
2364,NO,NULL,NULL,NULL,NULL,NULL
2413,YES,C,1998-10-06,12,1496.00,17952
2464,NO,NULL,NULL,NULL,NULL,NULL
2467,NO,NULL,NULL,NULL,NULL,NULL
2474,NO,NULL,NULL,NULL,NULL,NULL
2862,NO,NULL,NULL,NULL,NULL,NULL
2911,NO,NULL,NULL,NULL,NULL,NULL
2966,NO,NULL,NULL,NULL,NULL,NULL
3019,NO,NULL,NULL,NULL,NULL,NULL
3082,NO,NULL,NULL,NULL,NULL,NULL
3102,NO,NULL,NULL,NULL,NULL,NULL
3117,NO,NULL,NULL,NULL,NULL,NULL
3119,NO,NULL,NULL,NULL,NULL,NULL
3148,NO,NULL,NULL,NULL,NULL,NULL
3164,NO,NULL,NULL,NULL,NULL,NULL
3404,NO,NULL,NULL,NULL,NULL,NULL
3492,NO,NULL,NULL,NULL,NULL,NULL
3544,NO,NULL,NULL,NULL,NULL,NULL
3561,NO,NULL,NULL,NULL,NULL,NULL
3588,NO,NULL,NULL,NULL,NULL,NULL
3683,NO,NULL,NULL,NULL,NULL,NULL
3725,NO,NULL,NULL,NULL,NULL,NULL
3733,NO,NULL,NULL,NULL,NULL,NULL
3847,NO,NULL,NULL,NULL,NULL,NULL
3855,NO,NULL,NULL,NULL,NULL,NULL
3864,NO,NULL,NULL,NULL,NULL,NULL
3914,NO,NULL,NULL,NULL,NULL,NULL
3957,NO,NULL,NULL,NULL,NULL,NULL
4318,NO,NULL,NULL,NULL,NULL,NULL
4488,NO,NULL,NULL,NULL,NULL,NULL
4511,NO,NULL,NULL,NULL,NULL,NULL
4543,NO,NULL,NULL,NULL,NULL,NULL
4949,YES,C,1997-08-30,48,6040.00,289920
11244,YES,C,1997-12-11,24,6490.00,155760
134,NO,NULL,NULL,NULL,NULL,NULL
305,NO,NULL,NULL,NULL,NULL,NULL
537,NO,NULL,NULL,NULL,NULL,NULL
737,NO,NULL,NULL,NULL,NULL,NULL
738,NO,NULL,NULL,NULL,NULL,NULL
891,NO,NULL,NULL,NULL,NULL,NULL
1067,NO,NULL,NULL,NULL,NULL,NULL
1096,NO,NULL,NULL,NULL,NULL,NULL
1115,NO,NULL,NULL,NULL,NULL,NULL
1139,NO,NULL,NULL,NULL,NULL,NULL
1251,NO,NULL,NULL,NULL,NULL,NULL
1389,YES,C,1998-09-02,24,5228.00,125472
1555,NO,NULL,NULL,NULL,NULL,NULL
1651,NO,NULL,NULL,NULL,NULL,NULL
1855,NO,NULL,NULL,NULL,NULL,NULL
1905,NO,NULL,NULL,NULL,NULL,NULL
2045,NO,NULL,NULL,NULL,NULL,NULL
2058,NO,NULL,NULL,NULL,NULL,NULL
2109,NO,NULL,NULL,NULL,NULL,NULL
2228,YES,C,1995-03-29,48,3874.00,185952
2356,NO,NULL,NULL,NULL,NULL,NULL
2508,NO,NULL,NULL,NULL,NULL,NULL
2673,NO,NULL,NULL,NULL,NULL,NULL
3018,NO,NULL,NULL,NULL,NULL,NULL
3455,YES,A,1997-03-07,12,5622.00,67464
3530,NO,NULL,NULL,NULL,NULL,NULL
3737,NO,NULL,NULL,NULL,NULL,NULL
3826,NO,NULL,NULL,NULL,NULL,NULL
3919,NO,NULL,NULL,NULL,NULL,NULL
4059,NO,NULL,NULL,NULL,NULL,NULL
5290,NO,NULL,NULL,NULL,NULL,NULL
5442,YES,B,1994-06-17,24,7281.00,174744
6157,YES,C,1997-12-28,48,5165.00,247920
6453,YES,C,1998-05-17,36,304.00,10944
6512,NO,NULL,NULL,NULL,NULL,NULL
7861,YES,A,1995-10-08,36,607.00,21852
10148,YES,C,1998-01-27,12,1842.00,22104
10152,NO,NULL,NULL,NULL,NULL,NULL
10807,YES,A,1997-03-07,12,5622.00,67464
101,NO,NULL,NULL,NULL,NULL,NULL
298,NO,NULL,NULL,NULL,NULL,NULL
535,NO,NULL,NULL,NULL,NULL,NULL
669,NO,NULL,NULL,NULL,NULL,NULL
705,NO,NULL,NULL,NULL,NULL,NULL
727,NO,NULL,NULL,NULL,NULL,NULL
905,NO,NULL,NULL,NULL,NULL,NULL
1048,NO,NULL,NULL,NULL,NULL,NULL
1051,NO,NULL,NULL,NULL,NULL,NULL
1075,NO,NULL,NULL,NULL,NULL,NULL
1094,NO,NULL,NULL,NULL,NULL,NULL
1100,NO,NULL,NULL,NULL,NULL,NULL
1129,NO,NULL,NULL,NULL,NULL,NULL
1153,NO,NULL,NULL,NULL,NULL,NULL
1164,NO,NULL,NULL,NULL,NULL,NULL
1287,NO,NULL,NULL,NULL,NULL,NULL
1418,NO,NULL,NULL,NULL,NULL,NULL
1449,NO,NULL,NULL,NULL,NULL,NULL
1507,NO,NULL,NULL,NULL,NULL,NULL
1576,NO,NULL,NULL,NULL,NULL,NULL
1720,NO,NULL,NULL,NULL,NULL,NULL
1852,NO,NULL,NULL,NULL,NULL,NULL
1895,NO,NULL,NULL,NULL,NULL,NULL
1932,NO,NULL,NULL,NULL,NULL,NULL
1933,NO,NULL,NULL,NULL,NULL,NULL
1947,NO,NULL,NULL,NULL,NULL,NULL
2071,NO,NULL,NULL,NULL,NULL,NULL
2207,NO,NULL,NULL,NULL,NULL,NULL
2250,NO,NULL,NULL,NULL,NULL,NULL
2321,NO,NULL,NULL,NULL,NULL,NULL
2328,NO,NULL,NULL,NULL,NULL,NULL
2420,NO,NULL,NULL,NULL,NULL,NULL
2480,NO,NULL,NULL,NULL,NULL,NULL
2562,NO,NULL,NULL,NULL,NULL,NULL
2819,NO,NULL,NULL,NULL,NULL,NULL
2826,NO,NULL,NULL,NULL,NULL,NULL
3023,NO,NULL,NULL,NULL,NULL,NULL
3240,NO,NULL,NULL,NULL,NULL,NULL
3335,NO,NULL,NULL,NULL,NULL,NULL
3438,NO,NULL,NULL,NULL,NULL,NULL
3940,NO,NULL,NULL,NULL,NULL,NULL
3999,NO,NULL,NULL,NULL,NULL,NULL
6699,YES,C,1997-09-24,48,2650.00,127200
30,NO,NULL,NULL,NULL,NULL,NULL
39,NO,NULL,NULL,NULL,NULL,NULL
43,NO,NULL,NULL,NULL,NULL,NULL
65,NO,NULL,NULL,NULL,NULL,NULL
110,YES,C,1997-09-08,36,4516.00,162576
318,NO,NULL,NULL,NULL,NULL,NULL
332,NO,NULL,NULL,NULL,NULL,NULL
391,NO,NULL,NULL,NULL,NULL,NULL
418,NO,NULL,NULL,NULL,NULL,NULL
509,NO,NULL,NULL,NULL,NULL,NULL
560,NO,NULL,NULL,NULL,NULL,NULL
809,NO,NULL,NULL,NULL,NULL,NULL
827,NO,NULL,NULL,NULL,NULL,NULL
926,NO,NULL,NULL,NULL,NULL,NULL
1213,NO,NULL,NULL,NULL,NULL,NULL
1276,NO,NULL,NULL,NULL,NULL,NULL
1341,NO,NULL,NULL,NULL,NULL,NULL
1485,NO,NULL,NULL,NULL,NULL,NULL
1495,NO,NULL,NULL,NULL,NULL,NULL
1565,NO,NULL,NULL,NULL,NULL,NULL
1675,NO,NULL,NULL,NULL,NULL,NULL
1776,YES,C,1998-05-27,24,1800.00,43200
1841,NO,NULL,NULL,NULL,NULL,NULL
1937,NO,NULL,NULL,NULL,NULL,NULL
2032,NO,NULL,NULL,NULL,NULL,NULL
2081,NO,NULL,NULL,NULL,NULL,NULL
2082,NO,NULL,NULL,NULL,NULL,NULL
2240,NO,NULL,NULL,NULL,NULL,NULL
2263,NO,NULL,NULL,NULL,NULL,NULL
2285,NO,NULL,NULL,NULL,NULL,NULL
2300,NO,NULL,NULL,NULL,NULL,NULL
2522,NO,NULL,NULL,NULL,NULL,NULL
2554,NO,NULL,NULL,NULL,NULL,NULL
2564,NO,NULL,NULL,NULL,NULL,NULL
2820,NO,NULL,NULL,NULL,NULL,NULL
2931,NO,NULL,NULL,NULL,NULL,NULL
3254,NO,NULL,NULL,NULL,NULL,NULL
3277,NO,NULL,NULL,NULL,NULL,NULL
3304,NO,NULL,NULL,NULL,NULL,NULL
3405,NO,NULL,NULL,NULL,NULL,NULL
3427,NO,NULL,NULL,NULL,NULL,NULL
3501,NO,NULL,NULL,NULL,NULL,NULL
3516,NO,NULL,NULL,NULL,NULL,NULL
3645,NO,NULL,NULL,NULL,NULL,NULL
3652,NO,NULL,NULL,NULL,NULL,NULL
3720,NO,NULL,NULL,NULL,NULL,NULL
3795,NO,NULL,NULL,NULL,NULL,NULL
3806,NO,NULL,NULL,NULL,NULL,NULL
3968,NO,NULL,NULL,NULL,NULL,NULL
4052,YES,C,1997-12-28,36,2948.00,106128
4132,NO,NULL,NULL,NULL,NULL,NULL
6950,YES,C,1997-02-12,48,9910.00,475680
7828,NO,NULL,NULL,NULL,NULL,NULL
8026,YES,C,1997-09-09,36,3563.00,128268
9333,NO,NULL,NULL,NULL,NULL,NULL
10345,YES,C,1998-01-21,12,2605.00,31260
10711,YES,C,1997-12-24,60,403.00,24180
68,NO,NULL,NULL,NULL,NULL,NULL
104,NO,NULL,NULL,NULL,NULL,NULL
158,NO,NULL,NULL,NULL,NULL,NULL
209,NO,NULL,NULL,NULL,NULL,NULL
222,NO,NULL,NULL,NULL,NULL,NULL
256,NO,NULL,NULL,NULL,NULL,NULL
346,NO,NULL,NULL,NULL,NULL,NULL
438,NO,NULL,NULL,NULL,NULL,NULL
685,NO,NULL,NULL,NULL,NULL,NULL
940,YES,C,1996-05-29,60,4738.00,284280
1086,NO,NULL,NULL,NULL,NULL,NULL
1273,NO,NULL,NULL,NULL,NULL,NULL
1467,NO,NULL,NULL,NULL,NULL,NULL
1589,NO,NULL,NULL,NULL,NULL,NULL
1734,NO,NULL,NULL,NULL,NULL,NULL
1857,NO,NULL,NULL,NULL,NULL,NULL
1926,NO,NULL,NULL,NULL,NULL,NULL
2055,YES,C,1998-07-19,60,4521.00,271260
2059,NO,NULL,NULL,NULL,NULL,NULL
2150,NO,NULL,NULL,NULL,NULL,NULL
2290,NO,NULL,NULL,NULL,NULL,NULL
2771,NO,NULL,NULL,NULL,NULL,NULL
2877,NO,NULL,NULL,NULL,NULL,NULL
2927,NO,NULL,NULL,NULL,NULL,NULL
3105,NO,NULL,NULL,NULL,NULL,NULL
3125,NO,NULL,NULL,NULL,NULL,NULL
3138,NO,NULL,NULL,NULL,NULL,NULL
3232,NO,NULL,NULL,NULL,NULL,NULL
3269,NO,NULL,NULL,NULL,NULL,NULL
3719,NO,NULL,NULL,NULL,NULL,NULL
3754,YES,A,1996-11-03,24,2856.00,68544
3907,YES,C,1998-03-16,24,5577.00,133848
3930,NO,NULL,NULL,NULL,NULL,NULL
3979,NO,NULL,NULL,NULL,NULL,NULL
8127,YES,A,1996-07-15,24,6495.00,155880
9235,YES,C,1997-03-13,48,1735.00,83280
11069,YES,C,1997-03-04,48,2482.00,119136
139,NO,NULL,NULL,NULL,NULL,NULL
141,NO,NULL,NULL,NULL,NULL,NULL
216,NO,NULL,NULL,NULL,NULL,NULL
267,NO,NULL,NULL,NULL,NULL,NULL
276,YES,C,1998-12-02,36,4470.00,160920
374,NO,NULL,NULL,NULL,NULL,NULL
383,NO,NULL,NULL,NULL,NULL,NULL
435,NO,NULL,NULL,NULL,NULL,NULL
575,NO,NULL,NULL,NULL,NULL,NULL
722,NO,NULL,NULL,NULL,NULL,NULL
732,NO,NULL,NULL,NULL,NULL,NULL
749,NO,NULL,NULL,NULL,NULL,NULL
755,NO,NULL,NULL,NULL,NULL,NULL
897,NO,NULL,NULL,NULL,NULL,NULL
1256,YES,A,1995-05-29,36,1974.00,71064
1482,NO,NULL,NULL,NULL,NULL,NULL
1592,NO,NULL,NULL,NULL,NULL,NULL
1619,NO,NULL,NULL,NULL,NULL,NULL
1756,NO,NULL,NULL,NULL,NULL,NULL
1935,NO,NULL,NULL,NULL,NULL,NULL
2151,NO,NULL,NULL,NULL,NULL,NULL
2158,NO,NULL,NULL,NULL,NULL,NULL
2306,NO,NULL,NULL,NULL,NULL,NULL
2347,NO,NULL,NULL,NULL,NULL,NULL
2435,NO,NULL,NULL,NULL,NULL,NULL
2447,NO,NULL,NULL,NULL,NULL,NULL
2527,NO,NULL,NULL,NULL,NULL,NULL
2532,NO,NULL,NULL,NULL,NULL,NULL
2544,NO,NULL,NULL,NULL,NULL,NULL
2773,NO,NULL,NULL,NULL,NULL,NULL
2778,NO,NULL,NULL,NULL,NULL,NULL
2861,NO,NULL,NULL,NULL,NULL,NULL
2903,NO,NULL,NULL,NULL,NULL,NULL
2967,NO,NULL,NULL,NULL,NULL,NULL
3112,YES,C,1996-02-24,48,2567.00,123216
3143,YES,C,1998-05-15,24,5454.00,130896
3206,NO,NULL,NULL,NULL,NULL,NULL
3401,NO,NULL,NULL,NULL,NULL,NULL
3463,NO,NULL,NULL,NULL,NULL,NULL
3644,NO,NULL,NULL,NULL,NULL,NULL
3674,YES,A,1994-09-10,12,1969.00,23628
3758,NO,NULL,NULL,NULL,NULL,NULL
3808,NO,NULL,NULL,NULL,NULL,NULL
3870,NO,NULL,NULL,NULL,NULL,NULL
4069,NO,NULL,NULL,NULL,NULL,NULL
4103,NO,NULL,NULL,NULL,NULL,NULL
4354,YES,C,1998-10-30,60,5461.00,327660
6273,YES,A,1994-06-07,24,3640.00,87360
6555,YES,A,1994-03-31,36,5900.00,212400
6706,YES,C,1998-07-12,60,1081.00,64860
6985,YES,C,1996-07-25,36,2688.00,96768
7819,YES,C,1995-02-02,48,434.00,20832
9645,YES,C,1996-06-06,36,4893.00,176148
10215,YES,C,1997-02-20,24,1846.00,44304
42,NO,NULL,NULL,NULL,NULL,NULL
223,NO,NULL,NULL,NULL,NULL,NULL
279,NO,NULL,NULL,NULL,NULL,NULL
352,NO,NULL,NULL,NULL,NULL,NULL
529,NO,NULL,NULL,NULL,NULL,NULL
565,NO,NULL,NULL,NULL,NULL,NULL
676,NO,NULL,NULL,NULL,NULL,NULL
747,NO,NULL,NULL,NULL,NULL,NULL
789,YES,C,1995-11-23,48,1522.00,73056
991,NO,NULL,NULL,NULL,NULL,NULL
1104,NO,NULL,NULL,NULL,NULL,NULL
1160,NO,NULL,NULL,NULL,NULL,NULL
1214,NO,NULL,NULL,NULL,NULL,NULL
1356,NO,NULL,NULL,NULL,NULL,NULL
1358,NO,NULL,NULL,NULL,NULL,NULL
1473,NO,NULL,NULL,NULL,NULL,NULL
1581,NO,NULL,NULL,NULL,NULL,NULL
1650,NO,NULL,NULL,NULL,NULL,NULL
1669,NO,NULL,NULL,NULL,NULL,NULL
1759,NO,NULL,NULL,NULL,NULL,NULL
1769,NO,NULL,NULL,NULL,NULL,NULL
2336,NO,NULL,NULL,NULL,NULL,NULL
2466,NO,NULL,NULL,NULL,NULL,NULL
2805,NO,NULL,NULL,NULL,NULL,NULL
2893,NO,NULL,NULL,NULL,NULL,NULL
3137,YES,C,1998-09-21,60,4226.00,253560
3168,NO,NULL,NULL,NULL,NULL,NULL
3173,NO,NULL,NULL,NULL,NULL,NULL
3410,NO,NULL,NULL,NULL,NULL,NULL
3571,NO,NULL,NULL,NULL,NULL,NULL
3756,NO,NULL,NULL,NULL,NULL,NULL
3888,NO,NULL,NULL,NULL,NULL,NULL
3936,NO,NULL,NULL,NULL,NULL,NULL
3969,NO,NULL,NULL,NULL,NULL,NULL
4283,NO,NULL,NULL,NULL,NULL,NULL
4375,NO,NULL,NULL,NULL,NULL,NULL
4423,YES,A,1995-10-31,36,2051.00,73836
4768,NO,NULL,NULL,NULL,NULL,NULL
7485,YES,A,1994-03-16,24,3800.00,91200
10411,YES,A,1996-12-11,24,5142.00,123408
11123,NO,NULL,NULL,NULL,NULL,NULL
132,YES,A,1996-11-06,12,7370.00,88440
487,NO,NULL,NULL,NULL,NULL,NULL
533,NO,NULL,NULL,NULL,NULL,NULL
641,NO,NULL,NULL,NULL,NULL,NULL
822,NO,NULL,NULL,NULL,NULL,NULL
1016,NO,NULL,NULL,NULL,NULL,NULL
1151,NO,NULL,NULL,NULL,NULL,NULL
1272,NO,NULL,NULL,NULL,NULL,NULL
1293,NO,NULL,NULL,NULL,NULL,NULL
1304,NO,NULL,NULL,NULL,NULL,NULL
1351,NO,NULL,NULL,NULL,NULL,NULL
1426,NO,NULL,NULL,NULL,NULL,NULL
1648,NO,NULL,NULL,NULL,NULL,NULL
1806,NO,NULL,NULL,NULL,NULL,NULL
1811,YES,C,1994-06-23,60,3991.00,239460
1920,NO,NULL,NULL,NULL,NULL,NULL
1958,NO,NULL,NULL,NULL,NULL,NULL
2090,NO,NULL,NULL,NULL,NULL,NULL
2384,NO,NULL,NULL,NULL,NULL,NULL
2389,NO,NULL,NULL,NULL,NULL,NULL
2400,NO,NULL,NULL,NULL,NULL,NULL
2458,NO,NULL,NULL,NULL,NULL,NULL
2498,NO,NULL,NULL,NULL,NULL,NULL
2511,NO,NULL,NULL,NULL,NULL,NULL
2557,NO,NULL,NULL,NULL,NULL,NULL
2729,NO,NULL,NULL,NULL,NULL,NULL
2784,NO,NULL,NULL,NULL,NULL,NULL
2818,NO,NULL,NULL,NULL,NULL,NULL
2899,NO,NULL,NULL,NULL,NULL,NULL
2997,NO,NULL,NULL,NULL,NULL,NULL
3064,YES,A,1995-03-21,12,1285.00,15420
3195,NO,NULL,NULL,NULL,NULL,NULL
3256,NO,NULL,NULL,NULL,NULL,NULL
3308,NO,NULL,NULL,NULL,NULL,NULL
3483,NO,NULL,NULL,NULL,NULL,NULL
3568,NO,NULL,NULL,NULL,NULL,NULL
3583,NO,NULL,NULL,NULL,NULL,NULL
3783,NO,NULL,NULL,NULL,NULL,NULL
4078,NO,NULL,NULL,NULL,NULL,NULL
4437,NO,NULL,NULL,NULL,NULL,NULL
5313,YES,C,1994-02-27,60,5011.00,300660
7636,YES,C,1998-01-26,12,3532.00,42384
9006,YES,C,1996-06-08,48,3883.00,186384
10558,NO,NULL,NULL,NULL,NULL,NULL
100,NO,NULL,NULL,NULL,NULL,NULL
191,NO,NULL,NULL,NULL,NULL,NULL
235,NO,NULL,NULL,NULL,NULL,NULL
312,NO,NULL,NULL,NULL,NULL,NULL
404,NO,NULL,NULL,NULL,NULL,NULL
408,NO,NULL,NULL,NULL,NULL,NULL
597,NO,NULL,NULL,NULL,NULL,NULL
686,NO,NULL,NULL,NULL,NULL,NULL
907,NO,NULL,NULL,NULL,NULL,NULL
930,NO,NULL,NULL,NULL,NULL,NULL
952,NO,NULL,NULL,NULL,NULL,NULL
1092,NO,NULL,NULL,NULL,NULL,NULL
1138,NO,NULL,NULL,NULL,NULL,NULL
1178,NO,NULL,NULL,NULL,NULL,NULL
1431,NO,NULL,NULL,NULL,NULL,NULL
1480,YES,C,1998-01-19,36,3425.00,123300
1493,NO,NULL,NULL,NULL,NULL,NULL
1536,NO,NULL,NULL,NULL,NULL,NULL
1609,NO,NULL,NULL,NULL,NULL,NULL
1655,NO,NULL,NULL,NULL,NULL,NULL
1949,NO,NULL,NULL,NULL,NULL,NULL
1971,NO,NULL,NULL,NULL,NULL,NULL
1977,NO,NULL,NULL,NULL,NULL,NULL
2072,NO,NULL,NULL,NULL,NULL,NULL
2102,NO,NULL,NULL,NULL,NULL,NULL
2190,NO,NULL,NULL,NULL,NULL,NULL
2264,NO,NULL,NULL,NULL,NULL,NULL
2292,NO,NULL,NULL,NULL,NULL,NULL
2303,NO,NULL,NULL,NULL,NULL,NULL
2425,NO,NULL,NULL,NULL,NULL,NULL
2485,NO,NULL,NULL,NULL,NULL,NULL
2536,NO,NULL,NULL,NULL,NULL,NULL
2553,NO,NULL,NULL,NULL,NULL,NULL
2738,NO,NULL,NULL,NULL,NULL,NULL
2800,NO,NULL,NULL,NULL,NULL,NULL
3071,NO,NULL,NULL,NULL,NULL,NULL
3163,NO,NULL,NULL,NULL,NULL,NULL
3218,NO,NULL,NULL,NULL,NULL,NULL
3487,NO,NULL,NULL,NULL,NULL,NULL
3510,NO,NULL,NULL,NULL,NULL,NULL
3824,NO,NULL,NULL,NULL,NULL,NULL
4405,NO,NULL,NULL,NULL,NULL,NULL
4434,NO,NULL,NULL,NULL,NULL,NULL
6930,YES,A,1994-05-26,24,1081.00,25944
10630,YES,A,1995-06-24,24,8260.00,198240
330,YES,C,1998-07-12,48,6908.00,331584
744,NO,NULL,NULL,NULL,NULL,NULL
782,NO,NULL,NULL,NULL,NULL,NULL
832,NO,NULL,NULL,NULL,NULL,NULL
1021,NO,NULL,NULL,NULL,NULL,NULL
1085,NO,NULL,NULL,NULL,NULL,NULL
1107,NO,NULL,NULL,NULL,NULL,NULL
1195,NO,NULL,NULL,NULL,NULL,NULL
1316,NO,NULL,NULL,NULL,NULL,NULL
1324,NO,NULL,NULL,NULL,NULL,NULL
1365,NO,NULL,NULL,NULL,NULL,NULL
1585,NO,NULL,NULL,NULL,NULL,NULL
1735,NO,NULL,NULL,NULL,NULL,NULL
1836,NO,NULL,NULL,NULL,NULL,NULL
1921,NO,NULL,NULL,NULL,NULL,NULL
1927,NO,NULL,NULL,NULL,NULL,NULL
1963,NO,NULL,NULL,NULL,NULL,NULL
1974,NO,NULL,NULL,NULL,NULL,NULL
1994,NO,NULL,NULL,NULL,NULL,NULL
2004,NO,NULL,NULL,NULL,NULL,NULL
2018,YES,A,1997-01-21,12,3210.00,38520
2038,NO,NULL,NULL,NULL,NULL,NULL
2111,NO,NULL,NULL,NULL,NULL,NULL
2118,NO,NULL,NULL,NULL,NULL,NULL
2142,YES,C,1998-03-07,12,1944.00,23328
2365,NO,NULL,NULL,NULL,NULL,NULL
2487,NO,NULL,NULL,NULL,NULL,NULL
2538,NO,NULL,NULL,NULL,NULL,NULL
2715,NO,NULL,NULL,NULL,NULL,NULL
2770,NO,NULL,NULL,NULL,NULL,NULL
2774,NO,NULL,NULL,NULL,NULL,NULL
2807,NO,NULL,NULL,NULL,NULL,NULL
2836,NO,NULL,NULL,NULL,NULL,NULL
2891,NO,NULL,NULL,NULL,NULL,NULL
2983,NO,NULL,NULL,NULL,NULL,NULL
3005,YES,C,1998-06-05,48,8125.00,390000
3029,NO,NULL,NULL,NULL,NULL,NULL
3181,NO,NULL,NULL,NULL,NULL,NULL
3352,NO,NULL,NULL,NULL,NULL,NULL
3418,YES,C,1997-06-10,48,4318.00,207264
3496,NO,NULL,NULL,NULL,NULL,NULL
3508,NO,NULL,NULL,NULL,NULL,NULL
3539,NO,NULL,NULL,NULL,NULL,NULL
3893,NO,NULL,NULL,NULL,NULL,NULL
3966,NO,NULL,NULL,NULL,NULL,NULL
4156,NO,NULL,NULL,NULL,NULL,NULL
4907,YES,C,1996-01-03,48,2059.00,98832
5700,YES,D,1995-03-16,60,1728.00,103680
18,NO,NULL,NULL,NULL,NULL,NULL
59,NO,NULL,NULL,NULL,NULL,NULL
80,NO,NULL,NULL,NULL,NULL,NULL
149,NO,NULL,NULL,NULL,NULL,NULL
183,NO,NULL,NULL,NULL,NULL,NULL
437,NO,NULL,NULL,NULL,NULL,NULL
464,NO,NULL,NULL,NULL,NULL,NULL
602,NO,NULL,NULL,NULL,NULL,NULL
616,NO,NULL,NULL,NULL,NULL,NULL
745,NO,NULL,NULL,NULL,NULL,NULL
761,NO,NULL,NULL,NULL,NULL,NULL
889,NO,NULL,NULL,NULL,NULL,NULL
937,NO,NULL,NULL,NULL,NULL,NULL
1042,NO,NULL,NULL,NULL,NULL,NULL
1155,NO,NULL,NULL,NULL,NULL,NULL
1267,NO,NULL,NULL,NULL,NULL,NULL
1323,NO,NULL,NULL,NULL,NULL,NULL
1500,NO,NULL,NULL,NULL,NULL,NULL
1696,NO,NULL,NULL,NULL,NULL,NULL
1713,NO,NULL,NULL,NULL,NULL,NULL
1829,NO,NULL,NULL,NULL,NULL,NULL
2125,NO,NULL,NULL,NULL,NULL,NULL
2233,NO,NULL,NULL,NULL,NULL,NULL
2509,NO,NULL,NULL,NULL,NULL,NULL
2783,NO,NULL,NULL,NULL,NULL,NULL
2844,NO,NULL,NULL,NULL,NULL,NULL
2866,NO,NULL,NULL,NULL,NULL,NULL
2923,NO,NULL,NULL,NULL,NULL,NULL
2992,NO,NULL,NULL,NULL,NULL,NULL
3285,NO,NULL,NULL,NULL,NULL,NULL
3398,NO,NULL,NULL,NULL,NULL,NULL
3580,NO,NULL,NULL,NULL,NULL,NULL
3613,NO,NULL,NULL,NULL,NULL,NULL
3734,NO,NULL,NULL,NULL,NULL,NULL
3810,NO,NULL,NULL,NULL,NULL,NULL
3868,NO,NULL,NULL,NULL,NULL,NULL
3892,NO,NULL,NULL,NULL,NULL,NULL
3992,NO,NULL,NULL,NULL,NULL,NULL
4253,NO,NULL,NULL,NULL,NULL,NULL
4276,NO,NULL,NULL,NULL,NULL,NULL
4286,NO,NULL,NULL,NULL,NULL,NULL
4948,YES,C,1996-11-15,60,5996.00,359760
5063,NO,NULL,NULL,NULL,NULL,NULL
5541,YES,C,1996-07-18,48,680.00,32640
5546,NO,NULL,NULL,NULL,NULL,NULL
5740,NO,NULL,NULL,NULL,NULL,NULL
6856,YES,C,1997-04-30,36,3454.00,124344
7546,YES,A,1995-11-02,12,3496.00,41952
9052,YES,D,1997-02-26,24,2999.00,71976
84,NO,NULL,NULL,NULL,NULL,NULL
103,YES,D,1997-12-06,36,7370.00,265320
194,NO,NULL,NULL,NULL,NULL,NULL
283,NO,NULL,NULL,NULL,NULL,NULL
390,NO,NULL,NULL,NULL,NULL,NULL
491,NO,NULL,NULL,NULL,NULL,NULL
826,NO,NULL,NULL,NULL,NULL,NULL
831,NO,NULL,NULL,NULL,NULL,NULL
1061,NO,NULL,NULL,NULL,NULL,NULL
1147,NO,NULL,NULL,NULL,NULL,NULL
1165,NO,NULL,NULL,NULL,NULL,NULL
1712,NO,NULL,NULL,NULL,NULL,NULL
1816,NO,NULL,NULL,NULL,NULL,NULL
1844,NO,NULL,NULL,NULL,NULL,NULL
1875,NO,NULL,NULL,NULL,NULL,NULL
2039,NO,NULL,NULL,NULL,NULL,NULL
2084,NO,NULL,NULL,NULL,NULL,NULL
2112,NO,NULL,NULL,NULL,NULL,NULL
2193,NO,NULL,NULL,NULL,NULL,NULL
2223,NO,NULL,NULL,NULL,NULL,NULL
2379,NO,NULL,NULL,NULL,NULL,NULL
2417,NO,NULL,NULL,NULL,NULL,NULL
2614,NO,NULL,NULL,NULL,NULL,NULL
2882,NO,NULL,NULL,NULL,NULL,NULL
2942,NO,NULL,NULL,NULL,NULL,NULL
2951,NO,NULL,NULL,NULL,NULL,NULL
3037,YES,D,1996-04-18,36,7719.00,277884
3052,NO,NULL,NULL,NULL,NULL,NULL
3058,NO,NULL,NULL,NULL,NULL,NULL
3241,NO,NULL,NULL,NULL,NULL,NULL
3263,NO,NULL,NULL,NULL,NULL,NULL
3333,NO,NULL,NULL,NULL,NULL,NULL
3358,NO,NULL,NULL,NULL,NULL,NULL
3527,NO,NULL,NULL,NULL,NULL,NULL
3570,NO,NULL,NULL,NULL,NULL,NULL
3760,NO,NULL,NULL,NULL,NULL,NULL
3780,NO,NULL,NULL,NULL,NULL,NULL
3802,NO,NULL,NULL,NULL,NULL,NULL
3828,NO,NULL,NULL,NULL,NULL,NULL
3875,YES,C,1998-02-10,24,6414.00,153936
4379,NO,NULL,NULL,NULL,NULL,NULL
5270,YES,A,1993-11-22,24,3317.00,79608
5385,YES,C,1994-04-07,60,2489.00,149340
5758,NO,NULL,NULL,NULL,NULL,NULL
5868,NO,NULL,NULL,NULL,NULL,NULL
8027,YES,A,1994-06-05,12,6470.00,77640
10220,NO,NULL,NULL,NULL,NULL,NULL
10243,YES,C,1998-09-22,36,3151.00,113436
10942,YES,C,1995-10-02,60,5242.00,314520
11320,NO,NULL,NULL,NULL,NULL,NULL
47,NO,NULL,NULL,NULL,NULL,NULL
232,NO,NULL,NULL,NULL,NULL,NULL
315,NO,NULL,NULL,NULL,NULL,NULL
490,NO,NULL,NULL,NULL,NULL,NULL
772,NO,NULL,NULL,NULL,NULL,NULL
1011,YES,C,1995-12-18,60,3400.00,204000
1083,YES,C,1998-04-16,36,1416.00,50976
1152,NO,NULL,NULL,NULL,NULL,NULL
1221,NO,NULL,NULL,NULL,NULL,NULL
1313,NO,NULL,NULL,NULL,NULL,NULL
1399,NO,NULL,NULL,NULL,NULL,NULL
1452,NO,NULL,NULL,NULL,NULL,NULL
1617,NO,NULL,NULL,NULL,NULL,NULL
2007,NO,NULL,NULL,NULL,NULL,NULL
2180,NO,NULL,NULL,NULL,NULL,NULL
2206,NO,NULL,NULL,NULL,NULL,NULL
2214,NO,NULL,NULL,NULL,NULL,NULL
2235,NO,NULL,NULL,NULL,NULL,NULL
2333,NO,NULL,NULL,NULL,NULL,NULL
2525,NO,NULL,NULL,NULL,NULL,NULL
2634,NO,NULL,NULL,NULL,NULL,NULL
3183,NO,NULL,NULL,NULL,NULL,NULL
3185,NO,NULL,NULL,NULL,NULL,NULL
3209,NO,NULL,NULL,NULL,NULL,NULL
3245,NO,NULL,NULL,NULL,NULL,NULL
3291,NO,NULL,NULL,NULL,NULL,NULL
3327,NO,NULL,NULL,NULL,NULL,NULL
3361,NO,NULL,NULL,NULL,NULL,NULL
3443,NO,NULL,NULL,NULL,NULL,NULL
3537,NO,NULL,NULL,NULL,NULL,NULL
3697,NO,NULL,NULL,NULL,NULL,NULL
3832,NO,NULL,NULL,NULL,NULL,NULL
3856,NO,NULL,NULL,NULL,NULL,NULL
3896,NO,NULL,NULL,NULL,NULL,NULL
4047,NO,NULL,NULL,NULL,NULL,NULL
4088,NO,NULL,NULL,NULL,NULL,NULL
4473,YES,C,1997-01-03,60,1566.00,93960
5912,YES,C,1998-06-23,60,3077.00,184620
8129,YES,A,1994-07-30,36,2076.00,74736
9188,YES,A,1993-07-28,60,2118.00,127080
10738,YES,A,1994-12-21,36,3222.00,115992
154,NO,NULL,NULL,NULL,NULL,NULL
171,NO,NULL,NULL,NULL,NULL,NULL
253,NO,NULL,NULL,NULL,NULL,NULL
339,YES,C,1997-12-25,60,7801.00,468060
393,NO,NULL,NULL,NULL,NULL,NULL
432,NO,NULL,NULL,NULL,NULL,NULL
559,NO,NULL,NULL,NULL,NULL,NULL
600,NO,NULL,NULL,NULL,NULL,NULL
611,NO,NULL,NULL,NULL,NULL,NULL
810,NO,NULL,NULL,NULL,NULL,NULL
836,NO,NULL,NULL,NULL,NULL,NULL
837,NO,NULL,NULL,NULL,NULL,NULL
894,NO,NULL,NULL,NULL,NULL,NULL
972,NO,NULL,NULL,NULL,NULL,NULL
1047,NO,NULL,NULL,NULL,NULL,NULL
1229,NO,NULL,NULL,NULL,NULL,NULL
1361,NO,NULL,NULL,NULL,NULL,NULL
1396,NO,NULL,NULL,NULL,NULL,NULL
1454,NO,NULL,NULL,NULL,NULL,NULL
1535,NO,NULL,NULL,NULL,NULL,NULL
1649,NO,NULL,NULL,NULL,NULL,NULL
1659,NO,NULL,NULL,NULL,NULL,NULL
1716,NO,NULL,NULL,NULL,NULL,NULL
1789,NO,NULL,NULL,NULL,NULL,NULL
1798,NO,NULL,NULL,NULL,NULL,NULL
1801,YES,A,1993-07-11,36,4610.00,165960
1934,NO,NULL,NULL,NULL,NULL,NULL
1946,NO,NULL,NULL,NULL,NULL,NULL
1986,NO,NULL,NULL,NULL,NULL,NULL
2043,NO,NULL,NULL,NULL,NULL,NULL
2097,NO,NULL,NULL,NULL,NULL,NULL
2130,NO,NULL,NULL,NULL,NULL,NULL
2197,NO,NULL,NULL,NULL,NULL,NULL
2224,NO,NULL,NULL,NULL,NULL,NULL
2244,NO,NULL,NULL,NULL,NULL,NULL
2294,NO,NULL,NULL,NULL,NULL,NULL
2297,NO,NULL,NULL,NULL,NULL,NULL
2380,NO,NULL,NULL,NULL,NULL,NULL
2443,NO,NULL,NULL,NULL,NULL,NULL
2556,NO,NULL,NULL,NULL,NULL,NULL
2558,NO,NULL,NULL,NULL,NULL,NULL
2602,NO,NULL,NULL,NULL,NULL,NULL
2680,NO,NULL,NULL,NULL,NULL,NULL
2759,NO,NULL,NULL,NULL,NULL,NULL
2837,NO,NULL,NULL,NULL,NULL,NULL
2981,NO,NULL,NULL,NULL,NULL,NULL
3010,NO,NULL,NULL,NULL,NULL,NULL
3067,NO,NULL,NULL,NULL,NULL,NULL
3092,NO,NULL,NULL,NULL,NULL,NULL
3121,NO,NULL,NULL,NULL,NULL,NULL
3279,NO,NULL,NULL,NULL,NULL,NULL
3505,NO,NULL,NULL,NULL,NULL,NULL
3512,NO,NULL,NULL,NULL,NULL,NULL
3615,NO,NULL,NULL,NULL,NULL,NULL
4784,YES,C,1997-11-24,48,4572.00,219456
7637,YES,C,1997-01-29,48,8127.00,390096
8639,YES,C,1998-06-06,60,3094.00,185640
10774,YES,C,1998-04-23,48,7066.00,339168
11053,NO,NULL,NULL,NULL,NULL,NULL
14,NO,NULL,NULL,NULL,NULL,NULL
62,NO,NULL,NULL,NULL,NULL,NULL
182,NO,NULL,NULL,NULL,NULL,NULL
266,NO,NULL,NULL,NULL,NULL,NULL
319,YES,C,1997-07-11,60,6150.00,369000
320,NO,NULL,NULL,NULL,NULL,NULL
321,NO,NULL,NULL,NULL,NULL,NULL
350,NO,NULL,NULL,NULL,NULL,NULL
459,NO,NULL,NULL,NULL,NULL,NULL
471,NO,NULL,NULL,NULL,NULL,NULL
657,NO,NULL,NULL,NULL,NULL,NULL
716,NO,NULL,NULL,NULL,NULL,NULL
793,NO,NULL,NULL,NULL,NULL,NULL
838,NO,NULL,NULL,NULL,NULL,NULL
903,NO,NULL,NULL,NULL,NULL,NULL
996,NO,NULL,NULL,NULL,NULL,NULL
998,NO,NULL,NULL,NULL,NULL,NULL
1058,NO,NULL,NULL,NULL,NULL,NULL
1098,NO,NULL,NULL,NULL,NULL,NULL
1373,NO,NULL,NULL,NULL,NULL,NULL
1379,NO,NULL,NULL,NULL,NULL,NULL
1491,NO,NULL,NULL,NULL,NULL,NULL
1499,NO,NULL,NULL,NULL,NULL,NULL
1548,NO,NULL,NULL,NULL,NULL,NULL
1554,NO,NULL,NULL,NULL,NULL,NULL
1563,NO,NULL,NULL,NULL,NULL,NULL
1656,YES,C,1998-10-29,48,3954.00,189792
1813,NO,NULL,NULL,NULL,NULL,NULL
1845,NO,NULL,NULL,NULL,NULL,NULL
1847,NO,NULL,NULL,NULL,NULL,NULL
1885,NO,NULL,NULL,NULL,NULL,NULL
2203,NO,NULL,NULL,NULL,NULL,NULL
2222,NO,NULL,NULL,NULL,NULL,NULL
2363,NO,NULL,NULL,NULL,NULL,NULL
2441,NO,NULL,NULL,NULL,NULL,NULL
2590,NO,NULL,NULL,NULL,NULL,NULL
2706,NO,NULL,NULL,NULL,NULL,NULL
2793,NO,NULL,NULL,NULL,NULL,NULL
3238,NO,NULL,NULL,NULL,NULL,NULL
3349,NO,NULL,NULL,NULL,NULL,NULL
3654,NO,NULL,NULL,NULL,NULL,NULL
4321,NO,NULL,NULL,NULL,NULL,NULL
4330,NO,NULL,NULL,NULL,NULL,NULL
4356,NO,NULL,NULL,NULL,NULL,NULL
4445,NO,NULL,NULL,NULL,NULL,NULL
4852,YES,C,1996-03-04,36,5925.00,213300
5305,YES,C,1998-03-31,48,5011.00,240528
5395,YES,C,1997-09-05,36,4394.00,158184
6030,YES,A,1995-03-04,24,1177.00,28248
8038,YES,C,1998-01-18,24,1494.00,35856
8533,YES,C,1996-09-19,48,3626.00,174048
9031,YES,C,1997-05-03,24,2088.00,50112
9093,YES,C,1994-08-03,60,3155.00,189300
66,NO,NULL,NULL,NULL,NULL,NULL
210,NO,NULL,NULL,NULL,NULL,NULL
593,NO,NULL,NULL,NULL,NULL,NULL
900,NO,NULL,NULL,NULL,NULL,NULL
1112,NO,NULL,NULL,NULL,NULL,NULL
1118,NO,NULL,NULL,NULL,NULL,NULL
1232,NO,NULL,NULL,NULL,NULL,NULL
1314,NO,NULL,NULL,NULL,NULL,NULL
1382,NO,NULL,NULL,NULL,NULL,NULL
1520,NO,NULL,NULL,NULL,NULL,NULL
1522,NO,NULL,NULL,NULL,NULL,NULL
1564,NO,NULL,NULL,NULL,NULL,NULL
1578,NO,NULL,NULL,NULL,NULL,NULL
1691,NO,NULL,NULL,NULL,NULL,NULL
1724,NO,NULL,NULL,NULL,NULL,NULL
1726,NO,NULL,NULL,NULL,NULL,NULL
1871,NO,NULL,NULL,NULL,NULL,NULL
1893,NO,NULL,NULL,NULL,NULL,NULL
1913,NO,NULL,NULL,NULL,NULL,NULL
1989,NO,NULL,NULL,NULL,NULL,NULL
1992,NO,NULL,NULL,NULL,NULL,NULL
2041,NO,NULL,NULL,NULL,NULL,NULL
2103,NO,NULL,NULL,NULL,NULL,NULL
2104,NO,NULL,NULL,NULL,NULL,NULL
2117,NO,NULL,NULL,NULL,NULL,NULL
2215,NO,NULL,NULL,NULL,NULL,NULL
2256,NO,NULL,NULL,NULL,NULL,NULL
2272,NO,NULL,NULL,NULL,NULL,NULL
2450,NO,NULL,NULL,NULL,NULL,NULL
2563,NO,NULL,NULL,NULL,NULL,NULL
2566,NO,NULL,NULL,NULL,NULL,NULL
2599,NO,NULL,NULL,NULL,NULL,NULL
2625,NO,NULL,NULL,NULL,NULL,NULL
2958,NO,NULL,NULL,NULL,NULL,NULL
3110,NO,NULL,NULL,NULL,NULL,NULL
3118,NO,NULL,NULL,NULL,NULL,NULL
3134,NO,NULL,NULL,NULL,NULL,NULL
3161,YES,C,1998-06-16,12,2501.00,30012
3417,NO,NULL,NULL,NULL,NULL,NULL
3490,NO,NULL,NULL,NULL,NULL,NULL
3629,YES,C,1995-05-30,60,2646.00,158760
3837,NO,NULL,NULL,NULL,NULL,NULL
3845,NO,NULL,NULL,NULL,NULL,NULL
3950,NO,NULL,NULL,NULL,NULL,NULL
4424,NO,NULL,NULL,NULL,NULL,NULL
4438,NO,NULL,NULL,NULL,NULL,NULL
5372,NO,NULL,NULL,NULL,NULL,NULL
6397,YES,C,1996-09-16,60,3017.00,181020
6715,YES,D,1995-01-14,60,2298.00,137880
6897,NO,NULL,NULL,NULL,NULL,NULL
8158,YES,C,1997-11-01,36,6631.00,238716
8330,YES,A,1994-03-30,24,319.00,7656
10904,NO,NULL,NULL,NULL,NULL,NULL
292,NO,NULL,NULL,NULL,NULL,NULL
296,NO,NULL,NULL,NULL,NULL,NULL
338,NO,NULL,NULL,NULL,NULL,NULL
410,NO,NULL,NULL,NULL,NULL,NULL
456,NO,NULL,NULL,NULL,NULL,NULL
468,NO,NULL,NULL,NULL,NULL,NULL
637,NO,NULL,NULL,NULL,NULL,NULL
674,NO,NULL,NULL,NULL,NULL,NULL
684,NO,NULL,NULL,NULL,NULL,NULL
706,NO,NULL,NULL,NULL,NULL,NULL
733,NO,NULL,NULL,NULL,NULL,NULL
791,NO,NULL,NULL,NULL,NULL,NULL
950,NO,NULL,NULL,NULL,NULL,NULL
1140,NO,NULL,NULL,NULL,NULL,NULL
1159,NO,NULL,NULL,NULL,NULL,NULL
1169,NO,NULL,NULL,NULL,NULL,NULL
1211,NO,NULL,NULL,NULL,NULL,NULL
1265,NO,NULL,NULL,NULL,NULL,NULL
1682,NO,NULL,NULL,NULL,NULL,NULL
1955,NO,NULL,NULL,NULL,NULL,NULL
1980,NO,NULL,NULL,NULL,NULL,NULL
2291,NO,NULL,NULL,NULL,NULL,NULL
2304,NO,NULL,NULL,NULL,NULL,NULL
2369,NO,NULL,NULL,NULL,NULL,NULL
2533,NO,NULL,NULL,NULL,NULL,NULL
2666,NO,NULL,NULL,NULL,NULL,NULL
2698,NO,NULL,NULL,NULL,NULL,NULL
2906,NO,NULL,NULL,NULL,NULL,NULL
3012,NO,NULL,NULL,NULL,NULL,NULL
3370,NO,NULL,NULL,NULL,NULL,NULL
3397,NO,NULL,NULL,NULL,NULL,NULL
3542,NO,NULL,NULL,NULL,NULL,NULL
4082,NO,NULL,NULL,NULL,NULL,NULL
5269,YES,C,1997-02-02,60,1957.00,117420
6064,NO,NULL,NULL,NULL,NULL,NULL
6701,YES,A,1993-12-08,36,2650.00,95400
7190,YES,C,1995-06-06,60,1056.00,63360
56,NO,NULL,NULL,NULL,NULL,NULL
237,NO,NULL,NULL,NULL,NULL,NULL
311,NO,NULL,NULL,NULL,NULL,NULL
351,NO,NULL,NULL,NULL,NULL,NULL
446,NO,NULL,NULL,NULL,NULL,NULL
562,NO,NULL,NULL,NULL,NULL,NULL
590,NO,NULL,NULL,NULL,NULL,NULL
757,NO,NULL,NULL,NULL,NULL,NULL
1002,NO,NULL,NULL,NULL,NULL,NULL
1158,NO,NULL,NULL,NULL,NULL,NULL
1199,NO,NULL,NULL,NULL,NULL,NULL
1296,NO,NULL,NULL,NULL,NULL,NULL
1406,NO,NULL,NULL,NULL,NULL,NULL
1437,NO,NULL,NULL,NULL,NULL,NULL
1441,NO,NULL,NULL,NULL,NULL,NULL
1501,NO,NULL,NULL,NULL,NULL,NULL
1528,YES,C,1997-07-21,48,3981.00,191088
1641,NO,NULL,NULL,NULL,NULL,NULL
1645,NO,NULL,NULL,NULL,NULL,NULL
1810,NO,NULL,NULL,NULL,NULL,NULL
1859,NO,NULL,NULL,NULL,NULL,NULL
1902,NO,NULL,NULL,NULL,NULL,NULL
2162,NO,NULL,NULL,NULL,NULL,NULL
2266,NO,NULL,NULL,NULL,NULL,NULL
2334,YES,C,1997-08-04,24,2013.00,48312
2584,NO,NULL,NULL,NULL,NULL,NULL
2674,NO,NULL,NULL,NULL,NULL,NULL
2926,NO,NULL,NULL,NULL,NULL,NULL
3175,NO,NULL,NULL,NULL,NULL,NULL
3562,YES,C,1998-05-24,24,7290.00,174960
3616,NO,NULL,NULL,NULL,NULL,NULL
3661,NO,NULL,NULL,NULL,NULL,NULL
3691,NO,NULL,NULL,NULL,NULL,NULL
3699,NO,NULL,NULL,NULL,NULL,NULL
3835,NO,NULL,NULL,NULL,NULL,NULL
3865,NO,NULL,NULL,NULL,NULL,NULL
3890,NO,NULL,NULL,NULL,NULL,NULL
3945,NO,NULL,NULL,NULL,NULL,NULL
4127,YES,D,1997-08-15,24,4200.00,100800
4240,NO,NULL,NULL,NULL,NULL,NULL
4503,YES,C,1996-01-01,48,2820.00,135360
5952,YES,A,1994-09-30,24,5885.00,141240
6461,YES,C,1997-06-15,36,4192.00,150912
7713,YES,C,1998-02-25,60,3674.00,220440
8225,YES,D,1998-03-30,12,3017.00,36204
10857,YES,D,1997-11-30,60,6426.00,385560
10940,YES,A,1994-02-23,36,5493.00,197748
11317,YES,C,1998-11-22,60,5291.00,317460
6,NO,NULL,NULL,NULL,NULL,NULL
142,NO,NULL,NULL,NULL,NULL,NULL
361,NO,NULL,NULL,NULL,NULL,NULL
463,NO,NULL,NULL,NULL,NULL,NULL
646,NO,NULL,NULL,NULL,NULL,NULL
758,NO,NULL,NULL,NULL,NULL,NULL
1353,NO,NULL,NULL,NULL,NULL,NULL
1506,NO,NULL,NULL,NULL,NULL,NULL
1509,NO,NULL,NULL,NULL,NULL,NULL
1511,NO,NULL,NULL,NULL,NULL,NULL
1633,NO,NULL,NULL,NULL,NULL,NULL
1732,NO,NULL,NULL,NULL,NULL,NULL
1743,NO,NULL,NULL,NULL,NULL,NULL
1800,NO,NULL,NULL,NULL,NULL,NULL
2030,NO,NULL,NULL,NULL,NULL,NULL
2135,NO,NULL,NULL,NULL,NULL,NULL
2165,YES,C,1997-08-22,24,3275.00,78600
2205,NO,NULL,NULL,NULL,NULL,NULL
2342,NO,NULL,NULL,NULL,NULL,NULL
2353,NO,NULL,NULL,NULL,NULL,NULL
2370,NO,NULL,NULL,NULL,NULL,NULL
2496,YES,C,1996-01-12,60,2752.00,165120
2531,NO,NULL,NULL,NULL,NULL,NULL
2648,NO,NULL,NULL,NULL,NULL,NULL
2743,NO,NULL,NULL,NULL,NULL,NULL
2897,NO,NULL,NULL,NULL,NULL,NULL
2929,NO,NULL,NULL,NULL,NULL,NULL
2995,NO,NULL,NULL,NULL,NULL,NULL
3031,NO,NULL,NULL,NULL,NULL,NULL
3213,NO,NULL,NULL,NULL,NULL,NULL
3336,NO,NULL,NULL,NULL,NULL,NULL
3462,NO,NULL,NULL,NULL,NULL,NULL
3491,NO,NULL,NULL,NULL,NULL,NULL
3499,NO,NULL,NULL,NULL,NULL,NULL
3545,NO,NULL,NULL,NULL,NULL,NULL
3626,NO,NULL,NULL,NULL,NULL,NULL
3738,NO,NULL,NULL,NULL,NULL,NULL
3874,NO,NULL,NULL,NULL,NULL,NULL
3885,NO,NULL,NULL,NULL,NULL,NULL
3972,NO,NULL,NULL,NULL,NULL,NULL
3984,NO,NULL,NULL,NULL,NULL,NULL
4258,NO,NULL,NULL,NULL,NULL,NULL
4386,NO,NULL,NULL,NULL,NULL,NULL
7045,YES,C,1997-06-16,48,6015.00,288720
7957,YES,A,1997-06-14,12,3575.00,42900
8320,YES,C,1997-06-04,60,5161.00,309660
8934,NO,NULL,NULL,NULL,NULL,NULL
9227,YES,C,1998-04-29,60,3193.00,191580
10562,NO,NULL,NULL,NULL,NULL,NULL
26,NO,NULL,NULL,NULL,NULL,NULL
76,NO,NULL,NULL,NULL,NULL,NULL
131,NO,NULL,NULL,NULL,NULL,NULL
174,NO,NULL,NULL,NULL,NULL,NULL
323,NO,NULL,NULL,NULL,NULL,NULL
507,NO,NULL,NULL,NULL,NULL,NULL
621,NO,NULL,NULL,NULL,NULL,NULL
816,YES,A,1995-01-08,24,2026.00,48624
858,NO,NULL,NULL,NULL,NULL,NULL
878,NO,NULL,NULL,NULL,NULL,NULL
1019,NO,NULL,NULL,NULL,NULL,NULL
1068,YES,C,1998-09-24,60,4220.00,253200
1190,NO,NULL,NULL,NULL,NULL,NULL
1261,NO,NULL,NULL,NULL,NULL,NULL
1269,NO,NULL,NULL,NULL,NULL,NULL
1326,NO,NULL,NULL,NULL,NULL,NULL
1340,NO,NULL,NULL,NULL,NULL,NULL
1370,NO,NULL,NULL,NULL,NULL,NULL
1523,NO,NULL,NULL,NULL,NULL,NULL
1526,NO,NULL,NULL,NULL,NULL,NULL
1610,NO,NULL,NULL,NULL,NULL,NULL
1754,NO,NULL,NULL,NULL,NULL,NULL
1785,NO,NULL,NULL,NULL,NULL,NULL
1824,NO,NULL,NULL,NULL,NULL,NULL
1867,NO,NULL,NULL,NULL,NULL,NULL
1878,NO,NULL,NULL,NULL,NULL,NULL
1940,NO,NULL,NULL,NULL,NULL,NULL
2008,NO,NULL,NULL,NULL,NULL,NULL
2134,YES,C,1997-03-17,36,637.00,22932
2255,NO,NULL,NULL,NULL,NULL,NULL
2445,YES,C,1997-12-26,60,4886.00,293160
2552,NO,NULL,NULL,NULL,NULL,NULL
2725,YES,C,1998-11-08,36,1934.00,69624
2728,YES,C,1998-06-15,60,2607.00,156420
2871,NO,NULL,NULL,NULL,NULL,NULL
2876,NO,NULL,NULL,NULL,NULL,NULL
3236,NO,NULL,NULL,NULL,NULL,NULL
3265,NO,NULL,NULL,NULL,NULL,NULL
3451,NO,NULL,NULL,NULL,NULL,NULL
3519,NO,NULL,NULL,NULL,NULL,NULL
3638,NO,NULL,NULL,NULL,NULL,NULL
3768,NO,NULL,NULL,NULL,NULL,NULL
3778,NO,NULL,NULL,NULL,NULL,NULL
3894,NO,NULL,NULL,NULL,NULL,NULL
3906,YES,C,1998-03-08,60,5577.00,334620
3923,NO,NULL,NULL,NULL,NULL,NULL
3961,NO,NULL,NULL,NULL,NULL,NULL
4079,YES,C,1995-04-05,48,3312.00,158976
4245,NO,NULL,NULL,NULL,NULL,NULL
4851,YES,A,1996-08-22,24,5902.00,141648
5481,YES,A,1994-09-11,48,4358.00,209184
5735,YES,D,1996-02-21,60,4845.00,290700
7765,YES,A,1995-12-11,12,2332.00,27984
7859,YES,A,1996-11-19,12,6010.00,72120
8212,NO,NULL,NULL,NULL,NULL,NULL
9790,YES,C,1996-07-27,48,2791.00,133968
10607,NO,NULL,NULL,NULL,NULL,NULL
108,NO,NULL,NULL,NULL,NULL,NULL
109,NO,NULL,NULL,NULL,NULL,NULL
422,NO,NULL,NULL,NULL,NULL,NULL
563,NO,NULL,NULL,NULL,NULL,NULL
655,NO,NULL,NULL,NULL,NULL,NULL
672,NO,NULL,NULL,NULL,NULL,NULL
786,NO,NULL,NULL,NULL,NULL,NULL
844,NO,NULL,NULL,NULL,NULL,NULL
893,NO,NULL,NULL,NULL,NULL,NULL
1241,NO,NULL,NULL,NULL,NULL,NULL
1329,YES,A,1997-09-06,12,1960.00,23520
1374,YES,C,1997-09-15,48,8107.00,389136
1380,NO,NULL,NULL,NULL,NULL,NULL
1385,NO,NULL,NULL,NULL,NULL,NULL
1405,NO,NULL,NULL,NULL,NULL,NULL
1624,NO,NULL,NULL,NULL,NULL,NULL
1636,NO,NULL,NULL,NULL,NULL,NULL
1673,NO,NULL,NULL,NULL,NULL,NULL
1699,NO,NULL,NULL,NULL,NULL,NULL
1729,NO,NULL,NULL,NULL,NULL,NULL
1745,NO,NULL,NULL,NULL,NULL,NULL
1751,NO,NULL,NULL,NULL,NULL,NULL
1760,NO,NULL,NULL,NULL,NULL,NULL
1795,NO,NULL,NULL,NULL,NULL,NULL
2035,YES,C,1998-01-25,36,4898.00,176328
2555,NO,NULL,NULL,NULL,NULL,NULL
2734,NO,NULL,NULL,NULL,NULL,NULL
2764,NO,NULL,NULL,NULL,NULL,NULL
2804,NO,NULL,NULL,NULL,NULL,NULL
2806,NO,NULL,NULL,NULL,NULL,NULL
3108,NO,NULL,NULL,NULL,NULL,NULL
3258,NO,NULL,NULL,NULL,NULL,NULL
3272,NO,NULL,NULL,NULL,NULL,NULL
3297,NO,NULL,NULL,NULL,NULL,NULL
3406,NO,NULL,NULL,NULL,NULL,NULL
3444,NO,NULL,NULL,NULL,NULL,NULL
3485,NO,NULL,NULL,NULL,NULL,NULL
3579,NO,NULL,NULL,NULL,NULL,NULL
3622,NO,NULL,NULL,NULL,NULL,NULL
3637,YES,A,1997-09-01,12,1169.00,14028
3656,NO,NULL,NULL,NULL,NULL,NULL
3702,NO,NULL,NULL,NULL,NULL,NULL
3796,NO,NULL,NULL,NULL,NULL,NULL
3807,NO,NULL,NULL,NULL,NULL,NULL
3859,YES,D,1997-05-02,60,5120.00,307200
3918,NO,NULL,NULL,NULL,NULL,NULL
4537,NO,NULL,NULL,NULL,NULL,NULL
5001,YES,A,1996-11-09,24,4588.00,110112
5661,NO,NULL,NULL,NULL,NULL,NULL
8713,YES,C,1998-07-24,60,2845.00,170700
10,NO,NULL,NULL,NULL,NULL,NULL
21,NO,NULL,NULL,NULL,NULL,NULL
86,NO,NULL,NULL,NULL,NULL,NULL
130,NO,NULL,NULL,NULL,NULL,NULL
188,NO,NULL,NULL,NULL,NULL,NULL
208,NO,NULL,NULL,NULL,NULL,NULL
261,NO,NULL,NULL,NULL,NULL,NULL
284,NO,NULL,NULL,NULL,NULL,NULL
327,NO,NULL,NULL,NULL,NULL,NULL
344,YES,C,1994-12-21,60,1683.00,100980
430,NO,NULL,NULL,NULL,NULL,NULL
442,YES,D,1997-07-10,48,7455.00,357840
455,NO,NULL,NULL,NULL,NULL,NULL
530,NO,NULL,NULL,NULL,NULL,NULL
545,NO,NULL,NULL,NULL,NULL,NULL
586,NO,NULL,NULL,NULL,NULL,NULL
594,NO,NULL,NULL,NULL,NULL,NULL
599,NO,NULL,NULL,NULL,NULL,NULL
682,NO,NULL,NULL,NULL,NULL,NULL
696,NO,NULL,NULL,NULL,NULL,NULL
703,NO,NULL,NULL,NULL,NULL,NULL
720,NO,NULL,NULL,NULL,NULL,NULL
741,NO,NULL,NULL,NULL,NULL,NULL
790,YES,B,1994-07-24,48,4336.00,208128
888,NO,NULL,NULL,NULL,NULL,NULL
929,NO,NULL,NULL,NULL,NULL,NULL
973,NO,NULL,NULL,NULL,NULL,NULL
982,NO,NULL,NULL,NULL,NULL,NULL
997,NO,NULL,NULL,NULL,NULL,NULL
1005,NO,NULL,NULL,NULL,NULL,NULL
1093,YES,C,1997-06-13,48,8023.00,385104
1095,NO,NULL,NULL,NULL,NULL,NULL
1110,NO,NULL,NULL,NULL,NULL,NULL
1274,NO,NULL,NULL,NULL,NULL,NULL
1308,NO,NULL,NULL,NULL,NULL,NULL
1335,NO,NULL,NULL,NULL,NULL,NULL
1411,NO,NULL,NULL,NULL,NULL,NULL
1443,NO,NULL,NULL,NULL,NULL,NULL
1460,NO,NULL,NULL,NULL,NULL,NULL
1468,NO,NULL,NULL,NULL,NULL,NULL
1479,NO,NULL,NULL,NULL,NULL,NULL
1532,NO,NULL,NULL,NULL,NULL,NULL
1537,NO,NULL,NULL,NULL,NULL,NULL
1556,NO,NULL,NULL,NULL,NULL,NULL
1604,NO,NULL,NULL,NULL,NULL,NULL
1818,NO,NULL,NULL,NULL,NULL,NULL
1833,NO,NULL,NULL,NULL,NULL,NULL
1861,NO,NULL,NULL,NULL,NULL,NULL
1884,NO,NULL,NULL,NULL,NULL,NULL
1983,NO,NULL,NULL,NULL,NULL,NULL
1987,NO,NULL,NULL,NULL,NULL,NULL
1995,NO,NULL,NULL,NULL,NULL,NULL
2013,NO,NULL,NULL,NULL,NULL,NULL
2017,NO,NULL,NULL,NULL,NULL,NULL
2034,NO,NULL,NULL,NULL,NULL,NULL
2064,YES,C,1997-08-26,36,2323.00,83628
2183,NO,NULL,NULL,NULL,NULL,NULL
2194,NO,NULL,NULL,NULL,NULL,NULL
2267,NO,NULL,NULL,NULL,NULL,NULL
2330,NO,NULL,NULL,NULL,NULL,NULL
2359,NO,NULL,NULL,NULL,NULL,NULL
2410,NO,NULL,NULL,NULL,NULL,NULL
2451,NO,NULL,NULL,NULL,NULL,NULL
2540,NO,NULL,NULL,NULL,NULL,NULL
2578,NO,NULL,NULL,NULL,NULL,NULL
2610,NO,NULL,NULL,NULL,NULL,NULL
2645,NO,NULL,NULL,NULL,NULL,NULL
2757,NO,NULL,NULL,NULL,NULL,NULL
2767,NO,NULL,NULL,NULL,NULL,NULL
2788,NO,NULL,NULL,NULL,NULL,NULL
2799,NO,NULL,NULL,NULL,NULL,NULL
2821,NO,NULL,NULL,NULL,NULL,NULL
2825,NO,NULL,NULL,NULL,NULL,NULL
2853,NO,NULL,NULL,NULL,NULL,NULL
2860,NO,NULL,NULL,NULL,NULL,NULL
2864,NO,NULL,NULL,NULL,NULL,NULL
2898,NO,NULL,NULL,NULL,NULL,NULL
2921,NO,NULL,NULL,NULL,NULL,NULL
2940,NO,NULL,NULL,NULL,NULL,NULL
2946,NO,NULL,NULL,NULL,NULL,NULL
2996,NO,NULL,NULL,NULL,NULL,NULL
3076,NO,NULL,NULL,NULL,NULL,NULL
3116,NO,NULL,NULL,NULL,NULL,NULL
3147,NO,NULL,NULL,NULL,NULL,NULL
3246,NO,NULL,NULL,NULL,NULL,NULL
3288,NO,NULL,NULL,NULL,NULL,NULL
3357,NO,NULL,NULL,NULL,NULL,NULL
3457,NO,NULL,NULL,NULL,NULL,NULL
3495,NO,NULL,NULL,NULL,NULL,NULL
3547,NO,NULL,NULL,NULL,NULL,NULL
3592,NO,NULL,NULL,NULL,NULL,NULL
3601,NO,NULL,NULL,NULL,NULL,NULL
3649,NO,NULL,NULL,NULL,NULL,NULL
3659,NO,NULL,NULL,NULL,NULL,NULL
3726,NO,NULL,NULL,NULL,NULL,NULL
3736,NO,NULL,NULL,NULL,NULL,NULL
3834,YES,A,1994-09-28,12,1921.00,23052
3857,NO,NULL,NULL,NULL,NULL,NULL
3905,NO,NULL,NULL,NULL,NULL,NULL
3949,NO,NULL,NULL,NULL,NULL,NULL
3962,NO,NULL,NULL,NULL,NULL,NULL
3967,YES,D,1997-03-29,36,2350.00,84600
3993,NO,NULL,NULL,NULL,NULL,NULL
4001,NO,NULL,NULL,NULL,NULL,NULL
4099,YES,C,1997-07-31,48,872.00,41856
4109,NO,NULL,NULL,NULL,NULL,NULL
4121,NO,NULL,NULL,NULL,NULL,NULL
4266,NO,NULL,NULL,NULL,NULL,NULL
4442,NO,NULL,NULL,NULL,NULL,NULL
4484,NO,NULL,NULL,NULL,NULL,NULL
4746,YES,C,1997-09-07,60,3413.00,204780
4981,YES,C,1996-11-28,48,3736.00,179328
5033,YES,A,1996-07-25,12,950.00,11400
5180,YES,C,1998-07-16,12,4897.00,58764
5369,NO,NULL,NULL,NULL,NULL,NULL
5891,YES,A,1994-04-18,12,5432.00,65184
6138,YES,C,1997-07-30,24,2817.00,67608
6678,YES,C,1997-07-09,48,6133.00,294384
7101,NO,NULL,NULL,NULL,NULL,NULL
7542,YES,C,1997-10-19,60,9847.00,590820
7966,YES,D,1997-09-07,60,7888.00,473280
8092,YES,C,1996-02-20,60,935.00,56100
8523,YES,C,1998-02-15,12,7753.00,93036
9424,YES,C,1997-08-26,36,2323.00,83628
9730,YES,C,1997-08-15,60,1934.00,116040
9731,YES,A,1995-11-22,36,3161.00,113796
10266,YES,B,1993-12-23,24,3151.00,75624
11328,YES,C,1998-07-18,60,4674.00,280440
98,NO,NULL,NULL,NULL,NULL,NULL
113,NO,NULL,NULL,NULL,NULL,NULL
121,NO,NULL,NULL,NULL,NULL,NULL
124,NO,NULL,NULL,NULL,NULL,NULL
180,NO,NULL,NULL,NULL,NULL,NULL
192,NO,NULL,NULL,NULL,NULL,NULL
243,NO,NULL,NULL,NULL,NULL,NULL
372,NO,NULL,NULL,NULL,NULL,NULL
405,NO,NULL,NULL,NULL,NULL,NULL
497,NO,NULL,NULL,NULL,NULL,NULL
576,NO,NULL,NULL,NULL,NULL,NULL
704,NO,NULL,NULL,NULL,NULL,NULL
939,NO,NULL,NULL,NULL,NULL,NULL
1080,NO,NULL,NULL,NULL,NULL,NULL
1087,NO,NULL,NULL,NULL,NULL,NULL
1105,NO,NULL,NULL,NULL,NULL,NULL
1187,NO,NULL,NULL,NULL,NULL,NULL
1270,YES,C,1997-07-01,36,2077.00,74772
1284,YES,C,1998-12-05,12,4376.00,52512
1302,NO,NULL,NULL,NULL,NULL,NULL
1348,NO,NULL,NULL,NULL,NULL,NULL
1440,NO,NULL,NULL,NULL,NULL,NULL
1663,NO,NULL,NULL,NULL,NULL,NULL
1689,NO,NULL,NULL,NULL,NULL,NULL
1819,YES,C,1998-01-11,36,3991.00,143676
1851,NO,NULL,NULL,NULL,NULL,NULL
2029,NO,NULL,NULL,NULL,NULL,NULL
2079,NO,NULL,NULL,NULL,NULL,NULL
2144,NO,NULL,NULL,NULL,NULL,NULL
2325,NO,NULL,NULL,NULL,NULL,NULL
2459,NO,NULL,NULL,NULL,NULL,NULL
2517,NO,NULL,NULL,NULL,NULL,NULL
2621,NO,NULL,NULL,NULL,NULL,NULL
2657,NO,NULL,NULL,NULL,NULL,NULL
2928,NO,NULL,NULL,NULL,NULL,NULL
3056,NO,NULL,NULL,NULL,NULL,NULL
3224,NO,NULL,NULL,NULL,NULL,NULL
3378,NO,NULL,NULL,NULL,NULL,NULL
3472,NO,NULL,NULL,NULL,NULL,NULL
3546,NO,NULL,NULL,NULL,NULL,NULL
3584,NO,NULL,NULL,NULL,NULL,NULL
3667,NO,NULL,NULL,NULL,NULL,NULL
3763,NO,NULL,NULL,NULL,NULL,NULL
3974,NO,NULL,NULL,NULL,NULL,NULL
4143,NO,NULL,NULL,NULL,NULL,NULL
4225,NO,NULL,NULL,NULL,NULL,NULL
5215,YES,A,1994-08-04,12,1219.00,14628
7052,YES,D,1997-11-09,36,1777.00,63972
7965,YES,A,1994-09-30,12,5955.00,71460
10105,YES,A,1994-08-27,24,5079.00,121896
10364,YES,A,1993-11-10,36,609.00,21924
10520,YES,C,1996-12-05,60,6960.00,417600
10613,YES,C,1998-08-15,48,5204.00,249792
250,NO,NULL,NULL,NULL,NULL,NULL
290,YES,A,1994-11-03,48,2577.00,123696
500,NO,NULL,NULL,NULL,NULL,NULL
799,NO,NULL,NULL,NULL,NULL,NULL
815,NO,NULL,NULL,NULL,NULL,NULL
874,NO,NULL,NULL,NULL,NULL,NULL
917,NO,NULL,NULL,NULL,NULL,NULL
1020,NO,NULL,NULL,NULL,NULL,NULL
1126,NO,NULL,NULL,NULL,NULL,NULL
1307,NO,NULL,NULL,NULL,NULL,NULL
1317,NO,NULL,NULL,NULL,NULL,NULL
1318,YES,C,1998-10-11,36,5154.00,185544
1319,NO,NULL,NULL,NULL,NULL,NULL
1357,NO,NULL,NULL,NULL,NULL,NULL
1664,NO,NULL,NULL,NULL,NULL,NULL
1667,NO,NULL,NULL,NULL,NULL,NULL
1692,NO,NULL,NULL,NULL,NULL,NULL
1702,NO,NULL,NULL,NULL,NULL,NULL
1793,NO,NULL,NULL,NULL,NULL,NULL
1945,NO,NULL,NULL,NULL,NULL,NULL
2095,NO,NULL,NULL,NULL,NULL,NULL
2463,NO,NULL,NULL,NULL,NULL,NULL
2654,NO,NULL,NULL,NULL,NULL,NULL
2817,NO,NULL,NULL,NULL,NULL,NULL
2858,NO,NULL,NULL,NULL,NULL,NULL
2924,NO,NULL,NULL,NULL,NULL,NULL
3070,NO,NULL,NULL,NULL,NULL,NULL
3094,NO,NULL,NULL,NULL,NULL,NULL
3132,NO,NULL,NULL,NULL,NULL,NULL
3244,NO,NULL,NULL,NULL,NULL,NULL
3319,NO,NULL,NULL,NULL,NULL,NULL
3632,NO,NULL,NULL,NULL,NULL,NULL
3717,NO,NULL,NULL,NULL,NULL,NULL
3830,NO,NULL,NULL,NULL,NULL,NULL
3927,NO,NULL,NULL,NULL,NULL,NULL
4009,NO,NULL,NULL,NULL,NULL,NULL
4014,NO,NULL,NULL,NULL,NULL,NULL
4260,YES,C,1994-06-29,60,4076.00,244560
4550,YES,C,1998-01-03,60,1022.00,61320
4659,NO,NULL,NULL,NULL,NULL,NULL
6051,YES,B,1994-07-08,36,7685.00,276660
6281,NO,NULL,NULL,NULL,NULL,NULL
7559,YES,C,1998-07-11,12,1066.00,12792
9167,YES,C,1998-03-07,60,4537.00,272220
8,NO,NULL,NULL,NULL,NULL,NULL
515,NO,NULL,NULL,NULL,NULL,NULL
633,NO,NULL,NULL,NULL,NULL,NULL
797,NO,NULL,NULL,NULL,NULL,NULL
852,NO,NULL,NULL,NULL,NULL,NULL
1030,NO,NULL,NULL,NULL,NULL,NULL
1050,NO,NULL,NULL,NULL,NULL,NULL
1053,NO,NULL,NULL,NULL,NULL,NULL
1266,NO,NULL,NULL,NULL,NULL,NULL
1305,NO,NULL,NULL,NULL,NULL,NULL
1381,NO,NULL,NULL,NULL,NULL,NULL
1429,NO,NULL,NULL,NULL,NULL,NULL
1446,NO,NULL,NULL,NULL,NULL,NULL
1496,NO,NULL,NULL,NULL,NULL,NULL
1525,NO,NULL,NULL,NULL,NULL,NULL
1579,NO,NULL,NULL,NULL,NULL,NULL
1599,NO,NULL,NULL,NULL,NULL,NULL
1740,NO,NULL,NULL,NULL,NULL,NULL
1965,NO,NULL,NULL,NULL,NULL,NULL
1978,YES,A,1994-12-04,36,5700.00,205200
2169,NO,NULL,NULL,NULL,NULL,NULL
2257,NO,NULL,NULL,NULL,NULL,NULL
2295,NO,NULL,NULL,NULL,NULL,NULL
2465,NO,NULL,NULL,NULL,NULL,NULL
2541,NO,NULL,NULL,NULL,NULL,NULL
2548,NO,NULL,NULL,NULL,NULL,NULL
2586,NO,NULL,NULL,NULL,NULL,NULL
2754,YES,C,1997-05-04,48,6985.00,335280
2823,NO,NULL,NULL,NULL,NULL,NULL
2850,NO,NULL,NULL,NULL,NULL,NULL
2915,NO,NULL,NULL,NULL,NULL,NULL
2947,NO,NULL,NULL,NULL,NULL,NULL
3080,NO,NULL,NULL,NULL,NULL,NULL
3149,NO,NULL,NULL,NULL,NULL,NULL
3560,NO,NULL,NULL,NULL,NULL,NULL
3590,NO,NULL,NULL,NULL,NULL,NULL
3938,NO,NULL,NULL,NULL,NULL,NULL
4033,YES,C,1997-03-20,48,1756.00,84288
5477,YES,C,1997-10-04,48,7279.00,349392
7082,YES,C,1998-02-08,48,4045.00,194160
9242,YES,A,1997-01-24,12,1932.00,23184
155,NO,NULL,NULL,NULL,NULL,NULL
478,NO,NULL,NULL,NULL,NULL,NULL
513,NO,NULL,NULL,NULL,NULL,NULL
675,YES,C,1997-04-01,60,1704.00,102240
713,NO,NULL,NULL,NULL,NULL,NULL
920,NO,NULL,NULL,NULL,NULL,NULL
949,NO,NULL,NULL,NULL,NULL,NULL
1246,NO,NULL,NULL,NULL,NULL,NULL
1320,NO,NULL,NULL,NULL,NULL,NULL
1414,NO,NULL,NULL,NULL,NULL,NULL
2056,NO,NULL,NULL,NULL,NULL,NULL
2155,NO,NULL,NULL,NULL,NULL,NULL
2221,NO,NULL,NULL,NULL,NULL,NULL
2319,NO,NULL,NULL,NULL,NULL,NULL
2623,NO,NULL,NULL,NULL,NULL,NULL
2664,NO,NULL,NULL,NULL,NULL,NULL
2711,NO,NULL,NULL,NULL,NULL,NULL
2803,NO,NULL,NULL,NULL,NULL,NULL
2909,NO,NULL,NULL,NULL,NULL,NULL
3337,NO,NULL,NULL,NULL,NULL,NULL
3376,NO,NULL,NULL,NULL,NULL,NULL
3448,YES,C,1997-10-20,24,2861.00,68664
3480,NO,NULL,NULL,NULL,NULL,NULL
3538,NO,NULL,NULL,NULL,NULL,NULL
3556,YES,C,1998-09-22,60,2914.00,174840
3576,NO,NULL,NULL,NULL,NULL,NULL
3676,NO,NULL,NULL,NULL,NULL,NULL
3903,NO,NULL,NULL,NULL,NULL,NULL
4026,NO,NULL,NULL,NULL,NULL,NULL
4105,NO,NULL,NULL,NULL,NULL,NULL
4480,NO,NULL,NULL,NULL,NULL,NULL
5126,YES,C,1996-01-11,48,424.00,20352
170,NO,NULL,NULL,NULL,NULL,NULL
178,NO,NULL,NULL,NULL,NULL,NULL
354,NO,NULL,NULL,NULL,NULL,NULL
388,NO,NULL,NULL,NULL,NULL,NULL
450,NO,NULL,NULL,NULL,NULL,NULL
784,NO,NULL,NULL,NULL,NULL,NULL
829,NO,NULL,NULL,NULL,NULL,NULL
906,NO,NULL,NULL,NULL,NULL,NULL
913,NO,NULL,NULL,NULL,NULL,NULL
925,NO,NULL,NULL,NULL,NULL,NULL
931,NO,NULL,NULL,NULL,NULL,NULL
947,NO,NULL,NULL,NULL,NULL,NULL
955,NO,NULL,NULL,NULL,NULL,NULL
1013,NO,NULL,NULL,NULL,NULL,NULL
1074,NO,NULL,NULL,NULL,NULL,NULL
1144,NO,NULL,NULL,NULL,NULL,NULL
1156,NO,NULL,NULL,NULL,NULL,NULL
1189,NO,NULL,NULL,NULL,NULL,NULL
1331,NO,NULL,NULL,NULL,NULL,NULL
1332,NO,NULL,NULL,NULL,NULL,NULL
1378,NO,NULL,NULL,NULL,NULL,NULL
1553,NO,NULL,NULL,NULL,NULL,NULL
1680,NO,NULL,NULL,NULL,NULL,NULL
1784,NO,NULL,NULL,NULL,NULL,NULL
1889,NO,NULL,NULL,NULL,NULL,NULL
2073,YES,C,1998-10-05,24,1860.00,44640
2192,NO,NULL,NULL,NULL,NULL,NULL
2338,NO,NULL,NULL,NULL,NULL,NULL
2382,NO,NULL,NULL,NULL,NULL,NULL
2561,NO,NULL,NULL,NULL,NULL,NULL
2672,NO,NULL,NULL,NULL,NULL,NULL
2739,NO,NULL,NULL,NULL,NULL,NULL
3068,NO,NULL,NULL,NULL,NULL,NULL
3084,YES,D,1996-08-28,36,7042.00,253512
3187,NO,NULL,NULL,NULL,NULL,NULL
3251,NO,NULL,NULL,NULL,NULL,NULL
3342,NO,NULL,NULL,NULL,NULL,NULL
3435,NO,NULL,NULL,NULL,NULL,NULL
3531,NO,NULL,NULL,NULL,NULL,NULL
3534,NO,NULL,NULL,NULL,NULL,NULL
3573,NO,NULL,NULL,NULL,NULL,NULL
3586,NO,NULL,NULL,NULL,NULL,NULL
3596,NO,NULL,NULL,NULL,NULL,NULL
3623,NO,NULL,NULL,NULL,NULL,NULL
3742,NO,NULL,NULL,NULL,NULL,NULL
3877,NO,NULL,NULL,NULL,NULL,NULL
3958,NO,NULL,NULL,NULL,NULL,NULL
3978,NO,NULL,NULL,NULL,NULL,NULL
5648,NO,NULL,NULL,NULL,NULL,NULL
7565,YES,C,1997-08-17,48,3198.00,153504
7944,NO,NULL,NULL,NULL,NULL,NULL
8114,YES,C,1997-08-15,60,1655.00,99300
8268,YES,C,1997-09-26,24,359.00,8616
9353,YES,C,1997-06-08,24,7859.00,188616
9433,YES,C,1998-10-05,24,1860.00,44640
9513,YES,A,1997-07-16,12,1527.00,18324
11054,YES,C,1996-08-20,60,2482.00,148920
7,NO,NULL,NULL,NULL,NULL,NULL
114,NO,NULL,NULL,NULL,NULL,NULL
162,NO,NULL,NULL,NULL,NULL,NULL
164,NO,NULL,NULL,NULL,NULL,NULL
301,NO,NULL,NULL,NULL,NULL,NULL
494,NO,NULL,NULL,NULL,NULL,NULL
520,NO,NULL,NULL,NULL,NULL,NULL
671,NO,NULL,NULL,NULL,NULL,NULL
728,NO,NULL,NULL,NULL,NULL,NULL
821,NO,NULL,NULL,NULL,NULL,NULL
867,NO,NULL,NULL,NULL,NULL,NULL
901,NO,NULL,NULL,NULL,NULL,NULL
911,NO,NULL,NULL,NULL,NULL,NULL
918,NO,NULL,NULL,NULL,NULL,NULL
1137,NO,NULL,NULL,NULL,NULL,NULL
1311,NO,NULL,NULL,NULL,NULL,NULL
1321,NO,NULL,NULL,NULL,NULL,NULL
1366,NO,NULL,NULL,NULL,NULL,NULL
1392,NO,NULL,NULL,NULL,NULL,NULL
1445,NO,NULL,NULL,NULL,NULL,NULL
1541,NO,NULL,NULL,NULL,NULL,NULL
1628,NO,NULL,NULL,NULL,NULL,NULL
1715,NO,NULL,NULL,NULL,NULL,NULL
1777,NO,NULL,NULL,NULL,NULL,NULL
1881,NO,NULL,NULL,NULL,NULL,NULL
1910,NO,NULL,NULL,NULL,NULL,NULL
1922,NO,NULL,NULL,NULL,NULL,NULL
1941,NO,NULL,NULL,NULL,NULL,NULL
2219,NO,NULL,NULL,NULL,NULL,NULL
2307,NO,NULL,NULL,NULL,NULL,NULL
2385,NO,NULL,NULL,NULL,NULL,NULL
2472,NO,NULL,NULL,NULL,NULL,NULL
2505,NO,NULL,NULL,NULL,NULL,NULL
2580,YES,C,1996-08-02,60,1489.00,89340
2618,NO,NULL,NULL,NULL,NULL,NULL
2745,NO,NULL,NULL,NULL,NULL,NULL
2970,NO,NULL,NULL,NULL,NULL,NULL
3050,YES,A,1994-09-02,12,6908.00,82896
3111,NO,NULL,NULL,NULL,NULL,NULL
3494,NO,NULL,NULL,NULL,NULL,NULL
3866,NO,NULL,NULL,NULL,NULL,NULL
4102,NO,NULL,NULL,NULL,NULL,NULL
4448,YES,A,1994-10-03,36,5354.00,192744
4458,NO,NULL,NULL,NULL,NULL,NULL
4969,YES,C,1997-03-06,60,2503.00,150180
6902,YES,C,1997-12-21,36,1370.00,49320
7824,YES,B,1994-09-28,24,7904.00,189696
8645,YES,C,1998-12-08,60,4015.00,240900
9928,YES,C,1996-08-02,60,1489.00,89340
10436,YES,C,1996-09-28,36,1511.00,54396
10670,NO,NULL,NULL,NULL,NULL,NULL
206,NO,NULL,NULL,NULL,NULL,NULL
308,NO,NULL,NULL,NULL,NULL,NULL
326,NO,NULL,NULL,NULL,NULL,NULL
474,NO,NULL,NULL,NULL,NULL,NULL
524,NO,NULL,NULL,NULL,NULL,NULL
541,NO,NULL,NULL,NULL,NULL,NULL
922,NO,NULL,NULL,NULL,NULL,NULL
1010,NO,NULL,NULL,NULL,NULL,NULL
1052,NO,NULL,NULL,NULL,NULL,NULL
1201,NO,NULL,NULL,NULL,NULL,NULL
1453,NO,NULL,NULL,NULL,NULL,NULL
1476,NO,NULL,NULL,NULL,NULL,NULL
1774,NO,NULL,NULL,NULL,NULL,NULL
1872,NO,NULL,NULL,NULL,NULL,NULL
1897,NO,NULL,NULL,NULL,NULL,NULL
2052,NO,NULL,NULL,NULL,NULL,NULL
2065,NO,NULL,NULL,NULL,NULL,NULL
2211,NO,NULL,NULL,NULL,NULL,NULL
2429,NO,NULL,NULL,NULL,NULL,NULL
2500,NO,NULL,NULL,NULL,NULL,NULL
2510,NO,NULL,NULL,NULL,NULL,NULL
2534,NO,NULL,NULL,NULL,NULL,NULL
2535,NO,NULL,NULL,NULL,NULL,NULL
2571,NO,NULL,NULL,NULL,NULL,NULL
2665,NO,NULL,NULL,NULL,NULL,NULL
2703,NO,NULL,NULL,NULL,NULL,NULL
2707,NO,NULL,NULL,NULL,NULL,NULL
2908,NO,NULL,NULL,NULL,NULL,NULL
3049,NO,NULL,NULL,NULL,NULL,NULL
3171,NO,NULL,NULL,NULL,NULL,NULL
3204,NO,NULL,NULL,NULL,NULL,NULL
3247,NO,NULL,NULL,NULL,NULL,NULL
3648,NO,NULL,NULL,NULL,NULL,NULL
3693,NO,NULL,NULL,NULL,NULL,NULL
3803,NO,NULL,NULL,NULL,NULL,NULL
3846,NO,NULL,NULL,NULL,NULL,NULL
3933,NO,NULL,NULL,NULL,NULL,NULL
4320,YES,B,1997-08-09,12,4280.00,51360
4493,NO,NULL,NULL,NULL,NULL,NULL
5628,YES,C,1995-04-25,60,3757.00,225420
6472,YES,A,1995-02-06,12,3597.00,43164
6686,YES,C,1997-12-25,24,4854.00,116496
8998,NO,NULL,NULL,NULL,NULL,NULL
9656,YES,A,1995-06-13,24,5814.00,139536
11359,YES,A,1996-08-06,12,4502.00,54024
316,NO,NULL,NULL,NULL,NULL,NULL
336,NO,NULL,NULL,NULL,NULL,NULL
355,NO,NULL,NULL,NULL,NULL,NULL
603,NO,NULL,NULL,NULL,NULL,NULL
842,NO,NULL,NULL,NULL,NULL,NULL
854,YES,C,1995-05-30,48,1817.00,87216
908,NO,NULL,NULL,NULL,NULL,NULL
919,NO,NULL,NULL,NULL,NULL,NULL
1070,NO,NULL,NULL,NULL,NULL,NULL
1228,NO,NULL,NULL,NULL,NULL,NULL
1250,YES,C,1996-11-25,48,3805.00,182640
1398,NO,NULL,NULL,NULL,NULL,NULL
1498,YES,C,1998-10-07,60,2763.00,165780
1560,NO,NULL,NULL,NULL,NULL,NULL
1668,NO,NULL,NULL,NULL,NULL,NULL
1834,NO,NULL,NULL,NULL,NULL,NULL
1863,NO,NULL,NULL,NULL,NULL,NULL
1959,NO,NULL,NULL,NULL,NULL,NULL
2078,NO,NULL,NULL,NULL,NULL,NULL
2177,NO,NULL,NULL,NULL,NULL,NULL
2394,NO,NULL,NULL,NULL,NULL,NULL
2493,NO,NULL,NULL,NULL,NULL,NULL
2507,NO,NULL,NULL,NULL,NULL,NULL
2583,NO,NULL,NULL,NULL,NULL,NULL
2777,NO,NULL,NULL,NULL,NULL,NULL
2845,NO,NULL,NULL,NULL,NULL,NULL
2950,NO,NULL,NULL,NULL,NULL,NULL
3027,NO,NULL,NULL,NULL,NULL,NULL
3318,NO,NULL,NULL,NULL,NULL,NULL
3408,NO,NULL,NULL,NULL,NULL,NULL
3552,NO,NULL,NULL,NULL,NULL,NULL
3657,NO,NULL,NULL,NULL,NULL,NULL
3843,NO,NULL,NULL,NULL,NULL,NULL
3887,NO,NULL,NULL,NULL,NULL,NULL
3997,NO,NULL,NULL,NULL,NULL,NULL
4190,YES,C,1997-08-28,60,6763.00,405780
4447,YES,C,1996-10-31,36,5354.00,192744
6738,YES,A,1995-10-31,12,3159.00,37908
7614,YES,C,1996-05-18,48,6679.00,320592
8919,YES,C,1998-06-08,24,3171.00,76104
9548,YES,C,1996-11-15,48,962.00,46176
10079,YES,C,1994-04-06,60,2785.00,167100
10227,NO,NULL,NULL,NULL,NULL,NULL
11325,NO,NULL,NULL,NULL,NULL,NULL
77,NO,NULL,NULL,NULL,NULL,NULL
106,NO,NULL,NULL,NULL,NULL,NULL
201,NO,NULL,NULL,NULL,NULL,NULL
406,NO,NULL,NULL,NULL,NULL,NULL
429,NO,NULL,NULL,NULL,NULL,NULL
445,NO,NULL,NULL,NULL,NULL,NULL
452,NO,NULL,NULL,NULL,NULL,NULL
609,NO,NULL,NULL,NULL,NULL,NULL
627,NO,NULL,NULL,NULL,NULL,NULL
654,NO,NULL,NULL,NULL,NULL,NULL
659,NO,NULL,NULL,NULL,NULL,NULL
794,NO,NULL,NULL,NULL,NULL,NULL
875,NO,NULL,NULL,NULL,NULL,NULL
1450,NO,NULL,NULL,NULL,NULL,NULL
1474,NO,NULL,NULL,NULL,NULL,NULL
1486,NO,NULL,NULL,NULL,NULL,NULL
1573,NO,NULL,NULL,NULL,NULL,NULL
1614,NO,NULL,NULL,NULL,NULL,NULL
1697,NO,NULL,NULL,NULL,NULL,NULL
1711,NO,NULL,NULL,NULL,NULL,NULL
1956,NO,NULL,NULL,NULL,NULL,NULL
2154,NO,NULL,NULL,NULL,NULL,NULL
2164,NO,NULL,NULL,NULL,NULL,NULL
2186,NO,NULL,NULL,NULL,NULL,NULL
2339,NO,NULL,NULL,NULL,NULL,NULL
2521,NO,NULL,NULL,NULL,NULL,NULL
2705,YES,A,1993-12-08,36,2608.00,93888
2780,NO,NULL,NULL,NULL,NULL,NULL
2986,YES,C,1997-12-06,24,1033.00,24792
3162,NO,NULL,NULL,NULL,NULL,NULL
3354,YES,A,1994-07-05,12,415.00,4980
3379,NO,NULL,NULL,NULL,NULL,NULL
3399,NO,NULL,NULL,NULL,NULL,NULL
3403,YES,C,1998-06-27,36,1995.00,71820
3452,NO,NULL,NULL,NULL,NULL,NULL
3458,NO,NULL,NULL,NULL,NULL,NULL
3471,NO,NULL,NULL,NULL,NULL,NULL
3493,NO,NULL,NULL,NULL,NULL,NULL
3599,NO,NULL,NULL,NULL,NULL,NULL
3646,NO,NULL,NULL,NULL,NULL,NULL
3718,NO,NULL,NULL,NULL,NULL,NULL
4296,NO,NULL,NULL,NULL,NULL,NULL
4350,NO,NULL,NULL,NULL,NULL,NULL
4454,NO,NULL,NULL,NULL,NULL,NULL
4526,NO,NULL,NULL,NULL,NULL,NULL
4534,NO,NULL,NULL,NULL,NULL,NULL
4660,YES,C,1997-05-28,24,4456.00,106944
7523,YES,A,1995-01-03,36,8013.00,288468
8931,YES,C,1997-01-30,60,3105.00,186300
40,NO,NULL,NULL,NULL,NULL,NULL
45,NO,NULL,NULL,NULL,NULL,NULL
64,NO,NULL,NULL,NULL,NULL,NULL
69,NO,NULL,NULL,NULL,NULL,NULL
107,NO,NULL,NULL,NULL,NULL,NULL
133,NO,NULL,NULL,NULL,NULL,NULL
156,NO,NULL,NULL,NULL,NULL,NULL
258,NO,NULL,NULL,NULL,NULL,NULL
263,NO,NULL,NULL,NULL,NULL,NULL
342,NO,NULL,NULL,NULL,NULL,NULL
443,NO,NULL,NULL,NULL,NULL,NULL
470,NO,NULL,NULL,NULL,NULL,NULL
505,NO,NULL,NULL,NULL,NULL,NULL
543,NO,NULL,NULL,NULL,NULL,NULL
643,NO,NULL,NULL,NULL,NULL,NULL
804,NO,NULL,NULL,NULL,NULL,NULL
862,NO,NULL,NULL,NULL,NULL,NULL
962,NO,NULL,NULL,NULL,NULL,NULL
995,NO,NULL,NULL,NULL,NULL,NULL
1038,NO,NULL,NULL,NULL,NULL,NULL
1081,NO,NULL,NULL,NULL,NULL,NULL
1186,NO,NULL,NULL,NULL,NULL,NULL
1376,NO,NULL,NULL,NULL,NULL,NULL
1412,NO,NULL,NULL,NULL,NULL,NULL
1451,NO,NULL,NULL,NULL,NULL,NULL
1642,NO,NULL,NULL,NULL,NULL,NULL
1700,NO,NULL,NULL,NULL,NULL,NULL
1749,NO,NULL,NULL,NULL,NULL,NULL
1912,NO,NULL,NULL,NULL,NULL,NULL
1948,NO,NULL,NULL,NULL,NULL,NULL
1981,NO,NULL,NULL,NULL,NULL,NULL
2019,NO,NULL,NULL,NULL,NULL,NULL
2026,NO,NULL,NULL,NULL,NULL,NULL
2051,YES,D,1997-04-22,60,4898.00,293880
2093,NO,NULL,NULL,NULL,NULL,NULL
2110,NO,NULL,NULL,NULL,NULL,NULL
2121,NO,NULL,NULL,NULL,NULL,NULL
2123,NO,NULL,NULL,NULL,NULL,NULL
2173,NO,NULL,NULL,NULL,NULL,NULL
2178,NO,NULL,NULL,NULL,NULL,NULL
2259,NO,NULL,NULL,NULL,NULL,NULL
2405,NO,NULL,NULL,NULL,NULL,NULL
2418,NO,NULL,NULL,NULL,NULL,NULL
2515,NO,NULL,NULL,NULL,NULL,NULL
2572,YES,C,1996-06-13,48,7500.00,360000
2628,NO,NULL,NULL,NULL,NULL,NULL
2630,NO,NULL,NULL,NULL,NULL,NULL
2663,NO,NULL,NULL,NULL,NULL,NULL
2763,NO,NULL,NULL,NULL,NULL,NULL
2833,NO,NULL,NULL,NULL,NULL,NULL
2892,NO,NULL,NULL,NULL,NULL,NULL
3006,NO,NULL,NULL,NULL,NULL,NULL
3011,NO,NULL,NULL,NULL,NULL,NULL
3022,NO,NULL,NULL,NULL,NULL,NULL
3077,NO,NULL,NULL,NULL,NULL,NULL
3229,YES,A,1997-05-01,12,3252.00,39024
3267,NO,NULL,NULL,NULL,NULL,NULL
3284,NO,NULL,NULL,NULL,NULL,NULL
3380,NO,NULL,NULL,NULL,NULL,NULL
3431,NO,NULL,NULL,NULL,NULL,NULL
3466,NO,NULL,NULL,NULL,NULL,NULL
3486,NO,NULL,NULL,NULL,NULL,NULL
3587,NO,NULL,NULL,NULL,NULL,NULL
3675,NO,NULL,NULL,NULL,NULL,NULL
3679,YES,C,1996-07-23,48,9268.00,444864
3708,NO,NULL,NULL,NULL,NULL,NULL
3755,NO,NULL,NULL,NULL,NULL,NULL
3757,NO,NULL,NULL,NULL,NULL,NULL
3797,NO,NULL,NULL,NULL,NULL,NULL
3955,NO,NULL,NULL,NULL,NULL,NULL
3960,NO,NULL,NULL,NULL,NULL,NULL
4071,NO,NULL,NULL,NULL,NULL,NULL
4128,NO,NULL,NULL,NULL,NULL,NULL
4293,YES,C,1997-05-22,36,4561.00,164196
4743,NO,NULL,NULL,NULL,NULL,NULL
5263,YES,C,1996-11-12,60,4605.00,276300
5343,NO,NULL,NULL,NULL,NULL,NULL
5708,NO,NULL,NULL,NULL,NULL,NULL
6289,YES,C,1996-08-11,48,1784.00,85632
6306,NO,NULL,NULL,NULL,NULL,NULL
7123,YES,A,1993-12-09,12,3918.00,47016
7445,YES,A,1994-03-15,24,2307.00,55368
7795,YES,C,1996-10-29,60,6202.00,372120
8149,NO,NULL,NULL,NULL,NULL,NULL
8341,NO,NULL,NULL,NULL,NULL,NULL
8625,YES,A,1995-04-10,24,1971.00,47304
8776,YES,C,1995-08-26,48,708.00,33984
8982,YES,A,1994-10-12,36,6330.00,227880
9159,YES,C,1998-06-08,48,1450.00,69600
9493,YES,C,1995-09-09,48,3931.00,188688
9814,YES,A,1996-09-26,12,8014.00,96168
10005,YES,C,1998-07-29,36,5854.00,210744
120,NO,NULL,NULL,NULL,NULL,NULL
245,NO,NULL,NULL,NULL,NULL,NULL
246,NO,NULL,NULL,NULL,NULL,NULL
331,NO,NULL,NULL,NULL,NULL,NULL
347,YES,B,1995-05-01,24,7801.00,187224
605,NO,NULL,NULL,NULL,NULL,NULL
638,NO,NULL,NULL,NULL,NULL,NULL
756,NO,NULL,NULL,NULL,NULL,NULL
912,NO,NULL,NULL,NULL,NULL,NULL
1012,YES,A,1994-10-28,24,4091.00,98184
1072,NO,NULL,NULL,NULL,NULL,NULL
1215,NO,NULL,NULL,NULL,NULL,NULL
1285,NO,NULL,NULL,NULL,NULL,NULL
1327,NO,NULL,NULL,NULL,NULL,NULL
1413,NO,NULL,NULL,NULL,NULL,NULL
1447,YES,C,1997-06-03,48,2085.00,100080
1591,NO,NULL,NULL,NULL,NULL,NULL
1770,NO,NULL,NULL,NULL,NULL,NULL
2209,NO,NULL,NULL,NULL,NULL,NULL
2265,NO,NULL,NULL,NULL,NULL,NULL
2312,NO,NULL,NULL,NULL,NULL,NULL
2337,NO,NULL,NULL,NULL,NULL,NULL
2348,NO,NULL,NULL,NULL,NULL,NULL
2456,YES,C,1996-04-15,48,4187.00,200976
2497,NO,NULL,NULL,NULL,NULL,NULL
2528,NO,NULL,NULL,NULL,NULL,NULL
2952,NO,NULL,NULL,NULL,NULL,NULL
3030,NO,NULL,NULL,NULL,NULL,NULL
3100,NO,NULL,NULL,NULL,NULL,NULL
3174,NO,NULL,NULL,NULL,NULL,NULL
3226,NO,NULL,NULL,NULL,NULL,NULL
3322,NO,NULL,NULL,NULL,NULL,NULL
3523,NO,NULL,NULL,NULL,NULL,NULL
3572,NO,NULL,NULL,NULL,NULL,NULL
3741,NO,NULL,NULL,NULL,NULL,NULL
3915,NO,NULL,NULL,NULL,NULL,NULL
4150,NO,NULL,NULL,NULL,NULL,NULL
9627,YES,C,1995-11-22,48,5091.00,244368
10884,YES,C,1996-02-13,36,3154.00,113544
173,YES,A,1994-05-31,12,8734.00,104808
295,NO,NULL,NULL,NULL,NULL,NULL
588,NO,NULL,NULL,NULL,NULL,NULL
739,NO,NULL,NULL,NULL,NULL,NULL
776,NO,NULL,NULL,NULL,NULL,NULL
981,NO,NULL,NULL,NULL,NULL,NULL
1103,NO,NULL,NULL,NULL,NULL,NULL
1109,NO,NULL,NULL,NULL,NULL,NULL
1161,NO,NULL,NULL,NULL,NULL,NULL
1222,NO,NULL,NULL,NULL,NULL,NULL
1257,NO,NULL,NULL,NULL,NULL,NULL
1286,NO,NULL,NULL,NULL,NULL,NULL
1416,NO,NULL,NULL,NULL,NULL,NULL
1455,NO,NULL,NULL,NULL,NULL,NULL
1487,NO,NULL,NULL,NULL,NULL,NULL
1557,NO,NULL,NULL,NULL,NULL,NULL
1561,NO,NULL,NULL,NULL,NULL,NULL
1571,NO,NULL,NULL,NULL,NULL,NULL
1612,NO,NULL,NULL,NULL,NULL,NULL
1815,NO,NULL,NULL,NULL,NULL,NULL
1924,NO,NULL,NULL,NULL,NULL,NULL
2274,NO,NULL,NULL,NULL,NULL,NULL
2629,NO,NULL,NULL,NULL,NULL,NULL
2653,NO,NULL,NULL,NULL,NULL,NULL
2690,NO,NULL,NULL,NULL,NULL,NULL
2716,NO,NULL,NULL,NULL,NULL,NULL
2810,NO,NULL,NULL,NULL,NULL,NULL
2829,NO,NULL,NULL,NULL,NULL,NULL
2980,NO,NULL,NULL,NULL,NULL,NULL
2988,YES,C,1998-07-08,12,7384.00,88608
2999,NO,NULL,NULL,NULL,NULL,NULL
3069,NO,NULL,NULL,NULL,NULL,NULL
3083,NO,NULL,NULL,NULL,NULL,NULL
3085,NO,NULL,NULL,NULL,NULL,NULL
3097,NO,NULL,NULL,NULL,NULL,NULL
3127,NO,NULL,NULL,NULL,NULL,NULL
3133,NO,NULL,NULL,NULL,NULL,NULL
3199,NO,NULL,NULL,NULL,NULL,NULL
3309,NO,NULL,NULL,NULL,NULL,NULL
3524,NO,NULL,NULL,NULL,NULL,NULL
3554,NO,NULL,NULL,NULL,NULL,NULL
3581,NO,NULL,NULL,NULL,NULL,NULL
3727,NO,NULL,NULL,NULL,NULL,NULL
4086,NO,NULL,NULL,NULL,NULL,NULL
4259,YES,A,1994-08-27,24,3318.00,79632
4418,NO,NULL,NULL,NULL,NULL,NULL
4729,NO,NULL,NULL,NULL,NULL,NULL
4774,YES,C,1995-07-09,48,9689.00,465072
5065,NO,NULL,NULL,NULL,NULL,NULL
5422,YES,C,1996-06-03,60,6148.00,368880
5692,NO,NULL,NULL,NULL,NULL,NULL
8688,YES,A,1997-03-20,12,5665.00,67980
10439,YES,A,1994-06-03,24,6315.00,151560
34,NO,NULL,NULL,NULL,NULL,NULL
51,NO,NULL,NULL,NULL,NULL,NULL
204,NO,NULL,NULL,NULL,NULL,NULL
373,NO,NULL,NULL,NULL,NULL,NULL
506,NO,NULL,NULL,NULL,NULL,NULL
526,NO,NULL,NULL,NULL,NULL,NULL
694,NO,NULL,NULL,NULL,NULL,NULL
1097,NO,NULL,NULL,NULL,NULL,NULL
1146,NO,NULL,NULL,NULL,NULL,NULL
1207,NO,NULL,NULL,NULL,NULL,NULL
1249,NO,NULL,NULL,NULL,NULL,NULL
1387,NO,NULL,NULL,NULL,NULL,NULL
1469,NO,NULL,NULL,NULL,NULL,NULL
1516,NO,NULL,NULL,NULL,NULL,NULL
1518,NO,NULL,NULL,NULL,NULL,NULL
1577,NO,NULL,NULL,NULL,NULL,NULL
1588,NO,NULL,NULL,NULL,NULL,NULL
1666,NO,NULL,NULL,NULL,NULL,NULL
1717,NO,NULL,NULL,NULL,NULL,NULL
2049,NO,NULL,NULL,NULL,NULL,NULL
2176,YES,B,1994-07-30,36,8308.00,299088
2185,NO,NULL,NULL,NULL,NULL,NULL
2436,NO,NULL,NULL,NULL,NULL,NULL
2550,NO,NULL,NULL,NULL,NULL,NULL
2679,NO,NULL,NULL,NULL,NULL,NULL
2685,NO,NULL,NULL,NULL,NULL,NULL
2955,NO,NULL,NULL,NULL,NULL,NULL
3113,NO,NULL,NULL,NULL,NULL,NULL
3144,NO,NULL,NULL,NULL,NULL,NULL
3214,NO,NULL,NULL,NULL,NULL,NULL
3296,NO,NULL,NULL,NULL,NULL,NULL
3334,NO,NULL,NULL,NULL,NULL,NULL
3663,NO,NULL,NULL,NULL,NULL,NULL
3690,NO,NULL,NULL,NULL,NULL,NULL
3844,NO,NULL,NULL,NULL,NULL,NULL
3983,NO,NULL,NULL,NULL,NULL,NULL
4195,NO,NULL,NULL,NULL,NULL,NULL
4463,NO,NULL,NULL,NULL,NULL,NULL
4858,YES,D,1998-07-27,48,6983.00,335184
6158,YES,D,1997-02-08,48,5165.00,247920
8094,YES,C,1997-05-09,36,6123.00,220428
10788,YES,A,1994-08-23,12,3814.00,45768
11362,YES,A,1996-12-27,24,5392.00,129408
25,YES,A,1997-12-08,12,2523.00,30276
31,NO,NULL,NULL,NULL,NULL,NULL
85,NO,NULL,NULL,NULL,NULL,NULL
89,NO,NULL,NULL,NULL,NULL,NULL
96,NO,NULL,NULL,NULL,NULL,NULL
115,NO,NULL,NULL,NULL,NULL,NULL
118,NO,NULL,NULL,NULL,NULL,NULL
218,NO,NULL,NULL,NULL,NULL,NULL
255,NO,NULL,NULL,NULL,NULL,NULL
375,NO,NULL,NULL,NULL,NULL,NULL
378,YES,C,1997-10-11,60,3840.00,230400
381,NO,NULL,NULL,NULL,NULL,NULL
402,NO,NULL,NULL,NULL,NULL,NULL
512,NO,NULL,NULL,NULL,NULL,NULL
631,NO,NULL,NULL,NULL,NULL,NULL
660,NO,NULL,NULL,NULL,NULL,NULL
778,NO,NULL,NULL,NULL,NULL,NULL
1027,NO,NULL,NULL,NULL,NULL,NULL
1063,NO,NULL,NULL,NULL,NULL,NULL
1071,YES,C,1994-01-20,60,4220.00,253200
1117,NO,NULL,NULL,NULL,NULL,NULL
1197,NO,NULL,NULL,NULL,NULL,NULL
1244,YES,C,1997-02-28,48,748.00,35904
1245,NO,NULL,NULL,NULL,NULL,NULL
1255,NO,NULL,NULL,NULL,NULL,NULL
1330,NO,NULL,NULL,NULL,NULL,NULL
1420,NO,NULL,NULL,NULL,NULL,NULL
1422,NO,NULL,NULL,NULL,NULL,NULL
1597,NO,NULL,NULL,NULL,NULL,NULL
1679,NO,NULL,NULL,NULL,NULL,NULL
1681,NO,NULL,NULL,NULL,NULL,NULL
1698,YES,C,1996-07-06,36,3943.00,141948
1721,NO,NULL,NULL,NULL,NULL,NULL
1742,NO,NULL,NULL,NULL,NULL,NULL
1752,NO,NULL,NULL,NULL,NULL,NULL
1764,NO,NULL,NULL,NULL,NULL,NULL
1838,NO,NULL,NULL,NULL,NULL,NULL
1887,NO,NULL,NULL,NULL,NULL,NULL
1911,NO,NULL,NULL,NULL,NULL,NULL
1993,YES,B,1995-04-15,12,5700.00,68400
2015,NO,NULL,NULL,NULL,NULL,NULL
2023,NO,NULL,NULL,NULL,NULL,NULL
2046,NO,NULL,NULL,NULL,NULL,NULL
2122,NO,NULL,NULL,NULL,NULL,NULL
2213,NO,NULL,NULL,NULL,NULL,NULL
2271,NO,NULL,NULL,NULL,NULL,NULL
2280,NO,NULL,NULL,NULL,NULL,NULL
2317,NO,NULL,NULL,NULL,NULL,NULL
2343,YES,A,1995-11-04,24,4139.00,99336
2366,NO,NULL,NULL,NULL,NULL,NULL
2383,NO,NULL,NULL,NULL,NULL,NULL
2543,NO,NULL,NULL,NULL,NULL,NULL
2574,NO,NULL,NULL,NULL,NULL,NULL
2604,NO,NULL,NULL,NULL,NULL,NULL
2615,NO,NULL,NULL,NULL,NULL,NULL
2642,NO,NULL,NULL,NULL,NULL,NULL
2869,NO,NULL,NULL,NULL,NULL,NULL
2910,YES,C,1998-08-29,60,7291.00,437460
2917,NO,NULL,NULL,NULL,NULL,NULL
2935,NO,NULL,NULL,NULL,NULL,NULL
3096,NO,NULL,NULL,NULL,NULL,NULL
3146,NO,NULL,NULL,NULL,NULL,NULL
3260,NO,NULL,NULL,NULL,NULL,NULL
3283,NO,NULL,NULL,NULL,NULL,NULL
3366,NO,NULL,NULL,NULL,NULL,NULL
3371,NO,NULL,NULL,NULL,NULL,NULL
3381,NO,NULL,NULL,NULL,NULL,NULL
3515,NO,NULL,NULL,NULL,NULL,NULL
3550,NO,NULL,NULL,NULL,NULL,NULL
3749,NO,NULL,NULL,NULL,NULL,NULL
3836,NO,NULL,NULL,NULL,NULL,NULL
3922,NO,NULL,NULL,NULL,NULL,NULL
4533,YES,C,1998-05-05,36,2254.00,81144
5129,NO,NULL,NULL,NULL,NULL,NULL
5133,YES,C,1998-01-27,12,4755.00,57060
7424,YES,A,1997-12-08,12,2523.00,30276
7632,YES,C,1998-01-08,48,3551.00,170448
8564,YES,A,1995-03-11,24,3195.00,76680
9263,YES,A,1997-05-08,12,3298.00,39576
9307,YES,A,1994-09-19,12,3492.00,41904
9703,NO,NULL,NULL,NULL,NULL,NULL
9826,NO,NULL,NULL,NULL,NULL,NULL
10320,YES,A,1993-12-13,60,4329.00,259740
193,NO,NULL,NULL,NULL,NULL,NULL
239,NO,NULL,NULL,NULL,NULL,NULL
242,NO,NULL,NULL,NULL,NULL,NULL
282,NO,NULL,NULL,NULL,NULL,NULL
398,NO,NULL,NULL,NULL,NULL,NULL
439,NO,NULL,NULL,NULL,NULL,NULL
476,NO,NULL,NULL,NULL,NULL,NULL
496,NO,NULL,NULL,NULL,NULL,NULL
649,NO,NULL,NULL,NULL,NULL,NULL
692,NO,NULL,NULL,NULL,NULL,NULL
701,NO,NULL,NULL,NULL,NULL,NULL
808,YES,D,1996-04-11,48,4492.00,215616
927,NO,NULL,NULL,NULL,NULL,NULL
1090,NO,NULL,NULL,NULL,NULL,NULL
1181,NO,NULL,NULL,NULL,NULL,NULL
1217,NO,NULL,NULL,NULL,NULL,NULL
1227,NO,NULL,NULL,NULL,NULL,NULL
1390,NO,NULL,NULL,NULL,NULL,NULL
1466,NO,NULL,NULL,NULL,NULL,NULL
1505,NO,NULL,NULL,NULL,NULL,NULL
1508,NO,NULL,NULL,NULL,NULL,NULL
1544,NO,NULL,NULL,NULL,NULL,NULL
1580,YES,C,1997-11-27,24,8094.00,194256
1583,YES,D,1996-08-24,48,8094.00,388512
1611,NO,NULL,NULL,NULL,NULL,NULL
1677,NO,NULL,NULL,NULL,NULL,NULL
1771,NO,NULL,NULL,NULL,NULL,NULL
2021,NO,NULL,NULL,NULL,NULL,NULL
2124,NO,NULL,NULL,NULL,NULL,NULL
2288,NO,NULL,NULL,NULL,NULL,NULL
2411,NO,NULL,NULL,NULL,NULL,NULL
2592,NO,NULL,NULL,NULL,NULL,NULL
2691,NO,NULL,NULL,NULL,NULL,NULL
2722,NO,NULL,NULL,NULL,NULL,NULL
2737,NO,NULL,NULL,NULL,NULL,NULL
2765,NO,NULL,NULL,NULL,NULL,NULL
2890,NO,NULL,NULL,NULL,NULL,NULL
3033,NO,NULL,NULL,NULL,NULL,NULL
3136,NO,NULL,NULL,NULL,NULL,NULL
3764,NO,NULL,NULL,NULL,NULL,NULL
3819,NO,NULL,NULL,NULL,NULL,NULL
3876,NO,NULL,NULL,NULL,NULL,NULL
4361,YES,A,1997-03-29,12,7513.00,90156
4514,NO,NULL,NULL,NULL,NULL,NULL
7049,YES,C,1998-05-22,60,8253.00,495180
7926,YES,A,1996-09-22,24,3505.00,84120
9201,YES,C,1998-02-05,24,5103.00,122472
10280,YES,C,1997-12-31,60,5802.00,348120
9,NO,NULL,NULL,NULL,NULL,NULL
15,NO,NULL,NULL,NULL,NULL,NULL
61,NO,NULL,NULL,NULL,NULL,NULL
137,NO,NULL,NULL,NULL,NULL,NULL
159,NO,NULL,NULL,NULL,NULL,NULL
195,NO,NULL,NULL,NULL,NULL,NULL
198,NO,NULL,NULL,NULL,NULL,NULL
199,NO,NULL,NULL,NULL,NULL,NULL
226,YES,C,1998-07-12,12,9112.00,109344
356,NO,NULL,NULL,NULL,NULL,NULL
377,NO,NULL,NULL,NULL,NULL,NULL
411,NO,NULL,NULL,NULL,NULL,NULL
483,NO,NULL,NULL,NULL,NULL,NULL
514,NO,NULL,NULL,NULL,NULL,NULL
525,YES,C,1997-07-16,48,4383.00,210384
538,NO,NULL,NULL,NULL,NULL,NULL
574,NO,NULL,NULL,NULL,NULL,NULL
624,NO,NULL,NULL,NULL,NULL,NULL
625,NO,NULL,NULL,NULL,NULL,NULL
645,NO,NULL,NULL,NULL,NULL,NULL
677,NO,NULL,NULL,NULL,NULL,NULL
711,NO,NULL,NULL,NULL,NULL,NULL
725,NO,NULL,NULL,NULL,NULL,NULL
735,NO,NULL,NULL,NULL,NULL,NULL
840,NO,NULL,NULL,NULL,NULL,NULL
870,NO,NULL,NULL,NULL,NULL,NULL
892,NO,NULL,NULL,NULL,NULL,NULL
938,YES,C,1998-05-21,60,371.00,22260
944,NO,NULL,NULL,NULL,NULL,NULL
957,NO,NULL,NULL,NULL,NULL,NULL
1004,YES,C,1998-04-11,36,5237.00,188532
1039,NO,NULL,NULL,NULL,NULL,NULL
1064,NO,NULL,NULL,NULL,NULL,NULL
1069,NO,NULL,NULL,NULL,NULL,NULL
1102,NO,NULL,NULL,NULL,NULL,NULL
1174,NO,NULL,NULL,NULL,NULL,NULL
1198,NO,NULL,NULL,NULL,NULL,NULL
1206,NO,NULL,NULL,NULL,NULL,NULL
1212,NO,NULL,NULL,NULL,NULL,NULL
1223,NO,NULL,NULL,NULL,NULL,NULL
1280,NO,NULL,NULL,NULL,NULL,NULL
1297,NO,NULL,NULL,NULL,NULL,NULL
1434,NO,NULL,NULL,NULL,NULL,NULL
1444,NO,NULL,NULL,NULL,NULL,NULL
1484,NO,NULL,NULL,NULL,NULL,NULL
1530,NO,NULL,NULL,NULL,NULL,NULL
1596,NO,NULL,NULL,NULL,NULL,NULL
1688,NO,NULL,NULL,NULL,NULL,NULL
1704,NO,NULL,NULL,NULL,NULL,NULL
1705,NO,NULL,NULL,NULL,NULL,NULL
1723,NO,NULL,NULL,NULL,NULL,NULL
1783,NO,NULL,NULL,NULL,NULL,NULL
1790,NO,NULL,NULL,NULL,NULL,NULL
1821,NO,NULL,NULL,NULL,NULL,NULL
1832,NO,NULL,NULL,NULL,NULL,NULL
1860,NO,NULL,NULL,NULL,NULL,NULL
1898,NO,NULL,NULL,NULL,NULL,NULL
1904,NO,NULL,NULL,NULL,NULL,NULL
1928,YES,C,1998-12-06,24,2318.00,55632
1936,NO,NULL,NULL,NULL,NULL,NULL
1950,NO,NULL,NULL,NULL,NULL,NULL
1952,NO,NULL,NULL,NULL,NULL,NULL
1999,NO,NULL,NULL,NULL,NULL,NULL
2036,NO,NULL,NULL,NULL,NULL,NULL
2062,YES,A,1996-10-29,12,7182.00,86184
2086,NO,NULL,NULL,NULL,NULL,NULL
2105,NO,NULL,NULL,NULL,NULL,NULL
2107,NO,NULL,NULL,NULL,NULL,NULL
2116,YES,A,1997-08-04,12,7700.00,92400
2131,NO,NULL,NULL,NULL,NULL,NULL
2286,NO,NULL,NULL,NULL,NULL,NULL
2326,NO,NULL,NULL,NULL,NULL,NULL
2335,YES,D,1997-11-12,60,9020.00,541200
2352,YES,C,1996-04-29,60,824.00,49440
2387,NO,NULL,NULL,NULL,NULL,NULL
2397,NO,NULL,NULL,NULL,NULL,NULL
2398,NO,NULL,NULL,NULL,NULL,NULL
2427,NO,NULL,NULL,NULL,NULL,NULL
2495,NO,NULL,NULL,NULL,NULL,NULL
2513,NO,NULL,NULL,NULL,NULL,NULL
2601,NO,NULL,NULL,NULL,NULL,NULL
2637,NO,NULL,NULL,NULL,NULL,NULL
2689,NO,NULL,NULL,NULL,NULL,NULL
2744,NO,NULL,NULL,NULL,NULL,NULL
2758,NO,NULL,NULL,NULL,NULL,NULL
2798,NO,NULL,NULL,NULL,NULL,NULL
2827,NO,NULL,NULL,NULL,NULL,NULL
2834,NO,NULL,NULL,NULL,NULL,NULL
2839,NO,NULL,NULL,NULL,NULL,NULL
2852,NO,NULL,NULL,NULL,NULL,NULL
2873,NO,NULL,NULL,NULL,NULL,NULL
2881,NO,NULL,NULL,NULL,NULL,NULL
2907,NO,NULL,NULL,NULL,NULL,NULL
3041,NO,NULL,NULL,NULL,NULL,NULL
3099,NO,NULL,NULL,NULL,NULL,NULL
3212,NO,NULL,NULL,NULL,NULL,NULL
3264,NO,NULL,NULL,NULL,NULL,NULL
3344,NO,NULL,NULL,NULL,NULL,NULL
3351,NO,NULL,NULL,NULL,NULL,NULL
3355,NO,NULL,NULL,NULL,NULL,NULL
3413,NO,NULL,NULL,NULL,NULL,NULL
3425,NO,NULL,NULL,NULL,NULL,NULL
3482,NO,NULL,NULL,NULL,NULL,NULL
3504,NO,NULL,NULL,NULL,NULL,NULL
3506,NO,NULL,NULL,NULL,NULL,NULL
3511,NO,NULL,NULL,NULL,NULL,NULL
3525,NO,NULL,NULL,NULL,NULL,NULL
3541,NO,NULL,NULL,NULL,NULL,NULL
3553,NO,NULL,NULL,NULL,NULL,NULL
3612,NO,NULL,NULL,NULL,NULL,NULL
3628,NO,NULL,NULL,NULL,NULL,NULL
3681,NO,NULL,NULL,NULL,NULL,NULL
3682,NO,NULL,NULL,NULL,NULL,NULL
3688,NO,NULL,NULL,NULL,NULL,NULL
3692,NO,NULL,NULL,NULL,NULL,NULL
3694,NO,NULL,NULL,NULL,NULL,NULL
3731,NO,NULL,NULL,NULL,NULL,NULL
3746,NO,NULL,NULL,NULL,NULL,NULL
3777,NO,NULL,NULL,NULL,NULL,NULL
3787,NO,NULL,NULL,NULL,NULL,NULL
3788,NO,NULL,NULL,NULL,NULL,NULL
3817,NO,NULL,NULL,NULL,NULL,NULL
3898,NO,NULL,NULL,NULL,NULL,NULL
3924,NO,NULL,NULL,NULL,NULL,NULL
3939,NO,NULL,NULL,NULL,NULL,NULL
3946,NO,NULL,NULL,NULL,NULL,NULL
4130,NO,NULL,NULL,NULL,NULL,NULL
4254,NO,NULL,NULL,NULL,NULL,NULL
4255,NO,NULL,NULL,NULL,NULL,NULL
4478,NO,NULL,NULL,NULL,NULL,NULL
4538,NO,NULL,NULL,NULL,NULL,NULL
4681,YES,C,1997-03-15,48,3388.00,162624
5024,NO,NULL,NULL,NULL,NULL,NULL
5357,NO,NULL,NULL,NULL,NULL,NULL
5366,NO,NULL,NULL,NULL,NULL,NULL
5622,YES,A,1994-11-02,12,6918.00,83016
5794,YES,C,1996-05-06,60,2060.00,123600
7262,YES,C,1997-02-10,60,1221.00,73260
7907,YES,A,1997-08-31,12,8116.00,97392
8316,YES,A,1995-03-19,24,5616.00,134784
8505,YES,A,1997-12-10,12,3570.00,42840
8742,YES,A,1997-07-29,12,2762.00,33144
8972,YES,C,1996-12-21,48,938.00,45024
9017,YES,D,1996-03-26,48,2088.00,100224
9203,NO,NULL,NULL,NULL,NULL,NULL
9422,YES,A,1996-10-29,12,7182.00,86184
9633,YES,D,1997-06-30,24,2477.00,59448
9635,NO,NULL,NULL,NULL,NULL,NULL
9707,NO,NULL,NULL,NULL,NULL,NULL
10202,YES,C,1997-06-19,48,6363.00,305424
10478,YES,C,1998-01-02,48,5575.00,267600
11138,YES,A,1996-01-19,24,3745.00,89880
176,YES,A,1997-04-10,12,2288.00,27456
286,NO,NULL,NULL,NULL,NULL,NULL
303,YES,C,1998-05-30,36,3132.00,112752
466,NO,NULL,NULL,NULL,NULL,NULL
630,NO,NULL,NULL,NULL,NULL,NULL
698,NO,NULL,NULL,NULL,NULL,NULL
823,NO,NULL,NULL,NULL,NULL,NULL
863,NO,NULL,NULL,NULL,NULL,NULL
898,NO,NULL,NULL,NULL,NULL,NULL
1294,NO,NULL,NULL,NULL,NULL,NULL
1360,NO,NULL,NULL,NULL,NULL,NULL
1421,NO,NULL,NULL,NULL,NULL,NULL
1503,NO,NULL,NULL,NULL,NULL,NULL
1607,NO,NULL,NULL,NULL,NULL,NULL
1718,YES,C,1998-08-20,24,7178.00,172272
1753,NO,NULL,NULL,NULL,NULL,NULL
1973,NO,NULL,NULL,NULL,NULL,NULL
2033,NO,NULL,NULL,NULL,NULL,NULL
2166,NO,NULL,NULL,NULL,NULL,NULL
2376,NO,NULL,NULL,NULL,NULL,NULL
2433,NO,NULL,NULL,NULL,NULL,NULL
2438,NO,NULL,NULL,NULL,NULL,NULL
2662,NO,NULL,NULL,NULL,NULL,NULL
2701,NO,NULL,NULL,NULL,NULL,NULL
2841,NO,NULL,NULL,NULL,NULL,NULL
2880,NO,NULL,NULL,NULL,NULL,NULL
2985,NO,NULL,NULL,NULL,NULL,NULL
3075,NO,NULL,NULL,NULL,NULL,NULL
3158,NO,NULL,NULL,NULL,NULL,NULL
3166,YES,D,1995-01-03,48,3703.00,177744
3179,NO,NULL,NULL,NULL,NULL,NULL
3253,NO,NULL,NULL,NULL,NULL,NULL
3300,NO,NULL,NULL,NULL,NULL,NULL
3360,NO,NULL,NULL,NULL,NULL,NULL
3477,NO,NULL,NULL,NULL,NULL,NULL
3687,NO,NULL,NULL,NULL,NULL,NULL
3943,NO,NULL,NULL,NULL,NULL,NULL
4408,NO,NULL,NULL,NULL,NULL,NULL
5429,NO,NULL,NULL,NULL,NULL,NULL
7156,YES,C,1998-04-16,24,2062.00,49488
7203,NO,NULL,NULL,NULL,NULL,NULL
10728,YES,C,1996-03-21,48,3222.00,154656
41,NO,NULL,NULL,NULL,NULL,NULL
73,NO,NULL,NULL,NULL,NULL,NULL
220,NO,NULL,NULL,NULL,NULL,NULL
236,NO,NULL,NULL,NULL,NULL,NULL
240,NO,NULL,NULL,NULL,NULL,NULL
349,YES,C,1998-09-09,12,3568.00,42816
387,NO,NULL,NULL,NULL,NULL,NULL
407,NO,NULL,NULL,NULL,NULL,NULL
469,NO,NULL,NULL,NULL,NULL,NULL
481,NO,NULL,NULL,NULL,NULL,NULL
571,NO,NULL,NULL,NULL,NULL,NULL
615,NO,NULL,NULL,NULL,NULL,NULL
626,NO,NULL,NULL,NULL,NULL,NULL
628,NO,NULL,NULL,NULL,NULL,NULL
651,NO,NULL,NULL,NULL,NULL,NULL
712,NO,NULL,NULL,NULL,NULL,NULL
846,YES,A,1996-07-28,24,7796.00,187104
864,NO,NULL,NULL,NULL,NULL,NULL
899,NO,NULL,NULL,NULL,NULL,NULL
915,YES,C,1995-09-16,48,6449.00,309552
958,NO,NULL,NULL,NULL,NULL,NULL
994,NO,NULL,NULL,NULL,NULL,NULL
1065,NO,NULL,NULL,NULL,NULL,NULL
1203,NO,NULL,NULL,NULL,NULL,NULL
1259,NO,NULL,NULL,NULL,NULL,NULL
1289,NO,NULL,NULL,NULL,NULL,NULL
1547,NO,NULL,NULL,NULL,NULL,NULL
1551,NO,NULL,NULL,NULL,NULL,NULL
1572,NO,NULL,NULL,NULL,NULL,NULL
1605,NO,NULL,NULL,NULL,NULL,NULL
1630,NO,NULL,NULL,NULL,NULL,NULL
1703,NO,NULL,NULL,NULL,NULL,NULL
1714,NO,NULL,NULL,NULL,NULL,NULL
1725,NO,NULL,NULL,NULL,NULL,NULL
1858,NO,NULL,NULL,NULL,NULL,NULL
1916,NO,NULL,NULL,NULL,NULL,NULL
1944,NO,NULL,NULL,NULL,NULL,NULL
1954,NO,NULL,NULL,NULL,NULL,NULL
1988,NO,NULL,NULL,NULL,NULL,NULL
2022,NO,NULL,NULL,NULL,NULL,NULL
2069,NO,NULL,NULL,NULL,NULL,NULL
2070,NO,NULL,NULL,NULL,NULL,NULL
2160,NO,NULL,NULL,NULL,NULL,NULL
2323,NO,NULL,NULL,NULL,NULL,NULL
2349,NO,NULL,NULL,NULL,NULL,NULL
2428,NO,NULL,NULL,NULL,NULL,NULL
2489,NO,NULL,NULL,NULL,NULL,NULL
2575,NO,NULL,NULL,NULL,NULL,NULL
2581,NO,NULL,NULL,NULL,NULL,NULL
2650,NO,NULL,NULL,NULL,NULL,NULL
2688,NO,NULL,NULL,NULL,NULL,NULL
2736,NO,NULL,NULL,NULL,NULL,NULL
2814,NO,NULL,NULL,NULL,NULL,NULL
2932,NO,NULL,NULL,NULL,NULL,NULL
2964,NO,NULL,NULL,NULL,NULL,NULL
3008,NO,NULL,NULL,NULL,NULL,NULL
3044,NO,NULL,NULL,NULL,NULL,NULL
3063,NO,NULL,NULL,NULL,NULL,NULL
3135,NO,NULL,NULL,NULL,NULL,NULL
3191,NO,NULL,NULL,NULL,NULL,NULL
3211,NO,NULL,NULL,NULL,NULL,NULL
3520,NO,NULL,NULL,NULL,NULL,NULL
3557,NO,NULL,NULL,NULL,NULL,NULL
3574,NO,NULL,NULL,NULL,NULL,NULL
3608,YES,C,1996-05-24,36,4486.00,161496
3774,NO,NULL,NULL,NULL,NULL,NULL
3812,NO,NULL,NULL,NULL,NULL,NULL
3869,NO,NULL,NULL,NULL,NULL,NULL
3883,NO,NULL,NULL,NULL,NULL,NULL
3926,NO,NULL,NULL,NULL,NULL,NULL
4066,NO,NULL,NULL,NULL,NULL,NULL
4090,NO,NULL,NULL,NULL,NULL,NULL
4328,NO,NULL,NULL,NULL,NULL,NULL
4475,NO,NULL,NULL,NULL,NULL,NULL
4794,YES,D,1997-12-27,48,9698.00,465504
5118,YES,C,1997-05-04,48,1109.00,53232
5256,YES,A,1994-05-10,36,5388.00,193968
5445,YES,C,1997-10-01,36,2186.00,78696
5767,NO,NULL,NULL,NULL,NULL,NULL
6511,NO,NULL,NULL,NULL,NULL,NULL
6636,NO,NULL,NULL,NULL,NULL,NULL
7562,YES,C,1995-12-31,48,6450.00,309600
7618,NO,NULL,NULL,NULL,NULL,NULL
9030,YES,C,1996-12-12,48,3242.00,155616
9199,YES,B,1996-09-11,12,2454.00,29448
10440,YES,C,1995-07-03,60,1000.00,60000
10445,YES,C,1998-01-22,12,1951.00,23412
11042,YES,A,1995-12-04,36,6032.00,217152
27,NO,NULL,NULL,NULL,NULL,NULL
150,NO,NULL,NULL,NULL,NULL,NULL
213,NO,NULL,NULL,NULL,NULL,NULL
234,NO,NULL,NULL,NULL,NULL,NULL
278,NO,NULL,NULL,NULL,NULL,NULL
313,NO,NULL,NULL,NULL,NULL,NULL
333,NO,NULL,NULL,NULL,NULL,NULL
417,NO,NULL,NULL,NULL,NULL,NULL
473,NO,NULL,NULL,NULL,NULL,NULL
504,NO,NULL,NULL,NULL,NULL,NULL
750,NO,NULL,NULL,NULL,NULL,NULL
873,YES,C,1998-02-24,60,2975.00,178500
914,NO,NULL,NULL,NULL,NULL,NULL
978,NO,NULL,NULL,NULL,NULL,NULL
1034,NO,NULL,NULL,NULL,NULL,NULL
1035,NO,NULL,NULL,NULL,NULL,NULL
1073,NO,NULL,NULL,NULL,NULL,NULL
1205,NO,NULL,NULL,NULL,NULL,NULL
1461,NO,NULL,NULL,NULL,NULL,NULL
1464,NO,NULL,NULL,NULL,NULL,NULL
1566,NO,NULL,NULL,NULL,NULL,NULL
1658,NO,NULL,NULL,NULL,NULL,NULL
1665,NO,NULL,NULL,NULL,NULL,NULL
1763,NO,NULL,NULL,NULL,NULL,NULL
1917,NO,NULL,NULL,NULL,NULL,NULL
1984,NO,NULL,NULL,NULL,NULL,NULL
2094,NO,NULL,NULL,NULL,NULL,NULL
2195,NO,NULL,NULL,NULL,NULL,NULL
2217,NO,NULL,NULL,NULL,NULL,NULL
2236,YES,D,1996-09-26,36,3874.00,139464
2318,NO,NULL,NULL,NULL,NULL,NULL
2492,NO,NULL,NULL,NULL,NULL,NULL
2609,NO,NULL,NULL,NULL,NULL,NULL
2647,NO,NULL,NULL,NULL,NULL,NULL
2676,NO,NULL,NULL,NULL,NULL,NULL
2699,YES,C,1998-08-30,48,4816.00,231168
2768,NO,NULL,NULL,NULL,NULL,NULL
2779,NO,NULL,NULL,NULL,NULL,NULL
2809,NO,NULL,NULL,NULL,NULL,NULL
2835,NO,NULL,NULL,NULL,NULL,NULL
2920,NO,NULL,NULL,NULL,NULL,NULL
3013,NO,NULL,NULL,NULL,NULL,NULL
3060,NO,NULL,NULL,NULL,NULL,NULL
3231,NO,NULL,NULL,NULL,NULL,NULL
3362,NO,NULL,NULL,NULL,NULL,NULL
3429,NO,NULL,NULL,NULL,NULL,NULL
3433,NO,NULL,NULL,NULL,NULL,NULL
3532,NO,NULL,NULL,NULL,NULL,NULL
4013,NO,NULL,NULL,NULL,NULL,NULL
4383,NO,NULL,NULL,NULL,NULL,NULL
4415,YES,A,1997-04-01,12,6170.00,74040
4462,YES,B,1996-05-14,24,2770.00,66480
4725,YES,C,1997-11-04,36,4674.00,168264
8085,YES,D,1997-10-17,60,4340.00,260400
9455,YES,C,1998-02-07,60,6246.00,374760
10694,NO,NULL,NULL,NULL,NULL,NULL
20,NO,NULL,NULL,NULL,NULL,NULL
24,NO,NULL,NULL,NULL,NULL,NULL
78,NO,NULL,NULL,NULL,NULL,NULL
81,NO,NULL,NULL,NULL,NULL,NULL
97,YES,A,1997-08-10,12,8573.00,102876
129,NO,NULL,NULL,NULL,NULL,NULL
136,NO,NULL,NULL,NULL,NULL,NULL
190,NO,NULL,NULL,NULL,NULL,NULL
251,NO,NULL,NULL,NULL,NULL,NULL
297,NO,NULL,NULL,NULL,NULL,NULL
335,NO,NULL,NULL,NULL,NULL,NULL
365,NO,NULL,NULL,NULL,NULL,NULL
412,NO,NULL,NULL,NULL,NULL,NULL
467,NO,NULL,NULL,NULL,NULL,NULL
508,NO,NULL,NULL,NULL,NULL,NULL
518,NO,NULL,NULL,NULL,NULL,NULL
610,NO,NULL,NULL,NULL,NULL,NULL
613,NO,NULL,NULL,NULL,NULL,NULL
617,NO,NULL,NULL,NULL,NULL,NULL
683,NO,NULL,NULL,NULL,NULL,NULL
688,NO,NULL,NULL,NULL,NULL,NULL
820,NO,NULL,NULL,NULL,NULL,NULL
830,NO,NULL,NULL,NULL,NULL,NULL
902,NO,NULL,NULL,NULL,NULL,NULL
954,NO,NULL,NULL,NULL,NULL,NULL
956,NO,NULL,NULL,NULL,NULL,NULL
968,NO,NULL,NULL,NULL,NULL,NULL
986,NO,NULL,NULL,NULL,NULL,NULL
1014,NO,NULL,NULL,NULL,NULL,NULL
1031,NO,NULL,NULL,NULL,NULL,NULL
1079,NO,NULL,NULL,NULL,NULL,NULL
1089,NO,NULL,NULL,NULL,NULL,NULL
1128,NO,NULL,NULL,NULL,NULL,NULL
1142,NO,NULL,NULL,NULL,NULL,NULL
1179,NO,NULL,NULL,NULL,NULL,NULL
1242,YES,C,1997-09-07,24,5356.00,128544
1254,NO,NULL,NULL,NULL,NULL,NULL
1268,NO,NULL,NULL,NULL,NULL,NULL
1334,NO,NULL,NULL,NULL,NULL,NULL
1338,NO,NULL,NULL,NULL,NULL,NULL
1346,NO,NULL,NULL,NULL,NULL,NULL
1367,NO,NULL,NULL,NULL,NULL,NULL
1384,NO,NULL,NULL,NULL,NULL,NULL
1402,NO,NULL,NULL,NULL,NULL,NULL
1410,NO,NULL,NULL,NULL,NULL,NULL
1521,NO,NULL,NULL,NULL,NULL,NULL
1652,NO,NULL,NULL,NULL,NULL,NULL
1710,NO,NULL,NULL,NULL,NULL,NULL
1728,NO,NULL,NULL,NULL,NULL,NULL
1736,NO,NULL,NULL,NULL,NULL,NULL
1794,NO,NULL,NULL,NULL,NULL,NULL
1835,NO,NULL,NULL,NULL,NULL,NULL
1896,NO,NULL,NULL,NULL,NULL,NULL
1997,NO,NULL,NULL,NULL,NULL,NULL
2080,YES,C,1997-09-12,36,5961.00,214596
2108,NO,NULL,NULL,NULL,NULL,NULL
2119,NO,NULL,NULL,NULL,NULL,NULL
2216,NO,NULL,NULL,NULL,NULL,NULL
2253,NO,NULL,NULL,NULL,NULL,NULL
2351,NO,NULL,NULL,NULL,NULL,NULL
2431,NO,NULL,NULL,NULL,NULL,NULL
2439,NO,NULL,NULL,NULL,NULL,NULL
2484,NO,NULL,NULL,NULL,NULL,NULL
2494,NO,NULL,NULL,NULL,NULL,NULL
2530,NO,NULL,NULL,NULL,NULL,NULL
2547,NO,NULL,NULL,NULL,NULL,NULL
2549,NO,NULL,NULL,NULL,NULL,NULL
2565,NO,NULL,NULL,NULL,NULL,NULL
2700,NO,NULL,NULL,NULL,NULL,NULL
2702,NO,NULL,NULL,NULL,NULL,NULL
2717,NO,NULL,NULL,NULL,NULL,NULL
2721,NO,NULL,NULL,NULL,NULL,NULL
2752,NO,NULL,NULL,NULL,NULL,NULL
2794,NO,NULL,NULL,NULL,NULL,NULL
2797,NO,NULL,NULL,NULL,NULL,NULL
2816,NO,NULL,NULL,NULL,NULL,NULL
2905,NO,NULL,NULL,NULL,NULL,NULL
2912,YES,C,1996-02-29,60,6336.00,380160
2978,NO,NULL,NULL,NULL,NULL,NULL
3046,NO,NULL,NULL,NULL,NULL,NULL
3048,NO,NULL,NULL,NULL,NULL,NULL
3066,NO,NULL,NULL,NULL,NULL,NULL
3074,NO,NULL,NULL,NULL,NULL,NULL
3122,NO,NULL,NULL,NULL,NULL,NULL
3177,NO,NULL,NULL,NULL,NULL,NULL
3193,NO,NULL,NULL,NULL,NULL,NULL
3249,YES,A,1997-08-27,12,5677.00,68124
3273,YES,B,1997-09-21,12,7876.00,94512
3275,NO,NULL,NULL,NULL,NULL,NULL
3350,NO,NULL,NULL,NULL,NULL,NULL
3353,YES,C,1997-02-09,24,6086.00,146064
3377,NO,NULL,NULL,NULL,NULL,NULL
3391,NO,NULL,NULL,NULL,NULL,NULL
3424,NO,NULL,NULL,NULL,NULL,NULL
3502,NO,NULL,NULL,NULL,NULL,NULL
3533,NO,NULL,NULL,NULL,NULL,NULL
3543,NO,NULL,NULL,NULL,NULL,NULL
3577,NO,NULL,NULL,NULL,NULL,NULL
3660,NO,NULL,NULL,NULL,NULL,NULL
3703,NO,NULL,NULL,NULL,NULL,NULL
3709,NO,NULL,NULL,NULL,NULL,NULL
3715,NO,NULL,NULL,NULL,NULL,NULL
3779,NO,NULL,NULL,NULL,NULL,NULL
3799,NO,NULL,NULL,NULL,NULL,NULL
3814,NO,NULL,NULL,NULL,NULL,NULL
3818,NO,NULL,NULL,NULL,NULL,NULL
3823,NO,NULL,NULL,NULL,NULL,NULL
3920,NO,NULL,NULL,NULL,NULL,NULL
3932,NO,NULL,NULL,NULL,NULL,NULL
3976,NO,NULL,NULL,NULL,NULL,NULL
4092,NO,NULL,NULL,NULL,NULL,NULL
4159,NO,NULL,NULL,NULL,NULL,NULL
4309,NO,NULL,NULL,NULL,NULL,NULL
4332,NO,NULL,NULL,NULL,NULL,NULL
4342,YES,C,1997-12-09,24,4172.00,100128
4349,NO,NULL,NULL,NULL,NULL,NULL
4413,YES,C,1995-02-08,48,4610.00,221280
4596,NO,NULL,NULL,NULL,NULL,NULL
5092,NO,NULL,NULL,NULL,NULL,NULL
5742,YES,C,1995-12-16,48,4845.00,232560
6148,YES,A,1994-11-04,24,2490.00,59760
6226,YES,C,1994-12-20,60,6644.00,398640
6363,YES,A,1994-10-25,12,1459.00,17508
6510,YES,C,1997-05-06,24,3208.00,76992
6602,NO,NULL,NULL,NULL,NULL,NULL
6924,YES,C,1995-12-05,48,4060.00,194880
6927,NO,NULL,NULL,NULL,NULL,NULL
7753,YES,A,1994-03-11,24,2154.00,51696
7774,NO,NULL,NULL,NULL,NULL,NULL
8566,YES,B,1994-09-29,36,6395.00,230220
9241,YES,C,1997-06-19,60,4754.00,285240
9591,YES,A,1995-04-11,24,4363.00,104712
9750,YES,D,1995-02-11,48,3161.00,151728
11295,NO,NULL,NULL,NULL,NULL,NULL
11382,NO,NULL,NULL,NULL,NULL,NULL
35,NO,NULL,NULL,NULL,NULL,NULL
135,NO,NULL,NULL,NULL,NULL,NULL
262,NO,NULL,NULL,NULL,NULL,NULL
325,NO,NULL,NULL,NULL,NULL,NULL
420,NO,NULL,NULL,NULL,NULL,NULL
421,NO,NULL,NULL,NULL,NULL,NULL
453,NO,NULL,NULL,NULL,NULL,NULL
540,NO,NULL,NULL,NULL,NULL,NULL
580,NO,NULL,NULL,NULL,NULL,NULL
606,NO,NULL,NULL,NULL,NULL,NULL
636,NO,NULL,NULL,NULL,NULL,NULL
717,NO,NULL,NULL,NULL,NULL,NULL
736,NO,NULL,NULL,NULL,NULL,NULL
746,NO,NULL,NULL,NULL,NULL,NULL
1349,NO,NULL,NULL,NULL,NULL,NULL
1417,NO,NULL,NULL,NULL,NULL,NULL
1574,NO,NULL,NULL,NULL,NULL,NULL
1621,NO,NULL,NULL,NULL,NULL,NULL
1707,NO,NULL,NULL,NULL,NULL,NULL
1757,NO,NULL,NULL,NULL,NULL,NULL
1802,NO,NULL,NULL,NULL,NULL,NULL
2001,NO,NULL,NULL,NULL,NULL,NULL
2011,NO,NULL,NULL,NULL,NULL,NULL
2040,NO,NULL,NULL,NULL,NULL,NULL
2136,NO,NULL,NULL,NULL,NULL,NULL
2138,NO,NULL,NULL,NULL,NULL,NULL
2140,NO,NULL,NULL,NULL,NULL,NULL
2189,NO,NULL,NULL,NULL,NULL,NULL
2315,NO,NULL,NULL,NULL,NULL,NULL
2585,NO,NULL,NULL,NULL,NULL,NULL
2723,NO,NULL,NULL,NULL,NULL,NULL
2847,NO,NULL,NULL,NULL,NULL,NULL
3014,NO,NULL,NULL,NULL,NULL,NULL
3017,NO,NULL,NULL,NULL,NULL,NULL
3217,NO,NULL,NULL,NULL,NULL,NULL
3294,NO,NULL,NULL,NULL,NULL,NULL
3306,NO,NULL,NULL,NULL,NULL,NULL
3415,NO,NULL,NULL,NULL,NULL,NULL
3521,NO,NULL,NULL,NULL,NULL,NULL
3604,NO,NULL,NULL,NULL,NULL,NULL
3704,NO,NULL,NULL,NULL,NULL,NULL
3849,NO,NULL,NULL,NULL,NULL,NULL
3971,NO,NULL,NULL,NULL,NULL,NULL
3980,NO,NULL,NULL,NULL,NULL,NULL
5181,YES,C,1997-04-28,60,6652.00,399120
5870,NO,NULL,NULL,NULL,NULL,NULL
7011,NO,NULL,NULL,NULL,NULL,NULL
7033,NO,NULL,NULL,NULL,NULL,NULL
7857,YES,A,1995-01-18,12,5676.00,68112
10789,YES,A,1997-12-09,12,3814.00,45768
11135,YES,A,1994-03-01,36,5073.00,182628
11,NO,NULL,NULL,NULL,NULL,NULL
13,NO,NULL,NULL,NULL,NULL,NULL
151,NO,NULL,NULL,NULL,NULL,NULL
189,NO,NULL,NULL,NULL,NULL,NULL
274,NO,NULL,NULL,NULL,NULL,NULL
317,NO,NULL,NULL,NULL,NULL,NULL
517,NO,NULL,NULL,NULL,NULL,NULL
569,NO,NULL,NULL,NULL,NULL,NULL
721,NO,NULL,NULL,NULL,NULL,NULL
726,NO,NULL,NULL,NULL,NULL,NULL
762,NO,NULL,NULL,NULL,NULL,NULL
807,NO,NULL,NULL,NULL,NULL,NULL
814,NO,NULL,NULL,NULL,NULL,NULL
1235,NO,NULL,NULL,NULL,NULL,NULL
1339,NO,NULL,NULL,NULL,NULL,NULL
1423,NO,NULL,NULL,NULL,NULL,NULL
1425,NO,NULL,NULL,NULL,NULL,NULL
1695,NO,NULL,NULL,NULL,NULL,NULL
1744,NO,NULL,NULL,NULL,NULL,NULL
1877,NO,NULL,NULL,NULL,NULL,NULL
1880,NO,NULL,NULL,NULL,NULL,NULL
2048,NO,NULL,NULL,NULL,NULL,NULL
2067,NO,NULL,NULL,NULL,NULL,NULL
2132,NO,NULL,NULL,NULL,NULL,NULL
2409,NO,NULL,NULL,NULL,NULL,NULL
2444,NO,NULL,NULL,NULL,NULL,NULL
2457,NO,NULL,NULL,NULL,NULL,NULL
2491,NO,NULL,NULL,NULL,NULL,NULL
2627,NO,NULL,NULL,NULL,NULL,NULL
2687,NO,NULL,NULL,NULL,NULL,NULL
2733,NO,NULL,NULL,NULL,NULL,NULL
2887,NO,NULL,NULL,NULL,NULL,NULL
2971,NO,NULL,NULL,NULL,NULL,NULL
3061,NO,NULL,NULL,NULL,NULL,NULL
3274,NO,NULL,NULL,NULL,NULL,NULL
3330,NO,NULL,NULL,NULL,NULL,NULL
3402,NO,NULL,NULL,NULL,NULL,NULL
3459,NO,NULL,NULL,NULL,NULL,NULL
3469,NO,NULL,NULL,NULL,NULL,NULL
3497,NO,NULL,NULL,NULL,NULL,NULL
3598,NO,NULL,NULL,NULL,NULL,NULL
3669,NO,NULL,NULL,NULL,NULL,NULL
3701,NO,NULL,NULL,NULL,NULL,NULL
3722,NO,NULL,NULL,NULL,NULL,NULL
3840,NO,NULL,NULL,NULL,NULL,NULL
3937,NO,NULL,NULL,NULL,NULL,NULL
3947,NO,NULL,NULL,NULL,NULL,NULL
5362,YES,C,1997-08-21,48,4226.00,202848
5878,NO,NULL,NULL,NULL,NULL,NULL
6910,NO,NULL,NULL,NULL,NULL,NULL
9673,YES,C,1998-09-12,36,2450.00,88200
10065,YES,C,1997-09-23,48,6484.00,311232
10650,YES,C,1998-02-24,48,4088.00,196224
10799,YES,C,1998-07-11,60,519.00,31140
10906,NO,NULL,NULL,NULL,NULL,NULL
53,NO,NULL,NULL,NULL,NULL,NULL
153,NO,NULL,NULL,NULL,NULL,NULL
184,NO,NULL,NULL,NULL,NULL,NULL
217,NO,NULL,NULL,NULL,NULL,NULL
299,NO,NULL,NULL,NULL,NULL,NULL
368,NO,NULL,NULL,NULL,NULL,NULL
551,NO,NULL,NULL,NULL,NULL,NULL
742,NO,NULL,NULL,NULL,NULL,NULL
857,NO,NULL,NULL,NULL,NULL,NULL
976,NO,NULL,NULL,NULL,NULL,NULL
1000,NO,NULL,NULL,NULL,NULL,NULL
1216,NO,NULL,NULL,NULL,NULL,NULL
1590,NO,NULL,NULL,NULL,NULL,NULL
1634,NO,NULL,NULL,NULL,NULL,NULL
1683,NO,NULL,NULL,NULL,NULL,NULL
1737,NO,NULL,NULL,NULL,NULL,NULL
1962,NO,NULL,NULL,NULL,NULL,NULL
1972,NO,NULL,NULL,NULL,NULL,NULL
2157,NO,NULL,NULL,NULL,NULL,NULL
2332,NO,NULL,NULL,NULL,NULL,NULL
2377,NO,NULL,NULL,NULL,NULL,NULL
2883,NO,NULL,NULL,NULL,NULL,NULL
2919,NO,NULL,NULL,NULL,NULL,NULL
2994,YES,C,1996-09-14,36,1354.00,48744
3157,NO,NULL,NULL,NULL,NULL,NULL
3172,NO,NULL,NULL,NULL,NULL,NULL
3248,NO,NULL,NULL,NULL,NULL,NULL
3647,NO,NULL,NULL,NULL,NULL,NULL
3686,NO,NULL,NULL,NULL,NULL,NULL
3750,NO,NULL,NULL,NULL,NULL,NULL
3833,NO,NULL,NULL,NULL,NULL,NULL
3990,NO,NULL,NULL,NULL,NULL,NULL
4119,NO,NULL,NULL,NULL,NULL,NULL
4268,YES,C,1998-11-04,12,3499.00,41988
4389,NO,NULL,NULL,NULL,NULL,NULL
4631,YES,C,1997-12-13,24,3647.00,87528
5228,YES,A,1994-07-11,24,7242.00,173808
5817,NO,NULL,NULL,NULL,NULL,NULL
7181,YES,C,1998-05-17,12,4156.00,49872
8321,YES,C,1994-05-09,60,1484.00,89040
