account_id,D_total_count,D_Total_Years,D_monthly_average,D_min_val,D_max_val,D_count_of_the_mode,D_amount_mode,pension,base_salary,peak_salary
1,12,3,734.2857,100,12600,2,1000,NULL,3679,3679
2,12,5,780.6452,200,10200,0,,NULL,20236,30354
3,28,1,9826.9540,200,11253,15,7502,NULL,NULL,NULL
4,1,0,NULL,800,800,0,,5553,NULL,NULL
5,1,0,NULL,600,600,0,,5017,NULL,NULL
6,1,0,NULL,900,900,0,,6669,NULL,NULL
7,26,2,25186.0700,900,33975,20,22650,NULL,NULL,NULL
8,45,3,22636.4194,200,30712,32,20475,NULL,NULL,NULL
9,112,6,4928.5694,200,45691,73,800,NULL,NULL,NULL
10,31,2,19513.3692,700,26529,23,17686,NULL,NULL,NULL
11,1,0,NULL,300,300,0,,NULL,3494,3494
12,1,0,NULL,1100,1100,0,,5938,NULL,NULL
13,1,0,NULL,1000,1000,0,,6803,NULL,NULL
14,27,2,16491.7227,400,22137,20,14758,NULL,NULL,NULL
15,66,5,18695.7906,800,25598,52,17065,NULL,NULL,NULL
16,17,1,23622.6424,500,31262,12,20841,NULL,NULL,NULL
17,16,2,10721.6501,100,49483,0,,NULL,NULL,NULL
18,96,6,27949.7244,200,47679,2,5600,NULL,NULL,NULL
19,17,2,1579.3103,400,6500,3,2600,NULL,15139,22708
20,1,0,NULL,500,500,0,,NULL,3005,3005
21,21,1,14224.9864,1100,14123,10,9415,NULL,NULL,NULL
22,61,5,18393.5826,1100,25310,47,16873,NULL,NULL,NULL
23,70,6,24038.8357,200,33132,55,22088,NULL,NULL,NULL
24,27,2,14444.7332,1000,18926,20,12617,NULL,NULL,NULL
25,54,2,51672.6389,900,49734,0,,NULL,NULL,NULL
26,3,1,253.8462,800,1300,0,,NULL,24802,37203
27,72,5,9673.6809,100,12940,52,8627,NULL,NULL,NULL
29,51,4,19401.9567,700,26667,40,17778,NULL,NULL,NULL
30,86,4,49278.8547,400,49290,0,,NULL,NULL,NULL
31,109,4,54593.0885,800,49940,0,,NULL,NULL,NULL
32,42,3,18128.3430,700,24822,33,16548,NULL,NULL,NULL
33,67,5,25670.7561,600,35384,53,23589,NULL,NULL,NULL
34,1,0,NULL,600,600,0,,NULL,31845,47768
35,1,0,NULL,600,600,0,,5446,NULL,NULL
36,68,5,21541.8759,500,29778,55,19852,NULL,NULL,NULL
37,19,1,30524.3210,900,49437,0,,NULL,NULL,NULL
38,14,1,3106.2500,200,8500,2,6600,NULL,13841,20762
39,1,0,NULL,1100,1100,0,,6474,NULL,NULL
40,71,5,7380.0482,700,9753,51,6502,NULL,NULL,NULL
41,19,1,19491.1022,800,25938,14,17292,NULL,NULL,NULL
42,35,2,10869.0920,800,13659,23,9106,NULL,NULL,NULL
43,57,5,26204.4985,1100,35862,45,23908,NULL,NULL,NULL
44,1,0,NULL,400,400,0,,4200,NULL,NULL
45,25,1,4995.5769,200,25455,16,1600,NULL,NULL,NULL
47,3,1,472.2222,300,4800,0,,NULL,35257,52886
48,27,2,24988.8079,700,34221,20,22814,NULL,NULL,NULL
49,1,0,NULL,300,300,0,,4654,NULL,NULL
50,61,5,17709.6371,900,24195,46,16130,NULL,NULL,NULL
51,32,3,22390.8077,800,30950,25,20633,NULL,NULL,NULL
52,2,2,50.0000,200,900,0,,NULL,25530,38295
53,1,0,NULL,700,700,0,,4277,NULL,NULL
54,1,0,NULL,1000,1000,0,,NULL,3421,3421
55,1,0,NULL,300,300,0,,4629,NULL,NULL
56,63,5,16245.8283,600,21890,45,14593,NULL,NULL,NULL
57,44,4,23216.4324,700,31962,35,21308,NULL,NULL,NULL
58,1,0,NULL,600,600,0,,5804,NULL,NULL
59,66,5,16292.4329,300,21424,47,14283,NULL,NULL,NULL
61,1,0,NULL,700,700,0,,4019,NULL,NULL
62,1,0,NULL,1100,1100,0,,5079,NULL,NULL
63,1,0,NULL,600,600,0,,5024,NULL,NULL
64,11,2,5578.4762,200,34850,0,,NULL,NULL,NULL
65,27,2,27399.0234,600,36885,21,24590,NULL,NULL,NULL
66,1,0,NULL,400,400,0,,NULL,44713,67070
67,2,3,200.0000,700,6100,0,,NULL,41490,62235
68,2,4,200.0000,200,8800,0,,NULL,35557,53336
69,87,3,7772.6281,300,43725,37,500,NULL,NULL,NULL
70,55,4,10213.1169,100,13630,38,9087,NULL,NULL,NULL
71,60,5,23613.3793,700,32576,48,21717,NULL,NULL,NULL
72,61,2,55706.2838,1100,49740,0,,NULL,NULL,NULL
73,66,5,20998.3540,400,28667,51,19111,NULL,NULL,NULL
75,42,3,13651.6089,700,18825,33,12550,NULL,NULL,NULL
76,42,3,9515.3640,100,11720,25,7813,NULL,NULL,NULL
77,2,0,1100.0000,400,700,0,,NULL,17090,25635
78,71,5,19101.9708,100,26217,55,17478,NULL,NULL,NULL
79,1,0,NULL,600,600,0,,4182,NULL,NULL
80,1,0,NULL,900,900,0,,NULL,3378,3378
81,16,2,1542.8571,100,9300,0,,NULL,3084,3084
82,88,5,43355.6814,300,49581,0,,NULL,NULL,NULL
83,79,6,10472.6796,200,13839,56,9226,NULL,NULL,NULL
84,57,3,33668.3258,900,48660,2,11600,NULL,NULL,NULL
85,33,2,8613.0288,400,8945,17,5963,NULL,NULL,NULL
86,1,0,NULL,800,800,0,,NULL,3243,3243
88,1,0,NULL,300,300,0,,NULL,3403,3403
89,18,1,6634.0411,600,12000,12,4858,NULL,NULL,NULL
90,56,4,26446.4582,500,36459,45,24306,NULL,NULL,NULL
91,18,2,11440.6772,300,45770,0,,NULL,NULL,NULL
93,36,3,8458.7541,500,10782,25,7188,NULL,NULL,NULL
95,47,4,26007.0732,200,35890,37,23927,NULL,NULL,NULL
96,6,5,550.0000,1100,16400,0,,NULL,44221,66332
97,35,3,20004.6170,900,26892,26,17928,NULL,NULL,NULL
98,1,0,NULL,1100,1100,0,,4557,NULL,NULL
99,52,3,31273.0500,600,49889,0,,NULL,NULL,NULL
100,85,5,14529.4509,200,17837,50,11891,NULL,NULL,NULL
101,39,3,20848.7552,1000,26796,26,17864,NULL,NULL,NULL
102,60,5,14406.1760,100,48218,2,7600,NULL,NULL,NULL
103,38,3,26458.7195,1000,48308,2,1700,NULL,NULL,NULL
104,1,0,NULL,500,500,0,,NULL,3063,3063
105,14,1,14872.5294,800,49101,0,,NULL,NULL,NULL
106,50,4,19301.7321,500,26648,40,17765,NULL,NULL,NULL
107,90,5,8752.5806,100,10600,51,6832,NULL,NULL,NULL
108,49,4,17169.6061,800,23555,37,15703,NULL,NULL,NULL
109,50,2,5925.2224,1100,16920,20,1800,NULL,NULL,NULL
110,32,2,25457.2355,500,35157,24,23438,NULL,NULL,NULL
112,1,0,NULL,200,200,0,,6582,NULL,NULL
113,1,0,NULL,600,600,0,,6417,NULL,NULL
114,1,0,NULL,500,500,0,,4234,NULL,NULL
115,89,6,8983.9301,600,11498,57,7665,NULL,NULL,NULL
116,35,3,25248.6707,800,34685,27,23123,NULL,NULL,NULL
117,1,0,NULL,900,900,0,,4903,NULL,NULL
118,7,1,2100.0000,600,10900,0,,NULL,3674,3674
119,68,6,23256.3757,800,32288,55,21525,NULL,NULL,NULL
120,62,3,25468.5476,400,48187,2,6800,NULL,NULL,NULL
121,9,1,1914.2857,200,13100,3,1100,NULL,3175,3175
122,27,2,25164.7724,900,33903,21,22602,NULL,NULL,NULL
123,1,0,NULL,200,200,0,,4843,NULL,NULL
124,5,1,1480.0000,100,10600,0,,NULL,2990,2990
125,38,2,35459.0217,200,49487,0,,NULL,NULL,NULL
126,78,5,25332.7258,100,49750,3,3100,NULL,NULL,NULL
127,1,0,NULL,600,600,0,,NULL,3364,3364
128,138,6,6092.3272,100,38879,70,1800,NULL,NULL,NULL
129,1,0,NULL,600,600,0,,6998,NULL,NULL
130,1,0,NULL,300,300,0,,6813,NULL,NULL
131,47,4,11524.5973,700,15534,35,10356,NULL,NULL,NULL
132,47,3,40682.0042,200,47976,2,200,NULL,NULL,NULL
133,29,1,47589.7706,900,47803,0,,NULL,NULL,NULL
134,15,1,11439.7253,300,14446,10,9631,NULL,NULL,NULL
135,95,5,5946.7216,100,9200,55,4451,NULL,NULL,NULL
136,1,0,NULL,600,600,0,,6378,NULL,NULL
137,30,2,25154.1581,900,34814,24,23209,NULL,NULL,NULL
138,15,3,964.1026,100,11200,3,1100,NULL,NULL,NULL
139,1,0,NULL,1000,1000,0,,NULL,32778,49167
140,14,2,6557.2899,300,48742,2,300,NULL,NULL,NULL
141,1,0,NULL,900,900,0,,NULL,30165,45248
142,1,0,NULL,900,900,0,,4555,NULL,NULL
143,1,0,NULL,500,500,0,,4924,NULL,NULL
144,32,2,38436.0669,500,48271,0,,NULL,NULL,NULL
145,58,3,9939.9626,200,10834,30,7223,NULL,NULL,NULL
146,1,0,NULL,500,500,0,,6296,NULL,NULL
148,1,0,NULL,500,500,0,,NULL,3468,3468
149,30,1,6620.1276,300,14600,14,400,NULL,NULL,NULL
150,84,4,6006.4020,200,46079,47,1900,NULL,NULL,NULL
151,83,5,5762.7827,100,10700,53,4619,NULL,NULL,NULL
152,44,3,6428.2438,300,9900,26,5129,NULL,NULL,NULL
153,3,2,262.0690,400,6000,0,,NULL,13730,20595
154,57,4,15284.1079,900,21114,45,14076,NULL,NULL,NULL
155,57,3,6306.0424,100,12700,31,4483,NULL,NULL,NULL
156,1,0,NULL,1000,1000,0,,NULL,3481,3481
157,1,0,NULL,200,200,0,,6918,NULL,NULL
158,46,4,26529.4342,700,36822,37,24548,NULL,NULL,NULL
159,24,2,24172.0242,800,33081,18,22054,NULL,NULL,NULL
160,88,5,14561.9377,100,18600,53,11889,NULL,NULL,NULL
161,1,0,NULL,900,900,0,,4419,NULL,NULL
162,1,0,NULL,200,200,0,,5188,NULL,NULL
163,1,0,NULL,900,900,0,,6698,NULL,NULL
164,11,2,6148.2000,200,47058,0,,NULL,NULL,NULL
165,1,0,NULL,1000,1000,0,,6864,NULL,NULL
166,1,0,NULL,800,800,0,,4566,NULL,NULL
167,59,3,40707.9883,300,49608,2,3500,NULL,NULL,NULL
168,1,0,NULL,500,500,0,,NULL,3020,3020
169,43,3,14146.5870,300,19188,32,12792,NULL,NULL,NULL
170,32,2,18951.0101,1000,25599,25,17066,NULL,NULL,NULL
171,1,0,NULL,500,500,0,,6003,NULL,NULL
172,67,5,24351.2883,700,33584,53,22389,NULL,NULL,NULL
173,95,5,21437.5204,500,25970,50,17313,NULL,NULL,NULL
174,1,0,NULL,900,900,0,,NULL,3377,3377
176,53,2,51712.0093,800,49285,0,,NULL,NULL,NULL
177,17,1,21924.7738,800,29175,12,19450,NULL,NULL,NULL
178,1,0,NULL,1000,1000,0,,NULL,2981,2981
179,24,1,44779.3706,200,49959,0,,NULL,NULL,NULL
180,13,5,1977.1930,800,22900,2,7000,NULL,23261,34892
181,35,2,12065.4605,200,16158,25,10772,NULL,NULL,NULL
182,6,1,1407.1429,200,10700,0,,NULL,NULL,NULL
183,65,5,15853.8715,200,21963,50,14642,NULL,NULL,NULL
184,36,3,21490.9412,600,29546,28,19697,NULL,NULL,NULL
185,19,1,21526.8893,1000,28846,15,19231,NULL,NULL,NULL
186,107,5,40013.8144,700,49065,2,12000,NULL,NULL,NULL
187,1,0,NULL,200,200,0,,4197,NULL,NULL
188,71,6,20973.3592,700,29120,56,19413,NULL,NULL,NULL
189,22,2,23109.9668,600,31530,16,21020,NULL,NULL,NULL
190,51,4,19329.7180,500,26334,38,17556,NULL,NULL,NULL
191,1,0,NULL,600,600,0,,NULL,44209,66314
192,1,0,NULL,300,300,0,,5859,NULL,NULL
193,28,2,11984.0443,300,15999,20,10666,NULL,NULL,NULL
194,14,2,1396.2963,400,11000,2,900,NULL,3973,3973
195,24,2,16406.6667,600,21924,18,14616,NULL,NULL,NULL
196,76,5,14673.2253,200,19408,50,12939,NULL,NULL,NULL
197,74,6,23533.1943,700,32577,58,21718,NULL,NULL,NULL
198,1,0,NULL,900,900,0,,4299,NULL,NULL
199,1,0,NULL,700,700,0,,NULL,2977,2977
200,60,4,10300.3519,900,26000,45,8614,NULL,NULL,NULL
201,54,4,17467.7051,600,23752,41,15835,NULL,NULL,NULL
204,1,0,NULL,600,600,0,,NULL,2926,2926
205,22,1,9214.4159,300,10400,12,6446,NULL,NULL,NULL
206,74,4,6460.0222,200,10600,37,4353,NULL,NULL,NULL
207,90,5,6357.4212,100,9300,54,5135,NULL,NULL,NULL
208,38,3,16658.5584,100,22494,27,14996,NULL,NULL,NULL
209,15,2,1680.0000,400,12200,2,900,NULL,3481,3481
210,36,3,18263.4665,700,25100,27,16733,NULL,NULL,NULL
211,30,1,42221.5076,800,48433,0,,NULL,NULL,NULL
212,4,3,558.3333,200,10800,0,,NULL,49590,74385
213,41,3,26442.8357,1000,36408,33,24272,NULL,NULL,NULL
214,1,0,NULL,500,500,0,,NULL,3146,3146
215,1,0,NULL,1000,1000,0,,NULL,3182,3182
216,1,0,NULL,500,500,0,,6460,NULL,NULL
217,50,4,12045.9395,800,16614,39,11076,NULL,NULL,NULL
218,70,3,51884.4857,500,49217,0,,NULL,NULL,NULL
219,41,3,19186.7313,500,26649,32,17766,NULL,NULL,NULL
220,1,0,NULL,400,400,0,,5271,NULL,NULL
221,28,2,23897.4935,300,32151,21,21434,NULL,NULL,NULL
222,2,1,200.0000,500,1700,0,,NULL,34409,51614
223,23,3,8176.8974,200,46867,2,800,NULL,NULL,NULL
224,1,0,NULL,1100,1100,0,,5776,NULL,NULL
225,114,5,8470.3929,100,15400,54,5078,NULL,NULL,NULL
226,33,2,22268.6371,600,28588,18,19059,NULL,NULL,NULL
227,1,0,NULL,700,700,0,,NULL,44692,67038
228,66,5,23363.3596,200,32403,52,21602,NULL,NULL,NULL
229,1,0,NULL,1100,1100,0,,5492,NULL,NULL
230,36,3,19277.7098,600,26240,28,17493,NULL,NULL,NULL
231,1,0,NULL,900,900,0,,NULL,3110,3110
232,15,1,25968.7599,700,33514,10,22343,NULL,NULL,NULL
234,1,0,NULL,500,500,0,,5810,NULL,NULL
235,1,0,NULL,1000,1000,0,,NULL,3324,3324
236,11,3,1203.0303,800,12800,2,3500,NULL,NULL,NULL
237,1,0,NULL,900,900,0,,NULL,2910,2910
238,1,0,NULL,500,500,0,,NULL,3351,3351
239,114,6,35935.8000,300,49429,2,3600,NULL,NULL,NULL
240,22,2,25381.8367,300,33858,16,22572,NULL,NULL,NULL
241,15,2,1481.4815,200,10300,2,500,NULL,3880,3880
242,30,2,25825.4403,500,34989,23,23326,NULL,NULL,NULL
243,95,5,42464.9741,200,49503,0,,NULL,NULL,NULL
244,35,6,1214.7059,100,10100,3,600,NULL,3972,3972
245,88,5,26058.4827,600,47784,2,7300,NULL,NULL,NULL
246,1,0,NULL,700,700,0,,4486,NULL,NULL
248,1,0,NULL,700,700,0,,NULL,24849,37274
249,27,2,19824.8980,600,26390,20,17593,NULL,NULL,NULL
250,27,2,7586.9948,300,15200,15,5411,NULL,NULL,NULL
251,41,3,10983.2822,900,13436,27,8957,NULL,NULL,NULL
252,1,0,NULL,1000,1000,0,,5798,NULL,NULL
253,38,3,24716.3388,1100,33464,30,22309,NULL,NULL,NULL
255,1,0,NULL,900,900,0,,NULL,38167,57250
256,44,4,20448.1283,1100,28440,35,18960,NULL,NULL,NULL
257,46,3,21945.5676,100,48963,2,1900,NULL,NULL,NULL
258,1,0,NULL,900,900,0,,6177,NULL,NULL
259,1,0,NULL,600,600,0,,6523,NULL,NULL
260,54,3,10920.3655,600,14100,31,7871,NULL,NULL,NULL
261,3,0,3833.3333,200,9800,0,,NULL,3851,3851
262,11,3,1202.9412,200,9800,3,2500,NULL,NULL,NULL
263,41,2,36296.3083,500,43980,0,,NULL,NULL,NULL
264,57,3,7545.3609,100,10900,29,4961,NULL,NULL,NULL
265,1,0,NULL,600,600,0,,6135,NULL,NULL
266,2,1,222.2222,400,1600,0,,NULL,49752,74628
267,1,0,NULL,500,500,0,,4847,NULL,NULL
268,36,2,29858.4906,500,49695,2,1500,NULL,NULL,NULL
269,16,2,1900.0000,400,12000,2,3000,NULL,3219,3219
270,49,4,25663.8494,1100,35636,39,23757,NULL,NULL,NULL
271,1,0,NULL,400,400,0,,6906,NULL,NULL
272,27,2,21903.5180,1100,29762,21,19841,NULL,NULL,NULL
273,32,5,1480.0000,100,10400,3,700,NULL,13201,19802
274,68,5,22043.7494,300,30597,53,20398,NULL,NULL,NULL
275,1,0,NULL,800,800,0,,NULL,3390,3390
276,1,0,NULL,700,700,0,,NULL,26823,40234
277,81,5,29161.6021,100,49441,2,1000,NULL,NULL,NULL
278,34,3,22958.0450,700,31124,27,20749,NULL,NULL,NULL
279,1,0,NULL,400,400,0,,NULL,3007,3007
280,88,6,13537.2313,100,18065,59,12043,NULL,NULL,NULL
281,44,2,13726.5410,100,21400,21,8367,NULL,NULL,NULL
282,20,2,22569.3068,200,30992,15,20661,NULL,NULL,NULL
283,1,0,NULL,800,800,0,,4839,NULL,NULL
284,5,1,2066.6667,900,8600,0,,NULL,19419,29128
285,47,4,21751.3720,600,29621,36,19747,NULL,NULL,NULL
286,35,3,25627.3785,300,35096,27,23397,NULL,NULL,NULL
287,1,0,NULL,600,600,0,,4562,NULL,NULL
288,1,0,NULL,900,900,0,,5315,NULL,NULL
289,60,5,18836.8732,300,26172,47,17448,NULL,NULL,NULL
290,100,5,34302.5082,200,48476,2,16100,NULL,NULL,NULL
291,48,2,70968.9223,1100,49655,0,,NULL,NULL,NULL
292,1,0,NULL,400,400,0,,4696,NULL,NULL
293,23,2,12964.1379,600,16155,16,10770,NULL,NULL,NULL
294,26,2,17178.1116,700,22935,19,15290,NULL,NULL,NULL
295,14,1,24077.4142,200,31446,10,20964,NULL,NULL,NULL
296,7,2,718.1818,200,11200,0,,NULL,3970,3970
297,71,2,7774.3780,200,46581,29,1100,NULL,NULL,NULL
298,17,1,14704.0800,600,17597,10,11731,NULL,NULL,NULL
299,112,6,39293.7283,600,49659,2,22421,NULL,NULL,NULL
300,1,0,NULL,400,400,0,,6892,NULL,NULL
301,1,0,NULL,300,300,0,,NULL,2925,2925
302,1,0,NULL,1100,1100,0,,6438,NULL,NULL
303,33,2,17532.7926,900,23108,24,15405,NULL,NULL,NULL
304,1,0,NULL,700,700,0,,NULL,33176,49764
305,1,0,NULL,200,200,0,,4430,NULL,NULL
306,83,6,6541.6079,100,8600,55,5486,NULL,NULL,NULL
307,18,1,25103.0675,700,33120,14,22080,NULL,NULL,NULL
308,26,3,1786.8421,100,13700,3,1400,NULL,NULL,NULL
309,22,2,21516.1616,900,28726,16,19151,NULL,NULL,NULL
311,21,1,18805.2245,800,24288,14,16192,NULL,NULL,NULL
312,44,3,13562.3012,500,17595,30,11730,NULL,NULL,NULL
313,1,0,NULL,700,700,0,,NULL,3442,3442
314,4,1,691.6667,600,4200,0,,NULL,36897,55346
315,7,1,2381.8182,200,11700,0,,NULL,NULL,NULL
316,49,2,7649.7453,100,42752,20,1100,NULL,NULL,NULL
317,1,0,NULL,800,800,0,,5922,NULL,NULL
318,83,4,6828.8155,200,12300,42,4288,NULL,NULL,NULL
319,74,3,44742.3499,200,49183,2,4100,NULL,NULL,NULL
320,63,2,7257.9683,200,30888,23,1300,NULL,NULL,NULL
321,1,0,NULL,1100,1100,0,,5163,NULL,NULL
322,74,6,17985.8058,100,24969,58,16646,NULL,NULL,NULL
323,1,0,NULL,200,200,0,,6836,NULL,NULL
324,1,0,NULL,500,500,0,,5279,NULL,NULL
325,1,0,NULL,300,300,0,,5849,NULL,NULL
326,1,0,NULL,1000,1000,0,,5376,NULL,NULL
327,76,6,17306.6534,300,23562,55,15708,NULL,NULL,NULL
328,1,0,NULL,600,600,0,,6973,NULL,NULL
329,27,2,26143.2907,1100,35763,21,23842,NULL,NULL,NULL
330,26,2,24914.1509,400,33590,20,22393,NULL,NULL,NULL
331,1,0,NULL,1100,1100,0,,6682,NULL,NULL
332,21,2,1340.0000,100,12600,5,2500,NULL,3727,3727
333,1,0,NULL,700,700,0,,NULL,2998,2998
334,71,6,20052.6815,500,27558,55,18372,NULL,NULL,NULL
335,1,0,NULL,1000,1000,0,,5715,NULL,NULL
336,40,3,20103.2199,500,27706,31,18471,NULL,NULL,NULL
337,45,3,29159.7594,200,49461,0,,NULL,NULL,NULL
338,6,2,952.6316,300,7700,0,,NULL,3378,3378
339,2,2,153.8462,400,3600,0,,NULL,46807,70210
340,1,0,NULL,1000,1000,0,,5774,NULL,NULL
341,27,2,16908.9453,600,22940,20,15293,NULL,NULL,NULL
342,1,0,NULL,1000,1000,0,,NULL,3498,3498
343,20,4,766.6667,100,12100,4,900,NULL,3758,3758
344,67,5,15390.6390,600,20922,50,13948,NULL,NULL,NULL
345,71,5,18163.2468,200,24646,50,16431,NULL,NULL,NULL
346,75,6,21497.2284,800,29903,59,19935,NULL,NULL,NULL
347,89,5,32627.3115,100,49999,0,,NULL,NULL,NULL
348,39,3,19940.4032,500,27429,30,18286,NULL,NULL,NULL
349,32,2,9693.2182,500,10486,15,6991,NULL,NULL,NULL
350,1,0,NULL,500,500,0,,6309,NULL,NULL
351,54,2,7946.9955,600,39533,23,1800,NULL,NULL,NULL
352,1,0,NULL,200,200,0,,4351,NULL,NULL
353,1,0,NULL,1000,1000,0,,6676,NULL,NULL
354,75,5,12855.2730,100,17199,51,11466,NULL,NULL,NULL
355,24,3,2980.0000,200,13600,2,700,NULL,11909,17864
356,35,3,19954.3713,1000,27624,27,18416,NULL,NULL,NULL
357,1,0,NULL,1000,1000,0,,NULL,3103,3103
358,9,2,840.9091,100,9600,2,600,NULL,3099,3099
359,1,0,NULL,400,400,0,,5316,NULL,NULL
360,32,3,26299.0213,1100,36306,25,24204,NULL,NULL,NULL
361,72,6,25598.0266,600,35457,58,23638,NULL,NULL,NULL
362,101,6,11782.9327,100,14313,57,9542,NULL,NULL,NULL
363,86,5,41870.0530,300,49327,0,,NULL,NULL,NULL
364,1,0,NULL,1100,1100,0,,NULL,3332,3332
365,8,5,412.7273,200,7200,0,,NULL,17660,26490
366,28,2,23946.2629,200,32543,21,21695,NULL,NULL,NULL
367,22,2,15874.5798,400,20577,16,13718,NULL,NULL,NULL
368,79,5,9315.5662,100,12621,55,8414,NULL,NULL,NULL
370,1,0,NULL,700,700,0,,NULL,3113,3113
371,48,2,6002.1379,400,47575,29,1300,NULL,NULL,NULL
372,43,3,24713.5013,400,33594,33,22396,NULL,NULL,NULL
373,45,2,12529.5884,800,14519,25,9679,NULL,NULL,NULL
374,8,5,393.5484,400,5000,0,,NULL,23041,34562
375,1,0,NULL,1100,1100,0,,5736,NULL,NULL
376,47,4,26683.5533,700,36776,38,24517,NULL,NULL,NULL
377,101,4,41609.2269,200,49074,2,300,NULL,NULL,NULL
378,73,2,68101.5172,900,49711,0,,NULL,NULL,NULL
379,12,3,645.1613,200,7100,2,900,NULL,3727,3727
381,75,5,9139.9244,300,12314,55,8209,NULL,NULL,NULL
382,1,0,NULL,700,700,0,,NULL,3415,3415
383,1,0,NULL,600,600,0,,NULL,3086,3086
384,31,1,56224.0577,1000,44765,0,,NULL,NULL,NULL
385,1,0,NULL,1000,1000,0,,NULL,3469,3469
386,19,1,20538.3573,1000,26636,14,17757,NULL,NULL,NULL
387,17,1,23715.4267,200,47926,0,,NULL,NULL,NULL
388,71,4,13113.7877,400,15536,38,10357,NULL,NULL,NULL
389,85,5,7434.4157,300,9371,53,6247,NULL,NULL,NULL
390,92,3,66123.4384,100,49514,2,5300,NULL,NULL,NULL
391,156,5,6661.2930,100,37352,62,1000,NULL,NULL,NULL
392,40,2,15950.4205,300,20199,24,13466,NULL,NULL,NULL
393,49,4,26992.8683,500,37149,39,24766,NULL,NULL,NULL
395,71,6,23700.0000,400,33081,57,22054,NULL,NULL,NULL
396,71,6,24983.7941,1000,34902,57,23268,NULL,NULL,NULL
397,5,5,336.0656,400,12600,0,,NULL,30905,46358
398,1,0,NULL,300,300,0,,4839,NULL,NULL
399,44,2,33302.8889,800,48884,2,8000,NULL,NULL,NULL
400,70,5,15086.6904,600,20666,54,13777,NULL,NULL,NULL
401,74,6,13898.2542,300,19226,59,12817,NULL,NULL,NULL
402,17,1,22261.0667,800,29992,12,19995,NULL,NULL,NULL
403,1,0,NULL,600,600,0,,5563,NULL,NULL
404,6,3,641.6667,300,8400,0,,NULL,32381,48572
405,30,2,36683.0663,500,49985,0,,NULL,NULL,NULL
406,1,0,NULL,700,700,0,,NULL,3096,3096
407,24,2,19102.9725,400,48632,0,,NULL,NULL,NULL
408,72,5,14757.6171,400,19956,54,13304,NULL,NULL,NULL
409,37,2,11531.8880,100,15322,25,10215,NULL,NULL,NULL
410,1,0,NULL,200,200,0,,5738,NULL,NULL
411,76,6,20226.4967,400,27746,59,18497,NULL,NULL,NULL
412,54,3,32317.2023,700,48001,2,35285,NULL,NULL,NULL
413,1,0,NULL,200,200,0,,5041,NULL,NULL
414,38,3,19819.0258,900,27102,29,18068,NULL,NULL,NULL
415,80,6,14587.7493,400,19665,58,13110,NULL,NULL,NULL
416,1,0,NULL,500,500,0,,5155,NULL,NULL
417,50,3,39725.5043,300,49903,0,,NULL,NULL,NULL
418,42,3,22824.8457,700,31318,33,20879,NULL,NULL,NULL
419,81,5,5769.4771,600,7800,51,4600,NULL,NULL,NULL
420,50,3,13221.0050,100,17366,33,11577,NULL,NULL,NULL
421,15,1,10067.9357,900,12536,10,8357,NULL,NULL,NULL
422,1,0,NULL,400,400,0,,NULL,25207,37810
423,1,0,NULL,500,500,0,,NULL,2913,2913
424,24,2,25846.3720,1000,35180,18,23453,NULL,NULL,NULL
425,101,6,7544.1404,100,9600,57,5893,NULL,NULL,NULL
426,89,5,25462.9201,100,49937,2,12300,NULL,NULL,NULL
427,59,4,25148.5016,200,34622,44,23081,NULL,NULL,NULL
428,1,0,NULL,200,200,0,,6614,NULL,NULL
429,42,3,20120.6611,500,27596,33,18397,NULL,NULL,NULL
430,27,3,1900.0000,200,11500,2,4500,NULL,NULL,NULL
431,28,2,20467.7633,300,27356,21,18237,NULL,NULL,NULL
432,72,5,7824.7650,500,10486,55,6991,NULL,NULL,NULL
433,38,5,5273.4091,300,40525,3,1600,NULL,NULL,NULL
434,26,2,12165.2735,400,16432,20,10955,NULL,NULL,NULL
435,1,0,NULL,400,400,0,,5039,NULL,NULL
436,31,2,9080.6800,500,11814,24,7876,NULL,NULL,NULL
437,73,5,25781.3297,100,32478,50,21652,NULL,NULL,NULL
438,7,1,6921.7919,900,38198,0,,NULL,NULL,NULL
439,50,3,6600.9538,200,41361,32,1100,NULL,NULL,NULL
440,28,2,18193.8719,300,24695,20,16463,NULL,NULL,NULL
441,9,5,1018.9655,900,12900,2,9500,NULL,44730,67095
442,18,2,20162.4057,600,48885,0,,NULL,NULL,NULL
443,1,0,NULL,500,500,0,,NULL,3058,3058
444,45,3,8593.0380,400,10056,26,6704,NULL,NULL,NULL
445,5,4,266.6667,1100,6000,0,,NULL,18964,28446
446,67,5,25889.2661,1100,36240,55,24160,NULL,NULL,NULL
447,29,2,22325.2066,1100,30945,23,20630,NULL,NULL,NULL
449,1,0,NULL,900,900,0,,4456,NULL,NULL
450,1,0,NULL,1100,1100,0,,4393,NULL,NULL
451,28,4,1244.2308,200,12300,4,1300,NULL,NULL,NULL
452,50,3,35137.4932,500,48660,2,2500,NULL,NULL,NULL
453,22,2,27037.2344,1100,36146,16,24097,NULL,NULL,NULL
454,66,4,10720.2674,100,12797,35,8531,NULL,NULL,NULL
455,52,4,13959.4891,500,18764,36,12509,NULL,NULL,NULL
456,1,0,NULL,700,700,0,,NULL,47831,71746
458,45,3,18161.5529,1100,25278,35,16852,NULL,NULL,NULL
459,22,4,995.6522,100,13400,2,2000,NULL,NULL,NULL
460,1,0,NULL,1100,1100,0,,5922,NULL,NULL
461,1,0,NULL,600,600,0,,6388,NULL,NULL
462,65,5,22478.8625,200,31163,50,20775,NULL,NULL,NULL
463,46,4,25269.8630,700,34185,36,22790,NULL,NULL,NULL
464,1,0,NULL,600,600,0,,5264,NULL,NULL
465,26,4,1429.4118,100,6800,3,1200,NULL,12785,19178
466,25,3,2270.5882,200,15000,2,3000,NULL,NULL,NULL
467,81,5,11928.5354,400,15374,52,10249,NULL,NULL,NULL
468,35,3,24687.7756,400,34020,27,22680,NULL,NULL,NULL
469,22,1,5528.2031,600,12100,14,4008,NULL,NULL,NULL
470,77,5,9536.2129,300,11872,47,7915,NULL,NULL,NULL
471,56,4,11533.2009,200,14962,35,9975,NULL,NULL,NULL
472,2,2,114.2857,300,2100,0,,NULL,49201,73802
473,28,2,13060.5792,1100,17451,21,11634,NULL,NULL,NULL
474,17,3,1444.4444,600,9500,2,900,NULL,3451,3451
475,1,0,NULL,200,200,0,,4319,NULL,NULL
476,10,2,1835.0000,1000,9100,0,,NULL,NULL,NULL
477,73,6,17654.8045,900,24588,59,16392,NULL,NULL,NULL
478,55,4,25422.2498,400,35496,44,23664,NULL,NULL,NULL
479,1,0,NULL,1100,1100,0,,NULL,3097,3097
480,24,2,26698.5526,500,36494,19,24329,NULL,NULL,NULL
481,1,0,NULL,700,700,0,,6633,NULL,NULL
483,1,0,NULL,1000,1000,0,,NULL,2911,2911
484,52,4,10457.9323,600,14114,39,9409,NULL,NULL,NULL
485,123,6,38453.2037,300,49764,2,13900,NULL,NULL,NULL
486,62,3,8430.1070,100,46073,37,1900,NULL,NULL,NULL
487,46,3,26091.3684,900,48599,0,,NULL,NULL,NULL
488,23,2,2123.3333,200,10400,2,5300,NULL,NULL,NULL
489,70,6,17674.0620,200,24537,55,16358,NULL,NULL,NULL
490,1,0,NULL,500,500,0,,NULL,3063,3063
491,32,3,21674.9841,600,30032,25,20021,NULL,NULL,NULL
492,72,5,6439.6930,200,11500,52,5553,NULL,NULL,NULL
493,59,5,18769.8243,800,25694,47,17129,NULL,NULL,NULL
494,93,6,30924.4097,400,49088,2,2700,NULL,NULL,NULL
496,103,6,7336.5498,100,10700,58,5404,NULL,NULL,NULL
497,70,6,23157.5629,400,32330,56,21553,NULL,NULL,NULL
498,69,5,23671.9794,300,31353,50,20902,NULL,NULL,NULL
500,43,2,34594.6336,200,49963,2,1000,NULL,NULL,NULL
501,57,3,34368.1341,200,49656,0,,NULL,NULL,NULL
502,8,1,2123.0769,600,9900,0,,NULL,3747,3747
503,31,2,16311.2778,700,21804,24,14536,NULL,NULL,NULL
504,1,0,NULL,1100,1100,0,,NULL,3463,3463
505,1,0,NULL,300,300,0,,NULL,3332,3332
506,33,2,18433.4086,400,24960,25,16640,NULL,NULL,NULL
507,35,2,6649.1749,600,10000,25,5319,NULL,NULL,NULL
508,14,2,1310.0000,100,8900,3,100,NULL,3975,3975
509,18,1,17066.1807,500,22786,13,15191,NULL,NULL,NULL
510,69,6,24738.0710,600,48833,2,600,NULL,NULL,NULL
511,23,2,18420.9055,300,46970,0,,NULL,NULL,NULL
512,25,2,23588.7626,800,32680,19,21787,NULL,NULL,NULL
513,41,2,15522.9893,400,17793,20,11862,NULL,NULL,NULL
514,35,3,13496.5653,900,18322,27,12215,NULL,NULL,NULL
515,1,0,NULL,200,200,0,,4126,NULL,NULL
516,1,0,NULL,500,500,0,,6747,NULL,NULL
517,66,5,25846.4638,1100,35632,52,23755,NULL,NULL,NULL
518,1,0,NULL,200,200,0,,5836,NULL,NULL
519,1,0,NULL,200,200,0,,6987,NULL,NULL
520,1,0,NULL,1000,1000,0,,NULL,3498,3498
521,96,3,67051.6865,500,49372,0,,NULL,NULL,NULL
522,41,3,12008.9834,400,16224,30,10816,NULL,NULL,NULL
523,68,5,12831.7831,300,17762,53,11841,NULL,NULL,NULL
524,58,5,21116.9021,1000,29116,46,19411,NULL,NULL,NULL
525,45,3,28126.5119,300,49522,0,,NULL,NULL,NULL
526,33,2,17515.3008,400,24194,24,16129,NULL,NULL,NULL
528,1,0,NULL,300,300,0,,4568,NULL,NULL
529,25,1,8049.3671,700,9400,13,5016,NULL,NULL,NULL
530,2,1,181.2500,600,2300,0,,NULL,24802,37203
531,1,0,NULL,1000,1000,0,,NULL,3216,3216
532,65,3,42384.4454,900,49781,0,,NULL,NULL,NULL
533,50,4,8792.6276,300,11716,36,7811,NULL,NULL,NULL
534,22,2,16057.8445,800,20847,15,13898,NULL,NULL,NULL
535,56,5,22404.0614,800,31010,45,20673,NULL,NULL,NULL
536,1,0,NULL,900,900,0,,5012,NULL,NULL
537,1,0,NULL,500,500,0,,6080,NULL,NULL
538,1,0,NULL,800,800,0,,4039,NULL,NULL
539,95,6,28742.7746,200,49504,2,2000,NULL,NULL,NULL
540,143,5,9221.4029,300,49850,63,1200,NULL,NULL,NULL
541,67,5,21584.3673,200,30159,53,20106,NULL,NULL,NULL
542,1,0,NULL,900,900,0,,4125,NULL,NULL
543,17,3,1053.8462,100,9700,2,3000,NULL,3583,3583
544,13,3,1690.4762,400,9800,0,,NULL,22789,34184
545,67,5,12682.8548,500,17169,50,11446,NULL,NULL,NULL
546,1,0,NULL,1100,1100,0,,4410,NULL,NULL
547,1,0,NULL,900,900,0,,NULL,3410,3410
548,1,0,NULL,200,200,0,,6444,NULL,NULL
549,27,2,15589.5442,500,21052,20,14035,NULL,NULL,NULL
550,1,0,NULL,200,200,0,,5880,NULL,NULL
551,88,6,5529.6141,100,44584,68,1600,NULL,NULL,NULL
552,1,0,NULL,900,900,0,,5145,NULL,NULL
553,115,4,6249.6204,200,37298,44,800,NULL,NULL,NULL
554,87,3,6542.7815,300,33568,35,1600,NULL,NULL,NULL
555,68,6,24386.9941,300,34002,55,22668,NULL,NULL,NULL
556,20,1,20802.9791,500,27903,15,18602,NULL,NULL,NULL
557,1,0,NULL,600,600,0,,NULL,3075,3075
558,44,2,10561.7162,100,12504,25,8336,NULL,NULL,NULL
559,1,0,NULL,300,300,0,,5672,NULL,NULL
560,54,3,11202.4481,500,14444,33,9629,NULL,NULL,NULL
561,1,0,NULL,400,400,0,,6082,NULL,NULL
562,170,6,9363.6475,100,49169,140,1900,NULL,NULL,NULL
563,79,5,10402.0988,100,14052,54,9368,NULL,NULL,NULL
564,13,1,21006.7797,1100,28475,10,18983,NULL,NULL,NULL
565,1,0,NULL,700,700,0,,5264,NULL,NULL
566,27,1,52801.8932,700,49883,0,,NULL,NULL,NULL
567,62,2,7453.0778,500,42784,30,600,NULL,NULL,NULL
568,48,4,13494.6080,100,18446,37,12297,NULL,NULL,NULL
569,15,2,1748.0000,100,14600,2,800,NULL,3111,3111
570,29,2,10580.8921,800,14115,20,9410,NULL,NULL,NULL
571,1,0,NULL,200,200,0,,4883,NULL,NULL
572,61,5,21586.4651,700,29703,47,19802,NULL,NULL,NULL
573,19,2,15490.2567,500,46661,2,9700,NULL,NULL,NULL
574,8,5,1101.5873,600,17300,0,,NULL,40486,60729
575,64,5,10175.9145,200,13692,46,9128,NULL,NULL,NULL
576,1,0,NULL,900,900,0,,6207,NULL,NULL
577,59,4,13018.5947,200,17656,42,11771,NULL,NULL,NULL
578,2,0,2800.0000,900,1900,0,,NULL,18987,28480
579,17,1,7840.9392,900,8632,10,5755,NULL,NULL,NULL
580,41,3,9726.4516,300,11895,25,7930,NULL,NULL,NULL
581,1,0,NULL,500,500,0,,4890,NULL,NULL
582,1,0,NULL,1100,1100,0,,4218,NULL,NULL
584,4,0,2283.3333,200,9400,0,,NULL,3454,3454
585,9,1,3236.3636,100,12200,0,,NULL,NULL,NULL
586,65,4,7078.0758,300,49632,45,1200,NULL,NULL,NULL
587,20,2,1743.3333,200,11400,2,3300,NULL,NULL,NULL
588,85,6,8617.4929,100,11451,57,7634,NULL,NULL,NULL
589,22,2,23001.5593,700,30407,16,20271,NULL,NULL,NULL
590,36,3,13421.9291,1100,18132,28,12088,NULL,NULL,NULL
591,1,0,NULL,700,700,0,,4182,NULL,NULL
592,1,0,NULL,300,300,0,,5753,NULL,NULL
593,32,2,15400.1259,800,20817,24,13878,NULL,NULL,NULL
594,1,0,NULL,500,500,0,,NULL,3081,3081
595,41,2,41763.6414,200,49263,0,,NULL,NULL,NULL
596,62,4,20745.9804,700,27200,41,16909,NULL,NULL,NULL
597,62,5,21317.9080,300,29710,50,19807,NULL,NULL,NULL
598,32,2,14117.0526,100,17508,18,11672,NULL,NULL,NULL
599,27,2,13457.3187,600,17750,20,11833,NULL,NULL,NULL
600,25,2,18748.0282,200,25496,17,16997,NULL,NULL,NULL
601,1,0,NULL,300,300,0,,NULL,3345,3345
602,43,3,5615.6035,200,9300,31,4787,NULL,NULL,NULL
603,36,3,14199.6066,300,18423,25,12282,NULL,NULL,NULL
604,64,5,9292.1328,800,12618,50,8412,NULL,NULL,NULL
605,25,2,11732.7071,600,15473,19,10315,NULL,NULL,NULL
606,16,1,27118.7909,600,34536,11,23024,NULL,NULL,NULL
607,1,0,NULL,600,600,0,,NULL,3124,3124
608,1,0,NULL,600,600,0,,4635,NULL,NULL
609,1,0,NULL,700,700,0,,NULL,2956,2956
610,4,4,211.5385,400,9100,0,,NULL,26217,39326
611,1,0,NULL,1000,1000,0,,NULL,3427,3427
612,1,0,NULL,300,300,0,,NULL,2904,2904
613,2,0,8300.0000,600,7700,0,,NULL,12586,18879
614,1,0,NULL,200,200,0,,5767,NULL,NULL
615,1,0,NULL,800,800,0,,NULL,3144,3144
616,1,0,NULL,1100,1100,0,,6846,NULL,NULL
617,3,1,341.1765,200,4200,0,,NULL,26072,39108
618,28,2,27775.7683,700,37344,22,24896,NULL,NULL,NULL
619,58,3,27976.1224,200,48636,0,,NULL,NULL,NULL
620,19,3,1490.6250,300,10900,2,2300,NULL,NULL,NULL
621,32,3,27308.6275,400,36849,25,24566,NULL,NULL,NULL
622,20,1,26521.6111,400,36638,15,24425,NULL,NULL,NULL
623,1,0,NULL,200,200,0,,NULL,3108,3108
624,113,5,44879.2536,700,49862,0,,NULL,NULL,NULL
625,56,3,38638.7153,1000,49777,0,,NULL,NULL,NULL
626,105,5,8561.7581,200,15100,50,5459,NULL,NULL,NULL
627,74,6,24276.5199,600,33524,59,22349,NULL,NULL,NULL
628,86,5,5898.3333,100,7400,50,4543,NULL,NULL,NULL
629,1,0,NULL,500,500,0,,4721,NULL,NULL
630,13,5,520.0000,400,12600,2,600,NULL,3542,3542
631,20,3,1584.3750,200,9700,2,2300,NULL,3592,3592
632,1,0,NULL,400,400,0,,NULL,3200,3200
633,1,0,NULL,700,700,0,,5036,NULL,NULL
635,69,4,35966.4814,200,49634,2,1000,NULL,NULL,NULL
636,1,0,NULL,1000,1000,0,,4584,NULL,NULL
637,7,1,1541.1765,700,9400,0,,NULL,2902,2902
638,44,3,18807.9319,1000,25971,35,17314,NULL,NULL,NULL
639,1,0,NULL,500,500,0,,4373,NULL,NULL
640,1,0,NULL,1100,1100,0,,4337,NULL,NULL
641,20,1,26819.2764,800,36866,15,24577,NULL,NULL,NULL
643,17,1,8843.1618,1100,10652,11,7101,NULL,NULL,NULL
644,1,0,NULL,300,300,0,,NULL,2958,2958
645,38,1,57198.4091,600,49995,0,,NULL,NULL,NULL
646,42,3,10520.0187,100,13954,30,9303,NULL,NULL,NULL
647,22,2,15002.4407,1100,19790,16,13193,NULL,NULL,NULL
648,78,5,21419.0968,600,31900,50,17696,NULL,NULL,NULL
649,78,4,36828.0588,700,49987,0,,NULL,NULL,NULL
650,1,0,NULL,1100,1100,0,,6914,NULL,NULL
651,63,5,21838.4356,1000,30182,50,20121,NULL,NULL,NULL
652,87,6,15667.8189,100,20776,60,13851,NULL,NULL,NULL
653,18,1,16788.1250,500,22758,13,15172,NULL,NULL,NULL
654,1,0,NULL,200,200,0,,6092,NULL,NULL
655,70,6,25533.5718,1000,35438,57,23625,NULL,NULL,NULL
656,32,2,14837.4970,500,20076,23,13384,NULL,NULL,NULL
657,111,5,6947.3911,300,8300,54,4393,NULL,NULL,NULL
658,1,0,NULL,600,600,0,,4655,NULL,NULL
659,11,2,1790.4762,200,12400,0,,NULL,2911,2911
660,43,3,18339.1193,300,24440,29,16293,NULL,NULL,NULL
662,63,4,5815.5778,200,9200,44,5015,NULL,NULL,NULL
664,1,0,NULL,200,200,0,,6559,NULL,NULL
665,57,3,11179.8826,300,13266,33,8844,NULL,NULL,NULL
666,45,3,17108.6400,200,21987,27,14658,NULL,NULL,NULL
669,1,0,NULL,700,700,0,,NULL,2921,2921
671,20,1,6371.7961,300,37522,14,1500,NULL,NULL,NULL
672,13,1,2794.1176,300,15900,0,,NULL,NULL,NULL
673,16,1,18285.3678,900,22437,10,14958,NULL,NULL,NULL
674,1,0,NULL,300,300,0,,4675,NULL,NULL
675,65,3,12711.3344,100,14307,34,9538,NULL,NULL,NULL
676,59,3,6833.1181,100,9700,32,4689,NULL,NULL,NULL
677,17,1,24252.8381,400,32991,12,21994,NULL,NULL,NULL
678,71,5,8386.9565,200,11448,51,7632,NULL,NULL,NULL
679,20,1,18347.6505,800,24792,14,16528,NULL,NULL,NULL
680,20,1,16408.8142,300,21500,14,14333,NULL,NULL,NULL
682,1,0,NULL,800,800,0,,NULL,3021,3021
683,31,2,25216.0481,300,34895,24,23263,NULL,NULL,NULL
684,1,0,NULL,200,200,0,,NULL,2904,2904
685,61,4,30132.2765,200,49210,0,,NULL,NULL,NULL
686,78,6,11724.8939,300,15800,57,10533,NULL,NULL,NULL
687,34,3,14093.7405,200,18947,25,12631,NULL,NULL,NULL
688,24,5,785.4545,300,11900,3,1600,NULL,3764,3764
689,51,3,38304.9483,300,48990,0,,NULL,NULL,NULL
690,33,2,20524.0956,500,28288,24,18859,NULL,NULL,NULL
691,37,3,5751.2366,1100,7520,28,5013,NULL,NULL,NULL
692,29,2,19914.0750,800,26656,22,17771,NULL,NULL,NULL
693,59,4,19141.9537,200,26434,45,17623,NULL,NULL,NULL
694,1,0,NULL,500,500,0,,6318,NULL,NULL
695,34,3,25389.4572,600,34683,26,23122,NULL,NULL,NULL
696,1,0,NULL,700,700,0,,6904,NULL,NULL
697,73,6,23854.0104,200,33101,58,22067,NULL,NULL,NULL
698,31,2,17201.0683,800,22854,22,15236,NULL,NULL,NULL
699,106,5,38869.3114,100,49915,0,,NULL,NULL,NULL
700,82,5,6004.3478,200,9700,45,4144,NULL,NULL,NULL
701,126,6,6595.1709,200,46345,67,300,NULL,NULL,NULL
702,1,0,NULL,800,800,0,,4220,NULL,NULL
703,7,1,2660.0000,300,9800,2,4900,NULL,3459,3459
704,74,6,18891.4602,1000,26216,60,17477,NULL,NULL,NULL
705,24,1,7698.8588,200,9363,14,6242,NULL,NULL,NULL
706,33,3,20169.9367,1000,27273,26,18182,NULL,NULL,NULL
708,15,2,1372.4138,300,10300,2,800,NULL,NULL,NULL
709,66,4,27438.0113,100,49690,2,6100,NULL,NULL,NULL
710,1,0,NULL,200,200,0,,4800,NULL,NULL
711,65,4,12005.4478,300,15846,45,10564,NULL,NULL,NULL
712,40,2,46637.4129,1100,49324,0,,NULL,NULL,NULL
713,1,0,NULL,500,500,0,,5670,NULL,NULL
714,1,0,NULL,600,600,0,,5674,NULL,NULL
715,30,2,17404.4066,500,24172,23,16115,NULL,NULL,NULL
716,52,4,21252.8099,1000,29478,42,19652,NULL,NULL,NULL
717,71,6,21997.2233,400,30561,56,20374,NULL,NULL,NULL
718,59,3,41308.8552,500,49588,0,,NULL,NULL,NULL
719,39,5,1485.2459,100,11400,4,1200,NULL,2987,2987
720,53,3,6966.1452,100,10300,34,5875,NULL,NULL,NULL
721,1,0,NULL,500,500,0,,NULL,3292,3292
722,22,2,25240.6872,500,47545,0,,NULL,NULL,NULL
725,15,2,1175.8621,100,10500,2,3800,NULL,3919,3919
726,76,5,6494.8048,100,8319,49,5546,NULL,NULL,NULL
727,9,1,3090.9091,400,12300,0,,NULL,NULL,NULL
728,44,3,9118.0505,300,12110,30,8073,NULL,NULL,NULL
729,1,0,NULL,900,900,0,,NULL,3080,3080
730,115,5,44709.1420,800,49669,2,11700,NULL,NULL,NULL
731,1,0,NULL,600,600,0,,4059,NULL,NULL
732,32,3,18916.5755,600,25400,25,16933,NULL,NULL,NULL
733,75,4,46111.6141,700,49440,0,,NULL,NULL,NULL
734,1,0,NULL,300,300,0,,NULL,3410,3410
735,1,0,NULL,500,500,0,,6048,NULL,NULL
736,1,0,NULL,500,500,0,,4031,NULL,NULL
737,1,0,NULL,700,700,0,,4497,NULL,NULL
738,68,5,25174.1846,300,35020,55,23347,NULL,NULL,NULL
739,35,3,25545.9600,400,35418,27,23612,NULL,NULL,NULL
740,29,5,1200.0000,100,13800,2,2300,NULL,NULL,NULL
741,109,4,9499.3255,500,48926,53,1300,NULL,NULL,NULL
742,1,0,NULL,400,400,0,,4263,NULL,NULL
743,1,0,NULL,500,500,0,,4440,NULL,NULL
744,1,0,NULL,400,400,0,,5740,NULL,NULL
745,1,0,NULL,1100,1100,0,,4738,NULL,NULL
746,1,0,NULL,500,500,0,,5178,NULL,NULL
747,102,5,5685.2308,300,10400,54,4009,NULL,NULL,NULL
748,105,6,12651.5280,100,18900,56,9738,NULL,NULL,NULL
749,28,2,10639.3780,600,12382,17,8255,NULL,NULL,NULL
750,70,5,18207.2613,400,25236,52,16824,NULL,NULL,NULL
751,1,0,NULL,900,900,0,,4350,NULL,NULL
752,25,2,12749.0058,700,17258,19,11505,NULL,NULL,NULL
753,1,0,NULL,1100,1100,0,,6661,NULL,NULL
754,1,0,NULL,800,800,0,,6248,NULL,NULL
755,17,1,27983.1818,900,37020,12,24680,NULL,NULL,NULL
756,39,4,2014.8936,200,9800,3,3500,NULL,NULL,NULL
757,75,5,8574.1218,100,11622,54,7748,NULL,NULL,NULL
758,8,1,3163.6364,800,12600,2,800,NULL,NULL,NULL
759,44,5,1987.6923,300,10700,3,2400,NULL,2928,2928
760,21,2,12290.8556,300,16046,15,10697,NULL,NULL,NULL
761,36,5,1760.7143,100,12800,2,4700,NULL,NULL,NULL
762,1,0,NULL,900,900,0,,5984,NULL,NULL
763,65,4,13127.7056,500,16689,38,11126,NULL,NULL,NULL
764,1,0,NULL,1100,1100,0,,6238,NULL,NULL
765,41,2,6123.4250,100,41078,24,600,NULL,NULL,NULL
766,38,3,22297.5544,100,30092,26,20061,NULL,NULL,NULL
767,47,4,20475.8222,200,28182,37,18788,NULL,NULL,NULL
768,30,1,6810.5133,200,6600,15,4221,NULL,NULL,NULL
770,33,2,10719.7037,100,14086,22,9391,NULL,NULL,NULL
771,37,3,21803.8513,700,30024,29,20016,NULL,NULL,NULL
772,72,6,25766.8230,500,36014,59,24009,NULL,NULL,NULL
773,79,5,14432.9491,600,19341,55,12894,NULL,NULL,NULL
774,166,6,7715.6925,100,49556,134,1200,NULL,NULL,NULL
775,51,4,21839.7522,300,30429,40,20286,NULL,NULL,NULL
776,32,3,21224.4872,700,29184,25,19456,NULL,NULL,NULL
777,25,1,56369.1453,300,49952,0,,NULL,NULL,NULL
778,18,2,2207.6923,100,14100,0,,NULL,NULL,NULL
779,30,2,17202.4408,300,23526,23,15684,NULL,NULL,NULL
780,34,3,22252.4532,600,30328,26,20219,NULL,NULL,NULL
781,1,0,NULL,700,700,0,,NULL,3081,3081
782,16,1,28259.9263,500,36890,11,24593,NULL,NULL,NULL
783,1,0,NULL,1000,1000,0,,4864,NULL,NULL
784,59,5,24870.0706,200,34596,46,23064,NULL,NULL,NULL
785,6,1,784.6154,300,4900,2,1600,NULL,26015,39022
786,42,3,18843.5004,900,26201,33,17467,NULL,NULL,NULL
787,73,5,7691.2095,400,10164,50,6776,NULL,NULL,NULL
788,1,0,NULL,900,900,0,,5473,NULL,NULL
789,53,4,6490.9324,200,8538,39,5692,NULL,NULL,NULL
790,91,6,27546.7996,300,49798,0,,NULL,NULL,NULL
791,1,0,NULL,700,700,0,,4854,NULL,NULL
792,6,1,2500.0000,200,9600,0,,NULL,3599,3599
793,1,0,NULL,800,800,0,,NULL,3401,3401
794,1,0,NULL,900,900,0,,NULL,3022,3022
795,79,4,7564.0822,800,14300,39,4464,NULL,NULL,NULL
796,18,2,8868.5000,300,49166,2,700,NULL,NULL,NULL
797,1,0,NULL,900,900,0,,NULL,34263,51394
798,20,2,1786.6667,100,10800,2,1600,NULL,3273,3273
799,16,3,1290.3226,200,11400,2,1200,NULL,NULL,NULL
800,8,1,2916.6667,600,13200,0,,NULL,3753,3753
801,22,1,7330.4142,100,9096,14,6064,NULL,NULL,NULL
802,1,0,NULL,300,300,0,,5376,NULL,NULL
803,56,3,32200.6805,500,49286,2,1700,NULL,NULL,NULL
804,44,3,9824.4337,500,12008,28,8005,NULL,NULL,NULL
805,7,2,1620.0000,100,12400,0,,NULL,14244,21366
806,1,0,NULL,300,300,0,,NULL,3447,3447
807,23,3,3204.8780,800,10800,3,5800,NULL,20229,30344
808,44,3,16572.1131,200,23130,35,15420,NULL,NULL,NULL
809,37,3,21179.7788,900,29427,30,19618,NULL,NULL,NULL
810,1,0,NULL,200,200,0,,4798,NULL,NULL
811,2,0,66.6667,100,300,0,,NULL,31030,46545
812,31,2,21778.6691,1000,29324,23,19549,NULL,NULL,NULL
813,13,5,498.4615,500,6300,2,1800,NULL,12154,18231
814,1,0,NULL,300,300,0,,6760,NULL,NULL
815,1,0,NULL,300,300,0,,NULL,2924,2924
816,118,5,43073.1288,200,48708,2,500,NULL,NULL,NULL
817,58,5,23092.0952,200,32082,47,21388,NULL,NULL,NULL
819,47,4,20938.4199,600,28862,36,19241,NULL,NULL,NULL
820,50,3,13989.8322,100,17060,31,11373,NULL,NULL,NULL
821,11,3,848.4848,300,10400,2,900,NULL,3901,3901
822,1,0,NULL,500,500,0,,6911,NULL,NULL
823,1,0,NULL,1100,1100,0,,NULL,3284,3284
824,46,3,9996.7839,100,12165,27,8110,NULL,NULL,NULL
825,48,3,18437.5174,100,23817,28,15878,NULL,NULL,NULL
826,32,2,9940.1387,700,12567,22,8378,NULL,NULL,NULL
827,1,0,NULL,1000,1000,0,,NULL,3391,3391
828,27,2,15029.1045,200,19917,19,13278,NULL,NULL,NULL
829,1,0,NULL,800,800,0,,NULL,3181,3181
830,72,6,17834.4857,200,24935,58,16623,NULL,NULL,NULL
831,1,0,NULL,1000,1000,0,,NULL,3437,3437
832,1,0,NULL,500,500,0,,NULL,3203,3203
833,1,0,NULL,900,900,0,,5614,NULL,NULL
834,4,1,1542.8571,900,7000,0,,NULL,3948,3948
836,33,2,8358.9070,200,10782,24,7188,NULL,NULL,NULL
837,66,5,23188.8189,400,32010,52,21340,NULL,NULL,NULL
838,29,5,1079.6610,500,10400,3,1400,NULL,NULL,NULL
839,49,4,26484.2194,500,36828,39,24552,NULL,NULL,NULL
840,35,3,26932.6713,500,36630,28,24420,NULL,NULL,NULL
841,1,0,NULL,800,800,0,,5772,NULL,NULL
842,1,0,NULL,700,700,0,,4918,NULL,NULL
843,7,1,2000.0000,100,9800,2,100,NULL,2970,2970
844,1,0,NULL,700,700,0,,NULL,46773,70160
845,13,1,27784.8000,300,37368,10,24912,NULL,NULL,NULL
846,64,3,43376.6438,300,48902,0,,NULL,NULL,NULL
847,57,2,8162.2945,500,41682,29,1400,NULL,NULL,NULL
848,42,2,10803.6304,100,13710,25,9140,NULL,NULL,NULL
849,34,3,14432.1111,600,48778,2,6500,NULL,NULL,NULL
850,1,0,NULL,300,300,0,,NULL,28838,43257
851,73,4,34981.3958,200,47939,4,2100,NULL,NULL,NULL
852,1,0,NULL,1100,1100,0,,NULL,3123,3123
853,37,3,18147.1212,100,24686,27,16457,NULL,NULL,NULL
854,66,5,11390.9874,700,15608,52,10405,NULL,NULL,NULL
855,72,5,15955.5970,600,20649,47,13766,NULL,NULL,NULL
856,36,3,14269.4466,900,19210,28,12807,NULL,NULL,NULL
857,1,0,NULL,1100,1100,0,,4529,NULL,NULL
858,30,2,25122.5829,900,34850,24,23233,NULL,NULL,NULL
859,18,1,12891.7197,200,16680,13,11120,NULL,NULL,NULL
860,75,6,14369.3553,200,19778,57,13185,NULL,NULL,NULL
861,66,5,19627.8050,1000,27040,53,18027,NULL,NULL,NULL
862,2,1,350.0000,200,4000,0,,NULL,44333,66500
863,127,6,43493.4885,100,49748,2,3300,NULL,NULL,NULL
864,27,1,7424.7379,300,9000,14,5549,NULL,NULL,NULL
865,1,0,NULL,900,900,0,,NULL,3441,3441
866,80,6,13991.1893,200,18966,60,12644,NULL,NULL,NULL
867,16,1,29101.9747,600,48072,0,,NULL,NULL,NULL
868,21,2,11049.7153,200,14307,15,9538,NULL,NULL,NULL
869,10,1,1984.6154,500,10900,0,,NULL,NULL,NULL
870,57,4,8040.5337,100,10266,37,6844,NULL,NULL,NULL
871,29,2,27545.8193,300,37466,23,24977,NULL,NULL,NULL
872,39,2,7393.9394,100,12900,19,4144,NULL,NULL,NULL
873,33,2,9209.7987,100,10416,16,6944,NULL,NULL,NULL
874,10,3,919.3548,100,5700,2,3600,NULL,16423,24634
875,1,0,NULL,300,300,0,,6607,NULL,NULL
876,1,0,NULL,1100,1100,0,,6187,NULL,NULL
877,53,3,7743.4239,400,9800,25,5443,NULL,NULL,NULL
878,5,2,534.7826,400,5100,0,,NULL,23416,35124
879,1,0,NULL,500,500,0,,NULL,3141,3141
880,5,1,1756.2500,700,11400,0,,NULL,16901,25352
882,76,6,12749.9002,300,17381,58,11587,NULL,NULL,NULL
883,65,5,17779.7364,800,24633,50,16422,NULL,NULL,NULL
884,1,0,NULL,500,500,0,,NULL,3389,3389
885,68,5,22713.4656,300,31557,55,21038,NULL,NULL,NULL
886,72,5,20202.4900,100,27704,55,18469,NULL,NULL,NULL
887,1,0,NULL,600,600,0,,4514,NULL,NULL
888,1,0,NULL,800,800,0,,6107,NULL,NULL
889,1,0,NULL,300,300,0,,4976,NULL,NULL
890,83,6,8074.0225,200,10700,59,7041,NULL,NULL,NULL
891,1,0,NULL,1000,1000,0,,5997,NULL,NULL
892,1,0,NULL,900,900,0,,6177,NULL,NULL
893,46,4,23917.8758,900,33195,36,22130,NULL,NULL,NULL
894,1,0,NULL,800,800,0,,6676,NULL,NULL
895,1,0,NULL,600,600,0,,NULL,2966,2966
896,44,3,10680.8229,600,14703,35,9802,NULL,NULL,NULL
897,117,6,35149.4709,600,49935,2,31241,NULL,NULL,NULL
898,35,3,19684.4636,200,26891,27,17927,NULL,NULL,NULL
899,4,2,405.2632,700,4600,0,,NULL,16266,24399
900,68,5,9976.8228,200,13388,46,8925,NULL,NULL,NULL
901,1,0,NULL,900,900,0,,4618,NULL,NULL
902,80,5,8991.8580,200,11596,55,7731,NULL,NULL,NULL
903,13,3,728.5714,100,7500,3,1100,NULL,3871,3871
904,59,5,20048.3806,300,27938,47,18625,NULL,NULL,NULL
905,26,2,10226.5385,1000,13896,20,9264,NULL,NULL,NULL
906,1,0,NULL,800,800,0,,NULL,3361,3361
907,24,5,857.1429,200,11700,3,2100,NULL,3178,3178
908,76,5,5438.0947,500,49016,57,600,NULL,NULL,NULL
909,1,0,NULL,900,900,0,,NULL,2925,2925
910,1,0,NULL,1100,1100,0,,5108,NULL,NULL
911,37,2,22153.8214,600,49983,0,,NULL,NULL,NULL
912,1,0,NULL,400,400,0,,NULL,3499,3499
913,43,3,15896.2979,300,20214,25,13476,NULL,NULL,NULL
914,1,0,NULL,800,800,0,,NULL,3448,3448
915,7,4,617.0213,400,11800,0,,NULL,38694,58041
916,30,2,17129.1135,600,23486,23,15657,NULL,NULL,NULL
917,57,3,9416.3181,200,10640,32,7093,NULL,NULL,NULL
918,31,2,16257.7895,400,47352,2,12500,NULL,NULL,NULL
919,27,2,12434.9767,100,16047,18,10698,NULL,NULL,NULL
920,1,0,NULL,800,800,0,,5318,NULL,NULL
921,1,0,NULL,500,500,0,,6622,NULL,NULL
922,78,4,7507.5623,100,12100,36,4208,NULL,NULL,NULL
923,1,0,NULL,1100,1100,0,,5678,NULL,NULL
924,5,1,1690.0000,400,10100,0,,NULL,3319,3319
925,72,6,20009.9291,500,27750,58,18500,NULL,NULL,NULL
926,1,0,NULL,1100,1100,0,,4714,NULL,NULL
927,22,2,13186.5789,400,17901,16,11934,NULL,NULL,NULL
928,111,6,9624.6904,200,16700,56,6842,NULL,NULL,NULL
929,80,5,10009.9647,100,13240,55,8827,NULL,NULL,NULL
930,85,5,16156.8012,100,21052,54,14035,NULL,NULL,NULL
931,88,5,6309.3531,100,8000,51,5211,NULL,NULL,NULL
932,1,0,NULL,900,900,0,,4756,NULL,NULL
933,1,0,NULL,800,800,0,,6583,NULL,NULL
934,1,0,NULL,300,300,0,,6025,NULL,NULL
935,1,0,NULL,500,500,0,,NULL,3177,3177
936,1,0,NULL,700,700,0,,4507,NULL,NULL
937,1,0,NULL,900,900,0,,4435,NULL,NULL
938,19,1,6928.7671,200,12600,10,4923,NULL,NULL,NULL
939,1,0,NULL,1100,1100,0,,NULL,3163,3163
940,8,4,691.3043,300,10900,0,,NULL,37837,56756
941,66,5,6853.1818,200,9800,45,5807,NULL,NULL,NULL
942,167,5,6486.4462,200,45515,68,600,NULL,NULL,NULL
943,1,0,NULL,800,800,0,,NULL,3217,3217
944,74,6,18460.4379,400,25390,58,16927,NULL,NULL,NULL
945,18,2,10627.4286,600,39594,2,5000,NULL,NULL,NULL
946,38,3,19217.4393,1100,26212,30,17475,NULL,NULL,NULL
947,104,6,6424.7221,500,19100,55,4034,NULL,NULL,NULL
949,8,2,1288.0000,700,8200,0,,NULL,13201,19802
950,78,5,23225.8260,200,29386,53,19591,NULL,NULL,NULL
951,1,0,NULL,1100,1100,0,,4479,NULL,NULL
952,19,1,13109.8469,400,16924,10,11283,NULL,NULL,NULL
953,22,3,1128.2051,100,8300,2,1800,NULL,2930,2930
954,53,3,7299.3820,200,9800,30,5322,NULL,NULL,NULL
955,35,2,15659.9321,400,20792,24,13861,NULL,NULL,NULL
956,105,5,7499.5095,100,39049,62,1100,NULL,NULL,NULL
957,20,3,1134.2857,100,10400,3,600,NULL,3189,3189
958,1,0,NULL,200,200,0,,6491,NULL,NULL
959,1,0,NULL,1000,1000,0,,4703,NULL,NULL
960,5,4,847.9167,200,23600,0,,NULL,40011,60016
961,16,1,15439.5400,300,20182,11,13455,NULL,NULL,NULL
962,8,2,1705.0000,200,10200,0,,NULL,10874,16311
963,30,2,20161.1647,500,27759,23,18506,NULL,NULL,NULL
964,89,4,6000.7597,400,39873,55,500,NULL,NULL,NULL
965,92,5,5618.7468,100,10600,53,4280,NULL,NULL,NULL
966,1,0,NULL,1100,1100,0,,NULL,3194,3194
967,28,2,19650.3472,300,48666,0,,NULL,NULL,NULL
968,48,3,12181.6815,200,16341,30,10894,NULL,NULL,NULL
969,157,5,7826.2438,100,34633,61,1300,NULL,NULL,NULL
970,20,1,19431.3780,400,26022,14,17348,NULL,NULL,NULL
971,39,2,11034.9658,300,13949,24,9299,NULL,NULL,NULL
972,1,0,NULL,600,600,0,,NULL,3058,3058
973,1,0,NULL,600,600,0,,5760,NULL,NULL
974,59,5,26701.4375,500,37137,48,24758,NULL,NULL,NULL
975,1,0,NULL,800,800,0,,5325,NULL,NULL
976,38,3,22973.1322,200,31424,29,20949,NULL,NULL,NULL
977,85,6,16175.7664,400,21062,56,14041,NULL,NULL,NULL
978,1,0,NULL,1100,1100,0,,6556,NULL,NULL
979,72,6,19306.2388,1000,26871,58,17914,NULL,NULL,NULL
980,31,2,12842.6337,300,16464,20,10976,NULL,NULL,NULL
981,47,4,25108.5841,600,34638,37,23092,NULL,NULL,NULL
982,108,6,6404.9296,100,11400,59,4550,NULL,NULL,NULL
984,34,2,12629.1525,200,16692,25,11128,NULL,NULL,NULL
985,1,0,NULL,900,900,0,,NULL,3341,3341
986,1,0,NULL,600,600,0,,6057,NULL,NULL
987,33,2,13813.2014,1100,17661,23,11774,NULL,NULL,NULL
988,1,0,NULL,400,400,0,,6832,NULL,NULL
989,1,0,NULL,1000,1000,0,,5114,NULL,NULL
990,41,3,21004.1415,200,28608,32,19072,NULL,NULL,NULL
991,73,6,22920.6361,300,31010,55,20673,NULL,NULL,NULL
992,45,3,11922.8424,100,15946,32,10631,NULL,NULL,NULL
993,26,2,25170.1180,600,48900,0,,NULL,NULL,NULL
994,87,3,9412.1500,400,48266,40,500,NULL,NULL,NULL
995,1,0,NULL,1000,1000,0,,NULL,3445,3445
996,1,0,NULL,1100,1100,0,,6404,NULL,NULL
997,9,1,1411.1111,200,11100,0,,NULL,3705,3705
998,63,5,26851.9397,200,36912,51,24608,NULL,NULL,NULL
1000,4,5,95.4545,200,2900,0,,NULL,31348,47022
1002,32,2,5214.9265,500,8600,22,4283,NULL,NULL,NULL
1003,28,2,23437.8589,200,31532,22,21021,NULL,NULL,NULL
1004,57,2,51936.5304,200,49834,0,,NULL,NULL,NULL
1005,9,6,1211.5942,300,15300,2,11100,NULL,34483,51724
1006,38,6,1088.7324,100,11300,3,1900,NULL,3737,3737
1007,76,2,11438.0066,800,46981,31,1300,NULL,NULL,NULL
1008,1,0,NULL,700,700,0,,5902,NULL,NULL
1009,1,0,NULL,400,400,0,,NULL,44289,66434
1010,65,4,40989.5351,800,49956,0,,NULL,NULL,NULL
1011,10,4,902.1277,400,11200,0,,NULL,20403,30604
1012,17,4,2686.0465,200,13700,0,,NULL,24545,36818
1013,1,0,NULL,300,300,0,,NULL,3122,3122
1014,46,3,6143.1900,200,47875,33,1400,NULL,NULL,NULL
1015,23,1,7395.7196,700,11800,15,5888,NULL,NULL,NULL
1016,66,5,22995.5521,600,31846,52,21231,NULL,NULL,NULL
1017,54,4,22715.8824,800,31737,43,21158,NULL,NULL,NULL
1018,18,6,567.1642,400,10600,3,1400,NULL,3963,3963
1019,77,6,21535.5028,1100,29619,59,19746,NULL,NULL,NULL
1020,6,1,1508.3333,500,7000,0,,NULL,2984,2984
1021,1,0,NULL,1000,1000,0,,NULL,3389,3389
1022,87,4,32165.4903,400,46091,2,16000,NULL,NULL,NULL
1023,66,5,19702.9021,1100,27417,53,18278,NULL,NULL,NULL
1024,1,0,NULL,600,600,0,,NULL,3112,3112
1026,18,1,20176.5721,1000,25760,13,17173,NULL,NULL,NULL
1027,2,0,10100.0000,800,9300,0,,NULL,3868,3868
1028,18,2,1296.4286,200,12200,3,600,NULL,NULL,NULL
1029,68,2,58332.9560,600,49646,2,40515,NULL,NULL,NULL
1030,1,0,NULL,1100,1100,0,,6364,NULL,NULL
1031,48,3,18873.7618,300,25808,35,17205,NULL,NULL,NULL
1032,5,5,227.5862,400,3800,2,3800,NULL,49765,74648
1033,8,1,5074.3769,1100,17286,0,,NULL,NULL,NULL
1034,29,2,8400.4376,200,10700,17,6329,NULL,NULL,NULL
1035,22,2,21163.0872,700,28530,16,19020,NULL,NULL,NULL
1036,36,3,26203.6027,600,36248,29,24165,NULL,NULL,NULL
1037,24,2,19974.4207,500,27080,18,18053,NULL,NULL,NULL
1038,1,0,NULL,400,400,0,,NULL,3221,3221
1039,118,6,44213.3480,400,49191,2,2600,NULL,NULL,NULL
1040,45,3,34586.0064,1000,48210,0,,NULL,NULL,NULL
1042,60,5,13179.9825,900,18068,47,12045,NULL,NULL,NULL
1043,18,1,26295.3704,1000,36273,13,24182,NULL,NULL,NULL
1044,39,3,16593.9037,500,22886,30,15257,NULL,NULL,NULL
1045,1,0,NULL,800,800,0,,6333,NULL,NULL
1046,59,4,12986.8267,100,16655,36,11103,NULL,NULL,NULL
1047,65,5,7536.3830,200,9764,45,6509,NULL,NULL,NULL
1048,1,0,NULL,1100,1100,0,,5993,NULL,NULL
1049,7,1,1541.6667,200,8600,0,,NULL,3749,3749
1050,6,4,307.4074,300,5700,0,,NULL,25317,37976
1051,65,5,14063.9362,800,19332,51,12888,NULL,NULL,NULL
1052,87,5,7340.8565,100,48867,63,1400,NULL,NULL,NULL
1053,66,5,11034.3863,200,14678,45,9785,NULL,NULL,NULL
1054,80,6,10680.9614,400,14475,58,9650,NULL,NULL,NULL
1055,1,0,NULL,600,600,0,,NULL,3071,3071
1056,14,1,28481.6102,1100,47609,0,,NULL,NULL,NULL
1057,1,0,NULL,1000,1000,0,,4636,NULL,NULL
1058,31,2,25990.1316,1000,36420,25,24280,NULL,NULL,NULL
1059,1,0,NULL,1100,1100,0,,NULL,3220,3220
1060,12,2,6019.3128,500,43635,2,800,NULL,NULL,NULL
1061,17,1,7063.5646,1000,8528,11,5685,NULL,NULL,NULL
1062,66,5,24846.6261,1000,34764,54,23176,NULL,NULL,NULL
1063,33,2,9082.1691,200,11895,22,7930,NULL,NULL,NULL
1064,1,0,NULL,500,500,0,,5948,NULL,NULL
1065,101,6,6059.8565,300,38937,69,1300,NULL,NULL,NULL
1066,51,2,49737.5273,900,49311,0,,NULL,NULL,NULL
1067,55,2,52156.6707,1000,49618,0,,NULL,NULL,NULL
1068,27,2,20245.9545,1000,46619,2,17100,NULL,NULL,NULL
1069,1,0,NULL,700,700,0,,4621,NULL,NULL
1070,34,3,18018.6875,200,24626,26,16417,NULL,NULL,NULL
1071,85,5,28230.1502,600,49712,2,2400,NULL,NULL,NULL
1072,16,1,14978.8920,300,20348,10,13565,NULL,NULL,NULL
1073,98,5,9534.8571,300,23800,48,5765,NULL,NULL,NULL
1074,32,3,23890.6801,1000,33016,25,22011,NULL,NULL,NULL
1075,69,3,8418.1592,100,11100,34,6114,NULL,NULL,NULL
1076,65,4,13795.4291,200,17966,41,11977,NULL,NULL,NULL
1077,116,6,7724.9577,600,45544,70,1500,NULL,NULL,NULL
1078,1,0,NULL,800,800,0,,6722,NULL,NULL
1079,11,4,705.5556,300,10100,0,,NULL,27016,40524
1080,63,5,26340.5301,700,36614,50,24409,NULL,NULL,NULL
1081,1,0,NULL,800,800,0,,4512,NULL,NULL
1082,1,0,NULL,300,300,0,,5190,NULL,NULL
1083,34,2,14056.3265,100,17388,20,11592,NULL,NULL,NULL
1085,19,1,15605.8553,100,20084,13,13389,NULL,NULL,NULL
1086,1,0,NULL,700,700,0,,NULL,2904,2904
1087,32,2,19719.7870,900,26812,25,17875,NULL,NULL,NULL
1088,1,0,NULL,500,500,0,,5600,NULL,NULL
1089,40,3,14460.0000,500,19872,31,13248,NULL,NULL,NULL
1090,37,2,8220.6547,1000,9477,21,6318,NULL,NULL,NULL
1091,46,5,1773.4375,100,11500,3,3200,NULL,NULL,NULL
1092,45,3,13000.1174,200,17980,35,11987,NULL,NULL,NULL
1093,1,0,NULL,1000,1000,0,,NULL,48137,72206
1094,1,0,NULL,1000,1000,0,,6023,NULL,NULL
1095,20,1,23076.1682,200,31610,15,21073,NULL,NULL,NULL
1096,1,0,NULL,400,400,0,,6435,NULL,NULL
1097,37,2,21602.4862,300,28545,25,19030,NULL,NULL,NULL
1098,1,0,NULL,600,600,0,,5784,NULL,NULL
1100,1,0,NULL,700,700,0,,NULL,3239,3239
1101,17,1,23862.0536,200,32340,12,21560,NULL,NULL,NULL
1102,45,3,8534.7082,200,10782,28,7188,NULL,NULL,NULL
1103,44,3,22986.7014,600,31444,35,20963,NULL,NULL,NULL
1104,40,3,17410.9141,800,24128,30,16085,NULL,NULL,NULL
1105,56,4,9677.4647,100,13173,43,8782,NULL,NULL,NULL
1106,85,5,27567.0000,800,49123,2,12000,NULL,NULL,NULL
1107,1,0,NULL,800,800,0,,6390,NULL,NULL
1108,1,0,NULL,1000,1000,0,,4730,NULL,NULL
1109,52,4,19509.9535,600,26882,41,17921,NULL,NULL,NULL
1110,22,1,16406.4912,300,22269,14,14846,NULL,NULL,NULL
1111,35,3,22341.1079,400,31050,28,20700,NULL,NULL,NULL
1112,50,4,20588.4094,400,28228,39,18819,NULL,NULL,NULL
1113,45,2,11334.3354,200,12704,22,8469,NULL,NULL,NULL
1114,68,5,25027.4879,300,49695,0,,NULL,NULL,NULL
1115,1,0,NULL,300,300,0,,NULL,3440,3440
1116,82,5,13717.1153,100,18194,54,12129,NULL,NULL,NULL
1117,1,0,NULL,400,400,0,,5370,NULL,NULL
1118,74,5,8504.5459,100,11307,55,7538,NULL,NULL,NULL
1120,1,0,NULL,900,900,0,,5428,NULL,NULL
1121,34,3,19574.1433,800,26817,26,17878,NULL,NULL,NULL
1122,42,3,10521.1212,500,14376,33,9584,NULL,NULL,NULL
1123,65,5,17725.6294,400,24345,51,16230,NULL,NULL,NULL
1124,66,3,53440.1917,900,49480,0,,NULL,NULL,NULL
1125,31,1,55312.6515,900,48858,2,900,NULL,NULL,NULL
1126,108,6,6460.2714,200,14000,57,4187,NULL,NULL,NULL
1127,73,6,25240.5519,600,34995,59,23330,NULL,NULL,NULL
1128,1,0,NULL,400,400,0,,6189,NULL,NULL
1129,47,4,26779.1147,600,36884,38,24589,NULL,NULL,NULL
1130,1,0,NULL,200,200,0,,6588,NULL,NULL
1132,3,5,84.1270,1000,2200,0,,NULL,48098,72147
1133,1,0,NULL,900,900,0,,4498,NULL,NULL
1134,80,6,13220.8843,400,17955,58,11970,NULL,NULL,NULL
1135,1,0,NULL,500,500,0,,5106,NULL,NULL
1136,1,0,NULL,900,900,0,,NULL,30818,46227
1137,1,0,NULL,900,900,0,,NULL,3182,3182
1138,10,2,2635.1916,100,17430,2,100,NULL,NULL,NULL
1139,61,3,42070.0562,100,49209,0,,NULL,NULL,NULL
1140,23,1,6834.5522,400,8000,11,4186,NULL,NULL,NULL
1141,10,1,1133.3333,300,9000,0,,NULL,3275,3275
1142,17,3,1211.4286,500,7800,2,2200,NULL,3116,3116
1144,1,0,NULL,200,200,0,,NULL,3375,3375
1145,1,0,NULL,900,900,0,,NULL,2921,2921
1146,70,5,24033.8750,1000,32588,52,21725,NULL,NULL,NULL
1147,71,6,24413.6170,400,34004,56,22669,NULL,NULL,NULL
1149,23,3,4776.6486,100,34166,2,3000,NULL,NULL,NULL
1150,25,1,5841.2903,400,36759,15,1900,NULL,NULL,NULL
1151,44,3,25867.1158,300,36022,35,24015,NULL,NULL,NULL
1152,1,0,NULL,800,800,0,,NULL,3279,3279
1153,64,5,13043.2910,200,18018,50,12012,NULL,NULL,NULL
1154,37,1,56958.8430,400,48943,0,,NULL,NULL,NULL
1155,1,0,NULL,1100,1100,0,,5959,NULL,NULL
1156,14,1,23615.7377,300,29774,10,19849,NULL,NULL,NULL
1157,76,6,6357.3487,700,11200,57,5588,NULL,NULL,NULL
1158,1,0,NULL,200,200,0,,6340,NULL,NULL
1159,72,5,12390.7317,200,16311,48,10874,NULL,NULL,NULL
1160,6,2,700.0000,100,7500,0,,NULL,28420,42630
1161,1,0,NULL,600,600,0,,5921,NULL,NULL
1164,145,5,7328.6048,300,43543,61,300,NULL,NULL,NULL
1165,23,2,14784.9604,900,20138,17,13425,NULL,NULL,NULL
1166,5,4,204.3478,200,4600,0,,NULL,18631,27946
1168,53,4,10841.2927,100,14594,41,9729,NULL,NULL,NULL
1169,96,5,35491.6534,1000,49116,2,10400,NULL,NULL,NULL
1170,14,3,1945.1613,200,18900,2,1100,NULL,22793,34190
1171,15,1,18752.2689,800,24756,10,16504,NULL,NULL,NULL
1172,5,1,7866.1190,300,49863,0,,NULL,NULL,NULL
1173,1,0,NULL,400,400,0,,NULL,3453,3453
1174,47,4,23628.2111,100,32856,37,21904,NULL,NULL,NULL
1176,1,0,NULL,1100,1100,0,,4556,NULL,NULL
1177,14,1,22605.5462,600,30843,10,20562,NULL,NULL,NULL
1178,22,2,23207.5510,900,30816,16,20544,NULL,NULL,NULL
1179,1,0,NULL,700,700,0,,4212,NULL,NULL
1180,71,6,16556.8312,500,22809,55,15206,NULL,NULL,NULL
1181,23,1,8262.0127,200,12700,13,5805,NULL,NULL,NULL
1182,4,2,528.5714,700,4300,2,4300,NULL,16627,24940
1183,62,4,5853.8732,100,10900,35,4392,NULL,NULL,NULL
1184,1,0,NULL,700,700,0,,NULL,37791,56686
1185,1,0,NULL,700,700,0,,4246,NULL,NULL
1186,33,1,9676.7213,600,30463,25,1400,NULL,NULL,NULL
1187,1,0,NULL,1000,1000,0,,6220,NULL,NULL
1188,42,2,8516.9620,200,11200,24,6632,NULL,NULL,NULL
1189,1,0,NULL,600,600,0,,NULL,3433,3433
1190,34,2,14253.9560,500,18561,22,12374,NULL,NULL,NULL
1192,34,3,13025.6663,200,17416,26,11611,NULL,NULL,NULL
1193,64,5,15906.3474,200,21611,50,14407,NULL,NULL,NULL
1194,59,5,23849.3302,500,33198,46,22132,NULL,NULL,NULL
1195,1,0,NULL,800,800,0,,6223,NULL,NULL
1196,53,3,35266.8401,800,48483,0,,NULL,NULL,NULL
1197,28,5,969.8413,100,10000,5,1000,NULL,3873,3873
1198,7,2,1195.0000,1100,8500,0,,NULL,18827,28240
1199,35,2,7119.4737,200,10400,17,4065,NULL,NULL,NULL
1200,69,6,25436.0608,300,35072,56,23381,NULL,NULL,NULL
1201,72,5,16505.1777,500,22620,54,15080,NULL,NULL,NULL
1203,42,3,22591.4754,1000,30934,34,20623,NULL,NULL,NULL
1204,63,5,25793.7144,300,35427,50,23618,NULL,NULL,NULL
1205,1,0,NULL,1100,1100,0,,5239,NULL,NULL
1206,1,0,NULL,900,900,0,,5383,NULL,NULL
1207,68,6,20810.0000,700,28635,55,19090,NULL,NULL,NULL
1208,16,1,20031.5789,1000,25260,11,16840,NULL,NULL,NULL
1209,1,0,NULL,900,900,0,,5353,NULL,NULL
1210,32,3,22232.3548,400,30388,25,20259,NULL,NULL,NULL
1211,43,2,8639.2263,400,11700,24,6503,NULL,NULL,NULL
1212,1,0,NULL,900,900,0,,6896,NULL,NULL
1213,1,0,NULL,200,200,0,,4909,NULL,NULL
1214,25,2,18118.9099,500,24782,19,16521,NULL,NULL,NULL
1215,1,0,NULL,900,900,0,,5273,NULL,NULL
1216,17,3,990.6250,100,9600,3,1300,NULL,3524,3524
1217,1,0,NULL,200,200,0,,NULL,3161,3161
1218,2,1,262.5000,900,1200,0,,NULL,32134,48201
1219,45,2,8123.1654,200,8968,25,5979,NULL,NULL,NULL
1220,1,0,NULL,900,900,0,,5764,NULL,NULL
1221,34,2,33447.7954,1000,49919,0,,NULL,NULL,NULL
1222,1,0,NULL,700,700,0,,6310,NULL,NULL
1223,31,2,14287.1495,200,19260,24,12840,NULL,NULL,NULL
1225,63,5,20311.9978,100,28228,50,18819,NULL,NULL,NULL
1226,31,2,6818.4994,100,8610,21,5740,NULL,NULL,NULL
1227,45,3,15409.7926,200,20108,29,13405,NULL,NULL,NULL
1228,1,0,NULL,400,400,0,,5096,NULL,NULL
1229,14,1,18312.0652,500,23186,10,15457,NULL,NULL,NULL
1230,30,2,40037.7521,500,48929,0,,NULL,NULL,NULL
1231,61,5,18781.2919,600,26198,49,17465,NULL,NULL,NULL
1232,15,2,4492.3012,200,45039,0,,NULL,NULL,NULL
1233,1,0,NULL,300,300,0,,NULL,3390,3390
1234,1,0,NULL,1100,1100,0,,6390,NULL,NULL
1235,1,0,NULL,500,500,0,,4339,NULL,NULL
1236,94,6,5705.9444,100,37062,69,1600,NULL,NULL,NULL
1237,95,5,39595.2586,1100,49968,2,5300,NULL,NULL,NULL
1238,1,0,NULL,600,600,0,,6126,NULL,NULL
1239,1,0,NULL,900,900,0,,6668,NULL,NULL
1240,17,1,12363.9159,800,16353,12,10902,NULL,NULL,NULL
1241,40,2,6997.3476,200,8541,25,5694,NULL,NULL,NULL
1242,43,2,35489.0800,200,47757,0,,NULL,NULL,NULL
1243,22,3,6345.9870,100,46024,0,,NULL,NULL,NULL
1244,43,3,6383.8217,200,7842,25,5228,NULL,NULL,NULL
1245,15,1,12647.8316,1100,16455,10,10970,NULL,NULL,NULL
1246,1,0,NULL,1100,1100,0,,6148,NULL,NULL
1247,107,6,36824.9851,300,49683,3,7700,NULL,NULL,NULL
1248,1,0,NULL,600,600,0,,6372,NULL,NULL
1249,24,4,1579.0698,400,10200,3,2400,NULL,3686,3686
1250,2,1,187.5000,600,900,0,,NULL,22831,34246
1251,48,3,22490.1193,400,49827,3,8400,NULL,NULL,NULL
1252,5,3,150.0000,300,2500,0,,NULL,24688,37032
1253,26,2,20267.0861,700,26492,16,17661,NULL,NULL,NULL
1254,71,4,38858.7655,800,48969,2,13500,NULL,NULL,NULL
1255,1,0,NULL,300,300,0,,NULL,34934,52401
1256,61,5,16716.1702,300,22908,46,15272,NULL,NULL,NULL
1257,40,3,20117.2727,500,27958,31,18639,NULL,NULL,NULL
1258,1,0,NULL,700,700,0,,NULL,2900,2900
1259,23,2,16721.2439,500,22008,17,14672,NULL,NULL,NULL
1260,30,2,15570.0798,100,20858,20,13905,NULL,NULL,NULL
1261,48,4,24763.6244,500,34359,37,22906,NULL,NULL,NULL
1262,1,0,NULL,400,400,0,,6747,NULL,NULL
1263,53,3,33054.3837,200,49877,2,3000,NULL,NULL,NULL
1264,24,2,18751.5068,900,25229,18,16819,NULL,NULL,NULL
1265,1,0,NULL,300,300,0,,6797,NULL,NULL
1266,34,2,22904.9832,1100,31006,25,20671,NULL,NULL,NULL
1267,31,2,21314.8949,400,28733,24,19155,NULL,NULL,NULL
1268,33,5,1137.0968,100,9000,3,1000,NULL,3330,3330
1269,70,5,13635.1482,300,18194,47,12129,NULL,NULL,NULL
1270,4,1,1037.5000,500,3700,0,,NULL,12464,18696
1271,46,2,8166.5188,100,9288,25,6192,NULL,NULL,NULL
1272,55,6,12826.7761,100,44664,2,5300,NULL,NULL,NULL
1273,59,5,22227.8684,500,30728,47,20485,NULL,NULL,NULL
1274,45,2,41549.3662,400,49755,0,,NULL,NULL,NULL
1275,1,0,NULL,300,300,0,,5447,NULL,NULL
1276,104,6,8361.0180,100,10600,60,6774,NULL,NULL,NULL
1277,1,0,NULL,1000,1000,0,,6248,NULL,NULL
1279,1,0,NULL,1000,1000,0,,5381,NULL,NULL
1280,1,0,NULL,600,600,0,,5122,NULL,NULL
1281,23,2,15901.7881,1100,21086,16,14057,NULL,NULL,NULL
1284,25,1,32995.8235,700,49972,0,,NULL,NULL,NULL
1285,68,6,20686.6220,300,28558,55,19039,NULL,NULL,NULL
1286,129,5,53426.6506,500,49937,2,500,NULL,NULL,NULL
1287,15,4,1202.3256,400,10000,0,,NULL,21046,31569
1288,1,0,NULL,600,600,0,,6059,NULL,NULL
1289,32,2,25715.2247,500,35012,25,23341,NULL,NULL,NULL
1291,1,0,NULL,600,600,0,,4821,NULL,NULL
1292,60,4,13429.1555,1100,17829,43,11886,NULL,NULL,NULL
1293,30,2,25389.4471,800,34482,23,22988,NULL,NULL,NULL
1294,51,4,15719.0663,300,21654,40,14436,NULL,NULL,NULL
1295,60,4,6463.1449,100,10600,41,5582,NULL,NULL,NULL
1296,1,0,NULL,800,800,0,,5020,NULL,NULL
1297,68,5,22217.0225,400,30767,54,20511,NULL,NULL,NULL
1298,39,3,13708.3554,300,18669,29,12446,NULL,NULL,NULL
1299,10,2,800.0000,200,8400,3,400,NULL,3913,3913
1301,14,4,4628.2991,200,46251,0,,NULL,NULL,NULL
1302,1,0,NULL,800,800,0,,6090,NULL,NULL
1303,21,1,7344.2763,300,8103,12,5402,NULL,NULL,NULL
1304,41,3,23937.3438,200,47207,2,3800,NULL,NULL,NULL
1305,71,5,11486.1025,400,15358,53,10239,NULL,NULL,NULL
1306,49,4,18721.8819,600,25574,37,17049,NULL,NULL,NULL
1307,73,4,6834.9184,100,10200,40,4946,NULL,NULL,NULL
1308,1,0,NULL,400,400,0,,5119,NULL,NULL
1309,1,0,NULL,1000,1000,0,,NULL,39531,59296
1310,37,3,7667.6023,1100,11500,28,6717,NULL,NULL,NULL
1311,41,3,15988.5661,500,21510,30,14340,NULL,NULL,NULL
1312,1,0,NULL,400,400,0,,5735,NULL,NULL
1313,36,1,59264.5374,200,47546,0,,NULL,NULL,NULL
1314,62,5,18196.2144,600,24996,50,16664,NULL,NULL,NULL
1315,56,4,11143.4639,200,14112,36,9408,NULL,NULL,NULL
1316,1,0,NULL,300,300,0,,NULL,2973,2973
1317,1,0,NULL,1100,1100,0,,6732,NULL,NULL
1318,16,1,16670.5691,100,29159,0,,NULL,NULL,NULL
1319,20,1,27562.7815,1000,44483,0,,NULL,NULL,NULL
1320,27,2,15074.9001,1000,20235,20,13490,NULL,NULL,NULL
1321,32,2,6362.9612,200,9600,17,4025,NULL,NULL,NULL
1322,1,0,NULL,200,200,0,,4435,NULL,NULL
1323,33,3,22929.1249,600,31538,25,21025,NULL,NULL,NULL
1324,28,2,20638.3071,300,27380,21,18253,NULL,NULL,NULL
1325,1,0,NULL,300,300,0,,NULL,3193,3193
1326,35,2,6223.5139,800,10400,20,4565,NULL,NULL,NULL
1327,77,4,6270.4188,100,49845,52,1400,NULL,NULL,NULL
1328,3,2,438.0952,800,7300,0,,NULL,32498,48747
1329,5,2,725.9259,500,7300,0,,NULL,11761,17642
1330,40,2,40548.4143,900,49868,2,900,NULL,NULL,NULL
1331,2,0,9300.0000,600,8700,0,,NULL,10790,16185
1332,71,6,24139.6794,300,33503,57,22335,NULL,NULL,NULL
1333,61,4,10868.7443,100,14644,42,9763,NULL,NULL,NULL
1334,80,6,6363.7906,200,8440,55,5627,NULL,NULL,NULL
1335,44,3,16284.7583,200,22313,32,14875,NULL,NULL,NULL
1336,25,2,19243.2666,300,25656,18,17104,NULL,NULL,NULL
1337,112,5,7669.6982,200,12300,53,4896,NULL,NULL,NULL
1338,110,6,33704.7786,400,49419,2,3700,NULL,NULL,NULL
1339,19,1,22750.8318,900,43645,0,,NULL,NULL,NULL
1340,5,1,1528.5714,1000,10500,0,,NULL,3944,3944
1341,1,0,NULL,1100,1100,0,,NULL,3147,3147
1342,19,1,27443.7981,500,47762,0,,NULL,NULL,NULL
1344,62,3,43536.2269,200,49329,0,,NULL,NULL,NULL
1345,64,5,24575.7705,200,34236,51,22824,NULL,NULL,NULL
1346,5,0,3580.0000,100,13500,0,,NULL,3101,3101
1347,1,0,NULL,500,500,0,,NULL,3100,3100
1348,18,1,11618.6802,200,15144,10,10096,NULL,NULL,NULL
1349,1,0,NULL,700,700,0,,6529,NULL,NULL
1350,33,2,24507.8417,300,49796,2,7900,NULL,NULL,NULL
1351,1,0,NULL,300,300,0,,NULL,3341,3341
1352,53,4,26898.5036,500,37200,42,24800,NULL,NULL,NULL
1353,59,5,17443.3922,700,24204,46,16136,NULL,NULL,NULL
1354,1,0,NULL,1000,1000,0,,4620,NULL,NULL
1355,18,1,20785.1351,600,28419,13,18946,NULL,NULL,NULL
1356,34,2,6098.1057,900,11900,19,4117,NULL,NULL,NULL
1357,26,3,1648.6486,100,8600,3,100,NULL,3435,3435
1358,54,3,7054.6875,300,8300,26,4470,NULL,NULL,NULL
1359,37,5,1583.6066,100,14200,3,2100,NULL,NULL,NULL
1360,90,4,7528.3692,500,47370,54,1200,NULL,NULL,NULL
1361,25,2,22555.0549,1100,31514,20,21009,NULL,NULL,NULL
1362,20,2,16251.1837,1000,37691,0,,NULL,NULL,NULL
1363,23,2,26083.2637,1000,34976,17,23317,NULL,NULL,NULL
1365,25,3,1887.8788,300,10000,3,1200,NULL,3471,3471
1366,97,6,9096.3412,200,11439,58,7626,NULL,NULL,NULL
1367,31,2,13308.3353,400,18028,23,12019,NULL,NULL,NULL
1368,28,2,17572.0833,1000,38522,0,,NULL,NULL,NULL
1369,49,3,14306.2538,100,17422,27,11615,NULL,NULL,NULL
1370,1,0,NULL,600,600,0,,5800,NULL,NULL
1371,1,0,NULL,400,400,0,,4611,NULL,NULL
1372,136,6,8319.8146,200,44758,69,1000,NULL,NULL,NULL
1373,1,0,NULL,500,500,0,,NULL,2962,2962
1374,2,2,190.4762,700,3300,0,,NULL,48644,72966
1375,60,5,22174.1128,200,30436,46,20291,NULL,NULL,NULL
1376,1,0,NULL,700,700,0,,4097,NULL,NULL
1377,1,0,NULL,300,300,0,,NULL,3432,3432
1378,72,6,26410.4929,600,36628,58,24419,NULL,NULL,NULL
1379,18,1,12420.3448,700,15645,12,10430,NULL,NULL,NULL
1380,36,3,26001.0176,1100,35768,28,23845,NULL,NULL,NULL
1381,1,0,NULL,1000,1000,0,,4058,NULL,NULL
1382,1,0,NULL,800,800,0,,NULL,3089,3089
1383,1,0,NULL,1000,1000,0,,6909,NULL,NULL
1384,2,1,590.0000,800,5100,0,,NULL,31366,47049
1385,22,2,19910.1031,1000,26022,16,17348,NULL,NULL,NULL
1387,19,2,2216.6667,100,15300,2,2300,NULL,NULL,NULL
1388,58,5,23105.5258,700,31830,46,21220,NULL,NULL,NULL
1389,35,1,41068.9980,800,48868,0,,NULL,NULL,NULL
1390,35,2,13129.8017,400,16107,20,10738,NULL,NULL,NULL
1391,26,2,17608.2451,600,24226,20,16151,NULL,NULL,NULL
1392,72,6,25290.6875,700,34768,56,23179,NULL,NULL,NULL
1393,33,2,9593.2000,600,11822,20,7881,NULL,NULL,NULL
1394,1,0,NULL,600,600,0,,6341,NULL,NULL
1395,60,3,7628.3646,100,13700,30,5149,NULL,NULL,NULL
1396,59,2,43012.5667,400,47440,0,,NULL,NULL,NULL
1397,79,6,18853.9675,200,25917,57,17278,NULL,NULL,NULL
1398,32,4,1233.9623,100,13400,3,1000,NULL,NULL,NULL
1399,45,3,10613.4755,100,13083,25,8722,NULL,NULL,NULL
1401,1,0,NULL,300,300,0,,6850,NULL,NULL
1402,84,6,10141.7266,300,13509,57,9006,NULL,NULL,NULL
1403,40,3,17107.1441,1000,23314,31,15543,NULL,NULL,NULL
1404,103,5,29320.1845,200,48013,3,5600,NULL,NULL,NULL
1405,19,2,1506.6667,400,11100,3,500,NULL,3581,3581
1406,1,0,NULL,200,200,0,,4141,NULL,NULL
1407,51,2,63724.2308,100,48788,0,,NULL,NULL,NULL
1408,1,0,NULL,200,200,0,,NULL,36880,55320
1410,66,5,22645.3413,500,31192,53,20795,NULL,NULL,NULL
1411,72,5,14904.8988,600,20494,54,13663,NULL,NULL,NULL
1412,69,6,15469.5466,1000,21431,55,14287,NULL,NULL,NULL
1413,44,4,15279.4292,1100,21244,35,14163,NULL,NULL,NULL
1414,51,4,17271.5433,600,23766,39,15844,NULL,NULL,NULL
1416,91,5,31657.1334,700,49966,0,,NULL,NULL,NULL
1417,51,4,26281.7391,200,36346,40,24231,NULL,NULL,NULL
1418,26,2,12165.1786,900,15666,19,10444,NULL,NULL,NULL
1419,1,0,NULL,400,400,0,,6051,NULL,NULL
1420,1,0,NULL,900,900,0,,5202,NULL,NULL
1421,112,4,7570.7883,100,46883,52,1200,NULL,NULL,NULL
1422,1,0,NULL,400,400,0,,5842,NULL,NULL
1423,45,3,6143.1508,100,8116,32,5411,NULL,NULL,NULL
1424,21,2,19425.3684,100,26313,15,17542,NULL,NULL,NULL
1425,109,5,9183.8788,100,14900,55,6104,NULL,NULL,NULL
1426,1,0,NULL,200,200,0,,4022,NULL,NULL
1427,48,3,13648.6246,400,18207,31,12138,NULL,NULL,NULL
1429,1,0,NULL,1100,1100,0,,NULL,3250,3250
1430,8,1,1991.6667,500,13000,0,,NULL,NULL,NULL
1431,73,3,7274.1196,200,40292,32,1200,NULL,NULL,NULL
1432,1,0,NULL,1000,1000,0,,NULL,32672,49008
1434,1,0,NULL,200,200,0,,4847,NULL,NULL
1435,27,2,25031.4033,800,33155,20,22103,NULL,NULL,NULL
1436,76,4,6546.1885,100,9000,40,4657,NULL,NULL,NULL
1437,10,2,1295.0000,500,8200,2,1500,NULL,3258,3258
1438,19,1,22644.5147,600,47687,0,,NULL,NULL,NULL
1439,1,0,NULL,700,700,0,,NULL,3183,3183
1440,26,4,986.5385,300,12600,3,500,NULL,3198,3198
1441,1,0,NULL,500,500,0,,6354,NULL,NULL
1442,68,6,19813.9545,300,27448,55,18299,NULL,NULL,NULL
1443,17,1,22510.9773,700,29751,12,19834,NULL,NULL,NULL
1444,21,2,1870.0000,100,11500,4,800,NULL,3037,3037
1445,45,3,8177.5904,100,10179,27,6786,NULL,NULL,NULL
1446,49,4,19286.7676,1100,26780,39,17853,NULL,NULL,NULL
1447,8,2,533.3333,200,3800,0,,NULL,12508,18762
1448,21,3,1525.0000,100,10100,2,4200,NULL,NULL,NULL
1449,106,5,7556.0984,300,16000,53,4711,NULL,NULL,NULL
1450,1,0,NULL,400,400,0,,6496,NULL,NULL
1451,1,0,NULL,1000,1000,0,,6490,NULL,NULL
1452,41,3,21650.7379,500,29914,32,19943,NULL,NULL,NULL
1453,112,5,47183.0987,600,49266,2,30354,NULL,NULL,NULL
1454,14,1,2506.2500,200,12300,0,,NULL,NULL,NULL
1455,46,3,8028.2572,300,9479,30,6319,NULL,NULL,NULL
1456,76,3,62553.2885,1100,49939,0,,NULL,NULL,NULL
1458,62,5,18022.9363,700,24888,50,16592,NULL,NULL,NULL
1459,1,0,NULL,900,900,0,,NULL,3186,3186
1460,1,0,NULL,300,300,0,,5298,NULL,NULL
1461,4,1,1400.0000,200,9600,0,,NULL,42171,63256
1463,16,2,1776.9231,300,6700,2,1900,NULL,3336,3336
1464,56,2,56631.4849,300,48263,0,,NULL,NULL,NULL
1465,20,3,1541.0256,100,10600,2,1800,NULL,3183,3183
1466,11,2,3474.2500,100,32253,0,,NULL,NULL,NULL
1467,58,5,21306.4413,800,29396,46,19597,NULL,NULL,NULL
1468,1,0,NULL,500,500,0,,NULL,3224,3224
1469,1,0,NULL,1000,1000,0,,6228,NULL,NULL
1470,63,5,13579.9433,1100,18646,48,12431,NULL,NULL,NULL
1471,31,2,20214.7018,800,27894,24,18596,NULL,NULL,NULL
1472,50,3,10100.2342,300,13281,34,8854,NULL,NULL,NULL
1473,1,0,NULL,600,600,0,,NULL,2976,2976
1474,1,0,NULL,900,900,0,,4043,NULL,NULL
1475,27,5,2993.5484,200,16900,2,16400,NULL,20551,30826
1476,1,0,NULL,200,200,0,,6411,NULL,NULL
1477,1,0,NULL,700,700,0,,NULL,3151,3151
1478,39,2,32554.0962,900,47620,0,,NULL,NULL,NULL
1479,18,3,938.4615,400,9600,2,1600,NULL,3244,3244
1480,42,2,37731.6746,800,49570,0,,NULL,NULL,NULL
1481,1,0,NULL,1000,1000,0,,NULL,3098,3098
1482,27,2,24819.0659,500,34614,20,23076,NULL,NULL,NULL
1483,59,3,9931.9364,100,13400,30,6995,NULL,NULL,NULL
1484,1,0,NULL,200,200,0,,6612,NULL,NULL
1485,76,5,27721.7460,1000,35130,52,23420,NULL,NULL,NULL
1486,37,3,25092.9417,100,35110,29,23407,NULL,NULL,NULL
1487,1,0,NULL,1100,1100,0,,NULL,3306,3306
1488,23,2,12605.8983,700,16556,16,11037,NULL,NULL,NULL
1490,39,2,36554.5238,200,49743,0,,NULL,NULL,NULL
1491,24,2,16696.3339,1000,20154,15,13436,NULL,NULL,NULL
1492,1,0,NULL,800,800,0,,4733,NULL,NULL
1493,1,0,NULL,200,200,0,,5009,NULL,NULL
1494,17,1,27253.8194,900,35505,12,23670,NULL,NULL,NULL
1495,64,5,26515.1290,300,36479,51,24319,NULL,NULL,NULL
1496,50,4,16137.3077,400,22089,39,14726,NULL,NULL,NULL
1497,71,5,9477.5951,600,12880,54,8587,NULL,NULL,NULL
1498,27,2,28698.5860,600,46160,0,,NULL,NULL,NULL
1499,103,5,8568.0457,200,13300,50,5500,NULL,NULL,NULL
1500,29,2,24645.0189,1000,33081,22,22054,NULL,NULL,NULL
1501,1,0,NULL,500,500,0,,5813,NULL,NULL
1502,22,2,21982.8158,200,49737,0,,NULL,NULL,NULL
1503,1,0,NULL,300,300,0,,4757,NULL,NULL
1504,29,2,26525.9424,300,36208,23,24139,NULL,NULL,NULL
1505,73,6,10150.8932,400,13833,56,9222,NULL,NULL,NULL
1506,21,1,7658.3294,500,11900,11,5206,NULL,NULL,NULL
1507,70,5,23318.0728,800,31910,54,21273,NULL,NULL,NULL
1508,43,3,30513.6023,500,49784,2,5400,NULL,NULL,NULL
1509,57,5,15412.2523,600,21282,45,14188,NULL,NULL,NULL
1510,37,3,22949.0476,700,31058,28,20705,NULL,NULL,NULL
1511,99,5,43088.4386,200,49324,2,400,NULL,NULL,NULL
1512,72,5,15572.1070,100,21237,49,14158,NULL,NULL,NULL
1513,68,5,16585.5504,400,22836,53,15224,NULL,NULL,NULL
1514,1,0,NULL,900,900,0,,5930,NULL,NULL
1515,6,4,477.7778,200,7800,0,,NULL,27343,41014
1516,1,0,NULL,500,500,0,,NULL,3416,3416
1517,1,0,NULL,700,700,0,,4569,NULL,NULL
1518,70,6,18707.8599,200,25932,56,17288,NULL,NULL,NULL
1519,45,4,22449.4527,700,31335,35,20890,NULL,NULL,NULL
1520,1,0,NULL,300,300,0,,6005,NULL,NULL
1521,1,0,NULL,900,900,0,,4537,NULL,NULL
1522,31,1,7922.2156,800,32577,17,1000,NULL,NULL,NULL
1523,24,1,39247.3846,200,49899,0,,NULL,NULL,NULL
1524,1,0,NULL,1100,1100,0,,4222,NULL,NULL
1525,1,0,NULL,300,300,0,,4641,NULL,NULL
1526,68,4,8509.4937,200,9975,39,6650,NULL,NULL,NULL
1527,88,5,29876.2460,400,49582,2,10800,NULL,NULL,NULL
1528,37,3,20501.0664,500,27111,25,18074,NULL,NULL,NULL
1529,12,3,983.8710,600,8200,0,,NULL,3899,3899
1530,1,0,NULL,900,900,0,,5550,NULL,NULL
1532,46,2,16777.0828,600,18900,22,11916,NULL,NULL,NULL
1534,82,6,16613.7753,100,22415,55,14943,NULL,NULL,NULL
1535,121,6,6967.5108,200,15500,57,4136,NULL,NULL,NULL
1536,30,6,2954.9296,100,15800,2,14500,NULL,25609,38414
1537,22,1,13078.7386,200,16598,15,11065,NULL,NULL,NULL
1538,63,2,65121.8248,800,49598,2,30132,NULL,NULL,NULL
1539,91,6,25153.7598,200,49792,2,14200,NULL,NULL,NULL
1540,46,4,25318.7832,500,35018,37,23345,NULL,NULL,NULL
1541,60,2,8083.4260,200,46562,27,500,NULL,NULL,NULL
1542,1,0,NULL,1000,1000,0,,6984,NULL,NULL
1543,82,3,7951.1963,500,40390,33,1800,NULL,NULL,NULL
1544,73,5,20557.1465,800,28425,54,18950,NULL,NULL,NULL
1545,74,6,23447.8501,200,48987,2,7000,NULL,NULL,NULL
1546,28,2,8959.8394,800,11820,20,7880,NULL,NULL,NULL
1547,65,5,24567.4165,100,34341,52,22894,NULL,NULL,NULL
1548,1,0,NULL,800,800,0,,NULL,3159,3159
1549,27,2,15780.8411,300,21447,20,14298,NULL,NULL,NULL
1550,43,3,9302.4845,400,11826,26,7884,NULL,NULL,NULL
1551,1,0,NULL,1100,1100,0,,6647,NULL,NULL
1552,61,5,26588.6238,500,36844,50,24563,NULL,NULL,NULL
1553,36,2,7967.3619,300,48511,24,1400,NULL,NULL,NULL
1554,53,4,19214.3548,300,26628,40,17752,NULL,NULL,NULL
1555,1,0,NULL,1100,1100,0,,6260,NULL,NULL
1556,1,0,NULL,600,600,0,,5955,NULL,NULL
1557,1,0,NULL,700,700,0,,6015,NULL,NULL
1558,37,2,7512.1899,200,9106,21,6071,NULL,NULL,NULL
1559,54,4,25160.5979,700,34235,42,22823,NULL,NULL,NULL
1560,27,2,9326.1944,1000,11400,16,7600,NULL,NULL,NULL
1561,1,0,NULL,600,600,0,,5327,NULL,NULL
1562,1,0,NULL,600,600,0,,NULL,2900,2900
1563,6,1,2170.0000,700,11300,2,700,NULL,NULL,NULL
1564,83,3,7606.3556,300,29349,69,1900,NULL,NULL,NULL
1565,95,5,7292.1714,200,15300,51,4633,NULL,NULL,NULL
1566,76,5,16556.9773,500,22020,55,14680,NULL,NULL,NULL
1567,18,1,24203.5084,800,32540,13,21693,NULL,NULL,NULL
1568,43,3,15065.5288,300,20896,34,13931,NULL,NULL,NULL
1570,1,0,NULL,200,200,0,,4298,NULL,NULL
1571,31,2,15806.1932,200,21452,24,14301,NULL,NULL,NULL
1572,16,1,15836.7064,500,20999,11,13999,NULL,NULL,NULL
1573,1,0,NULL,1000,1000,0,,5492,NULL,NULL
1574,1,0,NULL,1000,1000,0,,4058,NULL,NULL
1575,1,0,NULL,900,900,0,,5448,NULL,NULL
1576,39,2,23970.3929,400,49299,2,14000,NULL,NULL,NULL
1577,16,2,1675.0000,200,9800,2,700,NULL,3841,3841
1578,1,0,NULL,600,600,0,,4128,NULL,NULL
1579,61,4,13314.1399,600,17434,44,11623,NULL,NULL,NULL
1580,50,3,33398.7360,400,48954,0,,NULL,NULL,NULL
1581,63,3,11913.9603,300,16800,32,8637,NULL,NULL,NULL
1582,1,0,NULL,500,500,0,,5973,NULL,NULL
1583,91,4,39472.3881,200,49635,2,7100,NULL,NULL,NULL
1584,1,0,NULL,600,600,0,,NULL,2975,2975
1585,18,3,4849.0588,100,36654,2,100,NULL,NULL,NULL
1586,31,2,19269.1468,200,25389,22,16926,NULL,NULL,NULL
1587,3,0,816.6667,800,3000,0,,NULL,14421,21632
1588,26,5,924.1379,300,8100,3,500,NULL,3665,3665
1589,27,4,1054.7170,400,14100,3,1700,NULL,NULL,NULL
1590,58,4,13404.4743,100,17280,37,11520,NULL,NULL,NULL
1591,48,3,24950.9717,200,48413,4,1500,NULL,NULL,NULL
1592,1,0,NULL,400,400,0,,4604,NULL,NULL
1593,1,0,NULL,500,500,0,,NULL,3130,3130
1594,23,2,20627.5896,500,27279,17,18186,NULL,NULL,NULL
1596,1,0,NULL,1100,1100,0,,4955,NULL,NULL
1597,1,0,NULL,900,900,0,,6701,NULL,NULL
1598,35,2,41825.2716,700,48799,0,,NULL,NULL,NULL
1599,38,3,26961.4057,1100,37372,30,24915,NULL,NULL,NULL
1600,1,0,NULL,600,600,0,,6757,NULL,NULL
1601,1,0,NULL,500,500,0,,4042,NULL,NULL
1602,1,0,NULL,600,600,0,,4944,NULL,NULL
1603,129,6,12289.5397,400,11800,56,7611,NULL,NULL,NULL
1604,62,5,19058.7171,900,26602,50,17735,NULL,NULL,NULL
1605,112,5,49507.6188,200,49809,2,16969,NULL,NULL,NULL
1606,64,3,8027.2404,300,39516,34,1100,NULL,NULL,NULL
1607,33,3,25502.8125,800,34941,26,23294,NULL,NULL,NULL
1608,1,0,NULL,600,600,0,,5138,NULL,NULL
1609,1,0,NULL,900,900,0,,NULL,3026,3026
1610,84,6,28918.1618,500,36560,55,24373,NULL,NULL,NULL
1611,42,3,12982.8848,100,17568,28,11712,NULL,NULL,NULL
1612,36,3,22959.0263,400,31758,28,21172,NULL,NULL,NULL
1613,1,0,NULL,600,600,0,,6359,NULL,NULL
1614,7,2,736.3636,300,6900,2,1000,NULL,25204,37806
1615,1,0,NULL,900,900,0,,6626,NULL,NULL
1616,9,2,1185.0000,100,6900,0,,NULL,3964,3964
1617,1,0,NULL,700,700,0,,5953,NULL,NULL
1618,13,2,2137.5000,100,13100,0,,NULL,3554,3554
1619,36,2,7637.6900,400,9400,18,4830,NULL,NULL,NULL
1620,1,0,NULL,700,700,0,,6082,NULL,NULL
1621,66,5,17381.3337,300,23847,50,15898,NULL,NULL,NULL
1622,52,3,7843.7435,800,9600,26,5078,NULL,NULL,NULL
1623,37,3,27208.3784,500,37038,29,24692,NULL,NULL,NULL
1624,1,0,NULL,500,500,0,,6086,NULL,NULL
1625,50,4,13294.6105,800,18291,39,12194,NULL,NULL,NULL
1626,5,2,443.4783,1100,4000,0,,NULL,19776,29664
1627,66,5,8327.2605,200,11022,49,7348,NULL,NULL,NULL
1628,1,0,NULL,700,700,0,,4276,NULL,NULL
1629,1,0,NULL,1000,1000,0,,5264,NULL,NULL
1630,1,0,NULL,900,900,0,,5862,NULL,NULL
1631,1,0,NULL,400,400,0,,4115,NULL,NULL
1632,70,3,50924.2060,1000,49664,0,,NULL,NULL,NULL
1633,1,0,NULL,200,200,0,,5153,NULL,NULL
1634,58,5,16237.9988,500,22276,45,14851,NULL,NULL,NULL
1635,63,5,19714.8537,900,27102,50,18068,NULL,NULL,NULL
1636,22,2,25331.0345,500,34965,16,23310,NULL,NULL,NULL
1637,1,0,NULL,500,500,0,,5718,NULL,NULL
1638,23,2,15366.6800,500,43958,2,16600,NULL,NULL,NULL
1640,42,3,22124.6985,700,30206,33,20137,NULL,NULL,NULL
1641,68,3,56535.1235,900,49920,0,,NULL,NULL,NULL
1642,1,0,NULL,1000,1000,0,,6432,NULL,NULL
1644,72,6,16551.3697,400,22959,55,15306,NULL,NULL,NULL
1645,36,2,15919.3511,100,20426,21,13617,NULL,NULL,NULL
1646,69,3,53550.4482,500,49840,0,,NULL,NULL,NULL
1647,27,1,7911.7602,900,8152,14,5435,NULL,NULL,NULL
1648,44,1,6836.1368,300,40525,17,700,NULL,NULL,NULL
1649,24,6,5525.5278,100,48442,2,48442,NULL,NULL,NULL
1650,6,1,2116.6667,600,10300,0,,NULL,15817,23726
1651,30,2,22345.4274,600,49591,2,2500,NULL,NULL,NULL
1652,1,0,NULL,300,300,0,,6226,NULL,NULL
1653,52,4,26108.6352,700,36345,42,24230,NULL,NULL,NULL
1654,6,1,2605.5556,600,13100,0,,NULL,18653,27980
1655,35,3,18542.8571,300,25362,26,16908,NULL,NULL,NULL
1656,7,2,745.4545,200,7300,2,200,NULL,23726,35589
1657,1,0,NULL,300,300,0,,NULL,3235,3235
1658,1,0,NULL,800,800,0,,NULL,3184,3184
1659,1,0,NULL,400,400,0,,5887,NULL,NULL
1660,53,3,33334.9958,600,49434,0,,NULL,NULL,NULL
1662,18,1,24934.9795,200,32871,14,21914,NULL,NULL,NULL
1663,1,0,NULL,300,300,0,,6366,NULL,NULL
1664,63,5,23772.0000,500,32990,50,21993,NULL,NULL,NULL
1665,1,0,NULL,800,800,0,,6531,NULL,NULL
1666,1,0,NULL,500,500,0,,6157,NULL,NULL
1667,36,2,5683.7234,200,8100,23,4537,NULL,NULL,NULL
1668,1,0,NULL,200,200,0,,4913,NULL,NULL
1669,30,2,9430.2222,700,12514,22,8343,NULL,NULL,NULL
1670,1,0,NULL,500,500,0,,4088,NULL,NULL
1671,1,0,NULL,1100,1100,0,,6567,NULL,NULL
1672,34,3,20962.4211,800,28329,26,18886,NULL,NULL,NULL
1673,1,0,NULL,900,900,0,,4408,NULL,NULL
1674,65,3,8879.0847,200,12300,32,5707,NULL,NULL,NULL
1675,1,0,NULL,1100,1100,0,,4327,NULL,NULL
1677,31,2,10771.1111,600,13416,20,8944,NULL,NULL,NULL
1678,71,6,24886.9122,200,34674,58,23116,NULL,NULL,NULL
1679,31,2,15092.2290,400,20195,23,13463,NULL,NULL,NULL
1680,62,5,21186.2985,300,29128,50,19419,NULL,NULL,NULL
1681,20,1,25646.8208,1100,33930,15,22620,NULL,NULL,NULL
1682,59,3,6318.3853,100,38645,36,1700,NULL,NULL,NULL
1683,36,2,12450.5476,900,15201,21,10134,NULL,NULL,NULL
1684,68,5,24674.2329,200,49741,2,4300,NULL,NULL,NULL
1685,24,3,17565.7236,1100,46638,0,,NULL,NULL,NULL
1686,104,5,6458.5065,400,11200,50,4136,NULL,NULL,NULL
1687,1,0,NULL,200,200,0,,4260,NULL,NULL
1688,1,0,NULL,800,800,0,,5439,NULL,NULL
1689,1,0,NULL,700,700,0,,5058,NULL,NULL
1690,1,0,NULL,500,500,0,,6736,NULL,NULL
1691,1,0,NULL,400,400,0,,NULL,2901,2901
1692,36,4,18555.6444,500,48692,0,,NULL,NULL,NULL
1693,22,2,30144.2640,1100,49016,0,,NULL,NULL,NULL
1694,100,5,40760.9763,500,49235,0,,NULL,NULL,NULL
1695,147,6,44171.8889,200,49938,2,18800,NULL,NULL,NULL
1696,1,0,NULL,600,600,0,,NULL,3239,3239
1697,1,0,NULL,800,800,0,,NULL,3332,3332
1698,36,3,21023.1394,800,28840,27,19227,NULL,NULL,NULL
1699,1,0,NULL,800,800,0,,5224,NULL,NULL
1700,38,3,24960.9928,900,34419,30,22946,NULL,NULL,NULL
1701,94,5,33483.2344,600,48730,0,,NULL,NULL,NULL
1702,61,4,9724.5119,100,12201,38,8134,NULL,NULL,NULL
1703,1,0,NULL,700,700,0,,5641,NULL,NULL
1704,1,0,NULL,300,300,0,,6923,NULL,NULL
1705,66,5,16412.6702,400,22556,52,15037,NULL,NULL,NULL
1706,31,4,1397.8261,100,10500,2,2000,NULL,3087,3087
1707,2,0,6600.0000,1000,5600,0,,NULL,11969,17954
1708,52,4,15678.5878,200,21633,40,14422,NULL,NULL,NULL
1709,35,3,19809.8860,300,27104,26,18069,NULL,NULL,NULL
1710,1,0,NULL,900,900,0,,6885,NULL,NULL
1711,18,3,1020.0000,200,7800,2,2500,NULL,3795,3795
1712,1,0,NULL,200,200,0,,6104,NULL,NULL
1713,97,6,6469.0251,100,47846,71,700,NULL,NULL,NULL
1714,1,0,NULL,900,900,0,,4951,NULL,NULL
1715,42,3,31326.3226,600,48572,0,,NULL,NULL,NULL
1716,34,3,16441.0095,1100,22092,26,14728,NULL,NULL,NULL
1717,1,0,NULL,900,900,0,,6558,NULL,NULL
1718,1,0,NULL,300,300,0,,NULL,43928,65892
1719,1,0,NULL,600,600,0,,4152,NULL,NULL
1720,7,0,3733.3333,300,10400,0,,NULL,NULL,NULL
1721,41,6,1197.0588,100,9400,6,100,NULL,NULL,NULL
1722,36,3,23323.7773,800,31578,28,21052,NULL,NULL,NULL
1723,15,1,26524.6212,600,33825,11,22550,NULL,NULL,NULL
1724,1,0,NULL,1100,1100,0,,6592,NULL,NULL
1725,1,0,NULL,1100,1100,0,,NULL,47870,71805
1726,82,6,15538.0645,700,20950,60,13967,NULL,NULL,NULL
1727,15,1,27123.3803,1000,37176,11,24784,NULL,NULL,NULL
1728,53,3,9921.8463,400,12692,35,8461,NULL,NULL,NULL
1729,22,1,12345.2954,400,14748,13,9832,NULL,NULL,NULL
1730,1,0,NULL,900,900,0,,6689,NULL,NULL
1731,1,0,NULL,200,200,0,,4758,NULL,NULL
1732,37,3,24096.7155,400,33231,28,22154,NULL,NULL,NULL
1733,35,3,30804.5682,900,49474,0,,NULL,NULL,NULL
1734,23,2,26928.4615,1000,35572,17,23715,NULL,NULL,NULL
1735,6,1,1842.8571,800,14400,0,,NULL,NULL,NULL
1736,1,0,NULL,900,900,0,,6075,NULL,NULL
1737,37,3,13448.4720,600,18378,28,12252,NULL,NULL,NULL
1738,1,0,NULL,400,400,0,,NULL,2997,2997
1739,32,2,23604.0678,700,32004,25,21336,NULL,NULL,NULL
1740,1,0,NULL,600,600,0,,4070,NULL,NULL
1741,1,0,NULL,1100,1100,0,,4785,NULL,NULL
1742,41,3,25367.4545,300,35127,31,23418,NULL,NULL,NULL
1743,1,0,NULL,800,800,0,,4260,NULL,NULL
1744,1,0,NULL,600,600,0,,5648,NULL,NULL
1745,38,2,39413.1963,500,48700,0,,NULL,NULL,NULL
1746,23,2,21172.9495,1100,28738,17,19159,NULL,NULL,NULL
1747,1,0,NULL,600,600,0,,NULL,2984,2984
1749,4,3,194.1176,1000,2500,2,1000,NULL,45608,68412
1750,79,6,27678.9510,700,37294,59,24863,NULL,NULL,NULL
1751,45,2,6194.5330,200,27890,28,1600,NULL,NULL,NULL
1752,34,3,19069.5789,1100,25653,26,17102,NULL,NULL,NULL
1753,10,1,12688.8806,800,46428,0,,NULL,NULL,NULL
1754,43,2,47918.1308,200,49438,0,,NULL,NULL,NULL
1756,40,3,20194.1243,900,27586,31,18391,NULL,NULL,NULL
1757,1,0,NULL,200,200,0,,NULL,44101,66152
1758,13,2,4146.4286,300,25400,0,,NULL,22358,33537
1759,38,3,11027.8972,300,14982,29,9988,NULL,NULL,NULL
1760,1,0,NULL,600,600,0,,4871,NULL,NULL
1761,38,5,2548.4375,200,12600,3,2300,NULL,10124,15186
1762,68,5,20783.4611,600,28362,50,18908,NULL,NULL,NULL
1763,36,3,25191.4881,600,34173,28,22782,NULL,NULL,NULL
1764,20,1,13831.9565,100,17322,13,11548,NULL,NULL,NULL
1765,1,0,NULL,400,400,0,,5242,NULL,NULL
1766,55,4,21358.2330,500,29412,43,19608,NULL,NULL,NULL
1767,66,5,20931.8153,600,28928,51,19285,NULL,NULL,NULL
1768,67,5,12717.6146,200,17172,50,11448,NULL,NULL,NULL
1769,56,4,6057.6008,100,9500,39,4967,NULL,NULL,NULL
1770,60,5,22866.8120,1000,31526,49,21017,NULL,NULL,NULL
1771,111,6,6684.0547,100,9400,57,4579,NULL,NULL,NULL
1772,7,4,784.4444,1100,11200,0,,NULL,48199,72298
1773,1,0,NULL,300,300,0,,4316,NULL,NULL
1774,1,0,NULL,300,300,0,,NULL,3255,3255
1775,1,0,NULL,900,900,0,,6932,NULL,NULL
1776,19,1,15540.8434,400,20504,14,13669,NULL,NULL,NULL
1777,28,2,24246.8528,1000,33336,21,22224,NULL,NULL,NULL
1778,49,4,17278.1792,900,23463,38,15642,NULL,NULL,NULL
1779,68,5,25932.9692,1000,35738,53,23825,NULL,NULL,NULL
1780,75,6,27606.6425,900,37498,57,24999,NULL,NULL,NULL
1781,49,2,7093.8589,400,40649,31,1900,NULL,NULL,NULL
1782,1,0,NULL,700,700,0,,6542,NULL,NULL
1783,22,1,11041.0643,500,13508,12,9005,NULL,NULL,NULL
1784,1,0,NULL,400,400,0,,6686,NULL,NULL
1785,1,0,NULL,1100,1100,0,,4892,NULL,NULL
1786,76,6,19855.7609,300,26811,55,17874,NULL,NULL,NULL
1787,90,6,29952.0965,400,47810,0,,NULL,NULL,NULL
1788,83,5,4843.6228,300,36337,60,1500,NULL,NULL,NULL
1789,39,5,1503.2787,100,12800,3,300,NULL,NULL,NULL
1790,19,1,13628.9278,400,17093,13,11395,NULL,NULL,NULL
1791,40,3,14600.1445,300,19574,29,13049,NULL,NULL,NULL
1792,1,0,NULL,1000,1000,0,,6151,NULL,NULL
1793,46,4,13732.6287,100,18652,35,12435,NULL,NULL,NULL
1794,21,1,9084.9304,500,11256,14,7504,NULL,NULL,NULL
1795,18,1,21707.2785,500,29055,13,19370,NULL,NULL,NULL
1796,39,3,21560.9429,400,30015,31,20010,NULL,NULL,NULL
1797,60,4,16967.8904,500,22703,44,15135,NULL,NULL,NULL
1798,15,1,24848.3684,800,31732,10,21155,NULL,NULL,NULL
1799,1,0,NULL,600,600,0,,5101,NULL,NULL
1800,35,3,20988.9078,400,29060,27,19373,NULL,NULL,NULL
1801,117,6,33710.6757,600,49738,2,13100,NULL,NULL,NULL
1802,1,0,NULL,800,800,0,,4827,NULL,NULL
1803,26,3,2015.3846,400,8600,3,3200,NULL,3455,3455
1804,83,5,31160.4524,600,49941,2,4400,NULL,NULL,NULL
1805,95,6,26982.4397,300,49388,2,2800,NULL,NULL,NULL
1806,1,0,NULL,400,400,0,,5029,NULL,NULL
1807,16,1,22212.3529,200,30375,11,20250,NULL,NULL,NULL
1808,31,2,32687.7625,400,47604,2,400,NULL,NULL,NULL
1809,27,5,2108.4746,100,10800,2,7300,NULL,20055,30082
1810,42,3,19404.7663,800,26552,33,17701,NULL,NULL,NULL
1811,16,5,1039.6825,300,12400,0,,NULL,23945,35918
1812,1,0,NULL,1000,1000,0,,NULL,3454,3454
1813,117,5,51944.7885,1100,49622,0,,NULL,NULL,NULL
1814,1,0,NULL,1100,1100,0,,5921,NULL,NULL
1815,72,6,19403.9185,500,26856,56,17904,NULL,NULL,NULL
1816,1,0,NULL,1000,1000,0,,4236,NULL,NULL
1817,26,2,21678.4044,300,30250,20,20167,NULL,NULL,NULL
1818,24,2,18555.8959,300,24975,18,16650,NULL,NULL,NULL
1819,40,2,31506.5578,700,48330,2,11700,NULL,NULL,NULL
1820,59,5,18224.0426,500,25157,46,16771,NULL,NULL,NULL
1821,46,4,22319.5756,500,30572,37,20381,NULL,NULL,NULL
1822,1,0,NULL,900,900,0,,5210,NULL,NULL
1823,1,0,NULL,1000,1000,0,,4941,NULL,NULL
1824,60,5,25864.3313,300,36102,49,24068,NULL,NULL,NULL
1825,49,3,10167.3770,400,12808,30,8539,NULL,NULL,NULL
1826,59,5,21330.0000,600,29034,45,19356,NULL,NULL,NULL
1827,1,0,NULL,400,400,0,,4753,NULL,NULL
1828,89,4,45269.5517,600,49313,0,,NULL,NULL,NULL
1829,78,6,8392.7625,900,11144,58,7429,NULL,NULL,NULL
1830,77,6,12737.8363,1000,17307,58,11538,NULL,NULL,NULL
1831,1,0,NULL,600,600,0,,6480,NULL,NULL
1832,7,2,1104.1667,1100,10600,0,,NULL,20721,31082
1833,1,0,NULL,900,900,0,,6646,NULL,NULL
1834,73,5,20020.6244,700,27330,54,18220,NULL,NULL,NULL
1835,55,4,17696.2215,700,23936,40,15957,NULL,NULL,NULL
1836,40,3,19308.5825,200,26466,28,17644,NULL,NULL,NULL
1837,67,5,24103.2649,300,33654,55,22436,NULL,NULL,NULL
1838,71,5,23841.2658,400,49292,2,12500,NULL,NULL,NULL
1839,20,1,14932.4581,600,20307,15,13538,NULL,NULL,NULL
1840,27,2,10013.9296,300,13209,19,8806,NULL,NULL,NULL
1841,30,1,7072.5960,100,13200,15,4649,NULL,NULL,NULL
1843,11,5,496.7742,500,6400,0,,NULL,17632,26448
1844,1,0,NULL,500,500,0,,NULL,3242,3242
1845,25,1,32165.6250,400,44618,0,,NULL,NULL,NULL
1846,1,0,NULL,1000,1000,0,,NULL,3093,3093
1847,1,0,NULL,1100,1100,0,,5679,NULL,NULL
1848,64,4,6061.9874,100,8000,44,5210,NULL,NULL,NULL
1851,101,6,8366.9660,500,9354,55,6236,NULL,NULL,NULL
1852,8,2,875.0000,400,11000,0,,NULL,3299,3299
1853,59,2,6951.0435,500,28071,23,600,NULL,NULL,NULL
1854,25,2,20058.2318,200,26758,19,17839,NULL,NULL,NULL
1855,1,0,NULL,400,400,0,,5172,NULL,NULL
1856,1,0,NULL,800,800,0,,NULL,3261,3261
1857,26,1,9650.9494,100,10293,13,6862,NULL,NULL,NULL
1858,1,0,NULL,900,900,0,,6648,NULL,NULL
1859,1,0,NULL,1100,1100,0,,6848,NULL,NULL
1860,1,0,NULL,600,600,0,,NULL,3255,3255
1861,71,5,16821.8154,500,22962,55,15308,NULL,NULL,NULL
1862,6,3,641.0256,500,9000,0,,NULL,39610,59415
1863,35,2,10435.0812,100,10504,17,7003,NULL,NULL,NULL
1865,1,0,NULL,800,800,0,,6256,NULL,NULL
1866,16,1,16250.4370,300,21208,10,14139,NULL,NULL,NULL
1867,38,3,27017.7807,800,37395,30,24930,NULL,NULL,NULL
1868,7,1,6484.6667,200,28857,0,,NULL,NULL,NULL
1869,31,2,26442.1978,500,36996,25,24664,NULL,NULL,NULL
1870,56,4,23151.6575,700,32150,45,21433,NULL,NULL,NULL
1871,2,0,1200.0000,200,1000,0,,NULL,23035,34552
1872,19,1,15098.9800,600,19172,12,12781,NULL,NULL,NULL
1874,1,0,NULL,400,400,0,,NULL,3151,3151
1875,1,0,NULL,1000,1000,0,,4641,NULL,NULL
1876,19,1,21418.9865,900,26991,12,17994,NULL,NULL,NULL
1877,1,0,NULL,700,700,0,,6485,NULL,NULL
1878,50,4,21710.6830,100,49725,0,,NULL,NULL,NULL
1879,1,0,NULL,1000,1000,0,,NULL,3039,3039
1880,146,5,6662.6978,500,49319,59,700,NULL,NULL,NULL
1881,19,1,9624.4835,100,12795,13,8530,NULL,NULL,NULL
1882,71,5,6592.5661,200,8782,50,5855,NULL,NULL,NULL
1884,26,2,10781.6550,800,14576,20,9717,NULL,NULL,NULL
1885,67,2,8828.4014,600,48934,30,600,NULL,NULL,NULL
1886,1,0,NULL,700,700,0,,NULL,27076,40614
1887,83,6,9622.7424,200,12618,56,8412,NULL,NULL,NULL
1888,4,2,344.0000,300,7000,0,,NULL,28840,43260
1889,1,0,NULL,800,800,0,,5841,NULL,NULL
1890,1,0,NULL,600,600,0,,NULL,33722,50583
1891,42,6,1547.8261,100,11900,3,3300,NULL,3756,3756
1892,1,0,NULL,900,900,0,,4622,NULL,NULL
1893,46,2,45776.4849,900,49428,0,,NULL,NULL,NULL
1894,30,2,26176.8100,100,35859,23,23906,NULL,NULL,NULL
1895,2,0,1200.0000,600,600,2,600,NULL,17915,26872
1896,97,5,31651.1270,600,47213,2,9200,NULL,NULL,NULL
1897,59,3,53742.1095,400,49823,0,,NULL,NULL,NULL
1898,6,2,720.0000,900,7000,0,,NULL,10266,15399
1899,1,0,NULL,800,800,0,,4622,NULL,NULL
1900,30,2,26678.7254,1000,36498,24,24332,NULL,NULL,NULL
1901,38,3,19938.6207,1100,27086,30,18057,NULL,NULL,NULL
1902,8,2,878.9474,200,6900,2,200,NULL,11237,16856
1903,17,2,1400.0000,100,10900,2,3700,NULL,3993,3993
1904,40,3,10212.9947,300,13130,25,8753,NULL,NULL,NULL
1905,33,3,16694.5151,400,22682,25,15121,NULL,NULL,NULL
1906,40,2,30641.1517,1000,49785,0,,NULL,NULL,NULL
1907,23,2,20306.0766,700,27398,17,18265,NULL,NULL,NULL
1908,1,0,NULL,700,700,0,,6382,NULL,NULL
1909,1,0,NULL,800,800,0,,NULL,3191,3191
1910,31,2,22174.3484,200,29804,22,19869,NULL,NULL,NULL
1911,57,4,17764.3865,500,24426,43,16284,NULL,NULL,NULL
1912,1,0,NULL,1000,1000,0,,6338,NULL,NULL
1913,20,2,1826.6667,300,8400,2,1500,NULL,3920,3920
1914,83,4,8730.4020,400,17000,39,5003,NULL,NULL,NULL
1915,24,2,10958.8760,900,13937,16,9291,NULL,NULL,NULL
1916,53,3,8312.4419,200,10100,28,6404,NULL,NULL,NULL
1917,1,0,NULL,1000,1000,0,,4415,NULL,NULL
1918,66,5,7371.1352,300,9520,47,6347,NULL,NULL,NULL
1919,61,4,27866.1429,200,35909,40,23939,NULL,NULL,NULL
1920,58,3,8955.0303,100,15900,27,5356,NULL,NULL,NULL
1921,4,0,1733.3333,900,6700,0,,NULL,3650,3650
1922,43,3,19849.1860,200,25014,28,16676,NULL,NULL,NULL
1924,1,0,NULL,300,300,0,,5266,NULL,NULL
1925,1,0,NULL,600,600,0,,5839,NULL,NULL
1926,99,6,5707.0914,100,8500,60,4507,NULL,NULL,NULL
1927,1,0,NULL,600,600,0,,NULL,3425,3425
1928,8,1,2672.2222,500,15600,0,,NULL,13905,20858
1929,11,1,2216.6667,200,13000,0,,NULL,3860,3860
1930,1,0,NULL,1100,1100,0,,6520,NULL,NULL
1931,78,5,10747.9598,100,14003,50,9335,NULL,NULL,NULL
1932,11,2,2447.3684,600,8800,2,4700,NULL,12721,19082
1933,1,0,NULL,1100,1100,0,,5706,NULL,NULL
1934,78,4,14212.7843,300,16474,42,10983,NULL,NULL,NULL
1935,1,0,NULL,1100,1100,0,,NULL,49875,74812
1936,1,0,NULL,500,500,0,,NULL,3212,3212
1937,1,0,NULL,1100,1100,0,,4896,NULL,NULL
1938,56,4,26138.7007,600,36225,45,24150,NULL,NULL,NULL
1939,1,0,NULL,400,400,0,,NULL,49686,74529
1940,1,0,NULL,700,700,0,,4660,NULL,NULL
1941,62,5,17778.6246,200,24779,50,16519,NULL,NULL,NULL
1943,28,2,18934.5061,300,25032,20,16688,NULL,NULL,NULL
1944,75,6,19390.4090,200,26970,58,17980,NULL,NULL,NULL
1945,40,3,18093.9432,700,25038,30,16692,NULL,NULL,NULL
1946,18,1,20931.2860,600,27897,12,18598,NULL,NULL,NULL
1947,1,0,NULL,900,900,0,,6860,NULL,NULL
1948,65,3,44290.7530,800,49778,0,,NULL,NULL,NULL
1949,70,5,13593.6385,500,17768,46,11845,NULL,NULL,NULL
1950,19,1,14506.3855,700,19136,14,12757,NULL,NULL,NULL
1951,19,1,23477.4745,900,30612,14,20408,NULL,NULL,NULL
1952,64,5,16690.0651,400,23070,50,15380,NULL,NULL,NULL
1953,34,2,51348.5455,300,48663,0,,NULL,NULL,NULL
1954,1,0,NULL,1000,1000,0,,NULL,3211,3211
1955,1,0,NULL,600,600,0,,NULL,2946,2946
1956,29,2,10131.1230,300,10900,15,7012,NULL,NULL,NULL
1957,14,2,1490.0000,400,11200,3,1000,NULL,3731,3731
1958,1,0,NULL,600,600,0,,5338,NULL,NULL
1959,1,0,NULL,600,600,0,,6830,NULL,NULL
1960,1,0,NULL,700,700,0,,NULL,3225,3225
1961,1,0,NULL,800,800,0,,5764,NULL,NULL
1962,1,0,NULL,200,200,0,,NULL,46473,69710
1963,37,3,25187.4593,400,34452,29,22968,NULL,NULL,NULL
1964,1,0,NULL,1100,1100,0,,6547,NULL,NULL
1965,101,6,33144.2930,300,49169,0,,NULL,NULL,NULL
1966,73,6,22357.8555,900,30850,59,20567,NULL,NULL,NULL
1967,75,4,39383.8593,700,49491,0,,NULL,NULL,NULL
1968,14,1,13900.4286,800,28567,0,,NULL,NULL,NULL
1969,62,5,11733.0926,600,15903,47,10602,NULL,NULL,NULL
1970,63,5,24483.0622,900,33659,50,22439,NULL,NULL,NULL
1971,56,3,12135.1351,200,14906,34,9937,NULL,NULL,NULL
1972,1,0,NULL,400,400,0,,5298,NULL,NULL
1973,1,0,NULL,600,600,0,,NULL,2996,2996
1974,17,3,976.1905,100,14000,2,600,NULL,NULL,NULL
1975,55,4,15685.5106,200,21318,43,14212,NULL,NULL,NULL
1976,25,2,16403.6437,200,21734,17,14489,NULL,NULL,NULL
1977,39,3,9897.2911,200,13008,29,8672,NULL,NULL,NULL
1978,3,2,320.0000,900,2900,0,,NULL,34202,51303
1979,1,0,NULL,900,900,0,,NULL,3021,3021
1980,46,3,12352.7264,300,15479,27,10319,NULL,NULL,NULL
1981,1,0,NULL,900,900,0,,NULL,3277,3277
1982,23,2,16755.8305,200,22181,15,14787,NULL,NULL,NULL
1983,14,1,25713.1034,800,34116,10,22744,NULL,NULL,NULL
1984,65,5,14504.1129,800,19599,51,13066,NULL,NULL,NULL
1985,39,2,5688.0069,200,42925,29,1900,NULL,NULL,NULL
1986,49,4,13619.2000,1100,18504,37,12336,NULL,NULL,NULL
1987,59,5,20503.0156,900,28578,47,19052,NULL,NULL,NULL
1988,39,2,5877.4790,300,8800,20,4007,NULL,NULL,NULL
1989,1,0,NULL,200,200,0,,4220,NULL,NULL
1990,1,0,NULL,600,600,0,,NULL,3253,3253
1991,27,2,24221.6090,800,32763,20,21842,NULL,NULL,NULL
1992,19,1,7990.8163,800,11300,12,6210,NULL,NULL,NULL
1993,48,4,21866.1016,700,49958,2,700,NULL,NULL,NULL
1994,57,3,35534.8670,1100,49531,0,,NULL,NULL,NULL
1995,1,0,NULL,600,600,0,,5508,NULL,NULL
1996,3,1,511.1111,900,2700,0,,NULL,23956,35934
1997,1,0,NULL,600,600,0,,6965,NULL,NULL
1998,68,5,25218.9300,900,35202,55,23468,NULL,NULL,NULL
1999,68,6,25362.6481,300,35592,55,23728,NULL,NULL,NULL
2000,19,1,22087.9918,900,28840,14,19227,NULL,NULL,NULL
2001,3,4,129.6296,1000,4400,0,,NULL,39102,58653
2002,1,0,NULL,400,400,0,,6060,NULL,NULL
2003,1,0,NULL,1100,1100,0,,NULL,46967,70450
2004,31,2,27045.1756,300,36614,24,24409,NULL,NULL,NULL
2005,9,1,1986.6667,700,8400,0,,NULL,3412,3412
2006,1,0,NULL,700,700,0,,5261,NULL,NULL
2007,32,1,52092.5934,1100,49189,0,,NULL,NULL,NULL
2008,79,6,13923.3156,400,18660,56,12440,NULL,NULL,NULL
2009,57,5,24888.1621,1100,34714,46,23143,NULL,NULL,NULL
2010,1,0,NULL,1100,1100,0,,5815,NULL,NULL
2011,1,0,NULL,900,900,0,,NULL,3016,3016
2012,1,0,NULL,1000,1000,0,,6761,NULL,NULL
2013,31,2,22070.8741,1000,47643,0,,NULL,NULL,NULL
2015,50,3,8712.9656,100,10204,30,6803,NULL,NULL,NULL
2016,14,2,1371.4286,300,9000,2,1300,NULL,2951,2951
2017,56,3,5884.6784,400,8700,28,4007,NULL,NULL,NULL
2018,68,4,6755.4736,100,8800,35,4673,NULL,NULL,NULL
2019,1,0,NULL,700,700,0,,NULL,3153,3153
2020,1,0,NULL,1100,1100,0,,5280,NULL,NULL
2021,8,2,1366.6667,900,9700,2,900,NULL,NULL,NULL
2022,1,0,NULL,700,700,0,,4652,NULL,NULL
2023,74,6,25411.1194,200,35286,59,23524,NULL,NULL,NULL
2024,26,2,12100.1852,500,15804,18,10536,NULL,NULL,NULL
2025,54,4,16560.9974,800,22709,42,15139,NULL,NULL,NULL
2026,33,2,15275.5610,300,20544,22,13696,NULL,NULL,NULL
2027,1,0,NULL,800,800,0,,5214,NULL,NULL
2028,59,4,24684.3260,300,48634,2,1100,NULL,NULL,NULL
2029,15,3,975.0000,100,12400,3,900,NULL,NULL,NULL
2030,53,4,24349.5855,900,33816,42,22544,NULL,NULL,NULL
2032,27,2,8857.1618,200,11766,20,7844,NULL,NULL,NULL
2033,41,3,12637.1443,600,16394,27,10929,NULL,NULL,NULL
2034,31,2,24852.9440,400,33642,23,22428,NULL,NULL,NULL
2035,5,2,413.3333,400,4300,0,,NULL,29389,44084
2036,28,1,7889.3135,300,33574,15,600,NULL,NULL,NULL
2037,73,6,18257.2016,900,24864,56,16576,NULL,NULL,NULL
2038,94,5,7073.4308,100,8200,53,5463,NULL,NULL,NULL
2039,45,6,6660.6324,200,49264,2,8000,NULL,NULL,NULL
2040,46,2,10445.8935,100,12600,25,7893,NULL,NULL,NULL
2041,56,3,6250.3333,200,10300,35,4631,NULL,NULL,NULL
2042,1,0,NULL,900,900,0,,NULL,3400,3400
2043,46,3,7927.8933,200,9825,30,6550,NULL,NULL,NULL
2044,52,4,20199.4523,300,27657,40,18438,NULL,NULL,NULL
2045,1,0,NULL,1100,1100,0,,6310,NULL,NULL
2046,12,2,1480.0000,100,9700,2,900,NULL,3110,3110
2047,1,0,NULL,600,600,0,,4727,NULL,NULL
2048,24,2,16441.1632,300,21798,17,14532,NULL,NULL,NULL
2049,14,1,10351.4286,200,13256,10,8837,NULL,NULL,NULL
2050,70,5,18080.7643,300,24616,51,16411,NULL,NULL,NULL
2051,61,3,39096.1316,300,48310,2,900,NULL,NULL,NULL
2052,70,5,11086.9489,800,14828,51,9885,NULL,NULL,NULL
2053,18,1,8251.2028,300,9921,11,6614,NULL,NULL,NULL
2054,50,4,21678.6892,600,29853,39,19902,NULL,NULL,NULL
2055,24,2,11758.1970,100,15400,16,10267,NULL,NULL,NULL
2056,75,6,22168.6095,100,49746,2,1200,NULL,NULL,NULL
2057,20,1,23067.3694,900,31564,15,21043,NULL,NULL,NULL
2058,40,2,5789.5267,200,8500,23,4053,NULL,NULL,NULL
2059,53,4,12309.1321,200,16940,41,11293,NULL,NULL,NULL
2060,28,2,17198.0299,200,22785,20,15190,NULL,NULL,NULL
2061,100,6,5110.1765,200,11600,55,4004,NULL,NULL,NULL
2062,3,2,112.0000,100,2400,0,,NULL,43095,64642
2063,1,0,NULL,700,700,0,,5885,NULL,NULL
2064,2,0,6500.0000,500,6000,0,,NULL,13936,20904
2065,30,2,20578.8517,400,27972,23,18648,NULL,NULL,NULL
2066,8,1,1211.1111,100,9200,2,1100,NULL,3758,3758
2067,96,5,7248.5114,300,45276,57,1200,NULL,NULL,NULL
2068,19,5,625.8621,200,10600,2,2100,NULL,3937,3937
2069,19,1,18955.6845,500,22966,12,15311,NULL,NULL,NULL
2070,92,6,13986.3776,100,18207,59,12138,NULL,NULL,NULL
2071,22,2,17729.4845,1000,23110,16,15407,NULL,NULL,NULL
2072,67,5,26584.5527,1000,36338,51,24225,NULL,NULL,NULL
2073,18,1,19092.9289,600,25913,13,17275,NULL,NULL,NULL
2074,35,3,25326.0529,900,34907,28,23271,NULL,NULL,NULL
2075,1,0,NULL,800,800,0,,NULL,3300,3300
2076,1,0,NULL,800,800,0,,6179,NULL,NULL
2077,71,4,5735.0943,100,6700,40,4305,NULL,NULL,NULL
2078,70,5,15863.0419,200,21950,54,14633,NULL,NULL,NULL
2079,18,1,20317.6149,300,26109,13,17406,NULL,NULL,NULL
2080,1,0,NULL,400,400,0,,NULL,49313,73970
2081,10,1,2061.5385,100,10300,0,,NULL,3042,3042
2082,76,5,23071.9811,200,49226,2,6700,NULL,NULL,NULL
2083,28,2,26342.7543,300,35972,22,23981,NULL,NULL,NULL
2084,31,2,22850.3027,900,30435,23,20290,NULL,NULL,NULL
2085,27,2,11168.8956,600,14568,18,9712,NULL,NULL,NULL
2086,1,0,NULL,500,500,0,,NULL,46199,69298
2087,97,6,27860.5499,600,49284,0,,NULL,NULL,NULL
2088,89,5,6061.3790,100,7400,54,4861,NULL,NULL,NULL
2089,28,2,32509.1639,500,47916,0,,NULL,NULL,NULL
2090,1,0,NULL,1000,1000,0,,5299,NULL,NULL
2091,36,2,6494.1439,800,12300,22,4623,NULL,NULL,NULL
2092,69,5,26689.2204,200,49797,2,6900,NULL,NULL,NULL
2093,20,1,18313.4682,1100,24056,15,16037,NULL,NULL,NULL
2094,1,0,NULL,800,800,0,,NULL,3433,3433
2095,38,3,21553.4435,800,29980,30,19987,NULL,NULL,NULL
2096,48,3,16383.3255,100,22634,35,15089,NULL,NULL,NULL
2097,41,1,6814.3649,100,29026,31,500,NULL,NULL,NULL
2099,103,6,33948.3058,900,49424,0,,NULL,NULL,NULL
2101,15,2,1220.6897,200,8400,2,1600,NULL,3464,3464
2102,36,2,13309.1482,500,17238,24,11492,NULL,NULL,NULL
2103,27,2,6638.1093,500,8310,19,5540,NULL,NULL,NULL
2104,36,2,13816.0066,600,18555,25,12370,NULL,NULL,NULL
2105,1,0,NULL,500,500,0,,4718,NULL,NULL
2106,37,3,13596.0574,400,18513,29,12342,NULL,NULL,NULL
2107,34,2,12453.3597,200,15882,20,10588,NULL,NULL,NULL
2108,33,2,15706.3698,1000,21092,25,14061,NULL,NULL,NULL
2109,22,3,6504.3750,100,29972,0,,NULL,NULL,NULL
2110,1,0,NULL,600,600,0,,NULL,3076,3076
2111,86,4,42015.5967,300,49554,0,,NULL,NULL,NULL
2112,39,2,12080.0227,100,15150,24,10100,NULL,NULL,NULL
2113,30,2,11340.1801,300,15117,23,10078,NULL,NULL,NULL
2114,34,2,12007.3154,600,15648,24,10432,NULL,NULL,NULL
2115,1,0,NULL,600,600,0,,NULL,2910,2910
2116,45,3,25788.0435,700,47298,2,5800,NULL,NULL,NULL
2117,33,2,13348.8084,900,17518,24,11679,NULL,NULL,NULL
2118,21,2,24877.0345,300,32772,16,21848,NULL,NULL,NULL
2119,55,3,10756.3450,500,12800,32,8533,NULL,NULL,NULL
2121,50,4,24272.0902,1000,33182,40,22121,NULL,NULL,NULL
2122,119,6,38789.0651,300,49976,2,12100,NULL,NULL,NULL
2123,1,0,NULL,900,900,0,,NULL,3212,3212
2124,72,6,23063.5533,500,32147,58,21431,NULL,NULL,NULL
2125,19,1,34811.6129,200,46028,0,,NULL,NULL,NULL
2126,2,1,329.4118,900,4700,0,,NULL,41083,61624
2127,6,1,1182.3529,400,9500,0,,NULL,2993,2993
2128,1,0,NULL,500,500,0,,5424,NULL,NULL
2130,31,2,26859.0800,200,47737,0,,NULL,NULL,NULL
2131,1,0,NULL,900,900,0,,6087,NULL,NULL
2132,65,5,23440.4707,700,32289,52,21526,NULL,NULL,NULL
2133,1,0,NULL,500,500,0,,4297,NULL,NULL
2134,31,2,14220.0702,300,18980,24,12653,NULL,NULL,NULL
2135,26,1,11884.8991,100,15393,15,10262,NULL,NULL,NULL
2136,17,1,11983.4965,600,14724,12,9816,NULL,NULL,NULL
2137,12,4,981.4815,300,7000,2,6400,NULL,19587,29380
2138,18,1,27836.6939,400,36832,14,24555,NULL,NULL,NULL
2139,7,3,197.2222,100,2400,2,900,NULL,28329,42494
2140,32,5,1186.8852,200,7900,3,1300,NULL,3478,3478
2141,22,2,27055.0685,500,35814,16,23876,NULL,NULL,NULL
2142,20,1,21837.4730,1000,27285,13,18190,NULL,NULL,NULL
2143,37,3,24364.7324,700,33669,29,22446,NULL,NULL,NULL
2144,50,3,30151.3914,500,49467,0,,NULL,NULL,NULL
2146,68,6,21529.4695,200,29739,55,19826,NULL,NULL,NULL
2147,33,2,5159.8633,100,6672,24,4448,NULL,NULL,NULL
2148,6,2,635.7143,300,11400,0,,NULL,3556,3556
2149,1,0,NULL,600,600,0,,5523,NULL,NULL
2150,1,0,NULL,900,900,0,,NULL,3381,3381
2151,60,4,11465.5167,100,15156,39,10104,NULL,NULL,NULL
2152,1,0,NULL,1100,1100,0,,4880,NULL,NULL
2153,1,0,NULL,200,200,0,,NULL,30777,46166
2154,1,0,NULL,200,200,0,,NULL,3189,3189
2155,14,3,807.5000,300,8200,3,1800,NULL,3404,3404
2156,29,2,26326.3235,100,36350,22,24233,NULL,NULL,NULL
2157,43,3,15295.3457,200,20462,31,13641,NULL,NULL,NULL
2158,31,2,9053.4824,1000,48917,21,1200,NULL,NULL,NULL
2159,38,3,25072.1008,600,34264,30,22843,NULL,NULL,NULL
2160,36,2,10965.6332,200,13689,20,9126,NULL,NULL,NULL
2161,54,5,15893.2269,200,46934,3,1700,NULL,NULL,NULL
2162,20,1,40433.4146,600,49587,0,,NULL,NULL,NULL
2163,50,4,20605.3445,700,28422,40,18948,NULL,NULL,NULL
2164,28,2,23470.3550,1000,32450,22,21633,NULL,NULL,NULL
2165,10,2,1426.3158,300,5900,0,,NULL,19649,29474
2166,23,2,13937.7924,500,18771,16,12514,NULL,NULL,NULL
2167,69,5,26196.0308,100,36552,53,24368,NULL,NULL,NULL
2169,20,1,26242.1815,600,34570,15,23047,NULL,NULL,NULL
2170,14,5,2278.5714,600,21600,0,,NULL,49847,74770
2172,1,0,NULL,1100,1100,0,,5120,NULL,NULL
2173,1,0,NULL,900,900,0,,5916,NULL,NULL
2174,12,1,17972.9919,400,43137,0,,NULL,NULL,NULL
2175,103,6,36022.0498,400,48902,0,,NULL,NULL,NULL
2176,84,5,31539.9120,500,49211,2,3600,NULL,NULL,NULL
2177,1,0,NULL,800,800,0,,5123,NULL,NULL
2178,44,4,24686.9101,1100,34133,35,22755,NULL,NULL,NULL
2179,72,5,25115.7641,100,49133,2,10200,NULL,NULL,NULL
2180,23,3,1095.1220,200,14200,3,2600,NULL,NULL,NULL
2182,27,1,11029.6289,100,11841,14,7894,NULL,NULL,NULL
2183,20,1,18220.5534,500,24002,14,16001,NULL,NULL,NULL
2184,22,2,27872.8966,100,36687,16,24458,NULL,NULL,NULL
2185,1,0,NULL,900,900,0,,5266,NULL,NULL
2186,1,0,NULL,1000,1000,0,,5492,NULL,NULL
2187,60,3,45217.5946,200,49053,0,,NULL,NULL,NULL
2189,70,6,22426.0262,700,31173,56,20782,NULL,NULL,NULL
2190,50,3,40434.7002,200,49038,0,,NULL,NULL,NULL
2191,31,2,14736.7606,800,19696,24,13131,NULL,NULL,NULL
2192,35,3,23483.8917,800,32352,27,21568,NULL,NULL,NULL
2193,36,2,7126.4981,200,10000,21,5721,NULL,NULL,NULL
2194,24,2,21631.3761,400,29079,18,19386,NULL,NULL,NULL
2195,54,4,18286.5903,800,24981,42,16654,NULL,NULL,NULL
2196,1,0,NULL,500,500,0,,5525,NULL,NULL
2197,25,1,15622.7237,500,19179,14,12786,NULL,NULL,NULL
2199,29,5,965.5738,100,8500,2,2600,NULL,3747,3747
2200,20,1,12667.6679,1100,16948,15,11299,NULL,NULL,NULL
2201,1,0,NULL,300,300,0,,NULL,3144,3144
2203,1,0,NULL,800,800,0,,6686,NULL,NULL
2204,29,1,8648.3529,300,9300,14,5931,NULL,NULL,NULL
2205,1,0,NULL,1100,1100,0,,5666,NULL,NULL
2206,68,3,8979.8049,100,10300,34,5896,NULL,NULL,NULL
2207,37,3,24195.7307,200,33214,29,22143,NULL,NULL,NULL
2208,1,0,NULL,1100,1100,0,,NULL,3189,3189
2209,61,2,62894.0024,900,49023,0,,NULL,NULL,NULL
2210,1,0,NULL,200,200,0,,5777,NULL,NULL
2211,1,0,NULL,300,300,0,,NULL,47050,70575
2212,1,0,NULL,800,800,0,,5270,NULL,NULL
2213,93,5,11377.3485,100,14115,54,9410,NULL,NULL,NULL
2214,39,3,14964.5925,400,20111,29,13407,NULL,NULL,NULL
2215,1,0,NULL,1000,1000,0,,6690,NULL,NULL
2216,113,6,39048.0347,500,49837,2,900,NULL,NULL,NULL
2217,19,3,1750.0000,300,11900,2,2000,NULL,NULL,NULL
2218,4,4,457.1429,600,13100,0,,NULL,41038,61557
2219,153,6,52471.0582,400,49528,2,25500,NULL,NULL,NULL
2220,1,0,NULL,1100,1100,0,,6153,NULL,NULL
2221,1,0,NULL,200,200,0,,NULL,3262,3262
2222,81,6,27628.8383,100,48579,2,1700,NULL,NULL,NULL
2223,1,0,NULL,700,700,0,,4396,NULL,NULL
2224,3,1,618.1818,400,5900,0,,NULL,23242,34863
2225,1,0,NULL,1000,1000,0,,4272,NULL,NULL
2226,38,3,21332.3707,1100,29232,28,19488,NULL,NULL,NULL
2227,120,5,49846.5336,300,49366,0,,NULL,NULL,NULL
2228,72,5,28504.2021,200,49683,2,8700,NULL,NULL,NULL
2229,27,2,17071.0102,1000,22575,19,15050,NULL,NULL,NULL
2230,1,0,NULL,200,200,0,,5292,NULL,NULL
2231,19,1,7211.2766,600,8127,11,5418,NULL,NULL,NULL
2232,50,3,11171.9873,500,20900,26,7374,NULL,NULL,NULL
2233,1,0,NULL,400,400,0,,5893,NULL,NULL
2234,1,0,NULL,600,600,0,,NULL,3176,3176
2235,40,3,10385.9318,800,14064,31,9376,NULL,NULL,NULL
2236,30,3,17532.5293,300,49016,0,,NULL,NULL,NULL
2237,39,3,19723.8462,1100,27348,30,18232,NULL,NULL,NULL
2239,55,4,16438.9972,800,22185,40,14790,NULL,NULL,NULL
2240,42,2,40247.7736,400,49314,0,,NULL,NULL,NULL
2241,93,6,13133.2331,100,17376,58,11584,NULL,NULL,NULL
2242,1,0,NULL,300,300,0,,NULL,43493,65240
2243,39,3,15822.0515,200,21380,29,14253,NULL,NULL,NULL
2244,1,0,NULL,200,200,0,,6888,NULL,NULL
2245,102,6,35566.2000,300,49381,0,,NULL,NULL,NULL
2246,50,3,38739.3422,700,48968,0,,NULL,NULL,NULL
2247,39,3,25810.3056,400,46129,2,5400,NULL,NULL,NULL
2250,65,5,23556.7275,800,32435,51,21623,NULL,NULL,NULL
2252,1,0,NULL,700,700,0,,NULL,3255,3255
2253,1,0,NULL,300,300,0,,6028,NULL,NULL
2254,59,3,43181.3951,200,49107,0,,NULL,NULL,NULL
2255,1,0,NULL,1100,1100,0,,NULL,3126,3126
2256,1,0,NULL,700,700,0,,4729,NULL,NULL
2257,1,0,NULL,500,500,0,,NULL,3374,3374
2258,1,0,NULL,600,600,0,,6656,NULL,NULL
2259,1,0,NULL,600,600,0,,4442,NULL,NULL
2260,65,5,9701.4545,500,12807,45,8538,NULL,NULL,NULL
2261,19,2,21379.5310,200,47226,0,,NULL,NULL,NULL
2262,46,2,57834.3750,200,49862,0,,NULL,NULL,NULL
2263,38,3,19505.5334,400,26456,27,17637,NULL,NULL,NULL
2264,1,0,NULL,1000,1000,0,,4767,NULL,NULL
2265,66,3,43280.8367,500,49240,0,,NULL,NULL,NULL
2266,31,2,18559.4948,600,25464,24,16976,NULL,NULL,NULL
2267,57,4,26476.4573,500,49708,0,,NULL,NULL,NULL
2268,47,4,25393.7008,200,35469,38,23646,NULL,NULL,NULL
2269,75,5,11036.0611,100,14588,51,9725,NULL,NULL,NULL
2270,1,0,NULL,600,600,0,,5407,NULL,NULL
2271,1,0,NULL,600,600,0,,NULL,3048,3048
2272,18,1,7626.6509,200,8970,11,5980,NULL,NULL,NULL
2274,62,3,5820.5960,100,48069,35,700,NULL,NULL,NULL
2275,29,2,14532.4723,200,19710,22,13140,NULL,NULL,NULL
2276,1,0,NULL,400,400,0,,4794,NULL,NULL
2278,32,2,16254.4561,500,21612,24,14408,NULL,NULL,NULL
2279,2,0,883.3333,600,4700,0,,NULL,39338,59007
2280,45,3,19287.5434,200,26172,33,17448,NULL,NULL,NULL
2281,44,3,15615.3846,400,21694,34,14463,NULL,NULL,NULL
2282,12,5,1127.4194,200,18100,2,5000,NULL,46101,69152
2285,55,2,8347.2127,700,44337,25,1800,NULL,NULL,NULL
2286,3,1,528.5714,800,1900,0,,NULL,10285,15428
2287,33,3,25765.8394,900,35261,26,23507,NULL,NULL,NULL
2288,38,3,23047.4026,900,31695,30,21130,NULL,NULL,NULL
2289,36,3,17228.1574,300,23740,27,15827,NULL,NULL,NULL
2290,1,0,NULL,400,400,0,,6298,NULL,NULL
2291,1,0,NULL,700,700,0,,6563,NULL,NULL
2292,23,3,1240.4762,200,13100,3,1100,NULL,2994,2994
2293,1,0,NULL,700,700,0,,6745,NULL,NULL
2294,29,2,15636.5872,900,20746,22,13831,NULL,NULL,NULL
2295,48,2,39069.5275,600,48216,0,,NULL,NULL,NULL
2296,15,1,25727.4436,600,33056,11,22037,NULL,NULL,NULL
2297,51,3,5320.5577,200,9600,35,4441,NULL,NULL,NULL
2298,67,5,23523.7726,1000,32682,55,21788,NULL,NULL,NULL
2299,27,2,9191.0275,1000,12084,19,8056,NULL,NULL,NULL
2300,9,1,1487.5000,200,11500,2,200,NULL,NULL,NULL
2301,41,3,22125.8564,200,30603,31,20402,NULL,NULL,NULL
2302,66,5,13688.1178,300,18806,53,12537,NULL,NULL,NULL
2303,26,2,21868.3155,500,29714,20,19809,NULL,NULL,NULL
2304,26,3,24281.1741,500,49374,0,,NULL,NULL,NULL
2305,16,3,882.5000,100,9300,2,700,NULL,3542,3542
2306,68,5,14252.3001,400,19504,50,13003,NULL,NULL,NULL
2307,1,0,NULL,600,600,0,,5189,NULL,NULL
2309,39,3,18496.9412,600,25152,30,16768,NULL,NULL,NULL
2310,59,3,9582.6634,200,11834,34,7889,NULL,NULL,NULL
2311,16,1,22829.4928,1100,30111,11,20074,NULL,NULL,NULL
2312,1,0,NULL,1100,1100,0,,5340,NULL,NULL
2313,33,6,1652.9412,100,13500,2,4200,NULL,11580,17370
2314,29,2,13882.5275,1100,18981,22,12654,NULL,NULL,NULL
2315,1,0,NULL,900,900,0,,4439,NULL,NULL
2316,8,1,2028.5714,600,14100,0,,NULL,3190,3190
2317,1,0,NULL,300,300,0,,5293,NULL,NULL
2318,64,5,25055.4927,200,34443,51,22962,NULL,NULL,NULL
2319,40,2,29495.1050,1100,49576,0,,NULL,NULL,NULL
2321,110,6,43951.8639,400,49925,0,,NULL,NULL,NULL
2322,68,4,32644.2500,600,49432,2,5200,NULL,NULL,NULL
2323,46,4,24607.2201,300,33584,36,22389,NULL,NULL,NULL
2324,20,2,15957.8610,800,21258,15,14172,NULL,NULL,NULL
2325,23,2,18945.2519,1100,25784,18,17189,NULL,NULL,NULL
2326,72,5,19564.3051,200,49848,2,10700,NULL,NULL,NULL
2327,13,4,694.1176,600,5800,0,,NULL,15714,23571
2328,1,0,NULL,1000,1000,0,,6765,NULL,NULL
2329,32,2,7397.1680,500,9902,23,6601,NULL,NULL,NULL
2330,1,0,NULL,200,200,0,,NULL,3395,3395
2331,1,0,NULL,300,300,0,,NULL,3113,3113
2332,37,2,10703.8738,900,12447,22,8298,NULL,NULL,NULL
2333,88,4,8269.4187,100,49166,60,1300,NULL,NULL,NULL
2334,27,3,5021.2121,600,16200,2,9500,NULL,12078,18117
2335,36,3,15698.3265,1100,20988,27,13992,NULL,NULL,NULL
2336,97,5,6728.2409,300,10300,55,5177,NULL,NULL,NULL
2337,20,1,23371.9729,400,32463,14,21642,NULL,NULL,NULL
2338,25,1,36708.1299,300,49162,0,,NULL,NULL,NULL
2339,1,0,NULL,500,500,0,,5893,NULL,NULL
2340,21,1,10045.9551,900,12786,15,8524,NULL,NULL,NULL
2341,1,0,NULL,200,200,0,,NULL,3071,3071
2342,1,0,NULL,400,400,0,,NULL,3247,3247
2343,69,4,13270.4866,100,16866,40,11244,NULL,NULL,NULL
2344,1,0,NULL,1100,1100,0,,4928,NULL,NULL
2345,3,2,67.8571,300,1100,0,,NULL,19969,29954
2346,24,2,17781.1942,600,48059,0,,NULL,NULL,NULL
2347,1,0,NULL,600,600,0,,6498,NULL,NULL
2348,37,3,16233.2534,600,21976,29,14651,NULL,NULL,NULL
2349,1,0,NULL,500,500,0,,6206,NULL,NULL
2350,46,2,38587.7993,600,49869,2,6400,NULL,NULL,NULL
2351,18,1,22639.1028,1000,29252,13,19501,NULL,NULL,NULL
2352,51,4,21987.7183,300,30378,39,20252,NULL,NULL,NULL
2353,46,3,17143.2285,200,23474,32,15649,NULL,NULL,NULL
2354,23,2,20382.0755,700,27900,17,18600,NULL,NULL,NULL
2355,1,0,NULL,600,600,0,,NULL,42608,63912
2356,27,2,18005.0417,300,48955,2,800,NULL,NULL,NULL
2357,1,0,NULL,800,800,0,,6434,NULL,NULL
2358,44,3,10356.8239,300,13983,32,9322,NULL,NULL,NULL
2359,44,2,6692.0914,100,8100,24,4679,NULL,NULL,NULL
2360,30,2,22087.2586,300,30261,23,20174,NULL,NULL,NULL
2361,101,5,10261.3014,100,10380,48,6920,NULL,NULL,NULL
2362,1,0,NULL,700,700,0,,NULL,3389,3389
2363,1,0,NULL,700,700,0,,6840,NULL,NULL
2364,1,0,NULL,1100,1100,0,,5899,NULL,NULL
2365,1,0,NULL,500,500,0,,5113,NULL,NULL
2366,1,0,NULL,700,700,0,,5226,NULL,NULL
2367,48,4,21563.0435,300,29724,38,19816,NULL,NULL,NULL
2369,21,1,17759.4129,600,23660,14,15773,NULL,NULL,NULL
2370,18,1,20224.1284,300,25748,12,17165,NULL,NULL,NULL
2371,14,1,17822.2857,600,39939,0,,NULL,NULL,NULL
2372,6,1,2177.7778,100,10000,0,,NULL,3438,3438
2373,1,0,NULL,1100,1100,0,,4812,NULL,NULL
2374,1,0,NULL,200,200,0,,NULL,3497,3497
2375,56,5,25345.2367,1000,35226,45,23484,NULL,NULL,NULL
2376,27,2,24513.4535,600,33660,20,22440,NULL,NULL,NULL
2377,1,0,NULL,300,300,0,,4393,NULL,NULL
2378,114,6,37025.4495,100,49753,2,5600,NULL,NULL,NULL
2379,81,6,5922.8333,100,13900,59,5072,NULL,NULL,NULL
2380,30,2,9087.1145,100,11138,18,7425,NULL,NULL,NULL
2381,26,2,19596.3086,600,26367,18,17578,NULL,NULL,NULL
2382,1,0,NULL,1000,1000,0,,6115,NULL,NULL
2383,38,2,13600.3147,100,16637,24,11091,NULL,NULL,NULL
2384,1,0,NULL,500,500,0,,NULL,47906,71859
2385,27,2,20753.7549,300,28122,20,18748,NULL,NULL,NULL
2386,28,2,19363.2000,300,26691,20,17794,NULL,NULL,NULL
2387,1,0,NULL,800,800,0,,5121,NULL,NULL
2388,1,0,NULL,300,300,0,,NULL,3492,3492
2389,32,3,23943.2061,1000,32244,25,21496,NULL,NULL,NULL
2390,50,3,39907.0676,700,49704,0,,NULL,NULL,NULL
2391,18,1,10570.9500,500,12179,11,8119,NULL,NULL,NULL
2392,9,1,8413.2468,100,47430,0,,NULL,NULL,NULL
2393,80,6,11976.3544,500,16106,60,10737,NULL,NULL,NULL
2394,15,1,17069.9345,400,42086,0,,NULL,NULL,NULL
2395,47,2,9138.6667,200,11000,25,6291,NULL,NULL,NULL
2396,1,0,NULL,500,500,0,,4203,NULL,NULL
2397,47,2,6727.8878,800,7041,25,4694,NULL,NULL,NULL
2398,69,2,6668.7649,200,36405,27,200,NULL,NULL,NULL
2399,135,5,7114.9853,100,46183,57,1500,NULL,NULL,NULL
2400,1,0,NULL,500,500,0,,4351,NULL,NULL
2401,1,0,NULL,1100,1100,0,,6852,NULL,NULL
2402,1,0,NULL,1000,1000,0,,6943,NULL,NULL
2403,52,3,6407.8829,200,9200,28,4547,NULL,NULL,NULL
2404,21,2,14586.0323,200,19251,15,12834,NULL,NULL,NULL
2405,26,2,14834.7014,600,19313,18,12875,NULL,NULL,NULL
2406,1,0,NULL,400,400,0,,4780,NULL,NULL
2407,34,2,12159.5080,300,16407,24,10938,NULL,NULL,NULL
2408,26,2,17664.5763,600,23976,20,15984,NULL,NULL,NULL
2409,44,3,11698.3156,600,15442,28,10295,NULL,NULL,NULL
2410,1,0,NULL,600,600,0,,6105,NULL,NULL
2411,68,5,23977.2247,700,33275,55,22183,NULL,NULL,NULL
2413,18,1,18527.7206,500,23582,11,15721,NULL,NULL,NULL
2414,1,0,NULL,400,400,0,,NULL,2949,2949
2415,24,2,17270.9677,1100,22980,18,15320,NULL,NULL,NULL
2416,38,3,18643.1143,700,25331,29,16887,NULL,NULL,NULL
2417,71,5,5522.6047,400,11700,53,4744,NULL,NULL,NULL
2418,56,2,55213.2911,200,49496,0,,NULL,NULL,NULL
2419,121,5,49570.9358,200,49601,2,36320,NULL,NULL,NULL
2420,4,0,2333.3333,400,9100,0,,NULL,3602,3602
2421,1,0,NULL,900,900,0,,NULL,3460,3460
2422,1,0,NULL,200,200,0,,6114,NULL,NULL
2423,1,0,NULL,400,400,0,,5671,NULL,NULL
2424,85,3,59000.2949,300,49651,0,,NULL,NULL,NULL
2425,95,6,10261.6348,200,13358,59,8905,NULL,NULL,NULL
2427,73,5,16374.5873,800,48664,3,9900,NULL,NULL,NULL
2428,67,5,17107.8044,500,23580,53,15720,NULL,NULL,NULL
2429,82,6,16171.3816,200,21914,58,14609,NULL,NULL,NULL
2430,57,4,10407.0573,900,14300,41,9032,NULL,NULL,NULL
2431,76,4,8568.2684,100,10500,38,5677,NULL,NULL,NULL
2432,1,0,NULL,1100,1100,0,,5880,NULL,NULL
2433,1,0,NULL,500,500,0,,4718,NULL,NULL
2434,98,6,5645.1753,100,10600,59,4391,NULL,NULL,NULL
2435,89,5,37742.5199,200,49885,0,,NULL,NULL,NULL
2436,75,6,9823.5933,400,14900,55,8540,NULL,NULL,NULL
2437,1,0,NULL,500,500,0,,NULL,2991,2991
2438,15,1,11286.7866,300,14674,10,9783,NULL,NULL,NULL
2439,1,0,NULL,500,500,0,,6457,NULL,NULL
2440,13,1,25681.1634,1100,35530,10,23687,NULL,NULL,NULL
2441,26,2,19974.7899,200,27300,20,18200,NULL,NULL,NULL
2442,1,0,NULL,600,600,0,,NULL,3163,3163
2443,19,1,26699.2710,1000,36549,15,24366,NULL,NULL,NULL
2444,2,0,240.0000,300,900,0,,NULL,29316,43974
2445,55,2,44290.5234,800,49822,2,5056,NULL,NULL,NULL
2446,57,4,13228.9263,400,17811,39,11874,NULL,NULL,NULL
2447,22,1,13957.1236,200,18076,15,12051,NULL,NULL,NULL
2448,1,0,NULL,1000,1000,0,,NULL,3390,3390
2449,12,1,6631.6250,200,49898,0,,NULL,NULL,NULL
2450,35,3,27467.7049,900,37134,27,24756,NULL,NULL,NULL
2451,22,2,17693.6949,300,23562,16,15708,NULL,NULL,NULL
2452,1,0,NULL,600,600,0,,5563,NULL,NULL
2453,1,0,NULL,400,400,0,,NULL,3285,3285
2454,134,5,9114.8043,200,49363,57,1700,NULL,NULL,NULL
2455,1,0,NULL,200,200,0,,6216,NULL,NULL
2456,18,3,1943.5897,600,9300,2,5600,NULL,25124,37686
2457,79,5,6609.8329,200,9400,50,5752,NULL,NULL,NULL
2458,3,1,409.0909,300,3100,0,,NULL,25920,38880
2459,1,0,NULL,200,200,0,,5049,NULL,NULL
2460,74,5,8130.1462,100,10386,50,6924,NULL,NULL,NULL
2461,25,1,4933.9955,200,15885,15,1300,NULL,NULL,NULL
2463,52,4,16763.0678,600,23190,41,15460,NULL,NULL,NULL
2464,101,5,33609.8051,900,49465,2,10600,NULL,NULL,NULL
2465,1,0,NULL,1000,1000,0,,6003,NULL,NULL
2466,23,2,23587.1195,400,31115,17,20743,NULL,NULL,NULL
2467,69,6,24652.4481,200,34130,55,22753,NULL,NULL,NULL
2468,1,0,NULL,400,400,0,,NULL,3141,3141
2469,1,0,NULL,200,200,0,,NULL,3330,3330
2470,57,4,20366.4540,700,28076,44,18717,NULL,NULL,NULL
2471,4,4,217.7778,600,4100,0,,NULL,43595,65392
2472,64,5,17671.7637,800,23903,49,15935,NULL,NULL,NULL
2473,1,0,NULL,200,200,0,,NULL,2995,2995
2474,10,2,624.1379,200,8600,2,900,NULL,3559,3559
2475,31,2,14308.3671,600,18626,21,12417,NULL,NULL,NULL
2476,1,0,NULL,900,900,0,,4281,NULL,NULL
2477,29,2,5799.1168,200,6968,19,4645,NULL,NULL,NULL
2479,74,5,6955.0424,200,10500,52,5987,NULL,NULL,NULL
2480,29,1,51124.8190,400,49812,0,,NULL,NULL,NULL
2481,21,3,1315.7895,100,15300,3,900,NULL,NULL,NULL
2482,72,5,12937.0103,300,17277,48,11518,NULL,NULL,NULL
2483,29,2,26142.8625,600,35331,22,23554,NULL,NULL,NULL
2484,75,6,16089.2946,1100,22168,60,14779,NULL,NULL,NULL
2485,1,0,NULL,800,800,0,,4042,NULL,NULL
2486,128,6,49274.9150,100,49955,0,,NULL,NULL,NULL
2487,61,3,6688.2895,100,9300,31,4741,NULL,NULL,NULL
2488,1,0,NULL,400,400,0,,NULL,3046,3046
2489,1,0,NULL,900,900,0,,5781,NULL,NULL
2490,51,4,15786.6043,100,21568,38,14379,NULL,NULL,NULL
2491,41,3,8180.1581,500,10518,28,7012,NULL,NULL,NULL
2492,1,0,NULL,700,700,0,,6901,NULL,NULL
2493,105,6,10602.4808,300,18500,57,8063,NULL,NULL,NULL
2494,1,0,NULL,200,200,0,,NULL,40157,60236
2495,18,2,2757.1429,200,11700,2,4400,NULL,NULL,NULL
2496,74,5,9158.1933,400,11210,45,7473,NULL,NULL,NULL
2497,83,6,6934.0029,200,9600,57,5956,NULL,NULL,NULL
2498,40,3,10934.7493,400,14436,28,9624,NULL,NULL,NULL
2499,53,3,8713.4971,400,12200,29,5855,NULL,NULL,NULL
2500,25,3,3204.8594,200,23676,3,800,NULL,NULL,NULL
2501,60,5,20099.6218,600,27782,48,18521,NULL,NULL,NULL
2502,28,2,6804.0464,800,9100,21,5828,NULL,NULL,NULL
2503,84,6,10886.9586,100,14361,57,9574,NULL,NULL,NULL
2504,62,5,25474.6696,300,35064,50,23376,NULL,NULL,NULL
2505,1,0,NULL,200,200,0,,4431,NULL,NULL
2506,49,2,39093.0169,400,49360,0,,NULL,NULL,NULL
2507,36,2,8672.5140,300,10251,20,6834,NULL,NULL,NULL
2508,1,0,NULL,700,700,0,,4271,NULL,NULL
2509,37,1,52543.3333,900,47978,0,,NULL,NULL,NULL
2510,65,5,21644.6818,1100,30076,53,20051,NULL,NULL,NULL
2511,61,5,14777.5758,700,20096,46,13397,NULL,NULL,NULL
2513,15,4,874.4186,200,9800,0,,NULL,3983,3983
2514,42,3,17702.6891,200,24622,33,16415,NULL,NULL,NULL
2515,35,3,16586.4187,200,49747,2,13800,NULL,NULL,NULL
2516,47,3,18904.3929,300,23832,30,15888,NULL,NULL,NULL
2517,1,0,NULL,600,600,0,,NULL,31129,46694
2519,1,0,NULL,500,500,0,,5544,NULL,NULL
2520,4,1,1178.5714,400,12200,0,,NULL,3533,3533
2521,44,4,26139.6148,1000,36063,35,24042,NULL,NULL,NULL
2522,5,2,463.1579,800,3600,0,,NULL,23226,34839
2523,18,3,669.0476,100,9500,3,400,NULL,3023,3023
2524,1,0,NULL,300,300,0,,6263,NULL,NULL
2525,57,4,9639.4821,500,12009,36,8006,NULL,NULL,NULL
2526,1,0,NULL,800,800,0,,6057,NULL,NULL
2527,124,6,40805.8990,800,49632,3,1000,NULL,NULL,NULL
2528,1,0,NULL,1000,1000,0,,4236,NULL,NULL
2530,32,2,26990.5935,400,36984,25,24656,NULL,NULL,NULL
2531,1,0,NULL,200,200,0,,6294,NULL,NULL
2532,1,0,NULL,500,500,0,,NULL,48965,73448
2533,66,3,6965.2143,200,21300,35,4058,NULL,NULL,NULL
2534,93,6,6294.0416,100,7672,55,5115,NULL,NULL,NULL
2535,25,2,16647.1449,1100,22236,19,14824,NULL,NULL,NULL
2536,1,0,NULL,500,500,0,,6234,NULL,NULL
2537,43,2,57599.6313,400,49558,0,,NULL,NULL,NULL
2538,1,0,NULL,200,200,0,,6379,NULL,NULL
2539,1,0,NULL,500,500,0,,6160,NULL,NULL
2540,109,4,7698.4819,400,47371,45,1700,NULL,NULL,NULL
2541,61,4,15407.4582,100,20235,41,13490,NULL,NULL,NULL
2542,95,5,6843.3180,100,8200,54,5071,NULL,NULL,NULL
2543,1,0,NULL,1100,1100,0,,6148,NULL,NULL
2544,45,2,10427.3598,300,15800,20,5272,NULL,NULL,NULL
2545,44,2,14650.0682,1100,14146,20,9431,NULL,NULL,NULL
2546,50,4,19272.2881,300,49530,2,4700,NULL,NULL,NULL
2547,46,4,26863.4921,800,36915,36,24610,NULL,NULL,NULL
2548,51,3,7016.9101,300,13100,30,5118,NULL,NULL,NULL
2549,1,0,NULL,200,200,0,,6345,NULL,NULL
2550,45,3,17236.6994,400,23144,30,15429,NULL,NULL,NULL
2551,57,3,41162.1103,1100,49845,0,,NULL,NULL,NULL
2552,68,5,19450.4282,400,26970,55,17980,NULL,NULL,NULL
2553,44,3,19068.2820,200,26240,34,17493,NULL,NULL,NULL
2554,67,5,26532.2584,400,37044,55,24696,NULL,NULL,NULL
2555,76,6,20938.2009,800,28533,58,19022,NULL,NULL,NULL
2556,1,0,NULL,800,800,0,,NULL,3009,3009
2557,91,5,5921.9740,200,6600,50,4209,NULL,NULL,NULL
2558,1,0,NULL,300,300,0,,NULL,2974,2974
2559,51,4,13161.1215,800,16902,35,11268,NULL,NULL,NULL
2560,25,1,10076.4576,300,12581,15,8387,NULL,NULL,NULL
2561,31,2,22936.3772,1100,30866,22,20577,NULL,NULL,NULL
2562,1,0,NULL,900,900,0,,NULL,3353,3353
2563,81,4,7700.1619,300,12200,39,4477,NULL,NULL,NULL
2564,20,2,21863.0686,1000,28767,15,19178,NULL,NULL,NULL
2565,75,3,6375.0897,400,45797,39,1700,NULL,NULL,NULL
2566,37,6,1081.1594,100,10700,3,3400,NULL,NULL,NULL
2567,7,1,984.6154,100,7900,3,1300,NULL,3862,3862
2568,59,5,24933.9071,600,34478,48,22985,NULL,NULL,NULL
2569,1,0,NULL,1000,1000,0,,6772,NULL,NULL
2570,1,0,NULL,400,400,0,,NULL,3077,3077
2571,2,1,1184.6154,700,14700,0,,NULL,46999,70498
2572,5,3,1069.6970,600,12300,0,,NULL,48819,73228
2573,10,2,4928.6602,300,31287,2,300,NULL,NULL,NULL
2574,100,6,17324.7826,100,29700,59,14319,NULL,NULL,NULL
2575,1,0,NULL,1000,1000,0,,6618,NULL,NULL
2576,101,5,32788.3746,500,49893,2,8700,NULL,NULL,NULL
2577,1,0,NULL,1000,1000,0,,5941,NULL,NULL
2578,1,0,NULL,1100,1100,0,,4269,NULL,NULL
2579,20,1,6079.0385,200,9700,11,4032,NULL,NULL,NULL
2580,54,3,14287.6794,300,17313,31,11542,NULL,NULL,NULL
2581,73,6,21402.7675,500,29480,58,19653,NULL,NULL,NULL
2582,65,5,23859.4203,500,32826,51,21884,NULL,NULL,NULL
2583,46,5,1618.1818,100,13900,4,200,NULL,NULL,NULL
2584,1,0,NULL,200,200,0,,4188,NULL,NULL
2585,73,6,16285.3424,1000,22444,59,14963,NULL,NULL,NULL
2586,34,2,38961.5563,1000,48894,2,12100,NULL,NULL,NULL
2587,19,1,10215.7485,600,13257,14,8838,NULL,NULL,NULL
2588,65,5,19221.9540,200,26297,50,17531,NULL,NULL,NULL
2589,1,0,NULL,700,700,0,,5541,NULL,NULL
2590,1,0,NULL,700,700,0,,NULL,3030,3030
2591,1,0,NULL,800,800,0,,5718,NULL,NULL
2592,78,5,13685.1842,200,17638,53,11759,NULL,NULL,NULL
2593,32,2,21476.1608,1100,29068,25,19379,NULL,NULL,NULL
2594,34,2,37649.2525,400,49588,0,,NULL,NULL,NULL
2595,1,0,NULL,300,300,0,,6828,NULL,NULL
2596,1,0,NULL,200,200,0,,NULL,3428,3428
2597,22,2,21751.5238,600,29751,17,19834,NULL,NULL,NULL
2598,59,3,41688.6248,300,48920,0,,NULL,NULL,NULL
2599,83,6,21110.8225,600,49144,2,15700,NULL,NULL,NULL
2600,83,3,59381.1962,1000,48577,2,1000,NULL,NULL,NULL
2601,14,2,1666.6667,200,10000,2,3500,NULL,NULL,NULL
2602,40,2,13467.7863,300,16455,25,10970,NULL,NULL,NULL
2603,1,0,NULL,300,300,0,,5416,NULL,NULL
2604,1,0,NULL,700,700,0,,6173,NULL,NULL
2605,51,3,7869.6045,100,10500,29,6368,NULL,NULL,NULL
2606,1,0,NULL,1100,1100,0,,4499,NULL,NULL
2607,18,1,11995.6513,200,16048,13,10699,NULL,NULL,NULL
2608,49,3,9839.8525,500,12858,34,8572,NULL,NULL,NULL
2609,81,6,33172.0203,800,49843,0,,NULL,NULL,NULL
2610,1,0,NULL,300,300,0,,6858,NULL,NULL
2611,36,3,17232.5471,300,23314,28,15543,NULL,NULL,NULL
2612,2,1,166.6667,300,1200,0,,NULL,22595,33892
2613,1,0,NULL,300,300,0,,4985,NULL,NULL
2614,1,0,NULL,900,900,0,,NULL,3229,3229
2615,55,4,11309.5520,400,15603,44,10402,NULL,NULL,NULL
2616,67,5,21920.1807,600,30428,53,20285,NULL,NULL,NULL
2617,1,0,NULL,400,400,0,,NULL,3050,3050
2618,1,0,NULL,600,600,0,,6559,NULL,NULL
2619,33,3,12457.1732,1100,16965,25,11310,NULL,NULL,NULL
2620,97,5,7710.0613,300,9200,54,5783,NULL,NULL,NULL
2621,47,3,5135.9107,200,10800,31,4229,NULL,NULL,NULL
2622,50,2,15816.4362,300,15902,23,10601,NULL,NULL,NULL
2623,111,5,7368.2347,100,11400,52,4337,NULL,NULL,NULL
2624,9,3,1965.6250,400,17400,0,,NULL,26736,40104
2625,60,2,56167.0751,400,49583,0,,NULL,NULL,NULL
2627,1,0,NULL,600,600,0,,4822,NULL,NULL
2628,98,5,40061.4068,800,48558,2,23840,NULL,NULL,NULL
2629,30,2,20244.8364,300,27316,23,18211,NULL,NULL,NULL
2630,38,3,21303.0359,400,29580,30,19720,NULL,NULL,NULL
2631,1,0,NULL,900,900,0,,NULL,3436,3436
2632,74,6,15488.5833,1100,21396,60,14264,NULL,NULL,NULL
2633,80,3,70078.5743,1100,49347,2,12062,NULL,NULL,NULL
2634,16,1,22155.2482,600,30038,11,20025,NULL,NULL,NULL
2635,2,1,76.4706,600,700,0,,NULL,30058,45087
2636,1,0,NULL,600,600,0,,4882,NULL,NULL
2637,25,2,19760.6223,500,26838,20,17892,NULL,NULL,NULL
2638,57,5,21946.1608,1100,30122,45,20081,NULL,NULL,NULL
2639,70,6,26219.1245,400,36399,56,24266,NULL,NULL,NULL
2640,38,2,18144.8391,600,23517,22,15678,NULL,NULL,NULL
2641,70,6,23223.9220,300,32148,56,21432,NULL,NULL,NULL
2642,47,4,14454.1076,900,19323,35,12882,NULL,NULL,NULL
2644,1,0,NULL,600,600,0,,4984,NULL,NULL
2645,85,6,12928.4638,300,16846,55,11231,NULL,NULL,NULL
2646,33,1,50401.4971,1000,49856,0,,NULL,NULL,NULL
2647,97,6,15010.5443,200,25600,59,12015,NULL,NULL,NULL
2648,42,6,5529.9802,200,46427,2,4100,NULL,NULL,NULL
2649,93,5,12667.9499,100,17000,53,10427,NULL,NULL,NULL
2650,38,3,19012.6888,300,25530,27,17020,NULL,NULL,NULL
2651,2,4,125.5319,200,5700,0,,NULL,35929,53894
2652,32,2,22856.0825,900,31520,24,21013,NULL,NULL,NULL
2653,25,2,25688.3880,200,34618,20,23079,NULL,NULL,NULL
2654,1,0,NULL,900,900,0,,6179,NULL,NULL
2655,32,2,23695.1044,1000,43114,0,,NULL,NULL,NULL
2656,1,0,NULL,900,900,0,,5046,NULL,NULL
2657,1,0,NULL,400,400,0,,4281,NULL,NULL
2658,1,0,NULL,1000,1000,0,,NULL,3406,3406
2659,41,3,8597.0774,200,10805,27,7203,NULL,NULL,NULL
2660,106,5,44977.2761,200,49740,0,,NULL,NULL,NULL
2661,28,2,10045.5708,800,12712,18,8475,NULL,NULL,NULL
2662,1,0,NULL,600,600,0,,5500,NULL,NULL
2663,1,0,NULL,700,700,0,,6362,NULL,NULL
2664,64,5,16569.6404,200,22857,49,15238,NULL,NULL,NULL
2665,157,5,8051.6711,300,49825,125,1600,NULL,NULL,NULL
2666,1,0,NULL,600,600,0,,NULL,2901,2901
2667,1,0,NULL,700,700,0,,NULL,3270,3270
2668,21,2,16659.0796,900,22239,15,14826,NULL,NULL,NULL
2670,72,6,26357.9467,1100,36572,59,24381,NULL,NULL,NULL
2671,36,5,1017.1875,100,12300,5,400,NULL,2976,2976
2672,1,0,NULL,300,300,0,,NULL,3484,3484
2673,64,5,13614.7550,900,18592,50,12395,NULL,NULL,NULL
2674,56,3,7247.7261,200,45402,39,1300,NULL,NULL,NULL
2675,17,5,5930.7250,200,49280,2,2400,NULL,NULL,NULL
2676,78,6,16586.5690,200,22895,59,15263,NULL,NULL,NULL
2677,30,2,21977.9496,900,29901,23,19934,NULL,NULL,NULL
2678,1,0,NULL,200,200,0,,NULL,37930,56895
2679,1,0,NULL,1100,1100,0,,6654,NULL,NULL
2680,22,4,2406.6667,800,15900,2,2600,NULL,17001,25502
2681,48,4,25870.2470,1100,35907,39,23938,NULL,NULL,NULL
2684,26,1,8502.3758,300,34406,16,1800,NULL,NULL,NULL
2685,1,0,NULL,200,200,0,,4703,NULL,NULL
2686,1,0,NULL,900,900,0,,5896,NULL,NULL
2687,1,0,NULL,1100,1100,0,,6336,NULL,NULL
2688,1,0,NULL,200,200,0,,4204,NULL,NULL
2689,26,2,22162.7762,1100,29836,20,19891,NULL,NULL,NULL
2690,1,0,NULL,600,600,0,,6632,NULL,NULL
2691,28,4,1067.3077,100,13000,4,300,NULL,NULL,NULL
2692,1,0,NULL,1100,1100,0,,5709,NULL,NULL
2693,15,1,17595.5754,1100,23403,10,15602,NULL,NULL,NULL
2694,88,6,19980.9700,300,26378,58,17585,NULL,NULL,NULL
2695,65,5,22377.9154,700,31209,52,20806,NULL,NULL,NULL
2696,1,0,NULL,600,600,0,,4673,NULL,NULL
2697,103,5,8830.0602,200,15800,55,6224,NULL,NULL,NULL
2698,7,1,11133.9093,1000,42046,0,,NULL,NULL,NULL
2699,1,0,NULL,300,300,0,,NULL,44899,67348
2700,2,1,166.6667,400,1100,0,,NULL,30408,45612
2701,95,5,11506.2385,100,14064,54,9376,NULL,NULL,NULL
2702,37,3,26842.5648,1000,36665,29,24443,NULL,NULL,NULL
2703,1,0,NULL,1000,1000,0,,NULL,3124,3124
2705,48,5,4092.4242,100,24500,3,600,NULL,15649,23474
2706,20,2,2100.0000,200,12400,2,2700,NULL,NULL,NULL
2707,82,4,36223.6531,400,49278,2,11900,NULL,NULL,NULL
2708,36,3,23595.3320,400,32058,27,21372,NULL,NULL,NULL
2709,1,0,NULL,600,600,0,,NULL,3037,3037
2710,45,2,42613.9910,100,49970,0,,NULL,NULL,NULL
2711,68,6,21568.9941,400,29952,55,19968,NULL,NULL,NULL
2712,1,0,NULL,400,400,0,,6604,NULL,NULL
2713,1,0,NULL,500,500,0,,6422,NULL,NULL
2714,103,6,7120.5973,200,49285,71,1300,NULL,NULL,NULL
2715,1,0,NULL,900,900,0,,NULL,3329,3329
2716,39,3,22702.7392,300,30804,30,20536,NULL,NULL,NULL
2717,1,0,NULL,1000,1000,0,,NULL,3407,3407
2718,72,4,6248.1219,100,46598,47,1600,NULL,NULL,NULL
2719,1,0,NULL,500,500,0,,5955,NULL,NULL
2720,44,2,57656.0682,200,49960,0,,NULL,NULL,NULL
2721,14,1,18876.1856,300,25224,10,16816,NULL,NULL,NULL
2722,1,0,NULL,500,500,0,,5820,NULL,NULL
2723,59,4,10122.0830,600,12479,38,8319,NULL,NULL,NULL
2724,30,2,17174.8939,500,23571,23,15714,NULL,NULL,NULL
2725,24,2,23021.8447,1100,30375,17,20250,NULL,NULL,NULL
2726,46,4,24662.1654,200,34083,36,22722,NULL,NULL,NULL
2727,41,3,15651.3796,300,21112,31,14075,NULL,NULL,NULL
2728,24,1,33902.4691,400,45976,0,,NULL,NULL,NULL
2729,62,4,14880.2521,500,19650,39,13100,NULL,NULL,NULL
2730,1,0,NULL,1000,1000,0,,NULL,3427,3427
2731,40,3,24825.6388,300,34278,32,22852,NULL,NULL,NULL
2732,102,5,39907.7363,100,49684,0,,NULL,NULL,NULL
2733,1,0,NULL,700,700,0,,NULL,3488,3488
2734,35,2,10236.3989,200,12344,20,8229,NULL,NULL,NULL
2736,73,5,10358.9516,400,14112,55,9408,NULL,NULL,NULL
2737,32,2,21240.2715,800,28781,25,19187,NULL,NULL,NULL
2738,71,5,15729.2320,200,21495,50,14330,NULL,NULL,NULL
2739,67,5,7699.6507,300,10322,50,6881,NULL,NULL,NULL
2740,58,5,24144.5650,400,33189,46,22126,NULL,NULL,NULL
2741,73,6,25434.5672,100,49629,2,400,NULL,NULL,NULL
2742,54,4,17007.7183,100,23312,41,15541,NULL,NULL,NULL
2743,20,2,22449.1740,200,30399,15,20266,NULL,NULL,NULL
2744,2,0,4100.0000,900,3200,0,,NULL,15802,23703
2745,18,1,22584.2177,700,29672,12,19781,NULL,NULL,NULL
2746,1,0,NULL,1100,1100,0,,6556,NULL,NULL
2747,59,4,6524.5725,200,8610,43,5740,NULL,NULL,NULL
2749,117,5,42476.0000,100,48467,2,15900,NULL,NULL,NULL
2750,66,4,8157.7511,100,9564,36,6376,NULL,NULL,NULL
2751,63,4,8218.7273,100,9882,36,6588,NULL,NULL,NULL
2752,62,3,9241.2038,300,48848,33,500,NULL,NULL,NULL
2753,2,0,2300.0000,700,1600,0,,NULL,22021,33032
2754,1,0,NULL,500,500,0,,NULL,41912,62868
2755,1,0,NULL,400,400,0,,5651,NULL,NULL
2756,16,1,23345.8394,700,30594,11,20396,NULL,NULL,NULL
2757,1,0,NULL,300,300,0,,NULL,3116,3116
2758,112,6,9759.4265,200,11000,55,7039,NULL,NULL,NULL
2759,39,2,33226.6795,700,49660,2,900,NULL,NULL,NULL
2760,28,2,17742.1801,500,22380,17,14920,NULL,NULL,NULL
2761,25,2,19756.7598,900,27152,20,18101,NULL,NULL,NULL
2762,148,6,53008.5565,100,49388,2,10900,NULL,NULL,NULL
2763,114,6,44083.7291,200,49691,0,,NULL,NULL,NULL
2764,31,2,18228.2206,100,24856,23,16571,NULL,NULL,NULL
2765,17,1,9644.4595,400,12300,12,7881,NULL,NULL,NULL
2766,37,2,8013.5053,500,12800,18,5247,NULL,NULL,NULL
2767,38,3,21272.4447,100,28964,27,19309,NULL,NULL,NULL
2768,28,5,1063.3333,100,11100,3,900,NULL,3849,3849
2770,31,5,1231.0345,100,8500,3,1100,NULL,3855,3855
2771,66,5,21126.3655,400,29343,53,19562,NULL,NULL,NULL
2772,48,3,13846.4971,100,17088,28,11392,NULL,NULL,NULL
2773,32,2,18582.5774,800,25761,25,17174,NULL,NULL,NULL
2774,43,3,6694.8649,300,9900,29,5442,NULL,NULL,NULL
2775,3,1,510.0000,1000,2700,0,,NULL,34555,51832
2776,1,0,NULL,500,500,0,,4760,NULL,NULL
2777,14,2,1917.3913,500,10100,2,1300,NULL,NULL,NULL
2778,62,5,14166.1496,500,19563,50,13042,NULL,NULL,NULL
2779,69,5,18609.3067,1100,25962,55,17308,NULL,NULL,NULL
2780,38,3,15294.3889,600,21008,30,14005,NULL,NULL,NULL
2781,112,3,8613.8058,200,48611,42,1200,NULL,NULL,NULL
2782,3,1,993.7500,700,13500,0,,NULL,26028,39042
2783,100,3,7787.3149,100,46054,37,800,NULL,NULL,NULL
2784,1,0,NULL,300,300,0,,6778,NULL,NULL
2787,14,1,23610.0000,900,29704,10,19803,NULL,NULL,NULL
2788,53,4,15208.1681,300,20664,42,13776,NULL,NULL,NULL
2789,69,5,14254.5808,200,19125,50,12750,NULL,NULL,NULL
2790,66,4,18409.3779,200,23522,41,15681,NULL,NULL,NULL
2791,1,0,NULL,1100,1100,0,,5372,NULL,NULL
2792,15,2,1639.2857,100,12300,2,1300,NULL,3491,3491
2793,1,0,NULL,800,800,0,,NULL,3452,3452
2794,31,2,13519.9648,1000,18284,23,12189,NULL,NULL,NULL
2795,32,2,21597.1209,200,29420,23,19613,NULL,NULL,NULL
2796,1,0,NULL,1000,1000,0,,NULL,40636,60954
2797,25,2,20747.6852,100,27784,18,18523,NULL,NULL,NULL
2798,8,3,533.3333,200,5800,2,200,NULL,19809,29714
2799,86,5,39720.8367,200,49678,0,,NULL,NULL,NULL
2800,22,2,22067.2165,900,29012,16,19341,NULL,NULL,NULL
2801,1,0,NULL,900,900,0,,5962,NULL,NULL
2802,30,5,1126.5625,400,9200,3,1600,NULL,3619,3619
2803,60,3,38774.4335,300,49588,2,2900,NULL,NULL,NULL
2804,41,3,7861.1719,900,14800,28,6263,NULL,NULL,NULL
2805,1,0,NULL,1000,1000,0,,NULL,3026,3026
2806,23,1,11082.1252,200,14352,15,9568,NULL,NULL,NULL
2807,20,2,16885.6329,100,49947,0,,NULL,NULL,NULL
2808,31,4,6124.9583,300,46553,3,1200,NULL,NULL,NULL
2809,51,4,16121.4911,700,21986,40,14657,NULL,NULL,NULL
2810,56,4,12798.1232,300,17118,37,11412,NULL,NULL,NULL
2811,65,3,46063.6111,300,49680,0,,NULL,NULL,NULL
2812,31,2,26797.3655,200,36765,25,24510,NULL,NULL,NULL
2813,63,5,15524.9588,300,21633,50,14422,NULL,NULL,NULL
2814,1,0,NULL,500,500,0,,4544,NULL,NULL
2816,23,2,20246.9744,500,26606,16,17737,NULL,NULL,NULL
2817,71,6,14871.0145,200,20508,57,13672,NULL,NULL,NULL
2818,7,5,423.8095,100,8800,0,,NULL,41022,61533
2819,61,4,19640.7965,200,26648,44,17765,NULL,NULL,NULL
2820,1,0,NULL,300,300,0,,5175,NULL,NULL
2821,35,2,10216.0726,100,13624,24,9083,NULL,NULL,NULL
2823,1,0,NULL,300,300,0,,NULL,3316,3316
2824,73,5,16936.1206,300,22928,51,15285,NULL,NULL,NULL
2825,32,2,26401.0181,1000,35790,25,23860,NULL,NULL,NULL
2826,27,2,16268.5829,300,21934,20,14623,NULL,NULL,NULL
2827,28,2,23067.0000,300,31402,20,20935,NULL,NULL,NULL
2829,30,1,5631.9302,500,31163,16,1000,NULL,NULL,NULL
2830,49,3,15526.1538,900,20570,34,13713,NULL,NULL,NULL
2831,15,1,27343.6020,1100,34911,11,23274,NULL,NULL,NULL
2832,1,0,NULL,700,700,0,,NULL,3244,3244
2833,1,0,NULL,400,400,0,,4455,NULL,NULL
2834,41,3,20720.1473,1000,28678,31,19119,NULL,NULL,NULL
2835,68,3,5252.3353,100,46542,40,300,NULL,NULL,NULL
2836,46,3,21191.3106,600,28152,30,18768,NULL,NULL,NULL
2837,32,3,23516.3399,500,31725,25,21150,NULL,NULL,NULL
2838,138,6,53557.8355,900,49806,0,,NULL,NULL,NULL
2839,49,4,22050.4468,600,30044,37,20029,NULL,NULL,NULL
2840,75,4,30414.3725,400,49631,2,9000,NULL,NULL,NULL
2841,76,5,10130.9985,300,13515,54,9010,NULL,NULL,NULL
2842,1,0,NULL,200,200,0,,NULL,3225,3225
2843,23,2,19954.6266,600,26357,17,17571,NULL,NULL,NULL
2844,37,3,22805.1323,400,31712,29,21141,NULL,NULL,NULL
2845,18,1,24360.5732,1000,32302,13,21535,NULL,NULL,NULL
2846,1,0,NULL,800,800,0,,6134,NULL,NULL
2847,80,5,9868.0622,300,11667,45,7778,NULL,NULL,NULL
2849,1,0,NULL,900,900,0,,6677,NULL,NULL
2850,1,0,NULL,400,400,0,,NULL,3057,3057
2851,91,3,9045.2968,100,48037,37,1500,NULL,NULL,NULL
2852,15,2,2250.0000,700,11600,2,1100,NULL,NULL,NULL
2853,28,3,1605.0000,200,10200,3,3000,NULL,3709,3709
2854,25,2,22178.5714,500,30237,19,20158,NULL,NULL,NULL
2855,1,0,NULL,400,400,0,,4189,NULL,NULL
2856,48,4,15647.6821,600,21390,37,14260,NULL,NULL,NULL
2857,35,2,46168.4448,900,49096,0,,NULL,NULL,NULL
2858,59,3,11556.5975,200,13769,33,9179,NULL,NULL,NULL
2859,102,5,34988.9524,500,49156,2,9600,NULL,NULL,NULL
2860,25,1,40396.9844,300,48957,0,,NULL,NULL,NULL
2861,1,0,NULL,300,300,0,,5915,NULL,NULL
2862,68,6,26220.8810,500,36070,55,24047,NULL,NULL,NULL
2863,54,3,11745.2712,200,13878,29,9252,NULL,NULL,NULL
2864,41,3,16585.1506,800,21989,27,14659,NULL,NULL,NULL
2865,48,4,13325.3275,200,18102,38,12068,NULL,NULL,NULL
2866,43,3,18975.8256,900,26037,32,17358,NULL,NULL,NULL
2867,77,5,25645.8155,200,33800,51,21312,NULL,NULL,NULL
2868,1,0,NULL,800,800,0,,4960,NULL,NULL
2869,1,0,NULL,200,200,0,,5289,NULL,NULL
2870,46,2,10866.5017,100,13166,25,8777,NULL,NULL,NULL
2871,1,0,NULL,600,600,0,,6683,NULL,NULL
2872,32,2,13917.7737,200,18224,23,12149,NULL,NULL,NULL
2873,33,2,18471.7241,1100,23400,20,15600,NULL,NULL,NULL
2874,1,0,NULL,400,400,0,,NULL,3100,3100
2875,26,2,19325.0633,800,26031,20,17354,NULL,NULL,NULL
2876,72,6,18881.0911,200,26078,56,17385,NULL,NULL,NULL
2877,1,0,NULL,800,800,0,,NULL,44410,66615
2878,1,0,NULL,700,700,0,,6863,NULL,NULL
2879,18,1,12409.3824,600,16185,11,10790,NULL,NULL,NULL
2880,72,5,18766.1239,600,25931,55,17287,NULL,NULL,NULL
2881,110,6,9835.3527,300,14600,60,6959,NULL,NULL,NULL
2882,24,2,17672.8716,600,49850,0,,NULL,NULL,NULL
2883,1,0,NULL,200,200,0,,5237,NULL,NULL
2884,114,6,8514.1182,100,10600,59,5810,NULL,NULL,NULL
2885,30,2,21794.5267,800,29229,23,19486,NULL,NULL,NULL
2886,84,5,7227.7438,300,8000,46,5209,NULL,NULL,NULL
2887,31,2,23776.0544,900,33096,24,22064,NULL,NULL,NULL
2888,1,0,NULL,700,700,0,,4006,NULL,NULL
2889,1,0,NULL,900,900,0,,NULL,37358,56037
2890,37,3,25582.3552,500,34782,29,23188,NULL,NULL,NULL
2891,20,2,21311.7415,300,28242,15,18828,NULL,NULL,NULL
2892,12,1,3275.0000,100,11700,2,3000,NULL,NULL,NULL
2893,1,0,NULL,700,700,0,,NULL,3382,3382
2894,115,5,46875.6137,1100,49775,0,,NULL,NULL,NULL
2895,73,6,19663.7607,300,27219,58,18146,NULL,NULL,NULL
2896,1,0,NULL,400,400,0,,NULL,3221,3221
2897,35,1,65447.5676,800,49581,0,,NULL,NULL,NULL
2898,27,2,18592.3387,300,25090,20,16727,NULL,NULL,NULL
2899,22,2,26447.9417,1100,35403,17,23602,NULL,NULL,NULL
2900,7,1,11794.5423,500,43882,0,,NULL,NULL,NULL
2901,33,2,10220.4298,400,12700,16,7405,NULL,NULL,NULL
2902,73,6,21906.9771,200,30320,59,20213,NULL,NULL,NULL
2903,57,5,23963.6937,300,33170,45,22113,NULL,NULL,NULL
2904,13,2,2642.8571,400,18900,0,,NULL,15946,23919
2905,55,4,14076.3344,1000,18953,42,12635,NULL,NULL,NULL
2906,32,2,18183.4815,200,24176,22,16117,NULL,NULL,NULL
2907,1,0,NULL,700,700,0,,6891,NULL,NULL
2908,23,2,18641.9623,600,25456,17,16971,NULL,NULL,NULL
2909,47,3,13075.1127,200,15832,27,10555,NULL,NULL,NULL
2910,1,0,NULL,900,900,0,,NULL,43748,65622
2911,64,4,13305.5757,200,17052,38,11368,NULL,NULL,NULL
2912,106,4,52673.2981,500,49403,0,,NULL,NULL,NULL
2913,1,0,NULL,1100,1100,0,,4471,NULL,NULL
2914,39,2,9898.6182,300,11676,23,7784,NULL,NULL,NULL
2915,5,4,409.3023,400,8100,2,4300,NULL,47983,71974
2916,29,2,14762.2951,1000,18976,20,12651,NULL,NULL,NULL
2917,31,2,18550.7042,300,25320,23,16880,NULL,NULL,NULL
2918,20,1,37367.1088,300,46870,0,,NULL,NULL,NULL
2919,47,4,15446.5244,200,20945,36,13963,NULL,NULL,NULL
2920,14,1,24722.0103,200,33056,10,22037,NULL,NULL,NULL
2921,32,2,15512.6167,500,20553,22,13702,NULL,NULL,NULL
2922,68,4,31666.5096,200,47032,0,,NULL,NULL,NULL
2923,1,0,NULL,500,500,0,,4179,NULL,NULL
2924,53,4,11559.0059,700,15808,41,10539,NULL,NULL,NULL
2925,89,6,7520.6475,200,9669,60,6446,NULL,NULL,NULL
2926,82,6,11993.9861,400,15876,59,10584,NULL,NULL,NULL
2927,15,1,15712.5000,300,46319,0,,NULL,NULL,NULL
2928,1,0,NULL,500,500,0,,5531,NULL,NULL
2929,4,2,460.8696,400,6800,0,,NULL,36583,54874
2930,54,2,44237.0144,900,49011,0,,NULL,NULL,NULL
2931,1,0,NULL,500,500,0,,4326,NULL,NULL
2932,111,6,40883.9126,500,49972,2,500,NULL,NULL,NULL
2933,110,5,38476.1715,1100,48618,2,3400,NULL,NULL,NULL
2934,44,2,37739.0494,1000,48765,0,,NULL,NULL,NULL
2935,1,0,NULL,200,200,0,,NULL,3150,3150
2936,62,3,13607.6667,200,14500,27,6371,NULL,NULL,NULL
2937,1,0,NULL,800,800,0,,4845,NULL,NULL
2938,129,5,48346.0526,400,49713,2,5200,NULL,NULL,NULL
2939,1,0,NULL,200,200,0,,5680,NULL,NULL
2940,87,5,23051.5000,800,49971,3,6300,NULL,NULL,NULL
2942,22,1,7793.5281,500,9500,12,5285,NULL,NULL,NULL
2944,59,3,8791.7713,100,20000,30,5746,NULL,NULL,NULL
2945,1,0,NULL,300,300,0,,5959,NULL,NULL
2946,1,0,NULL,1100,1100,0,,4008,NULL,NULL
2947,1,0,NULL,1000,1000,0,,5196,NULL,NULL
2949,1,0,NULL,400,400,0,,6410,NULL,NULL
2950,33,2,21948.2623,300,29834,25,19889,NULL,NULL,NULL
2951,66,5,12835.0313,200,17561,53,11707,NULL,NULL,NULL
2952,1,0,NULL,900,900,0,,4833,NULL,NULL
2953,45,2,8291.1772,100,10700,23,5142,NULL,NULL,NULL
2954,22,2,26776.8567,700,35696,17,23797,NULL,NULL,NULL
2955,1,0,NULL,900,900,0,,5079,NULL,NULL
2956,23,2,16339.6533,400,21752,15,14501,NULL,NULL,NULL
2957,44,3,23397.4188,500,32264,34,21509,NULL,NULL,NULL
2958,1,0,NULL,400,400,0,,5265,NULL,NULL
2959,90,5,41126.6190,1000,49372,0,,NULL,NULL,NULL
2960,57,4,14730.1358,1100,19989,42,13326,NULL,NULL,NULL
2961,1,0,NULL,400,400,0,,5012,NULL,NULL
2962,98,5,36870.0000,300,49787,0,,NULL,NULL,NULL
2963,26,2,17094.6794,1000,22728,20,15152,NULL,NULL,NULL
2964,1,0,NULL,300,300,0,,4398,NULL,NULL
2965,1,0,NULL,900,900,0,,5617,NULL,NULL
2966,42,2,42604.4671,1100,47178,0,,NULL,NULL,NULL
2967,28,2,15354.9072,400,20788,20,13859,NULL,NULL,NULL
2968,1,0,NULL,1100,1100,0,,NULL,35548,53322
2969,28,3,1450.0000,100,11000,3,1000,NULL,NULL,NULL
2970,73,6,10508.5914,400,14487,59,9658,NULL,NULL,NULL
2971,51,5,21217.9123,100,48907,3,100,NULL,NULL,NULL
2972,80,5,37284.4733,200,49893,0,,NULL,NULL,NULL
2973,30,2,17730.5640,500,24554,23,16369,NULL,NULL,NULL
2974,1,0,NULL,1100,1100,0,,5582,NULL,NULL
2976,31,2,18290.4142,800,24840,23,16560,NULL,NULL,NULL
2977,3,2,340.0000,300,7100,0,,NULL,38298,57447
2978,70,4,6330.4396,100,10100,40,4819,NULL,NULL,NULL
2979,1,0,NULL,700,700,0,,5241,NULL,NULL
2980,1,0,NULL,1000,1000,0,,4974,NULL,NULL
2981,8,1,1281.2500,600,8200,2,2000,NULL,3033,3033
2982,5,2,673.3333,900,8900,2,900,NULL,48752,73128
2983,39,2,7413.2106,600,10100,24,5709,NULL,NULL,NULL
2985,1,0,NULL,400,400,0,,4519,NULL,NULL
2986,33,3,25376.8454,500,35144,26,23429,NULL,NULL,NULL
2987,64,5,25387.7084,700,35324,52,23549,NULL,NULL,NULL
2988,50,2,40858.7500,900,49324,2,1200,NULL,NULL,NULL
2989,1,0,NULL,600,600,0,,5093,NULL,NULL
2990,43,2,6673.8235,600,13300,22,4089,NULL,NULL,NULL
2991,68,6,24214.7306,600,33540,55,22360,NULL,NULL,NULL
2992,21,1,12852.7326,300,17073,14,11382,NULL,NULL,NULL
2993,65,3,39853.1014,200,49916,2,2000,NULL,NULL,NULL
2994,35,3,21309.0661,900,28604,26,19069,NULL,NULL,NULL
2995,21,2,9971.9167,400,48315,2,2200,NULL,NULL,NULL
2996,65,5,14984.1537,200,20343,45,13562,NULL,NULL,NULL
2997,10,1,1826.6667,200,12800,2,1100,NULL,2968,2968
2998,16,1,26279.3182,300,33231,11,22154,NULL,NULL,NULL
2999,42,2,6364.9112,100,8300,21,4210,NULL,NULL,NULL
3000,80,5,8265.9342,500,11300,54,7028,NULL,NULL,NULL
3001,173,6,7449.7232,100,48992,70,1100,NULL,NULL,NULL
3003,43,5,6215.6220,100,45444,2,12700,NULL,NULL,NULL
3004,1,0,NULL,700,700,0,,4641,NULL,NULL
3005,33,2,24523.8364,400,47025,2,1100,NULL,NULL,NULL
3006,1,0,NULL,200,200,0,,6416,NULL,NULL
3007,73,6,24316.2155,800,33678,59,22452,NULL,NULL,NULL
3008,1,0,NULL,200,200,0,,6934,NULL,NULL
3009,1,0,NULL,900,900,0,,4109,NULL,NULL
3010,26,3,5012.6410,200,32110,3,1200,NULL,NULL,NULL
3011,1,0,NULL,400,400,0,,NULL,3271,3271
3012,11,1,1825.0000,600,11300,2,1200,NULL,3902,3902
3013,1,0,NULL,800,800,0,,4714,NULL,NULL
3014,78,4,36459.3261,700,49448,3,5400,NULL,NULL,NULL
3015,1,0,NULL,900,900,0,,NULL,3222,3222
3016,40,3,16963.8394,200,23170,28,15447,NULL,NULL,NULL
3017,54,4,20680.2722,700,28791,43,19194,NULL,NULL,NULL
3018,34,2,29181.6667,600,47767,2,6900,NULL,NULL,NULL
3019,34,3,18582.7320,300,25343,26,16895,NULL,NULL,NULL
3020,79,2,7711.4983,300,42928,29,1500,NULL,NULL,NULL
3021,3,1,988.8889,300,6300,0,,NULL,19451,29176
3022,1,0,NULL,700,700,0,,4755,NULL,NULL
3023,1,0,NULL,700,700,0,,6121,NULL,NULL
3024,1,0,NULL,400,400,0,,6713,NULL,NULL
3025,1,0,NULL,800,800,0,,6367,NULL,NULL
3026,73,6,22343.6381,400,31110,58,20740,NULL,NULL,NULL
3027,1,0,NULL,1000,1000,0,,4479,NULL,NULL
3028,1,0,NULL,400,400,0,,4214,NULL,NULL
3029,1,0,NULL,700,700,0,,5978,NULL,NULL
3030,1,0,NULL,800,800,0,,NULL,3132,3132
3031,1,0,NULL,600,600,0,,4184,NULL,NULL
3032,1,0,NULL,300,300,0,,6605,NULL,NULL
3033,1,0,NULL,900,900,0,,NULL,2902,2902
3035,1,0,NULL,800,800,0,,NULL,46312,69468
3036,46,4,18492.5753,100,49490,0,,NULL,NULL,NULL
3037,52,4,23061.2268,200,47031,0,,NULL,NULL,NULL
3038,66,3,54939.4204,1000,49732,0,,NULL,NULL,NULL
3039,88,5,11519.0450,100,14104,50,9403,NULL,NULL,NULL
3040,1,0,NULL,1000,1000,0,,NULL,3303,3303
3041,45,3,5440.3670,100,7500,27,4050,NULL,NULL,NULL
3042,68,5,16529.0262,500,22812,52,15208,NULL,NULL,NULL
3043,1,0,NULL,800,800,0,,4152,NULL,NULL
3044,1,0,NULL,500,500,0,,4134,NULL,NULL
3045,1,0,NULL,300,300,0,,6079,NULL,NULL
3046,8,1,2090.9091,300,11400,0,,NULL,3754,3754
3047,1,0,NULL,600,600,0,,NULL,3474,3474
3048,10,1,14447.0833,700,42507,0,,NULL,NULL,NULL
3049,32,4,1673.4694,200,9000,3,1100,NULL,2942,2942
3050,8,4,552.0000,900,10500,0,,NULL,41445,62168
3051,74,3,54772.8837,800,49949,0,,NULL,NULL,NULL
3052,10,2,6019.0526,600,32371,0,,NULL,NULL,NULL
3053,77,5,14328.9938,200,19354,53,12903,NULL,NULL,NULL
3055,1,0,NULL,900,900,0,,6814,NULL,NULL
3056,1,0,NULL,1100,1100,0,,4352,NULL,NULL
3057,19,1,20163.6686,600,27354,14,18236,NULL,NULL,NULL
3058,52,4,21189.7421,700,29270,41,19513,NULL,NULL,NULL
3059,24,2,24777.6328,100,33968,18,22645,NULL,NULL,NULL
3060,20,2,22142.4412,400,29126,15,19417,NULL,NULL,NULL
3061,1,0,NULL,300,300,0,,NULL,2967,2967
3062,1,0,NULL,400,400,0,,4467,NULL,NULL
3063,1,0,NULL,1100,1100,0,,NULL,3495,3495
3064,99,6,11396.1872,100,13881,55,9254,NULL,NULL,NULL
3066,35,2,14716.8284,100,19295,23,12863,NULL,NULL,NULL
3067,32,2,7525.6444,400,8852,19,5901,NULL,NULL,NULL
3068,1,0,NULL,500,500,0,,6193,NULL,NULL
3069,70,6,24910.6119,400,34734,57,23156,NULL,NULL,NULL
3070,18,1,18923.5669,300,25080,13,16720,NULL,NULL,NULL
3071,29,2,26941.6896,800,36399,22,24266,NULL,NULL,NULL
3072,68,6,24232.3134,1000,33340,55,22227,NULL,NULL,NULL
3074,72,4,35431.9747,200,49337,0,,NULL,NULL,NULL
3075,1,0,NULL,400,400,0,,5054,NULL,NULL
3076,1,0,NULL,700,700,0,,4164,NULL,NULL
3077,23,2,15996.9536,600,20978,16,13985,NULL,NULL,NULL
3078,1,0,NULL,200,200,0,,NULL,3348,3348
3079,1,0,NULL,1000,1000,0,,NULL,3449,3449
3080,1,0,NULL,400,400,0,,5585,NULL,NULL
3082,15,1,12631.6837,700,16868,10,11245,NULL,NULL,NULL
3083,22,2,25044.4762,200,34287,17,22858,NULL,NULL,NULL
3084,44,3,23962.2399,300,46081,2,13300,NULL,NULL,NULL
3085,20,1,13837.7841,600,18350,15,12233,NULL,NULL,NULL
3086,65,5,22955.3974,200,31617,51,21078,NULL,NULL,NULL
3087,1,0,NULL,600,600,0,,NULL,2900,2900
3088,35,3,24530.1693,600,34148,27,22765,NULL,NULL,NULL
3089,60,2,43727.5553,600,49606,2,600,NULL,NULL,NULL
3090,32,2,34726.4649,500,49384,0,,NULL,NULL,NULL
3091,68,5,17395.0216,200,23952,50,15968,NULL,NULL,NULL
3092,1,0,NULL,1000,1000,0,,5649,NULL,NULL
3093,26,2,24010.0134,500,32670,20,21780,NULL,NULL,NULL
3094,62,5,16542.7393,600,23074,50,15383,NULL,NULL,NULL
3096,68,5,22363.5897,1000,31026,55,20684,NULL,NULL,NULL
3097,7,1,1625.0000,200,9600,0,,NULL,3784,3784
3098,43,2,9958.6012,100,11500,22,7581,NULL,NULL,NULL
3099,1,0,NULL,800,800,0,,6019,NULL,NULL
3100,20,1,22122.8253,600,30372,15,20248,NULL,NULL,NULL
3101,1,0,NULL,700,700,0,,NULL,2907,2907
3102,14,1,18501.9948,1100,24513,10,16342,NULL,NULL,NULL
3103,9,1,5587.9333,300,37781,0,,NULL,NULL,NULL
3104,7,1,3150.0000,700,10700,2,2100,NULL,3006,3006
3105,1,0,NULL,1000,1000,0,,NULL,3218,3218
3106,19,1,31316.0870,400,47877,0,,NULL,NULL,NULL
3107,1,0,NULL,200,200,0,,6300,NULL,NULL
3108,1,0,NULL,600,600,0,,NULL,3063,3063
3109,17,3,2991.6667,900,19000,2,4100,NULL,15404,23106
3110,42,2,9695.1064,1000,49874,24,1500,NULL,NULL,NULL
3111,41,3,20900.3904,100,28278,31,18852,NULL,NULL,NULL
3112,91,4,47546.7014,700,49926,0,,NULL,NULL,NULL
3113,82,5,36667.9260,400,49862,0,,NULL,NULL,NULL
3114,51,2,8424.0461,100,41483,32,700,NULL,NULL,NULL
3115,5,1,257.1429,200,1900,0,,NULL,32120,48180
3116,35,3,19756.0287,1100,26637,27,17758,NULL,NULL,NULL
3117,1,0,NULL,900,900,0,,5355,NULL,NULL
3118,37,3,18153.0952,500,24468,28,16312,NULL,NULL,NULL
3119,1,0,NULL,1100,1100,0,,NULL,3169,3169
3120,1,0,NULL,400,400,0,,5685,NULL,NULL
3121,1,0,NULL,1000,1000,0,,4353,NULL,NULL
3122,31,2,11406.2304,600,11126,15,7417,NULL,NULL,NULL
3124,44,3,16228.1633,500,22548,35,15032,NULL,NULL,NULL
3125,30,2,7799.5055,400,9552,20,6368,NULL,NULL,NULL
3126,36,2,7276.2485,300,10100,23,5989,NULL,NULL,NULL
3127,98,5,33600.0305,600,48901,0,,NULL,NULL,NULL
3128,54,4,7741.7143,200,10244,40,6829,NULL,NULL,NULL
3129,1,0,NULL,200,200,0,,6727,NULL,NULL
3130,1,0,NULL,500,500,0,,6359,NULL,NULL
3131,4,2,48.2759,200,500,0,,NULL,21253,31880
3132,52,3,7921.0834,400,11200,32,6583,NULL,NULL,NULL
3133,70,5,21036.9357,1000,29391,55,19594,NULL,NULL,NULL
3134,58,5,21720.8561,200,29927,46,19951,NULL,NULL,NULL
3135,63,5,21765.1163,100,30131,50,20087,NULL,NULL,NULL
3136,77,5,12782.6643,200,17144,53,11429,NULL,NULL,NULL
3137,2,0,3000.0000,900,2100,0,,NULL,25359,38038
3138,44,3,3861.7907,100,41361,34,300,NULL,NULL,NULL
3139,12,3,5795.5487,100,49720,0,,NULL,NULL,NULL
3140,29,2,8552.1799,900,9798,15,6532,NULL,NULL,NULL
3141,43,4,5989.5833,400,22200,2,5900,NULL,10870,16305
3142,1,0,NULL,200,200,0,,6029,NULL,NULL
3143,49,2,11961.3299,300,12000,21,6712,NULL,NULL,NULL
3144,1,0,NULL,800,800,0,,6085,NULL,NULL
3145,1,0,NULL,300,300,0,,5611,NULL,NULL
3146,22,5,637.7049,200,8500,2,3200,NULL,3688,3688
3147,55,4,14173.9525,200,18993,37,12662,NULL,NULL,NULL
3148,19,3,1102.7027,100,9500,3,1200,NULL,3718,3718
3149,37,2,10007.7915,100,14200,25,8322,NULL,NULL,NULL
3151,44,3,13301.8890,200,17468,28,11645,NULL,NULL,NULL
3152,69,5,12941.6100,100,17883,54,11922,NULL,NULL,NULL
3153,66,2,61526.3455,800,49455,0,,NULL,NULL,NULL
3154,20,1,24894.7358,400,33639,15,22426,NULL,NULL,NULL
3155,30,2,21390.6851,700,29062,23,19375,NULL,NULL,NULL
3156,19,1,36417.3438,200,44715,0,,NULL,NULL,NULL
3157,1,0,NULL,400,400,0,,6273,NULL,NULL
3158,1,0,NULL,200,200,0,,NULL,3151,3151
3160,56,4,24829.5276,400,34504,45,23003,NULL,NULL,NULL
3161,35,2,28170.2857,700,43783,2,700,NULL,NULL,NULL
3162,40,3,25051.3505,700,49208,0,,NULL,NULL,NULL
3163,33,2,45054.4615,500,49231,0,,NULL,NULL,NULL
3164,1,0,NULL,1000,1000,0,,6154,NULL,NULL
3166,97,5,32355.4167,400,49311,2,15400,NULL,NULL,NULL
3167,54,4,22848.6717,200,31886,43,21257,NULL,NULL,NULL
3168,1,0,NULL,1000,1000,0,,6303,NULL,NULL
3169,14,1,20504.5326,500,27620,10,18413,NULL,NULL,NULL
3170,56,3,9354.7274,200,13100,29,6281,NULL,NULL,NULL
3171,1,0,NULL,900,900,0,,4848,NULL,NULL
3172,1,0,NULL,600,600,0,,NULL,2913,2913
3173,1,0,NULL,1100,1100,0,,4235,NULL,NULL
3174,1,0,NULL,400,400,0,,5098,NULL,NULL
3175,1,0,NULL,600,600,0,,4920,NULL,NULL
3176,1,0,NULL,600,600,0,,4595,NULL,NULL
3177,10,2,5814.9635,500,40831,0,,NULL,NULL,NULL
3178,1,0,NULL,600,600,0,,NULL,2929,2929
3179,30,2,16358.0172,500,22269,22,14846,NULL,NULL,NULL
3180,32,2,18082.8556,500,25071,25,16714,NULL,NULL,NULL
3181,109,6,6495.8088,100,48224,68,1300,NULL,NULL,NULL
3182,26,2,18628.2451,200,25514,20,17009,NULL,NULL,NULL
3183,1,0,NULL,600,600,0,,6877,NULL,NULL
3184,1,0,NULL,700,700,0,,5115,NULL,NULL
3185,23,1,15731.4170,300,20136,14,13424,NULL,NULL,NULL
3186,45,4,22849.0340,700,31250,35,20833,NULL,NULL,NULL
3187,22,1,3450.7438,500,11200,12,600,NULL,NULL,NULL
3188,24,2,17274.7626,400,23270,18,15513,NULL,NULL,NULL
3189,42,3,19705.8649,500,44352,2,9400,NULL,NULL,NULL
3190,29,2,11823.8082,400,15394,20,10263,NULL,NULL,NULL
3191,32,2,10894.5387,600,14356,22,9571,NULL,NULL,NULL
3192,39,2,12319.7909,300,15018,24,10012,NULL,NULL,NULL
3193,36,3,20532.7094,400,28005,28,18670,NULL,NULL,NULL
3194,23,2,15011.1814,100,20238,16,13492,NULL,NULL,NULL
3195,90,5,6025.1738,100,12000,53,4606,NULL,NULL,NULL
3196,1,0,NULL,700,700,0,,5403,NULL,NULL
3197,1,0,NULL,300,300,0,,NULL,3013,3013
3199,1,0,NULL,1100,1100,0,,NULL,19513,29270
3200,50,3,27850.0712,400,47565,0,,NULL,NULL,NULL
3201,81,5,11267.0289,100,14064,46,9376,NULL,NULL,NULL
3202,1,0,NULL,1100,1100,0,,4837,NULL,NULL
3203,1,0,NULL,1000,1000,0,,NULL,3167,3167
3204,32,2,13787.6131,700,18350,25,12233,NULL,NULL,NULL
3205,1,0,NULL,700,700,0,,4366,NULL,NULL
3206,32,2,20542.1667,400,28318,25,18879,NULL,NULL,NULL
3208,27,1,40934.7521,900,48380,0,,NULL,NULL,NULL
3209,14,1,17869.5000,600,23877,10,15918,NULL,NULL,NULL
3210,69,6,26308.4094,1000,36658,55,24439,NULL,NULL,NULL
3211,1,0,NULL,200,200,0,,NULL,3018,3018
3212,37,5,1140.0000,100,10500,3,3800,NULL,3484,3484
3213,1,0,NULL,400,400,0,,NULL,3068,3068
3214,1,0,NULL,200,200,0,,4019,NULL,NULL
3216,61,3,38477.1780,200,49710,0,,NULL,NULL,NULL
3217,37,2,40349.6574,300,47994,0,,NULL,NULL,NULL
3218,1,0,NULL,800,800,0,,NULL,3175,3175
3219,35,3,22101.9940,400,30399,27,20266,NULL,NULL,NULL
3220,66,5,22224.2784,800,30917,53,20611,NULL,NULL,NULL
3221,1,0,NULL,900,900,0,,5330,NULL,NULL
3222,1,0,NULL,800,800,0,,NULL,3185,3185
3223,80,5,31679.3039,300,49479,2,300,NULL,NULL,NULL
3224,1,0,NULL,400,400,0,,6483,NULL,NULL
3225,68,5,22313.2424,200,30387,51,20258,NULL,NULL,NULL
3226,78,4,5781.8618,100,9400,43,4197,NULL,NULL,NULL
3227,31,2,26654.9335,300,36975,25,24650,NULL,NULL,NULL
3228,44,2,45864.9558,1100,48672,0,,NULL,NULL,NULL
3229,53,3,33260.4054,300,49845,0,,NULL,NULL,NULL
3230,61,4,34967.1397,200,48804,2,6800,NULL,NULL,NULL
3231,1,0,NULL,800,800,0,,5575,NULL,NULL
3232,1,0,NULL,500,500,0,,4600,NULL,NULL
3233,72,4,34287.9170,400,49657,2,11000,NULL,NULL,NULL
3234,11,2,993.3333,300,9300,2,900,NULL,3989,3989
3235,49,4,20400.6360,400,28245,39,18830,NULL,NULL,NULL
3236,1,0,NULL,300,300,0,,4414,NULL,NULL
3237,72,5,19528.5428,200,26242,52,17495,NULL,NULL,NULL
3238,38,3,24257.4812,400,33696,29,22464,NULL,NULL,NULL
3239,32,2,22290.6007,200,30765,25,20510,NULL,NULL,NULL
3240,33,2,31194.0140,800,49638,0,,NULL,NULL,NULL
3241,1,0,NULL,200,200,0,,6282,NULL,NULL
3242,35,2,11250.7858,100,13137,18,8758,NULL,NULL,NULL
3243,1,0,NULL,300,300,0,,6873,NULL,NULL
3244,1,0,NULL,1100,1100,0,,NULL,3116,3116
3245,1,0,NULL,1000,1000,0,,6731,NULL,NULL
3246,87,5,8427.8561,100,10398,55,6932,NULL,NULL,NULL
3247,48,3,8259.2784,400,9015,26,6010,NULL,NULL,NULL
3248,1,0,NULL,900,900,0,,4965,NULL,NULL
3249,29,2,22899.5038,1100,30993,21,20662,NULL,NULL,NULL
3250,1,0,NULL,800,800,0,,5690,NULL,NULL
3251,1,0,NULL,600,600,0,,NULL,3032,3032
3252,1,0,NULL,900,900,0,,NULL,3066,3066
3253,92,5,36173.7979,300,49862,2,2700,NULL,NULL,NULL
3254,51,3,9171.0000,600,11519,33,7679,NULL,NULL,NULL
3255,52,5,2070.3125,300,11500,4,2300,NULL,NULL,NULL
3256,29,2,11737.4502,1000,15126,20,10084,NULL,NULL,NULL
3258,87,6,28095.6095,300,47724,3,7400,NULL,NULL,NULL
3259,33,5,1121.0526,200,8700,4,2200,NULL,3393,3393
3260,136,6,44898.6930,100,49443,0,,NULL,NULL,NULL
3261,90,5,10496.5000,100,13149,55,8766,NULL,NULL,NULL
3262,19,1,26979.0789,700,36748,15,24499,NULL,NULL,NULL
3263,22,3,2196.9697,300,12500,2,3900,NULL,NULL,NULL
3264,1,0,NULL,200,200,0,,5096,NULL,NULL
3265,58,3,43843.6364,900,48403,0,,NULL,NULL,NULL
3266,1,0,NULL,1100,1100,0,,4504,NULL,NULL
3267,73,5,13505.4698,100,18447,54,12298,NULL,NULL,NULL
3268,1,0,NULL,1000,1000,0,,NULL,3420,3420
3269,57,3,34481.0290,600,48928,3,600,NULL,NULL,NULL
3270,43,3,21043.9655,400,28695,34,19130,NULL,NULL,NULL
3271,4,1,1511.1111,100,11800,0,,NULL,3791,3791
3272,31,2,22797.2464,800,30792,23,20528,NULL,NULL,NULL
3273,2,0,766.6667,600,4000,0,,NULL,49761,74642
3274,17,1,25352.6174,400,34178,12,22785,NULL,NULL,NULL
3275,65,4,7889.9445,500,10380,45,6920,NULL,NULL,NULL
3276,21,1,9143.8596,600,10500,10,5503,NULL,NULL,NULL
3277,68,5,18125.1035,1100,24981,55,16654,NULL,NULL,NULL
3278,38,3,23827.4719,300,32583,30,21722,NULL,NULL,NULL
3279,70,4,32542.7083,100,49968,2,10200,NULL,NULL,NULL
3280,34,3,15764.3451,1100,21399,26,14266,NULL,NULL,NULL
3281,1,0,NULL,800,800,0,,6288,NULL,NULL
3282,60,2,6004.0551,200,28459,25,1500,NULL,NULL,NULL
3283,71,6,19900.2250,300,27700,57,18467,NULL,NULL,NULL
3284,88,6,8712.8951,100,10964,55,7309,NULL,NULL,NULL
3285,1,0,NULL,300,300,0,,NULL,3151,3151
3286,62,3,42766.7917,300,49828,0,,NULL,NULL,NULL
3287,66,5,23600.2237,900,32904,54,21936,NULL,NULL,NULL
3288,1,0,NULL,700,700,0,,5476,NULL,NULL
3289,69,5,14267.9308,200,18995,45,12663,NULL,NULL,NULL
3290,1,0,NULL,200,200,0,,NULL,38624,57936
3291,1,0,NULL,1000,1000,0,,5355,NULL,NULL
3292,1,0,NULL,800,800,0,,4805,NULL,NULL
3293,2,0,650.0000,1100,2800,0,,NULL,46012,69018
3294,46,3,13522.4308,600,15962,27,10641,NULL,NULL,NULL
3296,2,1,500.0000,1000,3500,0,,NULL,46088,69132
3297,48,4,17063.8451,1100,23643,38,15762,NULL,NULL,NULL
3298,73,5,8220.6282,1100,10839,54,7226,NULL,NULL,NULL
3299,22,2,20691.1945,200,45434,0,,NULL,NULL,NULL
3300,1,0,NULL,1100,1100,0,,NULL,46719,70078
3301,34,3,17944.2589,900,24258,26,16172,NULL,NULL,NULL
3302,39,6,1381.4286,200,10600,5,700,NULL,3008,3008
3303,38,3,22098.1122,800,30608,30,20405,NULL,NULL,NULL
3304,26,2,12338.4470,300,16702,19,11135,NULL,NULL,NULL
3305,1,0,NULL,600,600,0,,6684,NULL,NULL
3306,70,5,13138.9280,800,17793,53,11862,NULL,NULL,NULL
3307,142,5,8325.6634,100,47968,58,1500,NULL,NULL,NULL
3308,35,3,16547.1254,400,22400,27,14933,NULL,NULL,NULL
3309,62,5,16582.9192,1100,22954,50,15303,NULL,NULL,NULL
3310,1,0,NULL,900,900,0,,4916,NULL,NULL
3311,50,2,43379.8580,1000,49809,0,,NULL,NULL,NULL
3312,13,1,2186.6667,100,13700,2,200,NULL,2947,2947
3314,15,2,7160.9600,500,47150,0,,NULL,NULL,NULL
3315,43,3,13218.5880,200,17814,33,11876,NULL,NULL,NULL
3316,75,6,16922.1166,200,22998,56,15332,NULL,NULL,NULL
3317,1,0,NULL,600,600,0,,NULL,3249,3249
3318,1,0,NULL,1000,1000,0,,NULL,2924,2924
3319,32,5,1126.9841,100,9700,3,2000,NULL,3331,3331
3320,1,0,NULL,900,900,0,,NULL,3113,3113
3321,109,4,8613.4478,1000,47654,44,1800,NULL,NULL,NULL
3322,44,3,25123.9328,400,49336,0,,NULL,NULL,NULL
3323,66,5,23680.8169,1000,32654,53,21769,NULL,NULL,NULL
3324,23,1,10099.2601,100,10700,11,6926,NULL,NULL,NULL
3325,2,1,125.0000,200,1300,0,,NULL,36517,54776
3326,68,5,32475.2597,400,49132,2,30143,NULL,NULL,NULL
3327,81,6,12268.9655,200,16382,56,10921,NULL,NULL,NULL
3328,1,0,NULL,800,800,0,,4951,NULL,NULL
3329,32,2,21117.6688,200,28094,21,18729,NULL,NULL,NULL
3330,66,3,42793.7211,400,49401,0,,NULL,NULL,NULL
3331,25,2,15407.6147,400,20530,18,13687,NULL,NULL,NULL
3332,25,2,9388.8424,300,11691,17,7794,NULL,NULL,NULL
3333,23,1,8354.1775,100,41417,13,1200,NULL,NULL,NULL
3334,16,2,6078.7545,700,42302,4,700,NULL,NULL,NULL
3335,1,0,NULL,1000,1000,0,,NULL,3255,3255
3336,1,0,NULL,900,900,0,,5692,NULL,NULL
3337,46,2,57135.9111,500,49691,0,,NULL,NULL,NULL
3338,38,3,15214.3173,300,20994,30,13996,NULL,NULL,NULL
3339,33,2,9111.6314,600,11496,22,7664,NULL,NULL,NULL
3342,17,1,17702.0327,200,22359,12,14906,NULL,NULL,NULL
3343,20,1,25575.4217,1000,33888,14,22592,NULL,NULL,NULL
3344,42,2,47247.2635,1000,48976,0,,NULL,NULL,NULL
3345,1,0,NULL,600,600,0,,4281,NULL,NULL
3346,19,1,26452.0200,400,35673,14,23782,NULL,NULL,NULL
3347,1,0,NULL,600,600,0,,5357,NULL,NULL
3348,52,4,19960.1230,1100,27086,40,18057,NULL,NULL,NULL
3349,35,3,20152.2177,500,27238,27,18159,NULL,NULL,NULL
3350,32,2,9108.0546,700,12194,24,8129,NULL,NULL,NULL
3351,1,0,NULL,300,300,0,,5543,NULL,NULL
3352,83,5,5563.3136,200,9300,51,4408,NULL,NULL,NULL
3353,45,2,35405.6824,200,49978,2,19600,NULL,NULL,NULL
3354,75,5,11867.0253,300,15528,51,10352,NULL,NULL,NULL
3355,1,0,NULL,1100,1100,0,,5768,NULL,NULL
3357,1,0,NULL,400,400,0,,6741,NULL,NULL
3358,1,0,NULL,900,900,0,,NULL,3279,3279
3359,13,2,1121.4286,100,9000,3,500,NULL,3709,3709
3360,19,1,16714.3401,600,20795,10,13863,NULL,NULL,NULL
3361,97,5,11665.0078,100,17600,53,9231,NULL,NULL,NULL
3362,58,4,12803.0213,1000,16413,39,10942,NULL,NULL,NULL
3363,1,0,NULL,1100,1100,0,,4412,NULL,NULL
3364,87,4,42372.4459,500,49732,2,5700,NULL,NULL,NULL
3365,1,0,NULL,1100,1100,0,,6994,NULL,NULL
3366,37,3,15541.1276,200,20864,28,13909,NULL,NULL,NULL
3367,74,6,24946.6859,800,33912,57,22608,NULL,NULL,NULL
3368,54,3,17476.2966,100,21671,32,14447,NULL,NULL,NULL
3369,79,4,6505.6008,100,7800,40,4550,NULL,NULL,NULL
3370,9,5,737.5000,600,12300,0,,NULL,23855,35782
3371,86,5,32889.8512,400,49555,2,1900,NULL,NULL,NULL
3372,57,5,26072.7520,600,35960,45,23973,NULL,NULL,NULL
3373,37,3,20675.2757,900,28493,29,18995,NULL,NULL,NULL
3374,69,6,25939.8412,200,49893,0,,NULL,NULL,NULL
3375,27,2,12350.2865,800,16341,19,10894,NULL,NULL,NULL
3376,27,2,21486.5513,300,29268,20,19512,NULL,NULL,NULL
3377,27,2,23580.3235,200,31752,20,21168,NULL,NULL,NULL
3378,64,5,13637.3191,800,18413,47,12275,NULL,NULL,NULL
3379,25,2,15877.8280,600,21412,19,14275,NULL,NULL,NULL
3380,74,5,7662.7492,500,9846,50,6564,NULL,NULL,NULL
3381,19,1,21836.1741,200,28611,14,19074,NULL,NULL,NULL
3382,10,1,21835.3293,1000,45882,2,5200,NULL,NULL,NULL
3383,44,1,7389.6861,300,13500,15,1600,NULL,NULL,NULL
3384,1,0,NULL,1100,1100,0,,6211,NULL,NULL
3385,21,1,7950.3429,300,12000,10,5181,NULL,NULL,NULL
3386,70,4,37445.0930,600,49807,2,600,NULL,NULL,NULL
3387,6,2,1162.5000,500,15400,0,,NULL,33352,50028
3389,69,3,47360.5387,1100,49884,0,,NULL,NULL,NULL
3390,2,0,3200.0000,1100,2100,0,,NULL,20313,30470
3391,72,6,18549.2552,300,25470,57,16980,NULL,NULL,NULL
3392,53,4,11014.7344,800,14169,35,9446,NULL,NULL,NULL
3393,3,0,1220.0000,800,4400,0,,NULL,11970,17955
3394,1,0,NULL,200,200,0,,6522,NULL,NULL
3395,15,1,28185.0000,600,35946,11,23964,NULL,NULL,NULL
3396,14,1,16957.9845,1100,22516,10,15011,NULL,NULL,NULL
3397,32,2,22145.1700,400,29841,24,19894,NULL,NULL,NULL
3398,1,0,NULL,700,700,0,,5891,NULL,NULL
3399,29,2,18761.3524,900,25335,22,16890,NULL,NULL,NULL
3401,19,1,23751.7620,200,48526,0,,NULL,NULL,NULL
3402,99,4,48973.0568,300,49849,2,17600,NULL,NULL,NULL
3403,34,2,38348.2143,700,48698,0,,NULL,NULL,NULL
3404,16,1,21704.0955,1000,27614,11,18409,NULL,NULL,NULL
3405,60,5,22276.2665,200,30723,48,20482,NULL,NULL,NULL
3406,1,0,NULL,1100,1100,0,,6094,NULL,NULL
3407,77,5,22641.4041,600,48133,0,,NULL,NULL,NULL
3408,65,5,22157.7451,300,30782,52,20521,NULL,NULL,NULL
3409,1,0,NULL,900,900,0,,4896,NULL,NULL
3410,48,3,16534.8726,1000,22265,35,14843,NULL,NULL,NULL
3411,33,2,15351.2397,700,20060,20,13373,NULL,NULL,NULL
3412,1,0,NULL,400,400,0,,5703,NULL,NULL
3413,103,5,11182.3369,300,24300,54,7481,NULL,NULL,NULL
3415,20,1,9460.2198,200,10500,10,6268,NULL,NULL,NULL
3417,93,3,6580.0425,700,39366,39,1000,NULL,NULL,NULL
3418,46,2,40613.8489,400,49153,0,,NULL,NULL,NULL
3419,60,4,13310.3200,100,17772,41,11848,NULL,NULL,NULL
3421,54,4,20031.7543,100,27305,39,18203,NULL,NULL,NULL
3422,36,3,25923.0061,600,35435,27,23623,NULL,NULL,NULL
3423,18,1,7499.4737,100,9900,11,5693,NULL,NULL,NULL
3424,112,6,33543.5949,900,48154,2,2600,NULL,NULL,NULL
3425,31,4,1171.1538,400,8300,4,900,NULL,3970,3970
3426,8,2,1636.8421,700,11000,2,700,NULL,25465,38198
3427,30,2,25961.8861,1100,35510,23,23673,NULL,NULL,NULL
3428,22,1,13366.1004,300,16872,14,11248,NULL,NULL,NULL
3429,1,0,NULL,500,500,0,,6664,NULL,NULL
3430,16,2,1858.3333,100,9300,2,2200,NULL,3844,3844
3431,30,2,22963.7577,300,31310,22,20873,NULL,NULL,NULL
3432,43,2,5903.6192,600,13000,25,4102,NULL,NULL,NULL
3433,1,0,NULL,500,500,0,,4142,NULL,NULL
3434,1,0,NULL,900,900,0,,NULL,2957,2957
3435,1,0,NULL,200,200,0,,4635,NULL,NULL
3436,1,0,NULL,200,200,0,,NULL,3365,3365
3437,54,2,58592.1401,400,49469,0,,NULL,NULL,NULL
3438,1,0,NULL,1000,1000,0,,5506,NULL,NULL
3439,39,3,19379.0634,100,26571,28,17714,NULL,NULL,NULL
3440,44,3,19078.7724,500,25944,32,17296,NULL,NULL,NULL
3442,1,0,NULL,900,900,0,,NULL,3345,3345
3443,1,0,NULL,400,400,0,,4133,NULL,NULL
3444,7,1,2900.0000,200,17000,0,,NULL,17164,25746
3445,62,5,11997.3349,1100,16430,48,10953,NULL,NULL,NULL
3446,57,2,48481.7476,900,49895,0,,NULL,NULL,NULL
3448,28,3,21473.9286,700,48806,0,,NULL,NULL,NULL
3449,76,4,5495.6842,100,43659,45,600,NULL,NULL,NULL
3450,38,2,41810.1348,500,49728,0,,NULL,NULL,NULL
3451,33,3,20704.6590,800,28154,26,18769,NULL,NULL,NULL
3452,1,0,NULL,800,800,0,,4694,NULL,NULL
3453,44,4,24245.1797,700,32992,35,21995,NULL,NULL,NULL
3454,1,0,NULL,500,500,0,,6596,NULL,NULL
3455,2,1,55.5556,400,600,0,,NULL,33735,50602
3456,1,0,NULL,300,300,0,,6443,NULL,NULL
3457,1,0,NULL,200,200,0,,4194,NULL,NULL
3458,1,0,NULL,600,600,0,,4280,NULL,NULL
3459,32,3,21413.9542,600,28882,25,19255,NULL,NULL,NULL
3460,27,2,27890.2326,300,48538,0,,NULL,NULL,NULL
3461,12,1,2431.2500,300,11200,0,,NULL,NULL,NULL
3462,47,3,11157.9822,500,14028,28,9352,NULL,NULL,NULL
3463,19,1,14730.0000,500,18864,12,12576,NULL,NULL,NULL
3464,63,4,9365.1259,700,11283,36,7522,NULL,NULL,NULL
3465,82,5,11618.0183,300,15486,54,10324,NULL,NULL,NULL
3466,48,4,25974.3925,600,36076,38,24051,NULL,NULL,NULL
3467,47,2,30830.7857,300,45231,0,,NULL,NULL,NULL
3468,43,3,12351.4037,300,16172,28,10781,NULL,NULL,NULL
3469,1,0,NULL,800,800,0,,5822,NULL,NULL
3470,1,0,NULL,700,700,0,,5427,NULL,NULL
3471,25,2,24091.8367,400,32952,19,21968,NULL,NULL,NULL
3472,33,2,21469.4483,1100,28734,24,19156,NULL,NULL,NULL
3474,1,0,NULL,400,400,0,,NULL,3304,3304
3476,40,3,13771.2110,300,18914,30,12609,NULL,NULL,NULL
3477,1,0,NULL,700,700,0,,NULL,3199,3199
3478,75,4,9241.3085,100,11040,43,7360,NULL,NULL,NULL
3479,72,4,15721.8165,100,20601,45,13734,NULL,NULL,NULL
3480,66,5,14715.2895,300,20433,52,13622,NULL,NULL,NULL
3482,1,0,NULL,600,600,0,,4674,NULL,NULL
3483,1,0,NULL,300,300,0,,NULL,3260,3260
3484,56,5,26464.1304,300,36513,45,24342,NULL,NULL,NULL
3485,34,2,15543.5627,300,20900,25,13933,NULL,NULL,NULL
3486,1,0,NULL,1000,1000,0,,4264,NULL,NULL
3487,80,6,17513.5150,700,23871,60,15914,NULL,NULL,NULL
3489,51,4,17425.8904,1000,24305,40,16203,NULL,NULL,NULL
3490,17,3,1584.8485,200,11300,2,2700,NULL,NULL,NULL
3491,31,2,21039.8378,1100,28626,24,19084,NULL,NULL,NULL
3492,41,3,23265.6213,600,32303,32,21535,NULL,NULL,NULL
3493,1,0,NULL,800,800,0,,NULL,3416,3416
3494,1,0,NULL,900,900,0,,6027,NULL,NULL
3495,42,3,25313.5895,500,48101,0,,NULL,NULL,NULL
3496,5,1,2380.0000,700,12000,0,,NULL,30762,46143
3497,58,4,21228.2035,500,29202,44,19468,NULL,NULL,NULL
3498,29,2,9339.2913,1100,11922,21,7948,NULL,NULL,NULL
3499,1,0,NULL,200,200,0,,NULL,42332,63498
3501,17,1,21450.4945,500,29073,10,19382,NULL,NULL,NULL
3502,36,3,24861.4286,700,33768,28,22512,NULL,NULL,NULL
3503,56,4,21634.5290,400,30081,44,20054,NULL,NULL,NULL
3504,31,2,5921.3942,500,9000,23,5040,NULL,NULL,NULL
3505,66,5,25634.9053,200,35432,52,23621,NULL,NULL,NULL
3506,24,2,13504.6312,500,17205,16,11470,NULL,NULL,NULL
3507,49,2,64880.0417,500,49387,0,,NULL,NULL,NULL
3508,29,2,22066.0294,700,30290,22,20193,NULL,NULL,NULL
3509,1,0,NULL,1100,1100,0,,5812,NULL,NULL
3510,104,6,39187.0408,100,49715,2,46302,NULL,NULL,NULL
3511,1,0,NULL,1000,1000,0,,5485,NULL,NULL
3512,17,2,1279.3103,100,11000,3,500,NULL,NULL,NULL
3513,73,6,20675.1136,500,28617,58,19078,NULL,NULL,NULL
3514,1,0,NULL,600,600,0,,NULL,3399,3399
3515,1,0,NULL,400,400,0,,4373,NULL,NULL
3516,35,1,55428.0508,400,49858,0,,NULL,NULL,NULL
3517,28,2,13817.7419,600,18272,20,12181,NULL,NULL,NULL
3518,31,2,24412.1829,700,33830,24,22553,NULL,NULL,NULL
3519,76,3,5178.1670,100,23812,59,1600,NULL,NULL,NULL
3520,2,1,150.0000,800,1000,0,,NULL,16677,25016
3521,128,5,55688.0971,700,49782,0,,NULL,NULL,NULL
3522,1,0,NULL,1000,1000,0,,6919,NULL,NULL
3523,23,2,2090.0000,200,12800,3,4600,NULL,NULL,NULL
3524,1,0,NULL,200,200,0,,4826,NULL,NULL
3525,43,3,5568.0543,600,8700,30,4627,NULL,NULL,NULL
3526,63,2,61265.2218,200,49390,0,,NULL,NULL,NULL
3527,25,2,27367.3504,200,36934,20,24623,NULL,NULL,NULL
3528,60,5,23826.2723,900,32829,48,21886,NULL,NULL,NULL
3529,18,1,21246.4535,1100,29541,14,19694,NULL,NULL,NULL
3530,1,0,NULL,1100,1100,0,,6156,NULL,NULL
3531,1,0,NULL,900,900,0,,6962,NULL,NULL
3532,45,3,12927.7554,200,17786,34,11857,NULL,NULL,NULL
3533,23,4,986.5385,100,10000,2,4100,NULL,3191,3191
3534,37,3,14833.4706,600,19689,26,13126,NULL,NULL,NULL
3535,1,0,NULL,1100,1100,0,,NULL,3197,3197
3536,1,0,NULL,600,600,0,,6263,NULL,NULL
3537,21,1,8474.7468,600,10114,13,6743,NULL,NULL,NULL
3538,66,5,25233.8715,400,35292,53,23528,NULL,NULL,NULL
3539,115,5,7468.3475,100,48151,55,1500,NULL,NULL,NULL
3540,13,2,1559.0909,400,8100,2,600,NULL,3848,3848
3541,1,0,NULL,400,400,0,,5485,NULL,NULL
3542,1,0,NULL,600,600,0,,NULL,3401,3401
3543,1,0,NULL,900,900,0,,NULL,3141,3141
3544,2,0,4500.0000,1100,3400,0,,NULL,17776,26664
3545,72,6,21709.0165,900,30304,58,20203,NULL,NULL,NULL
3546,25,2,24915.0665,800,33411,19,22274,NULL,NULL,NULL
3547,1,0,NULL,300,300,0,,4026,NULL,NULL
3548,1,0,NULL,1000,1000,0,,6022,NULL,NULL
3549,1,0,NULL,600,600,0,,4898,NULL,NULL
3550,37,2,15254.9327,1000,19716,25,13144,NULL,NULL,NULL
3551,25,4,980.7692,200,10400,3,700,NULL,3288,3288
3552,59,3,14452.4118,300,17210,33,11473,NULL,NULL,NULL
3553,42,3,16811.8349,1000,23038,33,15359,NULL,NULL,NULL
3554,167,6,7068.9207,100,46550,71,900,NULL,NULL,NULL
3555,13,4,769.3878,100,7900,0,,NULL,20548,30822
3556,6,1,1718.1818,100,7100,0,,NULL,17483,26224
3557,1,0,NULL,400,400,0,,NULL,3393,3393
3558,1,0,NULL,400,400,0,,NULL,43743,65614
3559,40,3,15454.1504,300,21054,30,14036,NULL,NULL,NULL
3560,1,0,NULL,800,800,0,,5026,NULL,NULL
3561,1,0,NULL,600,600,0,,4324,NULL,NULL
3562,53,2,44526.6705,1000,49720,0,,NULL,NULL,NULL
3563,32,2,19982.8442,1000,27132,25,18088,NULL,NULL,NULL
3564,29,2,8357.4866,1000,10428,20,6952,NULL,NULL,NULL
3565,11,2,1640.0000,100,12000,0,,NULL,3594,3594
3566,79,6,6384.4439,200,8032,55,5355,NULL,NULL,NULL
3567,69,4,30690.5769,400,49989,0,,NULL,NULL,NULL
3568,1,0,NULL,500,500,0,,5243,NULL,NULL
3569,65,2,7413.3618,200,43016,27,900,NULL,NULL,NULL
3570,102,5,8534.0926,100,13600,50,5755,NULL,NULL,NULL
3571,91,5,7225.7701,100,7900,50,5169,NULL,NULL,NULL
3572,1,0,NULL,900,900,0,,6213,NULL,NULL
3573,14,2,3764.2414,400,25299,0,,NULL,NULL,NULL
3574,7,2,1000.0000,100,8900,0,,NULL,3492,3492
3575,87,5,9066.4531,100,11408,53,7605,NULL,NULL,NULL
3576,1,0,NULL,900,900,0,,4065,NULL,NULL
3577,29,2,15140.2759,700,17919,16,11946,NULL,NULL,NULL
3578,40,3,14676.1756,600,19064,28,12709,NULL,NULL,NULL
3579,54,4,26181.9526,1000,36128,43,24085,NULL,NULL,NULL
3580,72,5,16149.7703,400,21946,54,14631,NULL,NULL,NULL
3581,24,2,11414.8796,400,14684,17,9789,NULL,NULL,NULL
3582,1,0,NULL,700,700,0,,NULL,2942,2942
3583,1,0,NULL,500,500,0,,5336,NULL,NULL
3584,1,0,NULL,200,200,0,,NULL,33827,50740
3585,1,0,NULL,300,300,0,,6242,NULL,NULL
3586,72,6,14104.0202,300,19426,57,12951,NULL,NULL,NULL
3587,12,3,736.1111,100,11400,2,2000,NULL,3251,3251
3588,1,0,NULL,700,700,0,,6679,NULL,NULL
3589,36,2,39207.2157,1100,48167,0,,NULL,NULL,NULL
3590,32,3,24365.0055,800,32822,25,21881,NULL,NULL,NULL
3591,46,3,27801.3778,200,44780,0,,NULL,NULL,NULL
3592,1,0,NULL,600,600,0,,6007,NULL,NULL
3593,72,6,17012.5012,200,23681,58,15787,NULL,NULL,NULL
3594,59,5,27884.8575,600,49365,0,,NULL,NULL,NULL
3595,68,5,13373.9679,400,17705,46,11803,NULL,NULL,NULL
3596,34,3,20438.7683,500,27698,26,18465,NULL,NULL,NULL
3597,54,3,39036.4244,100,49177,0,,NULL,NULL,NULL
3598,16,1,17316.2069,300,22098,11,14732,NULL,NULL,NULL
3599,1,0,NULL,700,700,0,,5440,NULL,NULL
3600,1,0,NULL,1100,1100,0,,6623,NULL,NULL
3601,1,0,NULL,700,700,0,,5827,NULL,NULL
3602,50,2,45343.1126,500,45716,0,,NULL,NULL,NULL
3603,18,1,20520.3974,100,27678,12,18452,NULL,NULL,NULL
3604,1,0,NULL,500,500,0,,6945,NULL,NULL
3605,34,3,26933.2492,600,37046,27,24697,NULL,NULL,NULL
3606,40,3,8023.9917,100,10176,26,6784,NULL,NULL,NULL
3608,73,4,25196.2572,200,49636,0,,NULL,NULL,NULL
3609,70,5,23002.8943,600,31481,54,20987,NULL,NULL,NULL
3610,1,0,NULL,700,700,0,,4279,NULL,NULL
3612,59,4,15847.8403,700,21388,43,14259,NULL,NULL,NULL
3613,78,5,10259.0582,200,13892,53,9261,NULL,NULL,NULL
3614,39,2,34197.2118,500,49236,2,500,NULL,NULL,NULL
3615,29,2,11565.4928,300,14862,21,9908,NULL,NULL,NULL
3616,9,1,2441.6667,400,12500,2,1700,NULL,NULL,NULL
3617,69,5,18118.7662,900,24506,50,16337,NULL,NULL,NULL
3618,73,5,18929.3530,400,25406,52,16937,NULL,NULL,NULL
3620,43,2,5421.6372,500,28736,23,500,NULL,NULL,NULL
3621,63,4,9664.6791,100,11968,40,7979,NULL,NULL,NULL
3622,72,4,26695.5686,500,48843,3,14700,NULL,NULL,NULL
3623,16,4,944.4444,500,10600,2,2700,NULL,3893,3893
3624,41,4,23766.9609,500,49573,0,,NULL,NULL,NULL
3625,1,0,NULL,300,300,0,,6974,NULL,NULL
3626,34,2,14784.9672,800,18549,21,12366,NULL,NULL,NULL
3628,42,3,16639.1025,400,22946,32,15297,NULL,NULL,NULL
3629,23,5,705.3571,100,5100,3,900,NULL,15873,23810
3631,1,0,NULL,800,800,0,,5224,NULL,NULL
3632,22,3,15344.4724,400,45237,0,,NULL,NULL,NULL
3633,32,2,14109.8655,200,17631,19,11754,NULL,NULL,NULL
3634,1,0,NULL,1000,1000,0,,NULL,48511,72766
3635,6,1,1211.1111,600,13600,0,,NULL,3808,3808
3636,88,5,13377.2563,100,17800,45,9820,NULL,NULL,NULL
3637,42,3,17738.8918,400,23964,31,15976,NULL,NULL,NULL
3638,6,2,776.0000,500,4900,0,,NULL,33948,50922
3639,1,0,NULL,200,200,0,,5038,NULL,NULL
3640,1,0,NULL,300,300,0,,6454,NULL,NULL
3641,1,0,NULL,600,600,0,,NULL,3371,3371
3643,27,4,1241.6667,100,10300,2,3000,NULL,NULL,NULL
3644,1,0,NULL,1000,1000,0,,NULL,3456,3456
3645,34,2,17136.9205,300,23642,25,15761,NULL,NULL,NULL
3646,79,3,53558.3568,700,49827,3,7000,NULL,NULL,NULL
3647,42,2,10243.2819,300,13146,25,8764,NULL,NULL,NULL
3648,18,3,1440.6250,100,6800,2,1800,NULL,3704,3704
3649,69,6,19814.8601,600,27592,55,18395,NULL,NULL,NULL
3650,70,5,13661.6505,100,17682,45,11788,NULL,NULL,NULL
3651,1,0,NULL,800,800,0,,5081,NULL,NULL
3652,1,0,NULL,900,900,0,,6097,NULL,NULL
3653,57,5,24002.8520,900,33090,46,22060,NULL,NULL,NULL
3654,75,5,22484.3182,700,29895,54,19930,NULL,NULL,NULL
3655,38,3,16777.5069,900,23118,30,15412,NULL,NULL,NULL
3656,111,5,5560.5963,500,43456,65,1500,NULL,NULL,NULL
3657,1,0,NULL,1000,1000,0,,5569,NULL,NULL
3658,46,2,5481.9905,300,23031,21,700,NULL,NULL,NULL
3659,35,2,16054.0529,900,18700,19,11541,NULL,NULL,NULL
3660,153,5,6448.9194,100,49215,62,600,NULL,NULL,NULL
3661,1,0,NULL,800,800,0,,4966,NULL,NULL
3662,20,2,21897.4776,600,29102,15,19401,NULL,NULL,NULL
3663,52,4,26973.5271,400,36993,41,24662,NULL,NULL,NULL
3664,48,3,39322.1168,800,49851,0,,NULL,NULL,NULL
3665,20,2,16314.4809,500,45719,0,,NULL,NULL,NULL
3667,84,5,5924.6539,300,7900,49,4463,NULL,NULL,NULL
3668,17,2,1664.2857,200,11200,2,2900,NULL,NULL,NULL
3669,72,5,9155.0525,100,12246,50,8164,NULL,NULL,NULL
3670,1,0,NULL,400,400,0,,4442,NULL,NULL
3671,1,0,NULL,1000,1000,0,,4498,NULL,NULL
3672,35,3,21404.4890,100,29619,27,19746,NULL,NULL,NULL
3673,17,2,1093.3333,400,8700,2,2000,NULL,2909,2909
3674,146,6,49745.2916,400,49136,2,8600,NULL,NULL,NULL
3675,3,2,439.1304,700,5100,0,,NULL,46099,69148
3676,1,0,NULL,1100,1100,0,,4979,NULL,NULL
3677,1,0,NULL,400,400,0,,NULL,3425,3425
3678,103,6,11428.7776,200,13352,57,8901,NULL,NULL,NULL
3679,70,3,20900.9136,200,25862,33,17241,NULL,NULL,NULL
3680,1,0,NULL,1000,1000,0,,5800,NULL,NULL
3681,27,2,21750.0000,200,29511,19,19674,NULL,NULL,NULL
3682,116,6,7293.2903,200,14600,55,4142,NULL,NULL,NULL
3683,65,5,25192.3763,1000,35139,53,23426,NULL,NULL,NULL
3684,1,0,NULL,1100,1100,0,,6710,NULL,NULL
3686,1,0,NULL,1100,1100,0,,NULL,3082,3082
3687,69,5,13315.7442,300,17916,51,11944,NULL,NULL,NULL
3688,64,5,16722.1356,1100,22887,51,15258,NULL,NULL,NULL
3689,49,3,31708.7989,500,48375,0,,NULL,NULL,NULL
3690,30,2,24915.5250,900,46458,0,,NULL,NULL,NULL
3691,1,0,NULL,400,400,0,,6540,NULL,NULL
3692,1,0,NULL,500,500,0,,4895,NULL,NULL
3693,91,6,18516.4336,300,28000,59,15447,NULL,NULL,NULL
3694,32,2,13861.5950,1100,18436,25,12291,NULL,NULL,NULL
3695,25,2,14897.7451,700,19227,17,12818,NULL,NULL,NULL
3696,32,2,24326.8931,100,33567,25,22378,NULL,NULL,NULL
3697,72,6,14239.5900,400,19601,56,13067,NULL,NULL,NULL
3698,20,3,1414.7059,200,11500,2,1900,NULL,NULL,NULL
3699,68,5,21005.5692,600,28940,54,19293,NULL,NULL,NULL
3700,21,2,22567.2826,800,29217,15,19478,NULL,NULL,NULL
3701,1,0,NULL,800,800,0,,6192,NULL,NULL
3702,60,4,18764.0780,500,24509,36,16339,NULL,NULL,NULL
3703,1,0,NULL,400,400,0,,NULL,3019,3019
3704,1,0,NULL,500,500,0,,6242,NULL,NULL
3705,28,1,55864.8921,200,49340,0,,NULL,NULL,NULL
3706,53,3,8950.4308,200,9670,27,6447,NULL,NULL,NULL
3708,65,2,7008.8594,300,32276,25,1900,NULL,NULL,NULL
3709,43,3,13256.1310,100,17157,28,11438,NULL,NULL,NULL
3710,53,4,12941.9869,600,17322,38,11548,NULL,NULL,NULL
3711,18,2,20071.5263,400,49137,0,,NULL,NULL,NULL
3712,1,0,NULL,900,900,0,,6074,NULL,NULL
3713,123,6,42506.4776,600,49573,2,5000,NULL,NULL,NULL
3714,79,5,33332.0164,400,49239,0,,NULL,NULL,NULL
3715,7,1,2577.7778,600,11500,2,900,NULL,NULL,NULL
3716,12,2,2042.1053,200,11900,2,200,NULL,NULL,NULL
3717,8,2,800.0000,300,5900,0,,NULL,15582,23373
3718,27,5,1407.0175,100,12500,2,4100,NULL,3161,3161
3719,20,1,14278.2617,200,19118,15,12745,NULL,NULL,NULL
3720,1,0,NULL,800,800,0,,5657,NULL,NULL
3721,1,0,NULL,500,500,0,,NULL,3391,3391
3722,16,1,14498.7097,400,18278,10,12185,NULL,NULL,NULL
3723,54,3,10104.2951,100,49485,31,1300,NULL,NULL,NULL
3724,13,1,11803.4651,400,43780,0,,NULL,NULL,NULL
3725,45,3,18357.5746,800,25490,35,16993,NULL,NULL,NULL
3726,43,2,35101.6741,400,49915,2,9700,NULL,NULL,NULL
3727,49,3,14542.0038,300,19044,29,12696,NULL,NULL,NULL
3728,8,4,404.4444,400,6500,0,,NULL,11213,16820
3729,1,0,NULL,300,300,0,,4412,NULL,NULL
3730,1,0,NULL,800,800,0,,5152,NULL,NULL
3731,1,0,NULL,1100,1100,0,,NULL,2962,2962
3732,1,0,NULL,500,500,0,,4673,NULL,NULL
3733,49,2,42926.2759,1000,49069,0,,NULL,NULL,NULL
3734,83,6,5955.1570,400,10000,58,4939,NULL,NULL,NULL
3735,71,3,48085.0557,300,49533,0,,NULL,NULL,NULL
3736,1,0,NULL,1000,1000,0,,6963,NULL,NULL
3737,1,0,NULL,1100,1100,0,,6852,NULL,NULL
3738,67,5,21992.5447,400,30501,54,20334,NULL,NULL,NULL
3739,23,2,20618.5304,600,27870,17,18580,NULL,NULL,NULL
3741,37,2,7736.8214,500,9513,23,6342,NULL,NULL,NULL
3742,1,0,NULL,1000,1000,0,,4454,NULL,NULL
3743,35,3,22709.0361,600,31335,27,20890,NULL,NULL,NULL
3745,29,5,4292.3077,200,32500,2,200,NULL,26258,39387
3746,32,3,21241.0820,1000,28538,25,19025,NULL,NULL,NULL
3747,86,5,11537.4747,1000,12861,46,8574,NULL,NULL,NULL
3748,1,0,NULL,1000,1000,0,,NULL,3192,3192
3749,30,2,25351.8706,800,35169,23,23446,NULL,NULL,NULL
3750,49,4,22194.7241,600,30350,37,20233,NULL,NULL,NULL
3751,66,5,21529.0366,700,29954,52,19969,NULL,NULL,NULL
3752,51,4,18633.3198,200,25604,40,17069,NULL,NULL,NULL
3753,1,0,NULL,900,900,0,,5937,NULL,NULL
3754,4,2,230.0000,100,4700,0,,NULL,29561,44342
3755,58,3,44961.2202,200,48659,0,,NULL,NULL,NULL
3756,77,4,37298.5212,400,49906,0,,NULL,NULL,NULL
3757,1,0,NULL,1100,1100,0,,NULL,29478,44217
3758,62,3,8634.1432,100,9200,32,6014,NULL,NULL,NULL
3759,1,0,NULL,600,600,0,,4930,NULL,NULL
3760,105,6,38236.0111,1000,49992,0,,NULL,NULL,NULL
3763,51,3,11952.9104,300,15424,33,10283,NULL,NULL,NULL
3764,19,3,1341.6667,100,12300,3,2600,NULL,3911,3911
3765,1,0,NULL,600,600,0,,NULL,3106,3106
3766,27,2,24888.0380,100,48643,0,,NULL,NULL,NULL
3767,42,3,12891.6578,300,17354,30,11569,NULL,NULL,NULL
3768,30,2,36805.1075,400,48822,0,,NULL,NULL,NULL
3769,1,0,NULL,700,700,0,,6851,NULL,NULL
3770,49,3,20784.6246,100,27134,32,18089,NULL,NULL,NULL
3771,79,6,27816.2413,100,48935,2,700,NULL,NULL,NULL
3772,38,3,25694.8118,1100,35361,30,23574,NULL,NULL,NULL
3773,1,0,NULL,700,700,0,,5791,NULL,NULL
3774,32,2,14716.9880,300,19410,23,12940,NULL,NULL,NULL
3775,1,0,NULL,300,300,0,,6136,NULL,NULL
3776,28,2,25279.9746,1000,34662,21,23108,NULL,NULL,NULL
3777,1,0,NULL,200,200,0,,NULL,3223,3223
3778,72,5,25003.8939,900,34197,55,22798,NULL,NULL,NULL
3779,52,3,12800.5934,100,17106,34,11404,NULL,NULL,NULL
3780,1,0,NULL,300,300,0,,6272,NULL,NULL
3781,74,6,26068.2463,800,36050,57,24033,NULL,NULL,NULL
3782,6,1,1612.5000,1100,7100,0,,NULL,28522,42783
3783,42,3,10243.8899,300,13313,30,8875,NULL,NULL,NULL
3784,50,3,9409.3162,300,11122,29,7415,NULL,NULL,NULL
3785,85,6,28258.5050,200,35763,57,23842,NULL,NULL,NULL
3786,112,6,44330.5107,300,49767,0,,NULL,NULL,NULL
3787,72,6,22599.9055,800,31425,58,20950,NULL,NULL,NULL
3788,177,6,8247.5890,200,40359,70,1000,NULL,NULL,NULL
3789,40,2,30605.1809,100,48247,2,100,NULL,NULL,NULL
3790,28,2,26818.8421,1100,48320,0,,NULL,NULL,NULL
3791,3,1,190.0000,100,1400,0,,NULL,27680,41520
3792,1,0,NULL,300,300,0,,5277,NULL,NULL
3793,35,2,12759.7098,100,16758,25,11172,NULL,NULL,NULL
3794,25,2,21176.0773,400,28107,19,18738,NULL,NULL,NULL
3795,35,3,20854.2169,900,28665,27,19110,NULL,NULL,NULL
3796,74,6,17037.5840,100,23362,55,15575,NULL,NULL,NULL
3797,29,4,1378.0000,200,9100,3,1000,NULL,NULL,NULL
3798,18,1,17331.8124,200,23165,13,15443,NULL,NULL,NULL
3799,27,2,18083.9674,900,24096,20,16064,NULL,NULL,NULL
3800,32,2,8422.0741,200,11090,22,7393,NULL,NULL,NULL
3801,31,2,23760.4329,200,32926,25,21951,NULL,NULL,NULL
3802,1,0,NULL,200,200,0,,4914,NULL,NULL
3803,45,3,9126.9297,600,11674,29,7783,NULL,NULL,NULL
3804,5,3,278.1250,200,3800,0,,NULL,31624,47436
3805,66,4,13515.8333,200,17745,45,11830,NULL,NULL,NULL
3806,34,3,24646.0104,200,33852,26,22568,NULL,NULL,NULL
3807,43,3,21500.2185,500,29298,33,19532,NULL,NULL,NULL
3808,74,5,17505.4229,100,23688,54,15792,NULL,NULL,NULL
3809,33,2,12337.1011,300,15570,20,10380,NULL,NULL,NULL
3810,1,0,NULL,500,500,0,,6541,NULL,NULL
3811,17,2,1885.7143,100,8400,3,800,NULL,3773,3773
3812,1,0,NULL,400,400,0,,4980,NULL,NULL
3813,19,1,12492.8571,1100,15465,12,10310,NULL,NULL,NULL
3814,13,2,1542.8571,300,11100,2,3300,NULL,NULL,NULL
3815,35,3,30227.1939,400,46613,2,32559,NULL,NULL,NULL
3816,23,3,2203.1250,100,9800,2,3500,NULL,NULL,NULL
3817,61,4,11331.3000,300,14691,39,9794,NULL,NULL,NULL
3818,82,6,19298.6347,100,26049,60,17366,NULL,NULL,NULL
3819,31,2,12049.8681,700,15980,20,10653,NULL,NULL,NULL
3820,87,5,14810.0379,200,18122,50,12081,NULL,NULL,NULL
3821,72,3,9666.8994,500,47518,33,500,NULL,NULL,NULL
3822,29,5,2220.6897,200,12300,2,6200,NULL,17347,26020
3823,12,4,4051.3850,600,47349,0,,NULL,NULL,NULL
3824,63,5,10317.5029,500,13947,47,9298,NULL,NULL,NULL
3825,23,5,4549.6048,100,41105,2,400,NULL,NULL,NULL
3826,69,4,9265.4097,300,10800,38,6778,NULL,NULL,NULL
3827,53,4,10048.7076,200,13664,42,9109,NULL,NULL,NULL
3828,1,0,NULL,1100,1100,0,,NULL,3016,3016
3830,11,2,2665.0000,200,15800,0,,NULL,14313,21470
3832,44,3,8998.2955,200,11670,29,7780,NULL,NULL,NULL
3833,20,1,29368.7640,800,48446,0,,NULL,NULL,NULL
3834,87,6,15555.5365,700,20812,59,13875,NULL,NULL,NULL
3835,76,6,15569.1130,800,21350,57,14233,NULL,NULL,NULL
3836,14,1,27440.2174,300,34790,10,23193,NULL,NULL,NULL
3837,17,5,1529.0909,800,11300,2,11300,NULL,13776,20664
3838,58,5,13783.5651,800,18860,46,12573,NULL,NULL,NULL
3839,1,0,NULL,600,600,0,,NULL,30721,46082
3840,1,0,NULL,700,700,0,,5970,NULL,NULL
3841,1,0,NULL,800,800,0,,4547,NULL,NULL
3842,1,0,NULL,800,800,0,,5031,NULL,NULL
3843,36,2,7833.1047,100,41413,27,1700,NULL,NULL,NULL
3844,1,0,NULL,200,200,0,,NULL,3390,3390
3845,45,4,26546.5287,500,36813,35,24542,NULL,NULL,NULL
3846,1,0,NULL,700,700,0,,NULL,3024,3024
3847,45,3,21797.5334,1000,30371,35,20247,NULL,NULL,NULL
3848,42,2,13224.8591,100,16293,25,10862,NULL,NULL,NULL
3849,53,4,18325.6775,700,25275,41,16850,NULL,NULL,NULL
3850,70,5,22135.2535,900,30315,54,20210,NULL,NULL,NULL
3851,25,2,21907.1498,300,46965,0,,NULL,NULL,NULL
3852,1,0,NULL,200,200,0,,5046,NULL,NULL
3854,16,3,1016.1290,200,11400,3,300,NULL,3330,3330
3855,42,3,24139.3019,300,32890,33,21927,NULL,NULL,NULL
3856,1,0,NULL,500,500,0,,4938,NULL,NULL
3857,1,0,NULL,200,200,0,,NULL,3275,3275
3858,69,3,7455.8212,200,39921,36,1700,NULL,NULL,NULL
3859,37,3,27751.6854,200,49998,2,11300,NULL,NULL,NULL
3860,4,1,517.6471,300,5800,0,,NULL,12485,18728
3861,24,2,27470.4142,700,37098,19,24732,NULL,NULL,NULL
3862,50,2,52460.6746,600,49627,0,,NULL,NULL,NULL
3863,80,5,14445.0393,300,19134,52,12756,NULL,NULL,NULL
3864,49,2,34040.0000,100,44117,0,,NULL,NULL,NULL
3865,48,4,21220.8857,500,29112,39,19408,NULL,NULL,NULL
3866,12,3,4478.8917,700,42634,0,,NULL,NULL,NULL
3867,20,1,15621.3018,800,20822,14,13881,NULL,NULL,NULL
3868,1,0,NULL,200,200,0,,5362,NULL,NULL
3869,107,4,54205.4244,200,49897,0,,NULL,NULL,NULL
3870,1,0,NULL,800,800,0,,5510,NULL,NULL
3871,1,0,NULL,300,300,0,,4356,NULL,NULL
3872,12,1,2016.6667,600,5600,2,2300,NULL,15013,22520
3874,67,4,11287.9439,200,13188,35,8792,NULL,NULL,NULL
3875,1,0,NULL,1100,1100,0,,NULL,38482,57723
3876,71,5,29943.8028,500,49936,0,,NULL,NULL,NULL
3877,27,2,23315.4930,500,31920,21,21280,NULL,NULL,NULL
3878,24,4,1122.4490,200,8400,3,1500,NULL,2902,2902
3880,1,0,NULL,800,800,0,,6871,NULL,NULL
3881,51,3,8440.1970,200,10142,28,6761,NULL,NULL,NULL
3882,35,5,986.3636,200,8800,5,1600,NULL,3246,3246
3883,184,6,6970.3232,300,45790,73,500,NULL,NULL,NULL
3884,33,2,9653.5286,100,12680,20,8453,NULL,NULL,NULL
3885,25,2,6358.2410,200,9600,17,5184,NULL,NULL,NULL
3886,78,5,30957.3621,400,49557,2,1600,NULL,NULL,NULL
3887,18,2,2007.1429,100,13500,2,2100,NULL,3020,3020
3888,25,4,1128.3019,500,10900,3,2200,NULL,NULL,NULL
3889,1,0,NULL,1100,1100,0,,NULL,2910,2910
3890,55,3,11120.6997,100,13700,28,8201,NULL,NULL,NULL
3891,72,5,17889.9948,600,24477,53,16318,NULL,NULL,NULL
3892,1,0,NULL,800,800,0,,NULL,3357,3357
3893,37,2,6390.1235,100,7400,20,4553,NULL,NULL,NULL
3894,1,0,NULL,600,600,0,,6868,NULL,NULL
3895,45,3,11465.8127,200,15626,34,10417,NULL,NULL,NULL
3896,3,3,262.8571,400,4500,0,,NULL,33747,50620
3897,22,2,24143.2066,1000,32781,16,21854,NULL,NULL,NULL
3898,1,0,NULL,800,800,0,,6915,NULL,NULL
3899,32,2,21186.7861,800,28932,25,19288,NULL,NULL,NULL
3901,18,1,19681.2338,800,25816,13,17211,NULL,NULL,NULL
3902,51,3,11181.8159,600,14480,33,9653,NULL,NULL,NULL
3903,51,4,18712.7473,500,26019,40,17346,NULL,NULL,NULL
3904,1,0,NULL,600,600,0,,NULL,3113,3113
3905,34,2,37037.6842,800,46345,0,,NULL,NULL,NULL
3906,2,1,653.3333,1100,8700,0,,NULL,33464,50196
3907,40,3,29489.0373,600,49440,0,,NULL,NULL,NULL
3908,1,0,NULL,700,700,0,,4810,NULL,NULL
3909,73,6,26131.5424,700,36600,59,24400,NULL,NULL,NULL
3910,1,0,NULL,1000,1000,0,,4506,NULL,NULL
3911,1,0,NULL,200,200,0,,NULL,2920,2920
3912,1,0,NULL,700,700,0,,6241,NULL,NULL
3913,30,2,16289.1364,900,21520,22,14347,NULL,NULL,NULL
3914,43,3,23968.1077,200,32543,33,21695,NULL,NULL,NULL
3915,72,6,25120.3907,100,34696,57,23131,NULL,NULL,NULL
3916,3,1,740.0000,800,3800,0,,NULL,16162,24243
3917,34,3,23113.8274,600,31596,27,21064,NULL,NULL,NULL
3918,67,5,10365.5495,700,13923,50,9282,NULL,NULL,NULL
3919,16,1,19826.3855,200,25845,11,17230,NULL,NULL,NULL
3920,77,5,28015.7496,300,49759,2,4300,NULL,NULL,NULL
3921,77,4,31564.1662,100,49694,2,1300,NULL,NULL,NULL
3922,1,0,NULL,900,900,0,,5673,NULL,NULL
3923,73,6,23887.9357,400,32956,57,21971,NULL,NULL,NULL
3924,1,0,NULL,300,300,0,,4764,NULL,NULL
3925,73,3,41070.2750,400,49419,2,6100,NULL,NULL,NULL
3926,1,0,NULL,400,400,0,,5427,NULL,NULL
3927,93,5,6965.2932,100,13500,51,4989,NULL,NULL,NULL
3928,60,3,6895.7773,300,42613,32,1200,NULL,NULL,NULL
3930,46,4,20967.2810,800,28833,36,19222,NULL,NULL,NULL
3931,37,3,21635.6538,1000,29508,29,19672,NULL,NULL,NULL
3932,1,0,NULL,600,600,0,,6957,NULL,NULL
3933,36,3,16118.3529,700,46242,2,10500,NULL,NULL,NULL
3934,1,0,NULL,700,700,0,,6362,NULL,NULL
3935,20,6,1037.1429,700,7900,2,3900,NULL,21736,32604
3936,18,3,1080.0000,200,11300,2,1900,NULL,3628,3628
3937,1,0,NULL,800,800,0,,5258,NULL,NULL
3938,62,5,24897.5799,1100,34551,50,23034,NULL,NULL,NULL
3939,85,5,9033.4125,100,11649,54,7766,NULL,NULL,NULL
3940,6,2,1085.7143,700,9100,0,,NULL,17895,26842
3941,1,0,NULL,300,300,0,,NULL,3164,3164
3942,54,3,38992.6883,100,49647,0,,NULL,NULL,NULL
3943,1,0,NULL,300,300,0,,NULL,2913,2913
3944,41,3,19198.5492,800,25996,32,17331,NULL,NULL,NULL
3945,25,3,1527.0270,100,12100,2,1600,NULL,NULL,NULL
3946,30,2,19149.5876,900,26493,24,17662,NULL,NULL,NULL
3947,37,3,22232.4857,400,30665,29,20443,NULL,NULL,NULL
3948,66,5,16300.9429,200,22635,50,15090,NULL,NULL,NULL
3949,19,3,5196.1395,300,46499,3,2000,NULL,NULL,NULL
3950,17,1,27298.7069,400,36156,13,24104,NULL,NULL,NULL
3951,23,2,6771.9749,600,8302,15,5535,NULL,NULL,NULL
3952,1,0,NULL,500,500,0,,6610,NULL,NULL
3953,4,1,3069.2308,500,20700,0,,NULL,31786,47679
3954,1,0,NULL,1000,1000,0,,6109,NULL,NULL
3955,99,5,9352.6369,100,11534,54,7689,NULL,NULL,NULL
3956,39,2,13040.5058,100,15586,21,10391,NULL,NULL,NULL
3957,1,0,NULL,700,700,0,,NULL,30463,45694
3958,14,1,26589.6491,1000,34526,10,23017,NULL,NULL,NULL
3959,8,2,2650.0000,300,13700,2,7000,NULL,16806,25209
3960,1,0,NULL,500,500,0,,4807,NULL,NULL
3961,1,0,NULL,700,700,0,,NULL,3464,3464
3962,11,2,1629.1667,100,12000,0,,NULL,NULL,NULL
3963,16,1,15488.2963,600,19296,11,12864,NULL,NULL,NULL
3964,1,0,NULL,800,800,0,,NULL,3219,3219
3965,23,5,2527.5862,200,21000,2,4400,NULL,14097,21146
3966,1,0,NULL,800,800,0,,4334,NULL,NULL
3967,56,2,45307.9584,100,49963,0,,NULL,NULL,NULL
3968,37,3,19125.4749,1100,26292,30,17528,NULL,NULL,NULL
3969,68,5,18863.4783,600,26274,55,17516,NULL,NULL,NULL
3970,2,1,307.1429,200,4100,0,,NULL,38155,57232
3971,25,2,27624.2748,200,44773,0,,NULL,NULL,NULL
3972,70,5,18907.9660,700,25902,51,17268,NULL,NULL,NULL
3973,44,3,11845.7066,200,15618,30,10412,NULL,NULL,NULL
3974,36,3,16820.9109,900,22816,28,15211,NULL,NULL,NULL
3975,1,0,NULL,400,400,0,,NULL,3404,3404
3976,1,0,NULL,600,600,0,,6453,NULL,NULL
3977,1,0,NULL,800,800,0,,4636,NULL,NULL
3978,49,4,24064.5161,700,33327,38,22218,NULL,NULL,NULL
3979,38,3,11710.4753,700,15797,28,10531,NULL,NULL,NULL
3980,91,6,10551.0260,100,12833,57,8555,NULL,NULL,NULL
3981,1,0,NULL,500,500,0,,NULL,3397,3397
3982,1,0,NULL,700,700,0,,NULL,3230,3230
3983,72,6,15867.2267,900,21939,59,14626,NULL,NULL,NULL
3984,1,0,NULL,500,500,0,,4041,NULL,NULL
3985,1,0,NULL,900,900,0,,4077,NULL,NULL
3986,25,1,12411.9663,300,15256,15,10171,NULL,NULL,NULL
3987,19,1,12206.9799,200,15608,12,10405,NULL,NULL,NULL
3988,57,2,6937.5379,100,26346,20,1000,NULL,NULL,NULL
3989,1,0,NULL,900,900,0,,4016,NULL,NULL
3990,32,2,29328.2727,300,49456,0,,NULL,NULL,NULL
3991,1,0,NULL,300,300,0,,6943,NULL,NULL
3992,14,1,22015.0847,200,29744,10,19829,NULL,NULL,NULL
3993,38,3,21715.6493,400,30022,29,20015,NULL,NULL,NULL
3994,51,3,36962.3286,200,49808,0,,NULL,NULL,NULL
3995,48,3,11230.7303,200,14710,33,9807,NULL,NULL,NULL
3996,1,0,NULL,1100,1100,0,,6646,NULL,NULL
3997,63,5,8756.5867,200,12027,49,8018,NULL,NULL,NULL
3998,35,3,18421.3098,100,25059,26,16706,NULL,NULL,NULL
3999,94,6,16395.0586,400,26400,56,12245,NULL,NULL,NULL
4000,167,5,8636.8381,200,48404,66,1600,NULL,NULL,NULL
4001,26,4,1228.2609,100,12800,5,600,NULL,NULL,NULL
4003,34,1,62257.3348,400,49238,0,,NULL,NULL,NULL
4008,25,3,2375.7576,300,9700,2,5100,NULL,NULL,NULL
4009,59,5,26748.7543,900,37130,48,24753,NULL,NULL,NULL
4010,30,2,15394.0024,900,21252,23,14168,NULL,NULL,NULL
4013,43,5,4219.0476,100,16700,2,9200,NULL,10030,15045
4014,85,4,49593.2813,100,49252,0,,NULL,NULL,NULL
4026,7,1,1000.0000,600,6900,0,,NULL,26204,39306
4033,29,2,13555.3785,500,18368,20,12245,NULL,NULL,NULL
4034,105,6,7398.2317,200,17100,59,5080,NULL,NULL,NULL
4035,13,5,1431.6667,400,18700,0,,NULL,29880,44820
4047,59,3,31681.7406,200,49594,2,9100,NULL,NULL,NULL
4052,9,2,2600.0000,900,13900,2,13900,NULL,18981,28472
4055,73,6,21856.7458,200,30422,59,20281,NULL,NULL,NULL
4059,26,5,954.2373,100,10900,3,600,NULL,NULL,NULL
4066,2,2,183.3333,400,5100,0,,NULL,32245,48368
4069,41,2,6470.4636,300,10100,20,4216,NULL,NULL,NULL
4071,2,0,3800.0000,1100,2700,0,,NULL,19872,29808
4078,73,6,25648.8370,300,35604,59,23736,NULL,NULL,NULL
4079,120,5,39674.7515,200,49503,2,7600,NULL,NULL,NULL
4081,46,3,13075.9113,200,17817,34,11878,NULL,NULL,NULL
4082,61,4,22283.9801,100,48559,2,13200,NULL,NULL,NULL
4086,1,0,NULL,700,700,0,,NULL,42357,63536
4088,42,3,29882.8824,100,49512,0,,NULL,NULL,NULL
4090,13,2,1834.6154,200,13300,2,200,NULL,NULL,NULL
4091,22,1,17210.8537,400,21580,14,14387,NULL,NULL,NULL
4092,36,3,13005.3761,700,17388,27,11592,NULL,NULL,NULL
4093,91,6,5855.0789,300,49614,69,700,NULL,NULL,NULL
4099,32,3,19968.6207,800,27216,25,18144,NULL,NULL,NULL
4102,12,2,4404.8316,700,48788,0,,NULL,NULL,NULL
4103,75,4,41038.6755,100,49396,0,,NULL,NULL,NULL
4105,114,4,7188.7045,100,48207,44,1700,NULL,NULL,NULL
4109,106,4,6417.6726,300,44941,48,300,NULL,NULL,NULL
4116,27,1,50108.9663,1000,49467,0,,NULL,NULL,NULL
4119,104,5,5242.0659,100,45681,63,400,NULL,NULL,NULL
4121,64,4,7683.8084,200,40995,43,1900,NULL,NULL,NULL
4127,16,2,12318.8841,700,45402,0,,NULL,NULL,NULL
4128,21,1,29742.8194,700,49319,0,,NULL,NULL,NULL
4130,22,2,21559.5027,300,49326,0,,NULL,NULL,NULL
4131,101,4,49907.6382,700,49895,0,,NULL,NULL,NULL
4132,12,1,6054.7317,1000,40348,2,2500,NULL,NULL,NULL
4134,100,6,33374.7865,500,48668,2,800,NULL,NULL,NULL
4140,14,1,24958.4511,800,31589,10,21059,NULL,NULL,NULL
4143,17,1,25060.5140,1000,32294,12,21529,NULL,NULL,NULL
4144,48,2,37113.5187,1100,49145,2,9200,NULL,NULL,NULL
4150,20,1,19700.3633,600,26026,15,17351,NULL,NULL,NULL
4156,29,1,27832.7222,200,47666,2,5200,NULL,NULL,NULL
4158,3,1,214.2857,600,1500,0,,NULL,26118,39177
4159,129,5,7502.5805,200,49859,66,400,NULL,NULL,NULL
4161,50,4,12283.9309,500,16756,38,11171,NULL,NULL,NULL
4171,99,6,29655.3284,200,49827,2,13100,NULL,NULL,NULL
4173,37,5,4001.6103,400,39330,3,400,NULL,NULL,NULL
4186,30,2,22662.0357,900,31094,23,20729,NULL,NULL,NULL
4190,67,3,14503.3906,100,16557,32,11038,NULL,NULL,NULL
4195,95,5,45903.5221,700,49442,2,7669,NULL,NULL,NULL
4204,9,3,3740.4918,600,36085,0,,NULL,NULL,NULL
4208,35,2,4381.7990,800,14807,21,1200,NULL,NULL,NULL
4214,58,3,38156.6970,700,48141,2,7900,NULL,NULL,NULL
4225,68,6,23890.3056,1100,33178,55,22119,NULL,NULL,NULL
4237,66,5,31439.1002,600,49471,0,,NULL,NULL,NULL
4240,6,4,477.5510,500,7000,0,,NULL,27666,41499
4245,61,5,16840.3929,500,22856,46,15237,NULL,NULL,NULL
4253,2,2,176.0000,1000,3400,0,,NULL,41252,61878
4254,93,6,7304.6706,100,44966,68,1900,NULL,NULL,NULL
4255,4,5,219.3548,900,5200,0,,NULL,34430,51645
4258,50,3,32090.5641,300,49573,3,300,NULL,NULL,NULL
4259,1,0,NULL,900,900,0,,NULL,44110,66165
4260,3,0,516.6667,700,1400,0,,NULL,24453,36680
4263,24,3,7554.7317,100,49269,2,1600,NULL,NULL,NULL
4264,62,5,23480.2956,200,32250,50,21500,NULL,NULL,NULL
4266,24,2,18950.6726,300,25338,19,16892,NULL,NULL,NULL
4268,39,2,15515.4917,200,16700,18,9969,NULL,NULL,NULL
4269,58,3,36737.1389,300,49429,0,,NULL,NULL,NULL
4273,33,3,24618.6368,900,47067,0,,NULL,NULL,NULL
4276,82,4,38233.8233,100,49795,2,100,NULL,NULL,NULL
4283,53,4,22984.7055,200,31821,41,21214,NULL,NULL,NULL
4286,21,2,20166.2029,1100,49892,0,,NULL,NULL,NULL
4287,71,5,7110.2550,400,9330,51,6220,NULL,NULL,NULL
4293,61,3,39743.7331,400,49244,2,2400,NULL,NULL,NULL
4296,73,6,20245.3007,200,28094,59,18729,NULL,NULL,NULL
4301,20,1,14529.7753,900,19110,15,12740,NULL,NULL,NULL
4309,15,1,3345.9444,300,22853,2,1800,NULL,NULL,NULL
4318,7,6,507.3529,200,11100,0,,NULL,46096,69144
4320,54,2,49292.6780,600,49781,0,,NULL,NULL,NULL
4321,140,6,47469.6300,400,49669,0,,NULL,NULL,NULL
4328,64,4,7379.8532,300,9618,45,6412,NULL,NULL,NULL
4329,133,5,9121.0878,300,46557,59,1900,NULL,NULL,NULL
4330,49,3,32607.8251,1100,49660,0,,NULL,NULL,NULL
4332,17,1,33878.3333,1000,47226,2,1000,NULL,NULL,NULL
4336,30,1,38335.0951,200,49329,0,,NULL,NULL,NULL
4337,104,5,41611.1099,900,49907,0,,NULL,NULL,NULL
4342,60,3,40471.4330,500,48666,0,,NULL,NULL,NULL
4343,65,5,17007.1452,300,23408,50,15605,NULL,NULL,NULL
4346,62,3,47279.7619,800,48712,0,,NULL,NULL,NULL
4347,117,6,6490.0527,100,48229,71,900,NULL,NULL,NULL
4349,1,0,NULL,700,700,0,,NULL,32768,49152
4350,88,6,24166.1505,1000,37900,57,17565,NULL,NULL,NULL
4352,68,5,26255.5013,400,36404,55,24269,NULL,NULL,NULL
4354,33,2,35922.9857,1000,48563,0,,NULL,NULL,NULL
4355,164,6,7234.4591,400,43825,72,1400,NULL,NULL,NULL
4356,63,5,7290.5737,700,9888,49,6592,NULL,NULL,NULL
4358,38,2,48746.7421,300,48225,0,,NULL,NULL,NULL
4361,6,3,1175.0000,700,17600,0,,NULL,45076,67614
4368,17,4,1887.2340,500,10900,2,8000,NULL,11624,17436
4375,1,0,NULL,800,800,0,,NULL,47883,71824
4377,92,6,38240.9218,100,49877,2,3400,NULL,NULL,NULL
4379,32,2,6482.8699,500,9200,25,5679,NULL,NULL,NULL
4383,48,2,44131.5175,800,49342,0,,NULL,NULL,NULL
4385,91,5,7534.8864,100,48082,61,1900,NULL,NULL,NULL
4386,15,1,21446.7717,600,45412,0,,NULL,NULL,NULL
4389,32,2,15854.4804,400,21494,24,14329,NULL,NULL,NULL
4405,35,2,29848.2781,100,49130,0,,NULL,NULL,NULL
4408,73,5,36473.7433,800,49767,2,800,NULL,NULL,NULL
4413,1,0,NULL,1100,1100,0,,NULL,33452,50178
4414,108,5,14190.4236,200,16257,52,10838,NULL,NULL,NULL
4415,49,3,26833.2748,600,36486,35,24324,NULL,NULL,NULL
4416,152,5,7892.6780,200,49892,60,1400,NULL,NULL,NULL
4418,62,5,14727.9070,200,20453,48,13635,NULL,NULL,NULL
4423,68,4,31294.9774,200,48083,0,,NULL,NULL,NULL
4424,39,3,9598.5933,500,12424,29,8283,NULL,NULL,NULL
4427,100,5,12126.5471,100,14886,55,9924,NULL,NULL,NULL
4434,108,4,51388.3673,400,48108,0,,NULL,NULL,NULL
4437,143,5,6858.0848,300,46899,63,1800,NULL,NULL,NULL
4438,41,2,7558.5862,300,13900,24,5146,NULL,NULL,NULL
4439,44,3,5492.3377,300,6783,30,4522,NULL,NULL,NULL
4442,33,2,14293.9412,300,19328,23,12885,NULL,NULL,NULL
4445,18,1,13720.4321,400,18400,13,12267,NULL,NULL,NULL
4447,39,2,33272.7784,200,49871,0,,NULL,NULL,NULL
4448,111,6,35321.6418,200,47519,2,8000,NULL,NULL,NULL
4454,30,2,11858.4100,100,15584,20,10389,NULL,NULL,NULL
4456,49,2,41265.4223,500,49368,0,,NULL,NULL,NULL
4458,19,3,4039.2500,100,21817,2,1400,NULL,NULL,NULL
4462,49,3,27278.4480,900,49631,2,10000,NULL,NULL,NULL
4463,73,5,8408.4224,600,10904,53,7269,NULL,NULL,NULL
4467,2,0,6300.0000,300,6000,0,,NULL,14367,21550
4470,3,2,175.0000,500,2100,0,,NULL,40569,60854
4471,2,1,162.5000,600,700,0,,NULL,30292,45438
4473,40,3,26362.1039,500,36638,31,24425,NULL,NULL,NULL
4475,2,0,4300.0000,500,3800,0,,NULL,16919,25378
4476,54,4,15684.3271,300,21513,40,14342,NULL,NULL,NULL
4478,66,5,26058.1615,800,36372,54,24248,NULL,NULL,NULL
4480,34,2,8898.5106,200,11574,23,7716,NULL,NULL,NULL
4484,99,6,33914.1284,700,49763,2,2300,NULL,NULL,NULL
4488,37,3,10078.1250,300,13290,26,8860,NULL,NULL,NULL
4493,28,2,23011.7330,100,47538,0,,NULL,NULL,NULL
4503,73,4,40915.6876,200,49528,0,,NULL,NULL,NULL
4511,93,5,7954.6081,100,8883,52,5922,NULL,NULL,NULL
4514,1,0,NULL,300,300,0,,NULL,49200,73800
4519,36,4,1587.0370,100,10200,3,2100,NULL,NULL,NULL
4526,63,5,13603.8085,900,18710,50,12473,NULL,NULL,NULL
4527,17,1,27030.0000,600,48047,0,,NULL,NULL,NULL
4533,37,1,56147.3622,200,49264,0,,NULL,NULL,NULL
4534,11,2,5411.0000,100,39604,0,,NULL,NULL,NULL
4537,40,2,35400.9579,600,49701,0,,NULL,NULL,NULL
4538,23,3,1392.5000,200,14000,4,3700,NULL,NULL,NULL
4543,76,5,5782.4524,100,12000,52,4680,NULL,NULL,NULL
4550,28,2,10100.8969,200,12945,19,8630,NULL,NULL,NULL
4576,74,6,20762.1152,200,28365,55,18910,NULL,NULL,NULL
4580,90,4,38015.8269,400,49537,2,8800,NULL,NULL,NULL
4585,34,2,15016.2829,200,20414,25,13609,NULL,NULL,NULL
4588,32,2,5785.8633,500,7424,23,4949,NULL,NULL,NULL
4589,55,4,6129.3503,100,11100,35,4893,NULL,NULL,NULL
4596,77,6,22150.7244,100,45503,2,8000,NULL,NULL,NULL
4616,36,1,62035.2304,200,49955,0,,NULL,NULL,NULL
4618,28,2,24379.1901,1100,48810,0,,NULL,NULL,NULL
4626,42,2,35115.7599,700,49815,0,,NULL,NULL,NULL
4631,4,2,704.1667,800,8700,0,,NULL,21882,32823
4650,76,3,11326.6463,200,11500,31,5073,NULL,NULL,NULL
4659,76,5,29785.5468,900,49128,0,,NULL,NULL,NULL
4660,2,0,366.6667,800,1400,0,,NULL,31480,47220
4681,6,3,412.5000,200,5900,0,,NULL,20328,30492
4715,1,0,NULL,400,400,0,,NULL,45859,68788
4725,1,0,NULL,700,700,0,,NULL,28045,42068
4727,7,4,948.8889,600,9800,0,,NULL,35742,53613
4729,22,2,10719.0426,300,13737,15,9158,NULL,NULL,NULL
4743,126,6,41457.8935,400,49772,2,11400,NULL,NULL,NULL
4746,41,2,54755.2310,200,49849,0,,NULL,NULL,NULL
4753,30,2,11431.9737,400,15382,20,10255,NULL,NULL,NULL
4768,52,3,43325.3304,200,49849,2,2200,NULL,NULL,NULL
4774,69,5,25524.9664,200,35163,49,23442,NULL,NULL,NULL
4784,1,0,NULL,400,400,0,,NULL,29445,44168
4794,32,2,18570.7113,400,24735,20,16490,NULL,NULL,NULL
4803,48,2,6652.0811,600,8000,25,4413,NULL,NULL,NULL
4825,10,2,1253.3333,800,7200,2,5400,NULL,10699,16048
4851,60,3,41891.8156,200,49538,2,7100,NULL,NULL,NULL
4852,81,4,11345.8667,100,13600,36,7191,NULL,NULL,NULL
4858,1,0,NULL,600,600,0,,NULL,41900,62850
4863,3,3,263.6364,300,6100,0,,NULL,38042,57063
4894,8,5,831.1475,200,20000,0,,NULL,29255,43882
4907,63,5,16998.0068,500,23282,49,15521,NULL,NULL,NULL
4937,106,6,36711.5251,700,49964,2,4400,NULL,NULL,NULL
4948,54,3,26208.7013,300,47474,2,900,NULL,NULL,NULL
4949,3,1,1731.2500,400,17500,0,,NULL,36239,54358
4969,51,2,50667.2982,200,48260,0,,NULL,NULL,NULL
4981,37,3,25424.6571,200,34960,29,23307,NULL,NULL,NULL
4994,52,3,30254.4571,600,48754,0,,NULL,NULL,NULL
4995,71,4,29209.3512,700,49685,2,10300,NULL,NULL,NULL
4999,14,3,3002.9412,300,14800,0,,NULL,27531,41296
5001,60,3,43101.3889,700,49563,2,13300,NULL,NULL,NULL
5011,103,5,37896.6563,500,49923,2,4100,NULL,NULL,NULL
5024,43,3,9533.7376,300,13047,33,8698,NULL,NULL,NULL
5033,56,3,8476.0916,100,10734,34,7156,NULL,NULL,NULL
5063,39,3,13141.2105,300,47986,2,16500,NULL,NULL,NULL
5065,94,6,27480.0000,300,49725,2,5600,NULL,NULL,NULL
5066,47,3,30038.6349,400,49739,0,,NULL,NULL,NULL
5072,35,3,26785.4816,1100,35938,27,23959,NULL,NULL,NULL
5092,20,5,1103.1390,100,29600,3,600,NULL,3342,3342
5118,50,3,9982.0949,800,12614,34,8409,NULL,NULL,NULL
5120,108,5,33706.5239,100,49636,2,18412,NULL,NULL,NULL
5125,49,3,29525.9840,800,49161,0,,NULL,NULL,NULL
5126,56,4,9655.0593,200,12549,37,8366,NULL,NULL,NULL
5129,143,6,51531.9259,100,49756,0,,NULL,NULL,NULL
5133,38,2,39287.2800,900,48032,0,,NULL,NULL,NULL
5164,23,2,7845.8031,300,9588,16,6392,NULL,NULL,NULL
5180,19,2,21205.9598,700,49991,0,,NULL,NULL,NULL
5181,37,3,16132.7414,100,48957,2,7600,NULL,NULL,NULL
5194,78,4,38295.5909,200,49745,2,13700,NULL,NULL,NULL
5196,33,1,48208.1356,300,44574,0,,NULL,NULL,NULL
5213,3,2,493.3333,1000,7000,0,,NULL,46714,70071
5215,75,5,17142.8183,200,23231,55,15487,NULL,NULL,NULL
5228,2,6,114.9254,1000,6700,0,,NULL,49681,74522
5250,42,2,32570.7223,200,49476,0,,NULL,NULL,NULL
5256,85,5,29600.2922,100,47794,0,,NULL,NULL,NULL
5263,80,3,12292.4519,100,19900,34,5925,NULL,NULL,NULL
5267,55,3,40760.0843,300,49950,0,,NULL,NULL,NULL
5269,33,2,22716.0473,500,30794,25,20529,NULL,NULL,NULL
5270,5,5,81.8182,300,1700,0,,NULL,44749,67124
5283,2,1,141.6667,700,1000,0,,NULL,45222,67833
5290,21,1,29974.8866,500,46115,0,,NULL,NULL,NULL
5305,3,2,505.2632,600,4600,0,,NULL,30067,45100
5313,113,6,36434.5588,800,49715,2,13200,NULL,NULL,NULL
5317,3,1,400.0000,200,5400,0,,NULL,15029,22544
5343,69,6,13923.8190,600,19080,55,12720,NULL,NULL,NULL
5357,54,4,11515.7851,100,15458,40,10305,NULL,NULL,NULL
5358,45,4,26476.3741,500,36464,35,24309,NULL,NULL,NULL
5362,6,1,1650.0000,300,9000,0,,NULL,25358,38037
5366,98,5,35512.1912,200,49867,0,,NULL,NULL,NULL
5369,89,6,6792.8246,100,9600,58,5643,NULL,NULL,NULL
5372,97,6,35633.1765,600,49988,0,,NULL,NULL,NULL
5385,20,5,1421.5385,200,13400,2,13400,NULL,14936,22404
5387,69,5,11218.5103,400,15076,52,10051,NULL,NULL,NULL
5395,43,3,28049.4093,400,48437,2,4200,NULL,NULL,NULL
5422,89,4,46450.1317,1100,49781,2,9700,NULL,NULL,NULL
5423,104,6,29114.7206,300,49908,3,3400,NULL,NULL,NULL
5428,98,6,34166.5368,300,49573,2,4100,NULL,NULL,NULL
5429,42,3,9909.3095,400,13318,32,8879,NULL,NULL,NULL
5442,91,6,31346.7994,300,49890,2,6800,NULL,NULL,NULL
5445,8,2,1031.5789,400,4700,0,,NULL,13116,19674
5472,84,6,5424.8438,100,11300,56,4345,NULL,NULL,NULL
5477,74,3,51130.0364,100,47998,2,100,NULL,NULL,NULL
5481,4,5,103.5714,900,2500,0,,NULL,36430,54645
5483,34,6,2714.4928,600,18300,2,3300,NULL,16002,24003
5505,55,3,39345.8621,1000,49059,2,11400,NULL,NULL,NULL
5541,74,4,10299.3309,300,17200,37,7143,NULL,NULL,NULL
5546,7,5,542.1053,600,9800,2,2200,NULL,25369,38054
5572,19,1,28777.5155,800,49763,2,800,NULL,NULL,NULL
5574,2,1,171.4286,900,1500,0,,NULL,47710,71565
5591,2,0,2200.0000,1000,1200,0,,NULL,22187,33280
5593,74,3,53373.6012,800,49967,0,,NULL,NULL,NULL
5602,47,2,34639.6667,600,49867,0,,NULL,NULL,NULL
5622,108,6,37154.8732,500,49433,2,16100,NULL,NULL,NULL
5628,61,4,15323.9083,200,20727,45,13818,NULL,NULL,NULL
5632,87,4,45831.8531,300,48672,2,4200,NULL,NULL,NULL
5648,1,0,NULL,1100,1100,0,,NULL,45833,68750
5650,13,4,856.2500,200,7700,2,5500,NULL,24650,36975
5661,51,3,35644.5278,600,48752,0,,NULL,NULL,NULL
5692,35,3,16486.8972,500,41707,0,,NULL,NULL,NULL
5698,27,1,40215.5000,300,49853,0,,NULL,NULL,NULL
5700,76,5,10926.3775,100,14423,54,9615,NULL,NULL,NULL
5708,18,1,32286.4865,700,49317,0,,NULL,NULL,NULL
5724,4,3,472.7273,200,9700,0,,NULL,29070,43605
5726,43,3,27316.9063,300,47407,2,13600,NULL,NULL,NULL
5735,77,4,34481.4545,300,49763,0,,NULL,NULL,NULL
5740,90,6,26385.4899,300,49725,2,5900,NULL,NULL,NULL
5742,61,3,30111.2439,100,48320,0,,NULL,NULL,NULL
5758,3,1,422.2222,200,3100,0,,NULL,34204,51306
5767,85,5,10236.1078,100,12912,55,8608,NULL,NULL,NULL
5774,44,4,21536.1245,700,29418,35,19612,NULL,NULL,NULL
5794,49,3,23910.2889,100,47109,2,3000,NULL,NULL,NULL
5817,52,2,57903.9410,400,49654,0,,NULL,NULL,NULL
5837,42,2,31425.7586,800,48515,0,,NULL,NULL,NULL
5868,115,6,31336.2419,100,48531,2,12200,NULL,NULL,NULL
5870,24,1,43970.1316,600,46427,0,,NULL,NULL,NULL
5878,32,2,12751.6000,200,16210,20,10807,NULL,NULL,NULL
5891,12,6,1280.2817,500,23300,0,,NULL,32594,48891
5912,5,2,678.2609,200,9600,0,,NULL,18461,27692
5927,42,5,3954.0984,200,14100,2,8900,NULL,10904,16356
5944,20,2,24402.2924,1000,32116,15,21411,NULL,NULL,NULL
5952,6,4,172.2222,400,3700,0,,NULL,35312,52968
5984,64,5,17215.7212,200,23578,51,15719,NULL,NULL,NULL
5991,65,5,17778.8516,900,24372,50,16248,NULL,NULL,NULL
6030,68,5,21979.9637,400,30056,53,20037,NULL,NULL,NULL
6034,105,6,32059.7159,200,49995,2,7400,NULL,NULL,NULL
6040,70,6,23845.7892,1100,33098,56,22065,NULL,NULL,NULL
6051,121,5,11031.5153,300,12200,53,4987,NULL,NULL,NULL
6061,23,2,23192.1596,400,32126,17,21417,NULL,NULL,NULL
6062,8,2,1434.6154,100,17500,0,,NULL,37379,56068
6064,28,2,6924.0688,700,9900,19,5644,NULL,NULL,NULL
6075,38,2,7797.6384,500,9500,22,5553,NULL,NULL,NULL
6083,49,2,46135.7778,500,49544,2,15300,NULL,NULL,NULL
6097,23,1,9601.8266,1000,12021,15,8014,NULL,NULL,NULL
6118,74,5,26188.2241,200,48351,3,13000,NULL,NULL,NULL
6138,2,0,4900.0000,200,4700,0,,NULL,16904,25356
6148,66,5,24946.5232,300,34557,50,23038,NULL,NULL,NULL
6157,53,2,52516.7797,1000,49536,2,7400,NULL,NULL,NULL
6158,26,3,16577.4375,200,45637,0,,NULL,NULL,NULL
6226,12,5,1690.7692,300,25800,0,,NULL,39862,59793
6265,46,2,46622.6823,200,49495,0,,NULL,NULL,NULL
6273,90,5,27494.2735,200,49926,2,8200,NULL,NULL,NULL
6281,24,4,2753.8462,100,14300,2,5500,NULL,10707,16060
6289,73,4,39072.9077,600,49917,0,,NULL,NULL,NULL
6306,19,2,11630.1429,100,49145,0,,NULL,NULL,NULL
6321,64,4,28059.8824,400,49530,0,,NULL,NULL,NULL
6353,62,5,26463.1107,700,36635,50,24423,NULL,NULL,NULL
6358,6,2,572.4138,700,6100,0,,NULL,33797,50696
6363,69,5,12972.3187,900,17580,54,11720,NULL,NULL,NULL
6397,7,4,650.0000,500,8900,0,,NULL,18100,27150
6400,54,3,27027.4737,600,49634,2,1300,NULL,NULL,NULL
6425,81,6,13865.8009,200,18552,57,12368,NULL,NULL,NULL
6434,50,4,30249.3736,100,46967,0,,NULL,NULL,NULL
6440,34,2,29035.4000,1100,49942,2,6300,NULL,NULL,NULL
6453,46,2,6328.9199,300,9100,24,4125,NULL,NULL,NULL
6461,52,2,34528.4687,100,48182,0,,NULL,NULL,NULL
6463,68,3,34992.4585,300,47582,2,13100,NULL,NULL,NULL
6472,3,1,307.6923,800,2300,0,,NULL,38453,57680
6473,106,6,38051.8056,600,49708,3,7000,NULL,NULL,NULL
6495,36,2,20772.9711,200,27722,24,18481,NULL,NULL,NULL
6505,10,1,14652.7251,500,38123,0,,NULL,NULL,NULL
6510,43,2,37703.2917,500,45639,0,,NULL,NULL,NULL
6511,79,4,28195.7963,300,48558,2,8500,NULL,NULL,NULL
6512,16,3,2776.4706,200,15000,0,,NULL,10768,16152
6555,105,6,30398.3112,100,49768,4,8600,NULL,NULL,NULL
6592,61,2,63555.1128,300,49790,0,,NULL,NULL,NULL
6602,27,1,18797.9508,300,22442,14,14961,NULL,NULL,NULL
6609,50,4,25704.1319,400,49767,0,,NULL,NULL,NULL
6636,88,5,29584.2835,200,49324,2,8000,NULL,NULL,NULL
6649,43,3,24824.0081,1000,46073,0,,NULL,NULL,NULL
6678,79,3,57479.1612,1100,49850,0,,NULL,NULL,NULL
6686,1,0,NULL,600,600,0,,NULL,29123,43684
6688,43,2,9951.1667,300,12232,25,8155,NULL,NULL,NULL
6699,27,3,6529.0323,400,17500,2,16400,NULL,15901,23852
6701,124,6,45964.9710,200,49943,2,9900,NULL,NULL,NULL
6706,26,2,14997.1348,200,20108,20,13405,NULL,NULL,NULL
6715,38,5,5652.3810,200,27300,3,200,NULL,13789,20684
6738,3,2,147.3684,800,1200,2,800,NULL,18954,28431
6792,39,3,13595.2904,300,17690,26,11793,NULL,NULL,NULL
6806,8,5,231.6667,100,4400,2,100,NULL,24289,36434
6856,51,3,22929.2000,400,48295,0,,NULL,NULL,NULL
6866,6,1,866.6667,400,6000,0,,NULL,20977,31466
6872,15,3,3425.0000,900,24100,0,,NULL,20116,30174
6897,99,6,34940.7994,200,49455,2,12200,NULL,NULL,NULL
6902,28,2,11637.4231,900,15567,21,10378,NULL,NULL,NULL
6910,66,4,33947.8222,100,49706,2,400,NULL,NULL,NULL
6922,3,1,1330.7692,1100,14300,0,,NULL,34870,52305
6924,4,4,371.7391,300,8400,0,,NULL,24357,36536
6927,35,3,20158.1485,200,49990,0,,NULL,NULL,NULL
6930,66,5,26274.1124,400,36290,53,24193,NULL,NULL,NULL
6950,36,2,27087.7423,700,34100,21,22733,NULL,NULL,NULL
6985,68,3,44953.0645,900,48172,0,,NULL,NULL,NULL
7011,88,5,29739.8477,200,49931,3,3200,NULL,NULL,NULL
7033,38,2,5356.3973,300,8000,25,4101,NULL,NULL,NULL
7045,1,0,NULL,400,400,0,,NULL,36092,54138
7049,1,0,NULL,600,600,0,,NULL,49519,74278
7052,14,1,5805.8824,300,15300,2,3600,NULL,10660,15990
7082,42,2,13741.1429,200,17642,22,11761,NULL,NULL,NULL
7099,3,2,336.8421,1000,3900,0,,NULL,29295,43942
7101,27,2,18501.4074,400,49831,0,,NULL,NULL,NULL
7123,122,6,46488.8338,200,49101,2,24012,NULL,NULL,NULL
7133,97,5,5911.5690,200,12100,52,4347,NULL,NULL,NULL
7136,59,4,34880.8222,100,49816,0,,NULL,NULL,NULL
7156,8,1,2800.0000,300,13300,2,2100,NULL,20646,30969
7176,26,2,26633.2418,400,37200,20,24800,NULL,NULL,NULL
7180,9,1,1588.2353,700,13000,0,,NULL,24939,37408
7181,53,2,33751.4223,100,49322,0,,NULL,NULL,NULL
7184,43,3,24820.2451,500,34486,35,22991,NULL,NULL,NULL
7190,91,5,9801.5938,500,12138,52,8092,NULL,NULL,NULL
7203,64,6,14846.3676,600,49982,3,1300,NULL,NULL,NULL
7231,115,6,40472.0406,500,49103,2,9100,NULL,NULL,NULL
7240,5,2,360.0000,500,3300,0,,NULL,15214,22821
7262,33,2,19074.8139,300,25655,23,17103,NULL,NULL,NULL
7274,19,1,27912.9062,400,44748,0,,NULL,NULL,NULL
7401,12,5,780.6452,200,10200,0,,NULL,20236,30354
7418,17,2,1579.3103,400,6500,3,2600,NULL,15139,22708
7424,54,2,51672.6389,900,49734,0,,NULL,NULL,NULL
7437,14,1,3106.2500,200,8500,2,6600,NULL,13841,20762
7445,104,6,34258.8080,100,49936,2,10100,NULL,NULL,NULL
7449,76,5,6893.4584,100,18000,50,5186,NULL,NULL,NULL
7454,86,6,5148.8684,100,10500,56,4166,NULL,NULL,NULL
7465,17,2,13617.2914,600,47016,0,,NULL,NULL,NULL
7485,13,4,939.5349,100,11500,2,700,NULL,22799,34198
7487,53,3,32116.7472,800,48064,2,5300,NULL,NULL,NULL
7520,35,3,17911.2792,900,24254,27,16169,NULL,NULL,NULL
7523,57,4,22581.0826,600,30950,43,20633,NULL,NULL,NULL
7542,58,3,18302.8344,300,15914,25,10609,NULL,NULL,NULL
7546,3,0,750.0000,500,2200,0,,NULL,20975,31462
7559,31,2,8775.1852,100,9254,15,6169,NULL,NULL,NULL
7562,4,3,238.7097,300,4600,0,,NULL,38701,58052
7565,2,0,2000.0000,300,1700,0,,NULL,19187,28780
7594,54,3,35493.0577,200,49455,0,,NULL,NULL,NULL
7606,89,4,44686.2174,400,49757,0,,NULL,NULL,NULL
7607,73,5,16579.9533,200,22268,53,14845,NULL,NULL,NULL
7614,1,0,NULL,500,500,0,,NULL,40072,60108
7618,8,3,783.3333,1000,12000,0,,NULL,23624,35436
7632,29,2,24310.8856,1000,33225,22,22150,NULL,NULL,NULL
7636,41,2,25637.4815,200,49762,2,200,NULL,NULL,NULL
7637,34,2,27147.2176,800,36178,23,24119,NULL,NULL,NULL
7674,58,2,48580.4828,800,49595,0,,NULL,NULL,NULL
7713,33,3,21900.0637,400,47857,0,,NULL,NULL,NULL
7721,2,1,1985.7143,1000,12900,0,,NULL,22730,34095
7733,3,2,273.9130,200,3700,0,,NULL,42791,64186
7745,41,2,41485.5659,700,49953,0,,NULL,NULL,NULL
7753,127,6,44678.6595,500,49327,0,,NULL,NULL,NULL
7765,75,4,28478.6463,500,47513,3,7100,NULL,NULL,NULL
7769,114,5,42367.7994,300,48696,2,2500,NULL,NULL,NULL
7774,97,5,29554.8438,200,49273,3,8000,NULL,NULL,NULL
7795,94,4,53073.5975,500,49845,0,,NULL,NULL,NULL
7815,73,4,34989.8444,700,49775,0,,NULL,NULL,NULL
7819,83,5,10039.7703,200,13251,54,8834,NULL,NULL,NULL
7824,67,5,30773.6691,200,49958,0,,NULL,NULL,NULL
7828,62,3,10447.7746,500,16700,29,5592,NULL,NULL,NULL
7844,3,1,225.0000,1000,1300,2,1300,NULL,31937,47906
7857,4,5,211.8644,200,9400,0,,NULL,38109,57164
7859,2,2,360.7143,1000,9100,0,,NULL,36061,54092
7861,50,4,20238.1081,700,27737,36,18491,NULL,NULL,NULL
7890,57,3,9986.5152,100,11300,27,6457,NULL,NULL,NULL
7894,59,3,44021.7889,300,49910,0,,NULL,NULL,NULL
7907,49,2,37780.0951,200,47841,0,,NULL,NULL,NULL
7926,50,3,39236.8642,900,47952,0,,NULL,NULL,NULL
7944,63,5,22254.7566,600,30852,50,20568,NULL,NULL,NULL
7957,79,3,46962.7740,500,49432,2,6600,NULL,NULL,NULL
7965,94,5,27306.4182,200,49987,2,9900,NULL,NULL,NULL
7966,35,2,29538.7083,500,46632,0,,NULL,NULL,NULL
7990,57,2,52465.5144,700,49815,0,,NULL,NULL,NULL
7997,56,3,44722.1905,400,48820,0,,NULL,NULL,NULL
8026,23,2,26344.9204,100,35914,17,23943,NULL,NULL,NULL
8027,3,3,222.5806,700,4100,0,,NULL,38818,58227
8038,30,2,23904.1696,600,33024,23,22016,NULL,NULL,NULL
8039,47,3,26934.1490,900,48584,0,,NULL,NULL,NULL
8041,117,5,44639.5750,300,48994,2,2600,NULL,NULL,NULL
8051,4,2,167.8571,200,2500,0,,NULL,26040,39060
8073,120,5,40904.3932,100,48938,2,9600,NULL,NULL,NULL
8085,43,3,32987.8469,200,49337,0,,NULL,NULL,NULL
8092,52,4,10228.2551,400,13986,39,9324,NULL,NULL,NULL
8094,1,0,NULL,600,600,0,,NULL,46008,69012
8114,40,3,20313.8415,600,27963,31,18642,NULL,NULL,NULL
8127,100,4,47711.9100,1000,49951,0,,NULL,NULL,NULL
8129,67,5,22161.1924,700,30918,55,20612,NULL,NULL,NULL
8132,12,6,867.6471,400,15800,0,,NULL,25142,37713
8149,29,2,34420.8478,700,45865,3,10500,NULL,NULL,NULL
8153,39,1,52878.1651,200,49876,0,,NULL,NULL,NULL
8158,2,1,725.0000,1000,4800,0,,NULL,39784,59676
8159,52,4,12593.1232,100,17241,38,11494,NULL,NULL,NULL
8169,44,3,12444.7662,100,16518,30,11012,NULL,NULL,NULL
8173,3,1,2185.7143,1100,12900,0,,NULL,40840,61260
8212,126,5,45357.0154,600,47202,0,,NULL,NULL,NULL
8225,4,2,300.0000,1100,1900,0,,NULL,18103,27154
8260,16,6,3569.5652,200,31600,0,,NULL,37435,56152
8261,5,1,676.4706,500,4800,0,,NULL,21959,32938
8268,39,2,15599.3374,400,19052,22,12701,NULL,NULL,NULL
8316,87,5,41190.9521,100,49823,0,,NULL,NULL,NULL
8320,1,0,NULL,1100,1100,0,,NULL,30967,46450
8321,106,6,13282.0946,100,15843,57,10562,NULL,NULL,NULL
8327,60,3,32242.8691,200,48709,0,,NULL,NULL,NULL
8330,71,6,22869.4084,400,31677,57,21118,NULL,NULL,NULL
8341,31,2,34431.3934,800,48913,0,,NULL,NULL,NULL
8377,79,5,22769.1139,100,48798,3,12800,NULL,NULL,NULL
8381,55,2,50824.1852,200,48318,0,,NULL,NULL,NULL
8405,62,5,24063.1437,900,33190,45,22127,NULL,NULL,NULL
8411,3,1,288.2353,800,3000,0,,NULL,22064,33096
8475,99,5,8605.2533,300,9738,52,6492,NULL,NULL,NULL
8489,68,5,19102.5354,400,26409,52,17606,NULL,NULL,NULL
8492,75,4,13307.4431,100,16713,45,11142,NULL,NULL,NULL
8505,23,2,17167.4880,1100,22908,17,15272,NULL,NULL,NULL
8519,4,6,102.8986,1000,2700,0,,NULL,37346,56019
8523,2,0,960.0000,400,4400,0,,NULL,46520,69780
8533,64,3,41707.7788,300,49461,0,,NULL,NULL,NULL
8547,78,3,41594.3902,300,49769,2,6900,NULL,NULL,NULL
8558,55,5,17916.3946,700,45921,0,,NULL,NULL,NULL
8564,2,1,88.8889,600,1000,0,,NULL,38369,57554
8566,71,5,24314.6109,900,49931,2,30332,NULL,NULL,NULL
8625,119,5,52377.5263,200,49060,0,,NULL,NULL,NULL
8628,35,2,29582.0275,400,47924,0,,NULL,NULL,NULL
8639,3,0,450.0000,400,1700,0,,NULL,18567,27850
8645,21,1,18652.1521,700,25394,15,16929,NULL,NULL,NULL
8680,10,3,600.0000,200,6600,2,300,NULL,14287,21430
8688,26,2,19598.5195,400,26454,20,17636,NULL,NULL,NULL
8713,8,1,1481.2500,400,7800,0,,NULL,17070,25605
8742,28,2,17402.6354,500,23496,19,15664,NULL,NULL,NULL
8759,97,5,32718.1719,300,49919,2,11600,NULL,NULL,NULL
8772,3,1,590.0000,800,4000,0,,NULL,11036,16554
8776,54,4,14674.6360,600,20196,43,13464,NULL,NULL,NULL
8784,1,0,NULL,1100,1100,0,,NULL,36791,55186
8856,81,4,43569.3737,200,49451,0,,NULL,NULL,NULL
8896,66,3,52637.3635,300,48699,2,1600,NULL,NULL,NULL
8899,97,4,44982.7145,500,49974,2,14000,NULL,NULL,NULL
8919,33,1,7991.5517,500,9200,15,4254,NULL,NULL,NULL
8926,30,2,21016.5927,200,26384,17,17589,NULL,NULL,NULL
8931,77,3,53255.3945,200,49983,0,,NULL,NULL,NULL
8934,26,5,2556.0606,300,15000,2,7400,NULL,14918,22377
8957,82,5,27994.9406,200,48668,2,17600,NULL,NULL,NULL
8972,32,3,23207.8772,800,31637,25,21091,NULL,NULL,NULL
8982,101,5,34702.9974,300,49727,2,7600,NULL,NULL,NULL
8998,40,3,21728.2428,1100,49236,0,,NULL,NULL,NULL
9006,88,4,43248.5932,700,49424,0,,NULL,NULL,NULL
9017,4,1,382.3529,700,2400,0,,NULL,12528,18792
9024,38,3,16368.3691,600,22317,30,14878,NULL,NULL,NULL
9030,50,4,19131.9859,200,26388,39,17592,NULL,NULL,NULL
9031,24,2,16719.2609,600,48790,0,,NULL,NULL,NULL
9034,26,5,1333.3333,400,9800,2,2000,NULL,21804,32706
9037,46,2,17277.9615,200,19533,21,13022,NULL,NULL,NULL
9041,86,5,33909.2104,400,49077,2,2900,NULL,NULL,NULL
9051,27,3,11750.7823,100,49377,0,,NULL,NULL,NULL
9052,58,3,39387.7593,600,49531,0,,NULL,NULL,NULL
9093,69,5,20391.7950,800,28413,55,18942,NULL,NULL,NULL
9104,79,5,29110.3559,200,49754,0,,NULL,NULL,NULL
9138,38,2,27044.1097,1100,44581,0,,NULL,NULL,NULL
9140,20,1,15767.9368,400,21014,13,14009,NULL,NULL,NULL
9153,39,2,10520.2759,200,12600,20,7563,NULL,NULL,NULL
9156,12,1,19780.8511,600,48983,0,,NULL,NULL,NULL
9159,40,2,18721.1552,700,24329,24,16219,NULL,NULL,NULL
9167,38,2,36445.0405,400,49081,0,,NULL,NULL,NULL
9179,1,0,NULL,1000,1000,0,,NULL,21502,32253
9188,11,2,738.4615,100,3700,0,,NULL,12710,19065
9192,54,4,24974.5725,500,34845,43,23230,NULL,NULL,NULL
9199,6,2,523.3333,800,4400,0,,NULL,14727,22090
9201,4,2,237.5000,400,2700,0,,NULL,43002,64503
9203,133,6,47072.0843,900,49803,2,2600,NULL,NULL,NULL
9208,5,1,738.8889,1100,6800,0,,NULL,20529,30794
9225,57,3,36270.6900,600,49398,0,,NULL,NULL,NULL
9227,24,1,8224.1250,100,7700,11,4423,NULL,NULL,NULL
9235,45,3,17220.5459,700,23547,35,15698,NULL,NULL,NULL
9236,115,5,16467.8053,200,21700,53,11906,NULL,NULL,NULL
9241,1,0,NULL,1100,1100,0,,NULL,28522,42783
9242,45,3,9428.8446,200,11748,27,7832,NULL,NULL,NULL
9263,2,0,1700.0000,700,1000,0,,NULL,19790,29685
9265,125,6,39222.7514,300,49803,2,2800,NULL,NULL,NULL
9307,120,6,34840.4300,800,48958,2,17800,NULL,NULL,NULL
9333,51,2,43506.1776,500,49271,0,,NULL,NULL,NULL
9337,81,5,24997.6984,700,48506,2,14900,NULL,NULL,NULL
9353,57,3,31656.5263,100,49720,2,1700,NULL,NULL,NULL
9377,62,3,35859.7436,400,49312,0,,NULL,NULL,NULL
9403,81,6,19427.2754,300,49297,2,10500,NULL,NULL,NULL
9422,3,2,112.0000,100,2400,0,,NULL,43095,64642
9424,2,0,6500.0000,500,6000,0,,NULL,13936,20904
9433,18,1,19092.9289,600,25913,13,17275,NULL,NULL,NULL
9455,5,2,631.8182,600,8000,0,,NULL,37475,56212
9472,87,5,34137.5340,600,49943,2,800,NULL,NULL,NULL
9484,23,2,9794.6218,900,12570,16,8380,NULL,NULL,NULL
9491,1,0,NULL,800,800,0,,NULL,43825,65738
9493,8,4,388.6364,300,4200,0,,NULL,23585,35378
9494,58,3,17352.5316,400,17136,26,11424,NULL,NULL,NULL
9504,1,0,NULL,700,700,0,,NULL,37085,55628
9510,35,3,16953.0525,500,22288,25,14859,NULL,NULL,NULL
9513,33,3,22582.7696,700,30489,26,20326,NULL,NULL,NULL
9528,40,2,32396.2350,700,46309,0,,NULL,NULL,NULL
9548,34,2,19694.1273,100,27164,25,18109,NULL,NULL,NULL
9549,47,2,48075.5143,1100,49414,0,,NULL,NULL,NULL
9560,21,1,31256.8235,300,48312,0,,NULL,NULL,NULL
9583,122,5,49737.6407,300,49366,2,300,NULL,NULL,NULL
9591,96,5,33759.7004,200,49831,0,,NULL,NULL,NULL
9627,98,4,44418.0523,200,49769,2,5700,NULL,NULL,NULL
9631,11,2,1175.0000,200,6800,0,,NULL,14861,22292
9633,58,3,37899.7708,500,48601,0,,NULL,NULL,NULL
9635,1,0,NULL,400,400,0,,4470,NULL,NULL
9640,49,6,4521.4286,500,25000,2,2500,NULL,19106,28659
9645,2,1,657.1429,1100,3500,0,,NULL,34881,52322
9646,43,2,31282.1160,300,48661,0,,NULL,NULL,NULL
9656,118,5,45354.2102,300,49193,2,800,NULL,NULL,NULL
9673,7,1,1061.1111,1100,4100,2,4100,NULL,14701,22052
9677,31,2,15416.5311,500,20433,21,13622,NULL,NULL,NULL
9703,5,5,401.8182,800,9400,0,,NULL,33936,50904
9707,118,6,37675.7412,500,49967,2,3800,NULL,NULL,NULL
9730,26,2,11967.8754,900,16041,20,10694,NULL,NULL,NULL
9731,5,2,238.0952,100,2700,0,,NULL,18964,28446
9750,93,5,38940.2133,300,49888,2,11100,NULL,NULL,NULL
9790,77,3,49304.1444,200,49512,2,12600,NULL,NULL,NULL
9814,79,4,38703.0484,600,48615,2,14200,NULL,NULL,NULL
9826,44,2,36322.6488,1000,47285,0,,NULL,NULL,NULL
9828,1,0,NULL,400,400,0,,NULL,31648,47472
9833,12,5,1307.9365,1100,16400,2,6300,NULL,48816,73224
9859,3,1,1957.1429,400,12000,0,,NULL,30063,45094
9869,68,5,23961.1546,600,33276,53,22184,NULL,NULL,NULL
9883,93,6,32125.5619,500,49805,2,9600,NULL,NULL,NULL
9897,25,4,2341.3043,100,12900,2,5300,NULL,18081,27122
9928,54,3,14287.6794,300,17313,31,11542,NULL,NULL,NULL
10001,45,4,17640.0932,600,24126,35,16084,NULL,NULL,NULL
10005,1,0,NULL,200,200,0,,NULL,35125,52688
10018,43,3,21805.2989,1000,30264,34,20176,NULL,NULL,NULL
10019,57,3,31099.4524,600,49043,0,,NULL,NULL,NULL
10022,5,1,888.8889,400,8400,0,,NULL,27256,40884
10036,66,5,23027.3175,100,49227,2,4500,NULL,NULL,NULL
10049,65,3,11159.3030,300,12900,27,4335,NULL,NULL,NULL
10063,4,2,525.0000,200,4500,0,,NULL,38902,58353
10065,79,3,63994.1100,1100,49243,0,,NULL,NULL,NULL
10068,36,2,43732.3361,100,49399,0,,NULL,NULL,NULL
10079,104,6,39668.2130,200,49980,0,,NULL,NULL,NULL
10093,4,4,92.4528,200,2800,0,,NULL,40377,60566
10105,136,6,43032.2694,200,49558,2,3000,NULL,NULL,NULL
10131,75,5,23614.9508,1000,49949,2,18500,NULL,NULL,NULL
10134,36,2,47555.3535,200,48627,0,,NULL,NULL,NULL
10148,27,2,15173.6614,700,20262,19,13508,NULL,NULL,NULL
10152,25,1,27231.3333,1100,48301,0,,NULL,NULL,NULL
10202,41,2,26827.6000,300,49252,2,10600,NULL,NULL,NULL
10215,35,3,15742.5077,300,21466,26,14311,NULL,NULL,NULL
10220,30,2,21312.6165,200,29106,23,19404,NULL,NULL,NULL
10227,84,5,30833.6508,200,49778,2,13700,NULL,NULL,NULL
10233,2,0,700.0000,200,500,0,,NULL,23914,35871
10243,42,1,76189.7670,200,49919,0,,NULL,NULL,NULL
10257,41,2,57306.3651,900,49874,0,,NULL,NULL,NULL
10266,84,5,35763.7317,400,49887,0,,NULL,NULL,NULL
10280,1,0,NULL,600,600,0,,NULL,34814,52221
10297,56,3,25306.2346,100,31540,29,21027,NULL,NULL,NULL
10320,21,5,887.5000,200,6500,2,4700,NULL,25973,38960
10343,21,2,9309.8754,800,11800,15,7867,NULL,NULL,NULL
10345,41,3,11674.6366,100,15171,27,10114,NULL,NULL,NULL
10351,61,4,8116.6463,200,11800,36,6616,NULL,NULL,NULL
10361,1,0,NULL,500,500,0,,NULL,43440,65160
10364,88,6,16513.4930,300,21740,59,14493,NULL,NULL,NULL
10365,64,3,39760.7339,100,48974,2,1000,NULL,NULL,NULL
10404,25,2,27214.5042,300,36932,20,24621,NULL,NULL,NULL
10411,63,3,32582.4288,100,47810,2,5900,NULL,NULL,NULL
10436,43,3,9028.8822,300,11244,27,7496,NULL,NULL,NULL
10439,3,4,371.1538,300,10800,0,,NULL,37890,56835
10440,98,5,9601.4301,100,11049,52,7366,NULL,NULL,NULL
10445,33,3,26619.7826,800,35865,25,23910,NULL,NULL,NULL
10451,105,5,17445.1246,200,21056,53,14037,NULL,NULL,NULL
10478,58,3,34653.6346,100,48501,0,,NULL,NULL,NULL
10493,40,2,36294.6444,300,47382,0,,NULL,NULL,NULL
10520,46,3,31271.5467,200,49874,0,,NULL,NULL,NULL
10558,42,3,31411.5551,200,49625,0,,NULL,NULL,NULL
10562,53,2,53027.9545,800,49292,0,,NULL,NULL,NULL
10607,42,2,39021.4555,300,48740,0,,NULL,NULL,NULL
10613,4,1,1708.3333,300,13000,0,,NULL,31225,46838
10630,85,4,17253.5714,100,19455,39,12970,NULL,NULL,NULL
10644,1,0,NULL,400,400,0,,NULL,44992,67488
10645,1,0,NULL,500,500,0,,NULL,49260,73890
10650,1,0,NULL,300,300,0,,NULL,46901,70352
10652,1,0,NULL,700,700,0,,NULL,30142,45213
10656,70,6,20353.0103,200,27990,56,18660,NULL,NULL,NULL
10663,4,1,1050.0000,200,10300,0,,NULL,43339,65008
10670,117,5,44693.9035,400,49535,2,2700,NULL,NULL,NULL
10679,1,0,NULL,900,900,0,,NULL,49451,74176
10694,26,3,19459.3103,1000,49571,0,,NULL,NULL,NULL
10710,39,3,18640.7311,900,49862,0,,NULL,NULL,NULL
10711,31,2,23754.6259,1100,33066,24,22044,NULL,NULL,NULL
10728,16,4,1691.3043,900,14700,2,7000,NULL,19329,28994
10738,110,6,37158.8970,200,49920,0,,NULL,NULL,NULL
10762,42,3,20746.2730,700,28353,31,18902,NULL,NULL,NULL
10774,35,1,13223.4104,900,15600,15,5593,NULL,NULL,NULL
10788,60,5,18371.5583,300,46212,3,300,NULL,NULL,NULL
10789,63,2,61212.9571,900,49915,0,,NULL,NULL,NULL
10799,27,1,7531.0105,800,9400,13,4911,NULL,NULL,NULL
10807,2,1,55.5556,400,600,0,,NULL,33735,50602
10812,27,2,27890.2326,300,48538,0,,NULL,NULL,NULL
10857,26,2,25715.0449,700,47483,0,,NULL,NULL,NULL
10884,25,4,4945.6522,100,30100,2,10300,NULL,18924,28386
10904,79,5,6522.8711,200,12300,50,5088,NULL,NULL,NULL
10905,34,2,11680.6711,200,14300,20,9148,NULL,NULL,NULL
10906,90,5,34376.2843,600,48837,0,,NULL,NULL,NULL
10911,16,6,897.0149,100,9200,0,,NULL,21882,32823
10915,6,1,1806.6667,600,8200,2,5400,NULL,15245,22868
10940,66,5,25989.5034,300,36216,52,24144,NULL,NULL,NULL
10942,119,5,56622.0431,500,49736,0,,NULL,NULL,NULL
10954,31,2,14346.1118,300,19137,24,12758,NULL,NULL,NULL
10963,70,4,38568.8702,800,49887,2,1100,NULL,NULL,NULL
10973,118,6,45281.0967,400,49024,2,25422,NULL,NULL,NULL
11013,4,3,80.4878,600,1200,2,600,NULL,42244,63366
11021,106,5,38974.8012,300,49960,0,,NULL,NULL,NULL
11027,14,2,2393.1034,400,14300,0,,NULL,12025,18038
11042,2,1,333.3333,400,3600,0,,NULL,36191,54286
11053,34,1,51474.7948,1100,48844,0,,NULL,NULL,NULL
11054,31,3,5568.5714,400,11900,2,5300,NULL,14892,22338
11065,71,6,12876.7098,1100,17782,57,11855,NULL,NULL,NULL
11069,52,4,27440.5905,700,49915,3,4200,NULL,NULL,NULL
11079,9,3,628.1250,200,6200,0,,NULL,49149,73724
11096,28,2,26336.7724,100,36368,20,24245,NULL,NULL,NULL
11111,121,6,41236.4714,100,49745,2,6200,NULL,NULL,NULL
11123,23,2,19873.9615,700,47798,0,,NULL,NULL,NULL
11135,70,5,16976.0690,400,23204,51,15469,NULL,NULL,NULL
11138,90,3,66554.7044,800,49797,0,,NULL,NULL,NULL
11141,45,2,39699.6429,200,49281,0,,NULL,NULL,NULL
11186,8,4,906.5217,200,13900,0,,NULL,39247,58870
11231,2,1,566.6667,900,5900,0,,NULL,44643,66964
11244,44,2,44101.6546,200,47085,0,,NULL,NULL,NULL
11265,97,6,9066.7503,100,11427,59,7618,NULL,NULL,NULL
11271,17,3,1376.3158,100,9200,2,3500,NULL,11222,16833
11295,83,6,20466.4136,1100,27520,59,18347,NULL,NULL,NULL
11317,36,1,65912.8711,700,49407,0,,NULL,NULL,NULL
11320,69,6,18752.0188,600,25918,55,17279,NULL,NULL,NULL
11325,19,1,33458.9862,500,49858,0,,NULL,NULL,NULL
11327,16,1,22314.1981,300,30462,11,20308,NULL,NULL,NULL
11328,38,2,27391.3095,600,48485,2,1000,NULL,NULL,NULL
11333,78,4,31012.3599,500,49368,0,,NULL,NULL,NULL
11349,5,3,370.0000,200,7100,0,,NULL,41988,62982
11359,2,3,97.5610,1000,3000,0,,NULL,27014,40521
11362,43,3,17771.4721,1000,24212,31,16141,NULL,NULL,NULL
11382,1,0,NULL,200,200,0,,NULL,30832,46248
